t,delta_k,psi_damp,eta_eff,L_contract,V_t
0,0.5016498860856741,0.9999999985218793,0.04999999992609397,0.6567525170871489,1.970307840930717
1,0.49071163170091564,0.9999999974459399,0.049999999872297,0.6583932552448626,1.297335275031043
2,0.5010103012594928,0.9999999984738461,0.049999999923692307,0.656848454811076,0.8522922876140179
3,0.5137246163936252,0.9999999991918156,0.049999999959590785,0.6549413075409563,0.5586820004407608
4,0.4648641898884213,0.9999999906996101,0.04999999953498051,0.6622703715167367,0.3698679205699569
5,0.5336886320227902,0.9999999997021503,0.04999999998510751,0.6519467051965815,0.24140822943933427
6,0.49084314321472455,0.9999999974626794,0.04999999987313397,0.6583735285177913,0.15856777312206785
7,0.488071598107889,0.999999997085536,0.049999999854276805,0.6587892602838166,0.1046664445811373
8,0.4790606487543515,0.9999999954267076,0.04999999977133538,0.6601409026868472,0.0691499873402027
9,0.518635840455896,0.9999999993677853,0.04999999996838927,0.6542046239316156,0.04538981481542914
10,0.5134996096715921,0.9999999991826718,0.049999999959133595,0.6549750585492612,0.030014348488032336
11,0.5248888240360421,0.9999999995375308,0.04999999997687654,0.6532666763945937,0.020156712012161026
12,0.517861748444471,0.9999999993428359,0.0499999999671418,0.6543207377333293,0.013493442944826484
13,0.5052600988500776,0.999999998766,0.049999999938300003,0.6562109851724883,0.008662984973851698
14,0.5065703569709833,0.9999999988442518,0.049999999942212596,0.6560144464543525,0.0054024223820785455
15,0.5187048738814974,0.9999999993699638,0.04999999996849819,0.6541942689177753,0.003754943318809423
16,0.4824477401359666,0.999999996139183,0.049999999806959156,0.659632838979605,0.0025568949608845305
17,0.4990820782323019,0.9999999983193815,0.049999999915969075,0.6571376882651547,0.0017798261425177183
18,0.5076374348037049,0.9999999989042994,0.04999999994521497,0.6558543847794442,0.0008849092380956882
19,0.49094922051288387,0.9999999974761014,0.04999999987380507,0.6583576169230674,0.0005254811635750445
20,0.5144332976320625,0.9999999992199513,0.04999999996099757,0.6548350053551906,0.0002909295187946283
21,0.4929567318547605,0.9999999977171394,0.049999999885856974,0.6580564902217859,0.0
22,0.5134559404912031,0.9999999991808852,0.049999999959044264,0.6549816089263195,0.00012944319656622903
23,0.5028124658846224,0.9999999986053514,0.049999999930267575,0.6565781301173066,0.0001525323931799164
24,0.5092512136602049,0.9999999989892374,0.049999999949461874,0.6556123179509692,0.0
25,0.4696469417060594,0.9999999926777421,0.049999999633887106,0.661552958744091,0.0
26,0.4827940490552827,0.9999999962054593,0.04999999981027297,0.6595808926417076,0.0004734821018176685
27,0.5268913755084724,0.999999999581594,0.0499999999790797,0.6529662936737292,0.0006367880974856909
28,0.5035617264167469,0.9999999986566326,0.049999999932831635,0.6564657410374879,0.0006195685890374113
29,0.4983736342834211,0.9999999982587833,0.049999999912939165,0.6572439548574869,0.0007696935135415985
30,0.519274014870796,0.9999999993876401,0.04999999996938201,0.6541088977693805,0.00036174285777035027
31,0.5150177781617558,0.9999999992424178,0.04999999996212089,0.6547473332757366,0.0007247989134471784
32,0.4990648278870039,0.9999999983179313,0.04999999991589657,0.6571402758169493,0.0007129560956634395
33,0.4871383821995389,0.999999996946322,0.0499999998473161,0.6589292426700691,0.0007048067852180636
34,0.5392186965446061,0.9999999997741014,0.04999999998870507,0.651117195518309,0.0001960267991624855
35,0.5138144090440142,0.9999999991954358,0.04999999995977179,0.6549278386433979,0.0
36,0.4685588977732085,0.9999999922683606,0.04999999961341803,0.6617161653340187,0.00021727758942196722
37,0.5167893093722769,0.9999999993066355,0.049999999965331776,0.6544816035941584,0.0003780715847561064
38,0.515369560252057,0.9999999992556263,0.049999999962781316,0.6546945659621914,0.0005545068250299845
39,0.5162783561286413,0.9999999992886937,0.04999999996443469,0.6545582465807038,0.0007221496453221155
40,0.49192210294488314,0.9999999975959359,0.0499999998797968,0.6582116845582675,0.0003986979322938615
41,0.529426624990174,0.9999999996314082,0.04999999998157041,0.6525860062514739,0.0002886430123484809
42,0.485040011714548,0.999999996608524,0.0499999998304262,0.6592439982428178,0.0006210583433642786
43,0.5242227133193353,0.9999999995218687,0.04999999997609344,0.6533665930020996,0.0005930474659676958
44,0.5058517292504893,0.999999998801969,0.049999999940098454,0.6561222406124266,0.0007862612779302404
45,0.533946777920019,0.9999999997059699,0.0499999999852985,0.6519079833119972,0.0007818547973208318
46,0.49222776347386993,0.9999999976323979,0.0499999998816199,0.6581658354789195,0.0008276552203911193
47,0.5139284792411902,0.9999999992000117,0.04999999996000059,0.6549107281138214,0.0007606854047841584
48,0.5168966313443933,0.9999999993103463,0.04999999996551732,0.654465505298341,0.0007932894927938203
49,0.49352478646344594,0.999999997781067,0.04999999988905335,0.657971282030483,0.0006615218285088633
50,0.5002250442486252,0.999999998412733,0.049999999920636654,0.6569662433627061,0.0005475042661481336
51,0.4917079437660997,0.9999999975700549,0.049999999878502746,0.658243808435085,0.0007721061660457884
52,0.5095648657087002,0.9999999990049651,0.04999999995024826,0.6555652701436949,0.0009426964161568318
53,0.5137708953602769,0.9999999991936834,0.049999999959684176,0.6549343656959584,0.0008675471751843539
54,0.49416687994747377,0.9999999978511735,0.04999999989255868,0.6578749680078789,0.0004128795293164673
55,0.5069187119101634,0.9999999988642079,0.049999999943210395,0.6559621932134755,0.00010113244526946784
56,0.4883622935919153,0.9999999971275908,0.04999999985637954,0.6587456559612127,0.00014754315159831163
57,0.4895780227777647,0.9999999972969935,0.04999999986484968,0.6585632965833352,0.0001533358610205955
58,0.4615482628800578,0.9999999890224455,0.049999999451122275,0.6627677605679914,0.0
59,0.4765191551269493,0.9999999948070182,0.04999999974035091,0.6605221267309576,0.0
60,0.48652132560147465,0.999999996850639,0.04999999984253195,0.6590218011597788,0.0005223666377328535
61,0.502163655149899,0.9999999985593664,0.049999999927968324,0.6566754517275151,0.0
62,0.530406599852405,0.9999999996490334,0.04999999998245167,0.6524390100221392,0.0002988444465250245
63,0.5053808310180805,0.9999999987734267,0.04999999993867134,0.6561928753472879,0.0004484371710236963
64,0.5018272193203585,0.9999999985349273,0.049999999926746364,0.6567259171019462,0.0006272141545721889
65,0.5069580216206447,0.9999999988664381,0.04999999994332191,0.6559562967569033,0.0
66,0.4719702313646783,0.9999999934807831,0.049999999674039154,0.6612044652952982,0.00030842314999246967
67,0.5009676011744078,0.9999999984705843,0.049999999923529215,0.6568548598238388,8.020107641722776e-05
68,0.482637720162688,0.9999999961756831,0.04999999980878416,0.6596043419755968,0.0
69,0.48852558839515003,0.9999999971509477,0.049999999857547384,0.6587211617407275,0.0
70,0.5407260223487524,0.9999999997905007,0.049999999989525035,0.6508910966476871,0.00017303971569267504
71,0.5369474559350823,0.9999999997469344,0.04999999998734672,0.6514578816097376,6.336565578778257e-05
72,0.5195430459073185,0.999999999395822,0.0499999999697911,0.6540685431139022,5.973361487825678e-05
73,0.5108601486190789,0.9999999990673651,0.04999999995336826,0.6553709777071381,0.0
74,0.5100719724925895,0.9999999990298774,0.04999999995149387,0.6554892041261116,1.4124029823660654e-07
75,0.48069762275396,0.9999999957861163,0.04999999978930582,0.659895356586906,0.0
76,0.4748909825111406,0.99999999436658,0.049999999718329004,0.660766352623329,7.416083231671193e-05
77,0.5066943986438721,0.9999999988513977,0.04999999994256989,0.6559958402034192,0.0
78,0.4910561351407958,0.9999999974895575,0.049999999874477875,0.6583415797288806,0.0002795115047167188
79,0.4844656052701567,0.9999999965097075,0.04999999982548538,0.6593301592094765,0.0001508345148893558
80,0.49839355201488267,0.9999999982605166,0.04999999991302583,0.6572409671977676,4.2201955906547404e-05
81,0.4985505380177883,0.9999999982741168,0.04999999991370584,0.6572174192973317,0.0
82,0.5037844668610079,0.9999999986715107,0.04999999993357554,0.6564323299708488,0.0
83,0.48520800642799405,0.9999999966368922,0.04999999983184461,0.6592187990358008,2.95539237674814e-05
84,0.5003461581943016,0.999999998422316,0.049999999921115805,0.6569480762708547,0.0
85,0.47521384865067284,0.9999999944567919,0.0499999997228396,0.660717922702399,0.0003594572404491781
86,0.5245366458172757,0.9999999995293152,0.04999999997646576,0.6533195031274086,0.0
87,0.5303840736090912,0.999999999648638,0.0499999999824319,0.6524423889586363,0.00022222532510554139
88,0.47791202039707015,0.9999999951563683,0.049999999757818415,0.6603131969404394,0.0
89,0.5085461462860693,0.9999999989529691,0.049999999947648456,0.6557180780570896,0.0
90,0.49558051157617916,0.9999999979978127,0.04999999989989064,0.6576629232635731,0.00011666849432483652
91,0.5022743085145615,0.9999999985673149,0.04999999992836575,0.6566588537228157,1.234292250953332e-06
92,0.5012570488688951,0.9999999984925592,0.04999999992462796,0.6568114426696657,1.2361028851832845e-06
93,0.5238617641300957,0.9999999995131612,0.049999999975658065,0.6534207353804856,0.0
94,0.511065433194901,0.9999999990768891,0.04999999995384446,0.6553401850207649,0.0
95,0.4826296522016464,0.9999999961741401,0.04999999980870701,0.659605552169753,0.0
96,0.50160362997724,0.9999999985184567,0.049999999925922835,0.656759455503414,8.421040416295353e-05
97,0.4996487477956999,0.999999998366331,0.04999999991831655,0.657052687830645,0.0
98,0.4840354179131519,0.9999999964338202,0.04999999982169101,0.6593946873130272,0.00011650442668899628
99,0.5040867623595313,0.9999999986914394,0.04999999993457197,0.6563869856460702,0.0
100,0.499544213155076,0.9999999983577699,0.0499999999178885,0.6570683680267386,0.0
101,0.5271854802703339,0.9999999995877018,0.04999999997938509,0.6529221779594498,0.00019871105127488905
102,0.4962425518655151,0.9999999980630041,0.04999999990315021,0.6575636172201728,9.662300760616955e-05
103,0.5088198581567637,0.9999999989672006,0.04999999994836003,0.6556770212764854,0.00014809142064901415
104,0.45504259312959894,0.9999999848024206,0.04999999924012103,0.6637436110305601,0.00019562636719414067
105,0.46644778639880424,0.9999999914076135,0.04999999957038068,0.6620328320401794,0.00018463377295353833
106,0.5065446090385162,0.9999999988427628,0.04999999994213814,0.6560183086442226,0.0
107,0.5025809814933088,0.9999999985891155,0.04999999992945578,0.6566128527760037,0.0
108,0.5181763838188859,0.9999999993530935,0.049999999967654675,0.6542735424271671,8.707030152374796e-05
109,0.4769551482150248,0.9999999949189984,0.04999999974594992,0.6604567277677462,0.00022437511153585566
110,0.4943036148795651,0.9999999978658145,0.04999999989329073,0.6578544577680652,4.480857058908707e-05
111,0.4501524492497367,0.9999999805928149,0.04999999902964075,0.6644771326125395,0.00020872261393108284
112,0.48326805793172817,0.9999999962943342,0.049999999814716714,0.6595097913102408,0.0
113,0.4913332672853805,0.9999999975241036,0.04999999987620518,0.658300009907193,0.000536023806497152
114,0.49806197552526904,0.9999999982314376,0.049999999911571884,0.6572907036712097,0.000405570133583048
115,0.48890436216281524,0.9999999972043974,0.04999999986021987,0.6586643456755776,8.534138996831424e-05
116,0.519082081222191,0.999999999381735,0.04999999996908675,0.6541376878166714,0.00019412553982239847
117,0.4710436786492221,0.9999999931716579,0.0499999996585829,0.6613434482026167,0.0
118,0.4743380597581803,0.9999999942086648,0.04999999971043324,0.6608492910362729,0.0
119,0.509207139484972,0.9999999989870074,0.04999999994935037,0.6556189290772542,0.00017791282784242535
120,0.4924177788344004,0.9999999976547855,0.04999999988273928,0.6581373331748399,0.00020993164086577
121,0.526731024701226,0.9999999995782258,0.049999999978911296,0.6529903462948161,0.0003030468077990263
122,0.5137824425303111,0.9999999991941488,0.04999999995970744,0.6549326336204533,0.00022082140833366252
123,0.5066532956850927,0.9999999988490347,0.04999999994245174,0.6560020056472361,0.00020520855973307927
124,0.4657182812967813,0.9999999910884182,0.049999999554420915,0.6621422578054827,0.0004806591270719837
125,0.4876478034002576,0.9999999970231204,0.049999999851156024,0.6588528294899614,0.0
126,0.505359715411263,0.9999999987721311,0.04999999993860656,0.6561960426883106,0.00014899402130953438
127,0.4871230969603345,0.9999999969439874,0.049999999847199376,0.6589315354559498,0.0001920676532325355
128,0.5056428922399354,0.9999999987893937,0.049999999939469686,0.6561535661640097,9.831400896467975e-05
129,0.5059858298663175,0.999999998809975,0.04999999994049875,0.6561021255200523,0.0
130,0.4833749451712361,0.9999999963140858,0.04999999981570429,0.6594937582243146,0.00019693097242900828
131,0.4777256409009586,0.9999999951110194,0.04999999975555097,0.6603411538648561,0.0005716858410754809
132,0.5193499122504066,0.9999999993899593,0.04999999996949797,0.654097513162439,0.000507605370946319
133,0.5009665338416593,0.9999999984705026,0.049999999923525135,0.6568550199237511,0.0003777056314474595
134,0.5010996382672511,0.999999998480648,0.0499999999240324,0.6568350542599123,0.0005590726891359192
135,0.5192287494916289,0.9999999993862525,0.049999999969312627,0.6541156875762556,0.0004161625752029281
136,0.5346641294860178,0.9999999997163291,0.04999999998581646,0.6518003805770973,0.0010611133235631373
137,0.44381297257522917,0.9999999733545826,0.04999999866772913,0.6654280541137156,0.0007125586683367666
138,0.5290919560100444,0.9999999996251885,0.049999999981259424,0.6526362065984933,0.0008587999334266472
139,0.519963070429008,0.9999999994083781,0.04999999997041891,0.6540055394356488,0.00041687785424239347
140,0.4940846232606423,0.9999999978423175,0.04999999989211588,0.6578873065109037,0.00020376309052042891
141,0.5235929959712475,0.9999999995065747,0.04999999997532874,0.6534610506043128,0.0
142,0.4983300392100755,0.9999999982549836,0.049999999912749185,0.6572504941184887,0.0
143,0.531942333831362,0.9999999996749742,0.04999999998374871,0.6522086499252957,3.727270352377509e-05
144,0.5227860958965161,0.9999999994862605,0.04999999997431303,0.6535820856155226,0.0001398827506546638
145,0.5082492490819045,0.9999999989373101,0.049999999946865506,0.6557626126377143,4.9260153040910476e-05
146,0.4875494982026284,0.9999999970084521,0.04999999985042261,0.6588675752696057,0.000299886731371408
147,0.5017474866483723,0.9999999985290748,0.04999999992645374,0.6567378770027441,0.0006601199397522097
148,0.48248974822334545,0.9999999961472836,0.049999999807364186,0.6596265377664982,0.0005199260816758494
149,0.4859601880187174,0.9999999967610265,0.049999999838051326,0.6591059717971923,0.00023059854382718466
150,0.5035957858363842,0.9999999986589183,0.04999999993294592,0.6564606321245423,0.00040159095721835174
151,0.4974380083471858,0.9999999981753915,0.04999999990876958,0.6573842987479221,0.00037884902036982015
152,0.48665518177278744,0.9999999968716466,0.04999999984358233,0.6590017227340819,0.0002736154469067892
153,0.5329817014839486,0.9999999996914339,0.0499999999845717,0.6520527447774077,0.0005054435160300177
154,0.4889345766961541,0.9999999972086175,0.04999999986043088,0.6586598134955769,0.00048750071541819157
155,0.49941913021616896,0.999999998347467,0.049999999917373354,0.6570871304675746,0.0007396483915664016
156,0.49994957973929466,0.99999999839072,0.049999999919536,0.6570075630391058,0.00043354682372374474
157,0.4561872021981283,0.9999999856477646,0.049999999282388234,0.6635719196702807,5.930239308285222e-05
158,0.5523273414426206,0.9999999998827094,0.04999999999413547,0.6491508987836069,0.0
159,0.4884792577157735,0.9999999971443401,0.04999999985721701,0.658728111342634,0.0004231588496766297
160,0.5147671946794867,0.9999999992328661,0.04999999996164331,0.6547849207980769,0.00019875948376779108
161,0.45699066879545175,0.9999999862129136,0.049999999310645686,0.6634513996806822,0.0
162,0.4966442585014182,0.9999999981015213,0.049999999905076066,0.6575033612247873,0.00041601755679200104
163,0.46722341411520063,0.9999999917344596,0.049999999586722986,0.6619164878827198,0.00046811070700191723
164,0.4898465903283023,0.9999999973330478,0.04999999986665239,0.6585230114507546,0.00017106228434055111
165,0.5253100205826738,0.9999999995471684,0.04999999997735843,0.6532034969125989,7.878654139290478e-05
166,0.5156232880830355,0.9999999992650102,0.04999999996325051,0.6546565067875446,0.0
167,0.5123991733862824,0.9999999991364408,0.04999999995682204,0.6551401239920576,0.0
168,0.510014638175002,0.9999999990270922,0.049999999951354616,0.6554978042737497,0.0
169,0.4648975065698947,0.9999999907150902,0.049999999535754514,0.6622653740145158,0.0
170,0.4772097489375058,0.9999999949832696,0.049999999749163485,0.6604185376593741,0.0001138863635989575
171,0.5109200541029293,0.9999999990701545,0.04999999995350773,0.6553619918845606,0.0
172,0.5271906704610212,0.9999999995878086,0.04999999997939043,0.6529213994308468,0.00024031714502381103
173,0.5090924993051044,0.9999999989811843,0.049999999949059216,0.6556361251042343,0.0004447062112930945
174,0.5113819006759035,0.9999999990913808,0.049999999954569045,0.6552927148986145,7.270757693359056e-05
175,0.5109024032606024,0.9999999990693336,0.049999999953466684,0.6553646395109096,0.0
176,0.5139705450438619,0.9999999992016926,0.04999999996008463,0.6549044182434207,0.0
177,0.5096180522746453,0.9999999990076076,0.04999999995038038,0.6555572921588032,0.0
178,0.4778935755742914,0.9999999951518992,0.04999999975759496,0.6603159636638563,0.0
179,0.5194560958797572,0.9999999993931896,0.04999999996965948,0.6540815856180364,3.892068410668583e-05
180,0.481963976118823,0.9999999960446582,0.04999999980223291,0.6597054035821766,3.8871340855427346e-05
181,0.47061822104985573,0.9999999930248433,0.04999999965124217,0.6614072668425216,0.0
182,0.5025758336832887,0.9999999985887524,0.04999999992943763,0.6566136249475066,0.0
183,0.4733201149514669,0.9999999939062718,0.049999999695313595,0.66100198275728,0.0
184,0.47836733428070577,0.9999999952653911,0.049999999763269555,0.6602448998578941,7.796378912761595e-05
185,0.5020353459478123,0.9999999985500942,0.049999999927504715,0.6566946981078281,0.0
186,0.48355129991034984,0.9999999963464443,0.04999999981732222,0.6594673050134475,4.6114889920024844e-05
187,0.48220745197806486,0.9999999960925177,0.04999999980462588,0.6596688822032902,0.0
188,0.5091181425631375,0.9999999989824897,0.04999999994912449,0.6556322786155293,0.0
189,0.5222078151846685,0.9999999994711894,0.04999999997355947,0.6536688277222997,0.0
190,0.5146217861111634,0.9999999992272683,0.04999999996136342,0.6548067320833255,0.0
191,0.5179661450053664,0.9999999993462574,0.04999999996731287,0.654305078249195,0.0
192,0.47033646855172245,0.9999999929258845,0.04999999964629423,0.6614495297172416,8.169705213403412e-05
193,0.5130812714847545,0.9999999991653958,0.04999999995826979,0.6550378092772868,8.396640935134234e-05
194,0.49973937756461384,0.9999999983737171,0.04999999991868586,0.6570390933653079,0.0
195,0.4856631168407874,0.9999999967125572,0.04999999983562786,0.6591505324738819,0.00014698154390196976
196,0.493965378175147,0.9999999978294145,0.04999999989147073,0.6579051932737279,0.0
197,0.49234876824430235,0.9999999976466791,0.04999999988233396,0.6581476847633546,4.69961912644122e-05
198,0.47902018534357144,0.9999999954174457,0.049999999770872286,0.6601469721984643,0.0004261238892142888
199,0.4610035139236916,0.9999999887193357,0.04999999943596679,0.6628494729114462,0.0
200,0.5074084529464163,0.9999999988916823,0.04999999994458412,0.6558887320580375,0.0001029128474055254
201,0.5051184882747258,0.9999999987572317,0.04999999993786158,0.6562322267587911,0.0
202,0.5265929018624931,0.9999999995753031,0.049999999978765156,0.653011064720626,0.0003348514903774634
203,0.5227898824738514,0.9999999994863578,0.049999999974317894,0.6535815176289222,0.00010679813229243969
204,0.5036987560133229,0.999999998665805,0.049999999933290254,0.6564451865980016,0.00041774657046013424
205,0.5170190719854472,0.9999999993145554,0.04999999996572777,0.6544471392021829,0.0006141508964813012
206,0.5307754867348898,0.9999999996554474,0.049999999982772374,0.6523836769897665,0.0006297463445999751
207,0.486104201475239,0.9999999967842657,0.049999999839213286,0.6590843697787141,0.00011219786033176576
208,0.49475112583814596,0.9999999979130378,0.049999999895651896,0.6577873311242781,0.00018084397503906091
209,0.5053966109779168,0.9999999987743942,0.04999999993871971,0.6561905083533125,4.1324873824183746e-05
210,0.4728350184479382,0.9999999937566624,0.04999999968783312,0.6610747472328092,0.0
211,0.4783180280876802,0.9999999952537044,0.049999999762685224,0.660252295786848,0.0
212,0.5132250254877861,0.9999999991713733,0.049999999958568665,0.6550162461768321,0.0
213,0.49138244055385527,0.9999999975301836,0.04999999987650919,0.6582926339169217,0.0
214,0.5090639032491214,0.9999999989797266,0.04999999994898633,0.6556404145126318,0.0
215,0.49770779456408476,0.9999999981998391,0.04999999990999196,0.6573438308153873,0.00030924139466460317
216,0.524682198163175,0.9999999995327282,0.049999999976636414,0.6532976702755238,0.0002913368670790651
217,0.5054902236411899,0.9999999987801174,0.04999999993900587,0.6561764664538214,0.00036918818260011564
218,0.502663932968784,0.9999999985949553,0.04999999992974777,0.6566004100546824,0.0
219,0.4944607545226452,0.9999999978825169,0.049999999894125846,0.6578308868216032,0.0003300501577387899
220,0.4795127929615922,0.9999999955289369,0.04999999977644685,0.6600730810557611,0.00022586462645745787
221,0.46904467330806826,0.9999999924538904,0.049999999622694524,0.6616432990037897,0.00027394438340094416
222,0.5533468267308997,0.9999999998885385,0.049999999994426926,0.648997975990365,0.0
223,0.506302941191195,0.9999999988286947,0.04999999994143474,0.6560545588213207,0.0003427262029623685
224,0.5205974897475771,0.9999999994268505,0.049999999971342524,0.6539103765378634,0.0006047453673791184
225,0.4823162045125109,0.9999999961137076,0.04999999980568538,0.6596525693231233,7.041926760817369e-05
226,0.5094024601221905,0.9999999989968522,0.04999999994984261,0.6555896309816714,0.00015259215630007358
227,0.5076369709283128,0.9999999989042738,0.049999999945213695,0.6558544543607531,8.677967274766627e-05
228,0.48271756568073254,0.9999999961909205,0.04999999980954603,0.6595923651478901,7.11665144747005e-05
229,0.5403610838203997,0.9999999997866429,0.04999999998933215,0.65094583742694,0.0
230,0.5298475217406995,0.999999999639084,0.0499999999819542,0.6525228717388951,0.0
231,0.49678937682794083,0.9999999981152465,0.04999999990576233,0.6574815934758088,0.00043972613046503963
232,0.5223502220776222,0.9999999994749413,0.04999999997374707,0.6536474666883567,0.00032528088857037326
233,0.5237259507051043,0.9999999995098441,0.049999999975492204,0.6534411073942343,0.0007760876917394636
234,0.5118211833200681,0.9999999991111204,0.04999999995555602,0.6552268225019897,0.000675714927648725
235,0.5108237816750866,0.9999999990656678,0.04999999995328339,0.655376432748737,0.0004023631429547227
236,0.5029174660857357,0.999999998612654,0.0499999999306327,0.6565623800871396,0.00017836379903997813
237,0.5002179922933212,0.9999999984121732,0.04999999992060866,0.6569673011560018,0.0001775585836582903
238,0.4713125902586135,0.9999999932628545,0.049999999663142725,0.6613031114612079,0.0002903588273458409
239,0.4914998320373379,0.9999999975446379,0.049999999877231895,0.6582750251943993,0.00022105190231585799
240,0.5093185289026579,0.9999999989926336,0.04999999994963168,0.6556022206646013,0.000279798934782644
241,0.4950546203899149,0.9999999979444678,0.049999999897223396,0.6577418069415127,0.0004260039842085956
242,0.5221156541982096,0.999999999468747,0.04999999997343735,0.6536826518702685,0.0
243,0.5020143370227168,0.9999999985485704,0.04999999992742852,0.6566978494465925,0.0
244,0.4833014952379831,0.9999999963005244,0.04999999981502622,0.6595047757143025,0.0
245,0.4750250730325428,0.999999994404223,0.04999999972021116,0.6607462390451185,0.0
246,0.48149998999407895,0.9999999959518242,0.04999999979759121,0.6597750015008881,0.0003825826536149057
247,0.49930396375541997,0.9999999983379235,0.04999999991689618,0.657104405436687,0.00014522239892358766
248,0.4957337695458842,0.9999999980130965,0.049999999900654825,0.6576399345681173,0.0002274852852297671
249,0.44560936363658515,0.9999999756435273,0.04999999878217637,0.6651585954545122,0.0005159336469249779
250,0.5108510628788517,0.9999999990669415,0.04999999995334708,0.6553723405681722,0.0
251,0.5318565202251399,0.9999999996735767,0.049999999983678836,0.652221521966229,0.0
252,0.4861215975205772,0.9999999967870614,0.049999999839353076,0.6590817603719133,0.00011909488893091897
253,0.509301541905594,0.9999999989917776,0.04999999994958888,0.6556047687141608,6.14105034994784e-05
254,0.4845637850987551,0.9999999965267992,0.04999999982633996,0.6593154322351867,0.0
255,0.5260428694761281,0.999999999563461,0.04999999997817305,0.6530935695785808,0.0
256,0.48404552919613203,0.9999999964356228,0.04999999982178114,0.6593931706205802,0.0
257,0.4964208111737925,0.9999999980801919,0.0499999999040096,0.6575368783239312,0.0
258,0.5287882363549705,0.9999999996194531,0.049999999980972654,0.6526817645467544,0.0
259,0.5187252691376287,0.9999999993706059,0.0499999999685303,0.6541912096293556,1.8253250634362725e-06
260,0.4936930011358432,0.9999999977996514,0.04999999988998258,0.6579460498296235,0.00020465422038054936
261,0.5247260539325748,0.9999999995337516,0.04999999997668758,0.6532910919101138,0.0001912759329019882
262,0.5128054973554304,0.999999999153808,0.0499999999576904,0.6550791753966854,0.0003773088021215649
263,0.5212912642677681,0.9999999994463915,0.049999999972319575,0.6538063103598348,0.00011967983785864906
264,0.5307290527963784,0.9999999996546465,0.04999999998273233,0.6523906420805432,0.00037348933214752554
265,0.5326721186105063,0.9999999996866205,0.04999999998433102,0.652099182208424,0.0002593559846508066
266,0.4822380885118385,0.9999999960984987,0.049999999804924936,0.6596642867232242,0.0005688952575416085
267,0.4833450142187532,0.9999999963085655,0.04999999981542828,0.659498247867187,0.0005129802382161265
268,0.5105875728548611,0.9999999990545676,0.049999999952728386,0.6554118640717708,0.00027155901502253497
269,0.4940168221060275,0.9999999978349905,0.049999999891749525,0.6578974766840958,0.00019090131160906225
270,0.4370235238073126,0.9999999625843298,0.04999999812921649,0.6664464714289031,0.0007549670372660621
271,0.5195204831661349,0.9999999993951401,0.04999999996975701,0.6540719275250797,7.861708628769526e-05
272,0.4747037760201401,0.9999999943136018,0.04999999971568009,0.660794433596979,0.0
273,0.4940900739415058,0.9999999978429055,0.04999999989214528,0.6578864889087741,4.878241924445227e-05
274,0.4863370304835051,0.9999999968214843,0.04999999984107422,0.6590494454274742,0.0003059798960130164
275,0.4930065534493253,0.9999999977228193,0.04999999988614097,0.6580490169826012,0.00029557970657293994
276,0.5124976960273591,0.9999999991406843,0.04999999995703422,0.6551253455958961,0.00020324825504129757
277,0.46381194967372463,0.9999999901971973,0.049999999509859866,0.6624282075489413,0.0
278,0.49370912822455837,0.9999999978014249,0.04999999989007125,0.6579436307663162,0.0
279,0.469273279917403,0.9999999925396538,0.04999999962698269,0.6616090080123895,0.0005016573233603898
280,0.4933040390203082,0.99999999775644,0.049999999887822,0.6580043941469538,0.0
281,0.5052809566043668,0.9999999987672863,0.04999999993836432,0.656207856509345,0.0
282,0.5193943444845331,0.9999999993913131,0.04999999996956566,0.65409084832732,0.0
283,0.4951554265043497,0.9999999979548022,0.049999999897740115,0.6577266860243476,0.0
284,0.5496312011266797,0.9999999998657825,0.04999999999328913,0.649555319830998,7.717701518505263e-05
285,0.5186235319996703,0.999999999367396,0.049999999968369804,0.6542064702000494,0.0002736430432718461
286,0.52471988189155,0.9999999995336077,0.04999999997668039,0.6532920177162674,7.89456383330841e-05
287,0.5147824218784899,0.9999999992334498,0.049999999961672495,0.6547826367182265,0.0
288,0.4948446149932073,0.9999999979227705,0.04999999989613853,0.6577733077510188,0.0
289,0.4904625147191299,0.999999997413928,0.0499999998706964,0.6584306227921305,0.0
290,0.48172447109968086,0.9999999959970072,0.04999999979985036,0.6597413293350478,0.0
291,0.50063726792884,0.9999999984451138,0.04999999992225569,0.656904409810674,0.00014758247675331442
292,0.43913310534986455,0.9999999663298889,0.049999998316494446,0.6661300341975203,0.0
293,0.4902673953174554,0.9999999973885749,0.04999999986942875,0.6584598907023816,0.0
294,0.49935895796898744,0.9999999983424877,0.04999999991712439,0.6570961563046519,0.0
295,0.47206998148164403,0.9999999935132167,0.049999999675660836,0.6611895027777533,8.216485643768607e-06
296,0.47854438803658955,0.9999999953071201,0.04999999976535601,0.6602183417945116,9.578445055697303e-05
297,0.5080838695470051,0.9999999989284862,0.04999999994642432,0.6557874195679492,0.00043198064242060564
298,0.5121165020877037,0.999999999124149,0.04999999995620746,0.6551825246868445,0.0006108015008779409
299,0.5062214268624734,0.999999998823911,0.049999999941195555,0.656066785970629,0.00016817578417365088
300,0.4545133817486139,0.9999999843949163,0.04999999921974582,0.663822992737708,5.022510863792544e-05
301,0.5371498114909541,0.999999999749482,0.0499999999874741,0.6514275282763569,0.0
302,0.4953302429540113,0.9999999979726011,0.049999999898630056,0.6577004635568983,0.0001948258266576406
303,0.5602374874603954,0.9999999999210238,0.049999999996051196,0.6479643768809407,9.187035084673021e-05
304,0.4991198878850946,0.9999999983225556,0.04999999991612778,0.6571320168172358,0.00010330583018097074
305,0.5107649746989718,0.9999999990629165,0.04999999995314583,0.6553852537951542,0.00012831386646784524
306,0.4910230116818139,0.9999999974853961,0.04999999987426981,0.6583465482477279,0.00014178014480451754
307,0.5127003478892721,0.9999999991493476,0.04999999995746738,0.6550949478166092,0.0
308,0.5343492044231885,0.999999999711827,0.04999999998559135,0.6518476193365217,0.00015830187960413734
309,0.5097519292187034,0.9999999990142285,0.04999999995071143,0.6555372106171945,0.00017302028383047173
310,0.5202556876376508,0.999999999416971,0.04999999997084856,0.6539616468543523,0.00021238509384190158
311,0.5133747680970212,0.9999999991775541,0.04999999995887771,0.6549937847854468,0.0004352027135157527
312,0.46682623934701406,0.9999999915686756,0.04999999957843378,0.6619760640979478,8.931047701202547e-05
313,0.5127049082899177,0.9999999991495414,0.04999999995747707,0.6550942637565124,0.0
314,0.48626721160698977,0.999999996810369,0.04999999984051845,0.6590599182589515,6.815738920042015e-05
315,0.5099343963009231,0.9999999990231812,0.04999999995115906,0.6555098405548615,0.0
316,0.48030041764995524,0.999999995701591,0.04999999978507955,0.6599549373525067,0.0
317,0.5268771925661758,0.9999999995812971,0.04999999997906486,0.6529684211150736,0.0
318,0.4890066244049018,0.9999999972186551,0.04999999986093276,0.6586490063392647,2.680248031357517e-05
319,0.5420066588095399,0.999999999803495,0.04999999999017475,0.6506990011785689,0.0001487098835457128
320,0.49298720269529683,0.9999999977206149,0.049999999886030745,0.6580519195957054,0.0001089623263110342
321,0.5174479839423033,0.9999999993290987,0.04999999996645493,0.6543828024086544,0.0
322,0.4738454167770786,0.9999999940642403,0.04999999970321202,0.6609231874834381,0.0003313940353411986
323,0.503761036301817,0.9999999986699533,0.049999999933497664,0.6564358445547274,0.0002526376045217131
324,0.4852132210853395,0.9999999966377688,0.04999999983188844,0.659218016837199,2.1133203206811352e-05
325,0.5119034750631147,0.9999999991147701,0.049999999955738506,0.6552144787405327,0.0
326,0.5293779060684985,0.9999999996305091,0.04999999998152546,0.6525933140897252,0.00022800419335334285
327,0.5225697563421307,0.9999999994806732,0.04999999997403366,0.6536145365486804,8.776214790814094e-06
328,0.4878177208525165,0.9999999970483044,0.049999999852415225,0.6588273418721226,0.0
329,0.4762760375450771,0.9999999947435076,0.04999999973717539,0.6605585943682384,0.00029396554934960165
330,0.4927946819227354,0.9999999976985676,0.049999999884928384,0.6580807977115897,0.00010072030403359868
331,0.47888789493906453,0.9999999953870338,0.04999999976935169,0.6601668157591403,5.678581016519813e-05
332,0.5207810693129307,0.9999999994320874,0.04999999997160437,0.6538828396030604,0.0
333,0.5068999472644882,0.9999999988631418,0.0499999999431571,0.6559650079103267,0.0
334,0.5117693007285864,0.9999999991088113,0.04999999995544057,0.6552346048907121,0.0
335,0.47104988009614907,0.9999999931737749,0.049999999658688746,0.6613425179855776,0.0
336,0.4804759371800178,0.9999999957391488,0.04999999978695744,0.6599286094229974,0.0002420668168901206
337,0.4806380155639693,0.9999999957735388,0.049999999788676946,0.6599042976654046,0.00011060938170282564
338,0.5064455523790207,0.999999998837017,0.04999999994185085,0.6560331671431469,0.00034743201954773426
339,0.5071358273847552,0.9999999988764712,0.049999999943823564,0.6559296258922866,0.0005562507090354718
340,0.4557251183248278,0.9999999853123074,0.04999999926561537,0.6636412322512758,0.0003163348843545805
341,0.5253084336416741,0.9999999995471325,0.04999999997735663,0.6532037349537488,0.0
342,0.5388797457102077,0.9999999997702402,0.04999999998851201,0.6511680381434688,0.0
343,0.4638543159578508,0.9999999902179407,0.049999999510897036,0.6624218526063224,0.00015375645511393155
344,0.48221036532571593,0.999999996093087,0.04999999980465435,0.6596684452011425,0.0
345,0.5150228659115339,0.9999999992426103,0.04999999996213052,0.6547465701132699,0.00030431866562561483
346,0.4845519425644471,0.9999999965247421,0.04999999982623711,0.6593172086153329,0.00029371239914861857
347,0.49256752511504504,0.9999999976722793,0.04999999988361397,0.6581148712327433,0.0003336993602347423
348,0.4957957717935436,0.9999999980192467,0.049999999900962336,0.6576306342309685,0.0003042939631116955
349,0.46346767514273285,0.9999999900269937,0.04999999950134969,0.66247984872859,0.0
350,0.4885329919527572,0.9999999971520022,0.04999999985760011,0.6587200512070864,0.0
351,0.4751592123051067,0.9999999944416282,0.04999999972208141,0.660726118154234,0.0002774298679900014
352,0.4923387377637068,0.9999999976454987,0.04999999988227494,0.658149189335444,0.0005737796788701844
353,0.5000094257035681,0.9999999983955283,0.04999999991977642,0.6569985861444647,0.00011889336558924314
354,0.5052277908409213,0.9999999987640049,0.04999999993820025,0.6562158313738617,0.0001758070304771631
355,0.5015346106686333,0.999999998513335,0.049999999925666755,0.656769808399705,0.0002476976309287128
356,0.48503668021445,0.9999999966079589,0.04999999983039795,0.6592444979678325,7.649132929544586e-05
357,0.5040181354003099,0.9999999986869417,0.04999999993434709,0.6563972796899535,0.0
358,0.5404605909436487,0.9999999997877018,0.04999999998938509,0.6509309113584527,0.0
359,0.4825363937922794,0.9999999961562589,0.049999999807812945,0.659619540931158,2.2624136828256105e-05
360,0.436804097590414,0.9999999621715706,0.04999999810857853,0.6664793853614379,0.0
361,0.47799636170189114,0.9999999951767511,0.04999999975883756,0.6603005457447163,0.00029070424557624963
362,0.47520994803980565,0.9999999944557108,0.04999999972278554,0.6607185077940292,0.0004738453215642925
363,0.46419697918940783,0.9999999903841107,0.049999999519205536,0.6623704531215888,0.0004300868816121765
364,0.4881753529308352,0.9999999971006164,0.04999999985503082,0.6587736970603747,0.00024013860762224103
365,0.48231185555172335,0.9999999961128623,0.04999999980564312,0.6596532216672415,0.0
366,0.49821994186321716,0.9999999982453511,0.049999999912267556,0.6572670087205175,1.1793668151323526e-05
367,0.5094173122790372,0.999999998997597,0.04999999994987985,0.6555874031581443,0.0001598033524532119
368,0.548406517461946,0.999999999857307,0.049999999992865356,0.649739022380708,0.00011404403926109391
369,0.5126677329837638,0.9999999991479591,0.049999999957397956,0.6550998400524354,0.0
370,0.49824691254922404,0.9999999982477157,0.04999999991238579,0.6572629631176163,0.00016142089151014645
371,0.459429947787402,0.999999987795943,0.049999999389797156,0.6630855078318897,0.00027391482574074346
372,0.4690223859005293,0.9999999924454764,0.049999999622273826,0.6616466421149205,0.0006310311832244414
373,0.47552700753092136,0.9999999945429112,0.04999999972714556,0.6606709488703618,0.0004990850677350197
374,0.49283099234551747,0.9999999977027421,0.049999999885137106,0.6580753511481724,0.00031250134232130517
375,0.45973876679307585,0.9999999879829379,0.0499999993991469,0.6630391849810386,4.8567221069373105e-06
376,0.5032914662265742,0.9999999986383563,0.04999999993191782,0.6565062800660139,0.0
377,0.5266648992452723,0.9999999995768292,0.04999999997884146,0.6530002651132092,0.0
378,0.5099014820398102,0.9999999990215722,0.049999999951078615,0.6555147776940284,0.00024255920623540692
379,0.5265767152082987,0.9999999995749591,0.04999999997874796,0.6530134927187552,0.00019375589192429803
380,0.49437725169933505,0.9999999978736578,0.049999999893682895,0.6578434122450997,0.00027573147040302305
381,0.5101164913637347,0.9999999990320343,0.04999999995160172,0.6554825262954398,0.0
382,0.5015065241282363,0.9999999985112458,0.04999999992556229,0.6567740213807646,0.0
383,0.5135452268852208,0.9999999991845339,0.049999999959226694,0.6549682159672169,1.6983658071226804e-05
384,0.5184844004502307,0.99999999936298,0.049999999968149,0.6542273399324654,2.4328913829937748e-05
385,0.475866337942758,0.999999994634718,0.049999999731735904,0.6606200493085863,0.0
386,0.470445065414728,0.9999999929641918,0.049999999648209593,0.6614332401877908,0.0
387,0.4786225206742442,0.9999999953254177,0.04999999976627089,0.6602066218988634,0.0
388,0.5205578053229676,0.999999999425712,0.049999999971285604,0.6539163292015548,0.0
389,0.5103219417097192,0.999999999041927,0.049999999952096356,0.6554517087435421,0.0
390,0.5203164687647891,0.9999999994187403,0.049999999970937015,0.6539525296852816,5.557888096086013e-05
391,0.4822148765076487,0.9999999960939681,0.04999999980469841,0.6596677685238527,0.00020969406363490254
392,0.5017886067870609,0.999999998532096,0.0499999999266048,0.6567317089819409,0.0
393,0.5099182314739756,0.9999999990223913,0.04999999995111957,0.6555122652789036,0.0
394,0.4617637776632441,0.9999999891401018,0.04999999945700509,0.6627354333505133,0.0
395,0.49176639431952973,0.9999999975771461,0.04999999987885731,0.6582350408520705,7.103043385715436e-05
396,0.5065433724257864,0.9999999988426913,0.04999999994213457,0.656018494136132,0.0002199303624397397
397,0.5047237897200012,0.9999999987324621,0.04999999993662311,0.6562914315419998,0.00048715842849865297
398,0.48470341128954525,0.9999999965509623,0.04999999982754812,0.6592944883065682,0.00026711683128759277
399,0.49593386938611045,0.9999999980328764,0.049999999901643825,0.6576099195920834,0.0
400,0.5141449604526208,0.9999999992086241,0.04999999996043121,0.6548782559321069,0.00020672422648486267
401,0.5105461887627583,0.9999999990526092,0.049999999952630464,0.6554180716855862,0.0001425633152261065
402,0.5148856493907044,0.9999999992373962,0.049999999961869816,0.6547671525913943,0.0001640539604276801
403,0.5082274622536188,0.9999999989361519,0.049999999946807594,0.6557658806619572,6.165760005332759e-05
404,0.4982058155777312,0.9999999982441115,0.04999999991220558,0.6572691276633403,0.0
405,0.5105585647499631,0.9999999990531954,0.049999999952659774,0.6554162152875055,0.00012856790383863952
406,0.49627452733180955,0.9999999980660985,0.04999999990330493,0.6575588209002285,0.0
407,0.4647174671635732,0.9999999906311302,0.04999999953155651,0.662292379925464,0.0
408,0.5054454261069073,0.999999998777382,0.049999999938869104,0.6561831860839639,0.00011198098137155972
409,0.47164165186277357,0.9999999933727943,0.049999999668639716,0.6612537522205839,0.00011214884571247703
410,0.47658984390859543,0.99999999482534,0.049999999741267,0.6605115234137107,0.00027726749645140016
411,0.48983738701899415,0.9999999973318203,0.04999999986659102,0.6585243919471508,0.0002109591308460368
412,0.5157656632977076,0.9999999992702238,0.04999999996351119,0.6546351505053438,0.0
413,0.49650713583850253,0.9999999980884604,0.049999999904423026,0.6575239296242246,0.0003464551696456398
414,0.5442557125383412,0.9999999998243954,0.04999999999121977,0.6503616431192488,0.0005175480936277878
415,0.5155343901430528,0.9999999992617359,0.049999999963086794,0.654669841478542,0.00017035403535560736
416,0.5022753886936707,0.9999999985673922,0.049999999928369614,0.6566586916959494,0.0002658144877310917
417,0.4603653943730172,0.9999999883536118,0.049999999417680595,0.6629451908440473,0.00028593686871661365
418,0.5161657645042925,0.999999999284678,0.049999999964233904,0.6545751353243561,0.0
419,0.5110112630773683,0.9999999990743853,0.04999999995371927,0.6553483105383947,7.669737321214038e-05
420,0.5099553849579981,0.9999999990242057,0.04999999995121029,0.6555066922563002,0.0001064611864263129
421,0.5032018842937033,0.9999999986322436,0.04999999993161219,0.6565197173559445,0.0
422,0.494025155234067,0.9999999978358924,0.04999999989179463,0.6578962267148899,0.0001014796764350598
423,0.5099136486941738,0.9999999990221673,0.04999999995110837,0.655512952695874,0.00014783962753892748
424,0.48216936983324,0.9999999960850705,0.04999999980425353,0.659674594525014,0.0
425,0.47637447018419,0.9999999947693146,0.04999999973846573,0.6605438294723714,0.0
426,0.5218348268963386,0.9999999994612347,0.04999999997306174,0.6537247759655491,0.00033245115994371733
427,0.48842456900219494,0.9999999971365208,0.049999999856826044,0.6587363146496708,0.00020555593959234062
428,0.4898026748531663,0.9999999973271854,0.04999999986635927,0.658529598772025,0.0003616689634903525
429,0.5076195759188566,0.9999999989033204,0.04999999994516602,0.6558570636121714,0.00016484851118313965
430,0.5354852645674645,0.9999999997277398,0.04999999998638699,0.6516772103148804,0.0004090326292108921
431,0.5381872805795855,0.999999999762146,0.04999999998810731,0.6512719079130621,0.0002478309034225755
432,0.5174621553239017,0.9999999993295741,0.049999999966478706,0.6543806767014148,0.0
433,0.4638047922445332,0.9999999901936883,0.04999999950968442,0.66242928116332,0.0
434,0.5266553107999228,0.9999999995766262,0.04999999997883131,0.6530017033800115,0.00011233660260008698
435,0.5342173376126023,0.9999999997099207,0.049999999985496035,0.6518673993581097,0.0005727927837706314
436,0.502528082229647,0.9999999985853789,0.04999999992926895,0.656620787665553,0.00024353225405539445
437,0.5151434355276137,0.9999999992471627,0.049999999962358134,0.6547284846708579,0.00020235515042552467
438,0.47957974314114515,0.999999995543879,0.04999999977719395,0.6600630385288282,0.0002690911792199048
439,0.48654448209964646,0.9999999968542834,0.04999999984271417,0.659018327685053,0.0
440,0.498113849792608,0.9999999982360188,0.049999999911800944,0.6572829225311088,8.430712882025412e-05
441,0.4995946897883813,0.9999999983619092,0.049999999918095464,0.6570607965317428,0.00043789511501257633
442,0.49875165916835135,0.9999999982913854,0.04999999991456927,0.6571872511247473,0.0002629679171547495
443,0.5077003920123979,0.999999998907743,0.049999999945387154,0.6558449411981403,0.0
444,0.49696655995444433,0.9999999981318701,0.04999999990659351,0.6574550160068333,0.0
445,0.5277545055100008,0.9999999995992668,0.04999999997996334,0.6528368241734999,0.0
446,0.4673889943099749,0.9999999918026076,0.04999999959013038,0.6618916508535038,0.0
447,0.5271275284565443,0.9999999995865052,0.04999999997932526,0.6529308707315183,0.0
448,0.521754074319259,0.9999999994590552,0.04999999997295276,0.6537368888521111,8.611852618060112e-05
449,0.500426816409956,0.9999999984286658,0.049999999921433294,0.6569359775385066,0.0
450,0.4948934789821021,0.9999999979278393,0.04999999989639197,0.6577659781526847,0.0
451,0.5141860477099603,0.9999999992102482,0.04999999996051241,0.6548720928435059,9.432563749483946e-05
452,0.4905175571087464,0.9999999974210354,0.049999999871051776,0.658422366433688,0.00021391852073526565
453,0.5125320438830245,0.9999999991421589,0.049999999957107945,0.6551201934175463,0.0
454,0.5045952947154521,0.9999999987242922,0.049999999936214616,0.6563107057926821,0.0
455,0.4830654364827335,0.9999999962566011,0.04999999981283006,0.65954018452759,0.00011356370064658847
456,0.5303357761256172,0.9999999996477884,0.04999999998238942,0.6524496335811574,0.0
457,0.5166079197642681,0.9999999993003186,0.04999999996501593,0.6545088120353597,0.00037207319093411807
458,0.5061574091618575,0.9999999988201405,0.049999999941007026,0.6560763886257214,0.0003024112675728869
459,0.535991238826059,0.9999999997345412,0.049999999986727064,0.6516013141760911,9.891249240387378e-05
460,0.5291630081919565,0.9999999996265176,0.049999999981325885,0.6526255487712065,0.0
461,0.496582956929922,0.9999999980956933,0.04999999990478467,0.6575125564605117,0.0
462,0.5034056039904055,0.999999998646105,0.04999999993230525,0.6564891594014391,0.0
463,0.5045992559739744,0.9999999987245449,0.04999999993622725,0.6563101116039038,0.0
464,0.5118052415684937,0.9999999991104114,0.04999999995552057,0.655229213764726,0.0
465,0.5181714400718436,0.9999999993529334,0.049999999967646674,0.6542742839892235,3.746909660062323e-05
466,0.5081930108891827,0.9999999989343176,0.04999999994671588,0.6557710483666226,0.0
467,0.5035426099927532,0.9999999986553478,0.049999999932767394,0.656468608501087,3.630278534292958e-05
468,0.4734104792862198,0.9999999939337425,0.04999999969668713,0.660988428107067,0.0004199368620770122
469,0.4943396823259313,0.9999999978696597,0.049999999893482985,0.6578490476511103,0.00010744148663515432
470,0.4922526014366955,0.9999999976353364,0.04999999988176682,0.6581621097844956,0.00021169211539107737
471,0.4972327209148522,0.9999999981565666,0.04999999990782833,0.6574150918627721,0.00012330154929232447
472,0.4860271102834104,0.9999999967718465,0.049999999838592324,0.6590959334574884,0.0
473,0.4926020401135505,0.9999999976762928,0.04999999988381464,0.6581096939829674,0.00013453887420999827
474,0.4782297083416087,0.9999999952326986,0.04999999976163493,0.6602655437487587,0.0001499290318463068
475,0.5007900225778328,0.9999999984569443,0.04999999992284722,0.6568814966133251,0.0003406840645138629
476,0.47629226033776445,0.9999999947477696,0.04999999973738848,0.6605561609493353,0.00024083046424326014
477,0.5325554747944324,0.9999999996847875,0.049999999984239374,0.6521166787808351,0.00014558993607154044
478,0.4926859832746491,0.9999999976860254,0.049999999884301274,0.6580971025088026,4.9965591250626265e-05
479,0.5285177046990315,0.9999999996142708,0.04999999998071354,0.6527223442951453,0.00029082229079025336
480,0.49804948861610954,0.9999999982303329,0.04999999991151665,0.6572925767075836,0.0
481,0.5022342238779081,0.9999999985644406,0.04999999992822203,0.6566648664183138,7.162034305762341e-05
482,0.5299003887649003,0.9999999996400368,0.049999999982001844,0.6525149416852649,0.0
483,0.49681790946028886,0.9999999981179335,0.04999999990589668,0.6574773135809566,1.7792858135554964e-05
484,0.5369649104949212,0.9999999997471554,0.04999999998735777,0.6514552634257618,0.0
485,0.48571591313916745,0.9999999967212241,0.04999999983606121,0.6591426130291249,1.9920622712453134e-05
486,0.5100980477752445,0.9999999990311415,0.04999999995155707,0.6554852928337133,5.7936899864662794e-05
487,0.5130445920994448,0.9999999991638637,0.04999999995819319,0.6550433111850833,0.00024114746056491315
488,0.5027221979581541,0.9999999985990424,0.049999999929952126,0.6565916703062769,0.0
489,0.4891425937378074,0.9999999972374998,0.04999999986187499,0.6586286109393289,0.0001630048544779112
490,0.5292477535420741,0.9999999996280968,0.04999999998140484,0.6526128369686889,0.00014303714829893354
491,0.4930744158931267,0.9999999977305329,0.04999999988652665,0.658038837616031,7.07755837126446e-05
492,0.5019354113195937,0.9999999985428314,0.049999999927141575,0.6567096883020609,0.0001630317243920682
493,0.471780061986247,0.9999999934184995,0.04999999967092498,0.6612329907020629,0.00028012132658807823
494,0.49937506640089985,0.9999999983438221,0.04999999991719111,0.657093740039865,0.000199324968521077
495,0.4665281997873363,0.9999999914420915,0.049999999572104575,0.6620207700318995,0.0006279064331763445
496,0.5242303938801219,0.9999999995220523,0.04999999997610262,0.6533654409179817,0.00038412433653488477
497,0.5118890282078619,0.9999999991141304,0.049999999955706524,0.6552166457688207,0.0006288760239798151
498,0.5289278643855193,0.9999999996221007,0.04999999998110504,0.6526608203421721,0.00034103909708028
499,0.4991821326937529,0.9999999983277681,0.049999999916388406,0.6571226800959371,0.0
500,0.5055125527194594,0.9999999987814785,0.049999999939073926,0.656173117092081,0.0
501,0.5064180542169248,0.9999999988354169,0.049999999941770845,0.6560372918674613,0.00020035589053800804
502,0.49312600785907484,0.9999999977363796,0.04999999988681898,0.6580310988211387,0.0005877912728924058
503,0.4941605771521159,0.9999999978504963,0.04999999989252482,0.6578759134271825,0.00023126773490762397
504,0.49179456833985014,0.9999999975805569,0.04999999987902785,0.6582308147490225,0.00032249210629756663
505,0.49892268028104414,0.9999999983059336,0.04999999991529668,0.6571615979578433,0.0
506,0.4991839663693003,0.9999999983279213,0.049999999916396067,0.657122405044605,0.0002871430750202537
507,0.4955802095617111,0.9999999979977825,0.049999999899889125,0.6576629685657434,0.0004922831460693958
508,0.4864280615532151,0.9999999968359186,0.04999999984179593,0.6590357907670177,0.0003132161476313194
509,0.4902581969910952,0.9999999973873737,0.049999999869368685,0.6584612704513357,0.00041445245791367106
510,0.4884297545200041,0.9999999971372631,0.04999999985686315,0.6587355368219994,0.00027952338506728145
511,0.4827692962084761,0.99999999620076,0.049999999810038,0.6595846055687286,7.52550459073521e-05
512,0.4932468839311269,0.9999999977500194,0.04999999988750097,0.658012967410331,0.00011772465680824309
513,0.4968571014287491,0.9999999981216181,0.04999999990608091,0.6574714347856876,0.0
514,0.49396676723817734,0.9999999978295653,0.04999999989147827,0.6579049849142734,0.0001286664104059016
515,0.4813251670820154,0.9999999959162835,0.04999999979581418,0.6598012249376977,0.0004817997424535624
516,0.48939304490484364,0.9999999972718776,0.04999999986359388,0.6585910432642734,0.00026295123076052406
517,0.47286122607711784,0.9999999937648383,0.04999999968824192,0.6610708160884323,0.0001713780237400854
518,0.4750819502433551,0.9999999944201141,0.04999999972100571,0.6607377074634967,0.00028652261328445826
519,0.48287568096891303,0.9999999962209154,0.049999999811045776,0.6595686478546631,0.00022418553799220423
520,0.47510659557979895,0.9999999944269857,0.04999999972134929,0.6607340106630302,0.0
521,0.47649282287762457,0.9999999948001765,0.04999999974000883,0.6605260765683563,0.0
522,0.4856180389591715,0.9999999967051394,0.04999999983525697,0.6591572941561242,0.0
523,0.4749702662191974,0.9999999943888678,0.04999999971944339,0.6607544600671204,0.00010090112371090867
524,0.4780146688972137,0.999999995181164,0.0499999997590582,0.6602977996654179,0.00011675687563757474
525,0.47299633969575344,0.9999999938068189,0.04999999969034095,0.661050549045637,0.0
526,0.4760093524611717,0.9999999946729468,0.04999999973364734,0.6605985971308242,0.0
527,0.47631863922188616,0.9999999947546925,0.04999999973773463,0.6605522041167171,0.0
528,0.4695897390760433,0.9999999926567693,0.049999999632838465,0.6615615391385935,0.00018592991430892478
529,0.4654849800785097,0.9999999909838554,0.04999999954919277,0.6621772529882235,0.00030093428644713195
530,0.47173310738413704,0.9999999934030299,0.0499999996701515,0.6612400338923794,0.0
531,0.46164923802100216,0.9999999890777288,0.049999999453886446,0.6627526142968496,0.00032004108821729173
532,0.4715884780982149,0.9999999933551513,0.04999999966775757,0.6612617282852677,0.00035988977797984543
533,0.4669740530754556,0.9999999916307593,0.04999999958153797,0.6619538920386816,0.0
534,0.4679113514164253,0.9999999920139341,0.049999999600696704,0.6618132972875361,0.0003381759550548612
535,0.4555398861884462,0.9999999851756438,0.04999999925878219,0.6636690170717331,0.0005416576310205894
536,0.46974293913177834,0.9999999927128036,0.04999999963564018,0.6615385591302332,2.0721292000709115e-05
537,0.4590456062005756,0.9999999875591487,0.04999999937795743,0.6631431590699136,0.0
538,0.45813926993853016,0.9999999869823994,0.04999999934911997,0.6632791095092204,0.000305792831067083
539,0.45023797967929896,0.9999999806756331,0.04999999903378166,0.6644643030481051,0.00029446240976152555
540,0.45593097502500424,0.99999998546271,0.049999999273135504,0.6636103537462493,0.00040836295936547796
541,0.4519668913775806,0.9999999822759716,0.049999999113798585,0.6642049662933629,0.00016440312244251278
542,0.4610171212776088,0.9999999887270082,0.04999999943635042,0.6628474318083587,4.733990994975708e-05
543,0.4533069554038887,0.9999999834246267,0.04999999917123134,0.6640039566894167,0.000268131045909154
544,0.45045610466444264,0.9999999808852443,0.04999999904426222,0.6644315843003336,0.0
545,0.4587460789992048,0.9999999873714279,0.0499999993685714,0.6631880881501193,0.0
546,0.4446149260485714,0.9999999744018646,0.04999999872009323,0.6653077610927143,0.0
547,0.44478040391778245,0.9999999746127872,0.049999998730639365,0.6652829394123326,0.0
548,0.44618889098098125,0.9999999763391624,0.04999999881695812,0.6650716663528528,0.00015903170048195726
549,0.4541715983261306,0.9999999841259468,0.049999999206297344,0.6638742602510804,0.0001478546562368791
550,0.4439272760326429,0.9999999735064313,0.049999998675321566,0.6654109085951035,0.0
551,0.4461904907762299,0.9999999763410549,0.04999999881705275,0.6650714263835655,0.000353139325062057
552,0.44226480305404864,0.9999999712100706,0.04999999856050353,0.6656602795418927,0.0005188133065798012
553,0.4386232136334445,0.9999999654604473,0.04999999827302237,0.6662065179549833,0.00031418627239069555
554,0.4418558750470874,0.9999999706153611,0.04999999853076806,0.6657216187429369,0.0004818556548497043
555,0.4432327734694969,0.999999972570279,0.04999999862851395,0.6655150839795755,0.0
556,0.4343401962421797,0.999999957212073,0.049999997860603655,0.666848970563673,0.0
557,0.44008939873028213,0.999999967901931,0.049999998395096557,0.6659865901904577,0.00010083626809830038
558,0.4273243045407233,0.9999999392327769,0.04999999696163884,0.6679013543188915,0.0
559,0.4329952624434195,0.9999999542357753,0.049999997711788764,0.6670507106334871,0.00039844673533518093
560,0.4412106863875311,0.9999999696519735,0.04999999848259867,0.6658183970418703,0.0002603437182848177
561,0.43471231856473463,0.9999999580008296,0.04999999790004148,0.6667931522152898,0.0002104178432860283
562,0.43798536130833576,0.9999999643411367,0.049999998217056835,0.6663021958037496,0.00025496017881608264
563,0.43932088641997036,0.9999999666445398,0.04999999833222699,0.6661018670370045,0.00011441703405804733
564,0.436035468957955,0.9999999606894729,0.04999999803447365,0.6665946796563067,0.0005529710379165401
565,0.43342846885667724,0.9999999552163843,0.04999999776081922,0.6669857296714984,0.0006491772897036078
566,0.434161218781234,0.999999956827451,0.04999999784137255,0.6668758171828149,0.001174670231546308
567,0.4302808635669907,0.9999999475834381,0.04999999737917191,0.6674578704649514,0.000528161487787213
568,0.42687701082764584,0.999999937858426,0.049999996892921304,0.6679684483758531,0.000457295943654735
569,0.4312063824649372,0.9999999499537958,0.049999997497689797,0.6673190426302594,0.0002931525191009463
570,0.4286933151239896,0.9999999432531571,0.04999999716265786,0.6676960027314015,0.0001139828904850441
571,0.4264121363973058,0.999999936397107,0.049999996819855355,0.6680381795404041,0.0
572,0.43214107203513435,0.9999999522388673,0.04999999761194337,0.6671788391947299,0.0
573,0.4251941812042377,0.999999932403466,0.0499999966201733,0.6682208728193644,0.0002807166546010212
574,0.4342158345599364,0.9999999569451853,0.04999999784725927,0.6668676248160095,0.0
575,0.4149815843313422,0.9999998873611697,0.04999999436805849,0.6697527623502987,0.0002754716756646729
576,0.42545744262251745,0.9999999332874134,0.049999996664370674,0.6681813836066224,0.00034367231211086005
577,0.4196526682850855,0.9999999108221818,0.049999995541109093,0.6690520997572371,0.0006681409000878915
578,0.42324000453035604,0.9999999254652443,0.049999996273262216,0.6685139993204465,0.0005999210789512594
579,0.4153808722545392,0.9999998895876367,0.04999999447938184,0.6696928691618191,0.0003930341759961008
580,0.4233138773231285,0.9999999257400412,0.04999999628700206,0.6685029184015308,0.00017553014503625034
581,0.42148378346232596,0.9999999186243098,0.04999999593121549,0.6687774324806511,0.00011122340316327466
582,0.4168434551843943,0.9999998973738294,0.04999999486869147,0.6694734817223408,0.0005474509321810529
583,0.41006371876441244,0.9999998559616253,0.04999999279808127,0.6704904421853382,0.000724495064608114
584,0.4122812923292321,0.9999998710788354,0.049999993553941774,0.6701578061506152,0.000500055507172003
585,0.407545017791481,0.9999998366304546,0.04999999183152273,0.6708682473312778,0.0005080348014232027
586,0.4102561961706782,0.9999998573411827,0.04999999286705914,0.6704615705743983,0.00040472946636854447
587,0.40120452381734295,0.9999997756876676,0.04999998878438339,0.6718193214273985,0.0003296300538118132
588,0.4021604561219239,0.9999997861568468,0.049999989307842344,0.6716759315817113,0.0002430797301819964
589,0.3999012069408652,0.9999997605833713,0.049999988029168566,0.6720148189588702,0.0
590,0.4105068921764355,0.9999998591182216,0.049999992955911086,0.6704239661735346,0.0
591,0.4059565701656999,0.9999998231260818,0.049999991156304095,0.671106514475145,0.0
592,0.3962945547125215,0.9999997132709152,0.049999985663545764,0.6725558167931217,0.0
593,0.401400900680195,0.999999777879377,0.04999998889396885,0.6717898648979708,8.81273013041544e-06
594,0.4080425157669984,0.9999998406441281,0.049999992032206404,0.6707936226349502,0.0
595,0.3997322502458437,0.9999997585522525,0.04999998792761263,0.6720401624631234,0.0
596,0.393306642766916,0.9999996670696312,0.04999998335348156,0.6730040035849626,0.00018606181963622725
597,0.39514604046817053,0.9999996963233423,0.04999998481616712,0.6727280939297744,0.0
598,0.3982898048705277,0.9999997404951652,0.04999998702475826,0.6722565292694208,0.0
599,0.40206704897747875,0.9999997851557874,0.04999998925778937,0.6716899426533781,0.0
600,0.3915976971514069,0.9999996373708753,0.049999981868543764,0.673260345427289,0.0
601,0.3841736612539577,0.9999994743780392,0.04999997371890196,0.6743739508119063,0.00021005551506321737
602,0.3948342506479514,0.9999996915520849,0.049999984577604246,0.6727748624028073,8.92762787891282e-05
603,0.39078285266438917,0.9999996222914652,0.049999981114573266,0.6733825721003416,1.277207770357941e-05
604,0.3830600020817488,0.9999994442796627,0.04999997221398314,0.6745409996877376,0.0
605,0.38256858295735763,0.9999994304559552,0.04999997152279776,0.6746147125563964,0.00037376099438320403
606,0.38650254672235246,0.9999995321545375,0.04999997660772688,0.6740246179916471,0.00040243447186926015
607,0.37998354250622285,0.9999993518720935,0.04999996759360468,0.6750024686240665,0.0
608,0.38040023841212023,0.9999993652359965,0.04999996826179983,0.6749399642381819,0.0
609,0.3880083799937467,0.9999995660859802,0.04999997830429901,0.673798743000938,7.193036756724725e-05
610,0.38921885607016565,0.999999591569149,0.04999997957845745,0.6736171715894751,0.0
611,0.3858354944885584,0.9999995162875449,0.04999997581437725,0.6741246758267162,0.0
612,0.37831641047726783,0.9999992955308019,0.0499999647765401,0.6752525384284098,0.0
613,0.38330079508062376,0.9999994509302218,0.04999997254651109,0.6745048807379064,0.0
614,0.37388052180271125,0.99999912060087,0.04999995603004351,0.6759179217295933,9.571144011167598e-05
615,0.3828295537044919,0.9999994378393913,0.049999971891969565,0.6745755669443262,0.00039944259151381006
616,0.3761697764209594,0.9999992157120534,0.049999960785602676,0.675574533536856,0.00030300281014510744
617,0.3885943156638844,0.9999995786138508,0.049999978930692544,0.6737108526504173,0.00026201588467326985
618,0.38041069998255034,0.999999365567941,0.049999968278397054,0.6749383950026174,0.0
619,0.37906018599899977,0.9999993212479725,0.04999996606239863,0.67514097210015,0.0
620,0.3760841272550932,0.9999992123461738,0.04999996061730869,0.675587380911736,0.0002371121235794377
621,0.3805244667466081,0.9999993691665581,0.04999996845832791,0.6749213299880088,0.0001045779424556698
622,0.3694980653564141,0.9999989051622319,0.0499999452581116,0.6765752901965378,0.0
623,0.3688585532728414,0.999998869588457,0.049999943479422854,0.6766712170090737,0.0
624,0.3657752397892606,0.9999986811670065,0.04999993405835033,0.6771337140316109,0.0001186509446260264
625,0.37172933858663937,0.9999990207392714,0.04999995103696357,0.6762405992120041,8.810239589550559e-05
626,0.3642446079230013,0.9999985762720647,0.04999992881360324,0.6773633088115498,0.00041840665986900565
627,0.3675323557717009,0.9999987920900386,0.049999939604501935,0.6768701466342448,0.0004143752622363066
628,0.3679110468378964,0.9999988147460792,0.04999994073730396,0.6768133429743155,0.00013684818708355868
629,0.3718966420039015,0.9999990288967797,0.049999951444838986,0.6762155036994147,0.00011076717918206936
630,0.35368653163927494,0.9999975862499819,0.0499998793124991,0.6789470202541087,0.0
631,0.35652735674717767,0.9999979058649033,0.04999989529324517,0.6785208964879234,0.0006667477861568538
632,0.36695042674743444,0.9999987564278839,0.0499999378213942,0.6769574359878848,0.0002954407813006209
633,0.37085680154388406,0.9999989770716372,0.04999994885358186,0.6763714797684174,3.8327284048669054e-05
634,0.36128183457269325,0.9999983489405411,0.04999991744702706,0.677807724814096,0.0001426381093314241
635,0.35889814121200514,0.9999981399532213,0.04999990699766107,0.6781652788181992,0.00017692675525489199
636,0.35605041982806035,0.9999978553262951,0.04999989276631476,0.678592437025791,0.00015512630955199575
637,0.36144349082150706,0.9999983622319348,0.04999991811159674,0.6777834763767739,0.0
638,0.3553561223879881,0.9999977795670083,0.04999988897835042,0.6786965816418018,0.00017045546666559781
639,0.3495376679760178,0.9999970298151528,0.04999985149075764,0.6795693498035973,0.0007151905912148515
640,0.35890317728675597,0.999998140421528,0.0499999070210764,0.6781645234069866,0.0005366649638163715
641,0.3474606316303012,0.9999967047709458,0.04999983523854729,0.6798809052554547,0.0001642277123804124
642,0.3524582161693353,0.9999974333612003,0.04999987166806002,0.6791312675745996,0.0002848671759517749
643,0.3498881227249196,0.9999970814074312,0.04999985407037156,0.679516781591262,2.8310829541096545e-05
644,0.34387769682428343,0.999996058261873,0.04999980291309365,0.6804183454763575,0.000243185940251097
645,0.348263275802901,0.9999968343968626,0.04999984171984313,0.6797605086295648,0.0
646,0.34478955520190135,0.9999962339412439,0.0499998116970622,0.6802815667197147,0.0
647,0.3503204693920169,0.9999971438223864,0.049999857191119323,0.6794519295911975,0.0007364605128300424
648,0.3509712904970108,0.9999972352692056,0.04999986176346028,0.6793543064254484,0.0007918011902717469
649,0.34657311236251936,0.9999965552494413,0.04999982776247207,0.680014033145622,0.0008829729269681845
650,0.3469022606856776,0.9999966114769936,0.049999830573849685,0.6799646608971484,0.0006894514092706247
651,0.34403191197703775,0.999996088538663,0.04999980442693315,0.6803952132034443,0.0004735213745271985
652,0.33128539671377444,0.9999926018251782,0.04999963009125891,0.6823071904929339,0.00033449895076965075
653,0.3354858656914677,0.9999940032882539,0.0499997001644127,0.6816771201462798,0.000351335212740594
654,0.3388495844944688,0.9999949315945319,0.0499997465797266,0.6811725623258297,0.00024256589843168946
655,0.33646259108214666,0.9999942891076327,0.049999714455381636,0.681530611337678,0.000316656938759153
656,0.3402207050254146,0.9999952674196888,0.04999976337098444,0.6809668942461877,0.0
657,0.332237368642587,0.9999929457161434,0.04999964728580717,0.6821643947036119,0.0
658,0.34101020532845416,0.9999954505982439,0.049999772529912195,0.6808484692007318,0.0001257318253340185
659,0.33039004753049217,0.9999922631049986,0.04999961315524993,0.6824414928704261,0.00023641483411531274
660,0.32511091303529943,0.9999899260303746,0.04999949630151873,0.683233363044705,1.9162056073790146e-05
661,0.33312523629229956,0.9999932520281346,0.04999966260140673,0.682031214556155,0.0
662,0.3274019337079572,0.9999910163623044,0.04999955081811522,0.6828897099438064,0.00015115384764806075
663,0.3280252226578966,0.9999912920124204,0.04999956460062102,0.6827962166013155,0.0
664,0.3358601395110393,0.9999941144646988,0.04999970572323494,0.6816209790733441,0.0
665,0.3291390013888455,0.9999917636914488,0.049999588184572445,0.6826291497916731,0.0
666,0.32818842639085277,0.9999913627814737,0.04999956813907369,0.6827717360413721,0.0
667,0.3274656812520302,0.9999910449507048,0.049999552247535245,0.6828801478121954,0.0001895530775629487
668,0.3171476915672595,0.9999849990883102,0.049999249954415514,0.684427846264911,0.0
669,0.3199212627173705,0.9999869415639755,0.04999934707819878,0.6840118105923944,0.0
670,0.3186170796851557,0.9999860616694946,0.04999930308347473,0.6842074380472266,0.00021815681098807032
671,0.32502379271776555,0.9999898820527329,0.04999949410263665,0.6832464310923352,0.00011780638980739845
672,0.31896692073112265,0.9999863033562006,0.04999931516781003,0.6841549618903315,0.00033988760260689037
673,0.32040813420360625,0.9999872556109107,0.049999362780545537,0.6839387798694591,0.0002046236755536148
674,0.3182955231864532,0.9999858357634583,0.04999929178817292,0.684255671522032,0.00018161295849763366
675,0.3135704977882231,0.9999820611683417,0.04999910305841709,0.6849644253317665,0.000747398024391377
676,0.3228655397407781,0.9999887291212222,0.049999436456061114,0.6835701690388832,0.0006237156902964027
677,0.32234423012697355,0.9999884314815383,0.04999942157407691,0.683648365480954,0.00024395447061873542
678,0.31954482553596747,0.9999866934555975,0.04999933467277988,0.6840682761696049,0.00014626053701757947
679,0.32004378760921703,0.9999870213175659,0.0499993510658783,0.6839934318586174,0.00029966293053545714
680,0.30851675612276297,0.9999769042260296,0.04999884521130148,0.6857224865815855,8.593787392482267e-05
681,0.3134909892123619,0.9999819897131397,0.049999099485656985,0.6849763516181457,0.0
682,0.31511335313600725,0.9999833929667733,0.04999916964833867,0.6847329970295989,0.0
683,0.3151993167869674,0.9999834641924732,0.04999917320962366,0.6847201024819549,0.0
684,0.3001377865634766,0.9999648864844185,0.049998244324220925,0.6869793320154784,5.6726348431492865e-05
685,0.3010458231327907,0.99996644500127,0.0499983222500635,0.6868431265300814,0.00010998087133599365
686,0.3102115785739185,0.9999787807155991,0.049998939035779955,0.6854682632139122,0.0
687,0.2996891947289886,0.9999640900322234,0.049998204501611174,0.6870466207906517,0.000150900309600835
688,0.2985414128619458,0.9999619689898644,0.049998098449493225,0.6872187880707081,0.0003573752296504102
689,0.29890126758490776,0.9999626471271676,0.04999813235635839,0.6871648098622638,0.00010582627270295787
690,0.30616256156083976,0.9999740192339014,0.04999870096169507,0.6860756157658741,0.00025121135806137785
691,0.302024872804367,0.9999680479939752,0.049998402399698764,0.6866962690793449,0.00037448174605322107
692,0.2966649429067609,0.9999582281929306,0.04999791140964653,0.6875002585639859,0.0003456341063599735
693,0.2974137686807222,0.9999597632045647,0.04999798816022824,0.6873879346978916,0.0003345844423998368
694,0.30187790869422587,0.9999678123468947,0.049998390617344735,0.6867183136958661,0.0006487248455591234
695,0.29093521789043114,0.9999443715904723,0.04999721857952362,0.6883597173164353,0.0003877192906606506
696,0.29257241910733284,0.9999487437098564,0.04999743718549282,0.6881141371339,0.0
697,0.283927999885019,0.9999210328776172,0.049996051643880865,0.6894108000172471,0.0002812999286981467
698,0.2957799572439814,0.9999563383984306,0.04999781691992153,0.6876330064134027,0.0
699,0.2933825133297964,0.999950778246578,0.0499975389123289,0.6879926230005305,0.0
700,0.2806359629683959,0.9999069051086259,0.0499953452554313,0.6899046055547406,0.0
701,0.2878326900758688,0.9999350374409381,0.04999675187204691,0.6888250964886197,0.00010792480723759713
702,0.2749975225310807,0.9998765901396421,0.04999382950698211,0.6907503716203379,6.751940800906287e-05
703,0.28433429572812013,0.999922620770696,0.049996131038534807,0.689349855640782,0.00013182283578986456
704,0.2883663145216468,0.9999367476944976,0.04999683738472488,0.6887450528217529,0.00031676962028175353
705,0.27621893828224087,0.99988390050516,0.049994195025258,0.6905671592576639,0.0003606436827617098
706,0.27638360506547055,0.9998848523577699,0.0499942426178885,0.6905424592401794,9.949283164811755e-05
707,0.28490428898092185,0.9999247947606414,0.04999623973803208,0.6892643566528617,0.0
708,0.2770166656156011,0.9998884396488253,0.04999442198244127,0.6904475001576598,0.0
709,0.279090459105844,0.999899426678939,0.04999497133394695,0.6901364311341234,0.0
710,0.2827726289000536,0.9999163371153065,0.049995816855765325,0.689584105664992,0.0
711,0.2868450399372591,0.9999317491213556,0.04999658745606778,0.6889732440094111,0.00011500204928684703
712,0.2748333774062261,0.9998755732420602,0.049993778662103014,0.6907749933890661,0.0
713,0.2800737093309592,0.9999042510810254,0.049995212554051274,0.6899889436003561,0.0
714,0.2862855615234592,0.9999298130572944,0.049996490652864725,0.6890571657714811,0.00018029151539580515
715,0.276471401259821,0.9998853566683356,0.04999426783341678,0.6905292898110268,0.0008638284767946149
716,0.27341565485791075,0.9998664341999947,0.04999332170999973,0.6909876517713134,0.0006220699614974509
717,0.2681292162145412,0.9998260312364381,0.04999130156182191,0.6917806175678188,0.0005952931800052942
718,0.27612826783136624,0.9998833730321162,0.04999416865160581,0.6905807598252951,0.0005067644782247966
719,0.2695420426446594,0.9998378946703044,0.04999189473351522,0.6915686936033011,0.0002966352993257558
720,0.27447595932086866,0.9998733299196504,0.049993666495982525,0.6908286061018697,0.0
721,0.27636404516205626,0.9998847397018322,0.04999423698509162,0.6905453932256915,0.00027908121290831054
722,0.2648401685229293,0.9997949411416294,0.04998974705708147,0.6922739747215606,6.390695332559497e-05
723,0.2670154731395018,0.9998160704222934,0.04999080352111467,0.6919476790290747,0.0
724,0.2663339595074682,0.999809696101421,0.04999048480507105,0.6920499060738797,0.0003392568091946279
725,0.26711390382585903,0.9998169732488751,0.04999084866244376,0.6919329144261211,0.0
726,0.26407135851835384,0.9997869068239796,0.04998934534119898,0.6923892962222469,1.6515587975671576e-05
727,0.25574964786839977,0.9996769829541637,0.04998384914770819,0.69363755281974,0.00027646867326571156
728,0.26047908898646693,0.9997449904318652,0.04998724952159326,0.6929281366520299,0.00014999929874426815
729,0.26030141283558267,0.9997427154686006,0.04998713577343003,0.6929547880746626,2.6982213214774023e-05
730,0.2590233889987118,0.9997257426736064,0.04998628713368032,0.6931464916501932,0.0
731,0.25328307452334825,0.999634600467147,0.04998173002335735,0.6940075388214977,7.660866511685326e-05
732,0.25274734288614925,0.9996246841165237,0.04998123420582619,0.6940878985670775,0.0
733,0.2590703044906901,0.999726385089671,0.049986319254483554,0.6931394543263965,0.0
734,0.24370702619496132,0.9994103262602045,0.04997051631301023,0.6954439460707558,0.0003527911285564101
735,0.25640050587527524,0.9996873224281437,0.04998436612140719,0.6935399241187087,0.0004692140753158956
736,0.2516549136534188,0.9996036219535254,0.04998018109767627,0.6942517629519872,0.0003612208411114892
737,0.2514122986443286,0.9995987862484735,0.04997993931242368,0.6942881552033506,0.0
738,0.24299744184732397,0.9993890425471759,0.049969452127358795,0.6955503837229013,0.00012907654425621415
739,0.24839950206964287,0.9995335882004706,0.04997667941002353,0.6947400746895536,0.0002914286737263961
740,0.2462051207643841,0.9994795291339993,0.049973976456699966,0.6950692318853423,0.0
741,0.2540132577796439,0.999647695695834,0.0499823847847917,0.6938980113330534,0.0
742,0.25676778689415547,0.9996930103061716,0.049984650515308586,0.6934848319658766,0.00018242219498750735
743,0.24557549027467576,0.9994628922145503,0.04997314461072752,0.6951636764587986,0.0
744,0.255776201057396,0.9996774113879828,0.049983870569399146,0.6936335698413906,0.0004893448460464769
745,0.24750288294228573,0.9995122131610457,0.04997561065805228,0.6948745675586571,0.000417930916810337
746,0.2421970216010605,0.9993641114023623,0.049968205570118114,0.6956704467598409,3.537068528277856e-05
747,0.2456568702461052,0.9994650720983025,0.04997325360491513,0.6951514694630841,0.00011282277614254745
748,0.24084587557297873,0.9993196983884743,0.04996598491942372,0.6958731186640532,0.0005116441703082894
749,0.24302019885577775,0.999389736906017,0.04996948684530085,0.6955469701716334,0.0005405535514344821
750,0.2447336324082723,0.9994398141550013,0.04997199070775007,0.6952899551387591,0.0006468471027140984
751,0.23417626671661484,0.9990506785655889,0.04995253392827945,0.6968735599925078,2.1736360754390184e-05
752,0.23396335153410455,0.9990405280809834,0.04995202640404917,0.6969054972698843,0.00011062002655401696
753,0.24097950456914918,0.9993242255769477,0.049966211278847386,0.6958530743146276,0.0
754,0.23024555121809867,0.9988447441963757,0.04994223720981879,0.6974631673172852,0.0
755,0.2259367415986824,0.9985674091602004,0.04992837045801002,0.6981094887601976,0.0
756,0.22854195500567445,0.9987421563156744,0.04993710781578373,0.6977187067491488,0.0
757,0.23081057627512486,0.9988768887646293,0.049943844438231466,0.6973784135587312,8.524375730129013e-06
758,0.2314360456777053,0.9989114311701693,0.04994557155850847,0.6972845931483442,0.0
759,0.23243305544359696,0.9989643116462359,0.0499482155823118,0.6971350416834604,0.0004887955352127438
760,0.2319105633645958,0.9989369273167539,0.0499468463658377,0.6972134154953106,0.0006098152101342497
761,0.22753017481880164,0.998676972548148,0.04993384862740741,0.6978704737771797,0.0005026828228294098
762,0.23138115992907576,0.998908442986928,0.049945422149346407,0.6972928260106386,0.00046951916509514486
763,0.21465730340847752,0.9974847512850383,0.04987423756425192,0.6998014044887283,0.0001734583899720899
764,0.22348864118077266,0.9983811709501232,0.04991905854750617,0.6984767038228841,7.795664662786278e-05
765,0.21789178397158424,0.9978595345168969,0.04989297672584485,0.6993162324042623,0.00024317440079110508
766,0.22013190095636298,0.9980859061923564,0.04990429530961782,0.6989802148565455,0.000552036976553051
767,0.22617704310805462,0.9985844946354276,0.04992922473177139,0.6980734435337917,0.0007899478991060628
768,0.21476196202905207,0.9974978461821985,0.04987489230910993,0.6997857056956421,0.00022970503898375933
769,0.2219624733251067,0.9982530295530581,0.049912651477652906,0.698705629001234,0.00016412831533276759
770,0.21322593740976326,0.9972986452713624,0.04986493226356812,0.7000161093885355,0.0002050262918111932
771,0.21779732626804796,0.99784942322631,0.0498924711613155,0.6993304010597928,0.00024131165213397938
772,0.2097713395464851,0.9967909527239585,0.049839547636197926,0.7005342990680272,0.0
773,0.21646589882663872,0.9977017236791939,0.0498850861839597,0.6995301151760042,0.0
774,0.2223433024483291,0.9982859232300895,0.04991429616150447,0.6986485046327506,0.00037721193561346845
775,0.21476499909095148,0.9974982251626506,0.04987491125813254,0.6997852501363573,0.00032648142849876603
776,0.20731506119639062,0.9963731345577642,0.04981865672788821,0.7009027408205414,0.0002902205970314175
777,0.20899966467651304,0.9966651369666174,0.04983325684833087,0.700650050298523,5.834718702591929e-05
778,0.21029430065031876,0.9968735165786619,0.04984367582893309,0.7004558549024522,0.00019556578061433714
779,0.20950072740714604,0.9967473794749915,0.049837368973749574,0.7005748908889281,0.00013979934109429308
780,0.2078965585525708,0.9964767007742094,0.04982383503871047,0.7008155162171144,9.630179773115336e-05
781,0.2014833264026306,0.9951512139275673,0.04975756069637837,0.7017775010396053,4.497755708867392e-05
782,0.20887699211848032,0.9966446881412976,0.049832234407064885,0.700668451182228,0.0004432041807776707
783,0.19569291142569414,0.9935335822004896,0.049676679110024484,0.7026460632861459,0.0003287245303020899
784,0.20090747317506993,0.9950102819161959,0.0497505140958098,0.7018638790237395,0.0003149849981002059
785,0.2021154077819061,0.9953013503127837,0.04976506751563919,0.701682688832714,0.0004972258625880781
786,0.20394434583845156,0.9957102049220917,0.049785510246104586,0.7014083481242323,0.00036164744880726174
787,0.19504292589160865,0.993321402666794,0.04966607013333971,0.7027435611162587,0.00028876579637115936
788,0.20117317570022925,0.9950758083040967,0.049753790415204835,0.7018240236449655,5.924511398301777e-05
789,0.2058652842783748,0.9961015268632816,0.049805076343164084,0.7011202073582438,0.00010560415753132405
790,0.19282568661484661,0.9925442372833307,0.04962721186416654,0.703076147007773,0.0
791,0.19842283059176988,0.9943539751818403,0.049717698759092016,0.7022365754112345,0.0002828793410414706
792,0.19316723799438715,0.9926695571025759,0.049633477855128796,0.7030249143008419,5.626389090304033e-07
793,0.19998042303491886,0.9947747888062788,0.04973873944031394,0.7020029365447622,5.1854571485744586e-05
794,0.18408479086734084,0.9885045227591446,0.04942522613795723,0.7043872813698988,7.65622258019701e-05
795,0.18820297409900286,0.990623692468027,0.04953118462340135,0.7037695538851495,5.173704411825992e-05
796,0.18365076484056772,0.9882552913164098,0.04941276456582049,0.7044523852739148,7.692916192779216e-05
797,0.18036046379127668,0.9861841032867278,0.049309205164336394,0.7049459304313085,0.0
798,0.19379957826523067,0.9928960775427594,0.049644803877137975,0.7029300632602153,0.0
799,0.18820549853262244,0.9906248647919276,0.04953124323959638,0.7037691752201066,0.00023857270725764656
800,0.18725657316492833,0.9901738045016341,0.049508690225081704,0.7039115140252608,4.136832208503127e-05
801,0.1882707200654342,0.9906551027934752,0.04953275513967376,0.7037593919901849,0.0
802,0.1752320549865806,0.9822175839490996,0.049110879197454986,0.7057151917520129,0.0002421824168387053
803,0.18443513184326196,0.9887018809156503,0.049435094045782516,0.7043347302235107,0.00011186455699150598
804,0.17737589624036607,0.9839961837925324,0.049199809189626624,0.7053936155639451,0.00023931941443096672
805,0.1745449250414852,0.9816074583117621,0.04908037291558811,0.7058182612437772,0.0003811700572439147
806,0.17170425950645532,0.9788598205181575,0.04894299102590788,0.7062443610740317,5.960928418531728e-06
807,0.17373342549261847,0.9808604115667413,0.049043020578337065,0.7059399861761072,0.00035328703976878617
808,0.168032348917936,0.974707202414618,0.0487353601207309,0.7067951476623096,6.651555999136896e-05
809,0.17330813889863952,0.9804571019650175,0.04902285509825088,0.7060037791652041,0.00033071671068651045
810,0.17055316662238718,0.9776354193251895,0.04888177096625948,0.7064170250066419,0.00021585203982365725
811,0.17715550938923205,0.9838217258825395,0.049191086294126975,0.7054266735916151,0.0002200182114500764
812,0.1841858988990521,0.9885618273213119,0.0494280913660656,0.7043721151651422,0.0002182440629410276
813,0.16600863132100926,0.9720891377854464,0.04860445688927232,0.7070987053018486,0.0002394095021428143
814,0.1751977042364734,0.9821875602334869,0.049109378011674344,0.705720344364529,0.00010664272851515879
815,0.16635936533461707,0.9725610220777918,0.0486280511038896,0.7070460951998074,0.0
816,0.16692718826433284,0.9733085904929326,0.048665429524646635,0.7069609217603501,0.0
817,0.1663536590686017,0.9725534071574523,0.04862767035787262,0.7070469511397097,7.58019025066463e-05
818,0.16619722393989278,0.9723438453297688,0.048617192266488446,0.707070416409016,0.00020686699463107698
819,0.16821188501799175,0.9749275677001681,0.04874637838500841,0.7067682172473012,0.0002461440772761773
820,0.1582283829881205,0.9593563176675751,0.047967815883378756,0.7082657425517819,0.00019160517904392684
821,0.16955903173874998,0.9765224154271854,0.048826120771359276,0.7065661452391875,0.0
822,0.1559907758069003,0.9547626106027987,0.047738130530139936,0.708601383628965,0.00025627440574765056
823,0.16465142761179707,0.9701877833773952,0.048509389168869765,0.7073022858582304,0.0
824,0.1544646792405973,0.9513501731994789,0.047567508659973945,0.7088302981139104,0.00015921982688603398
825,0.16434276042610116,0.9697381434854531,0.048486907174272655,0.7073485859360849,0.00015623187719663676
826,0.15855317863140564,0.9599848331320211,0.047999241656601056,0.7082170232052891,5.55131673308264e-05
827,0.1557021637151782,0.9541352325409548,0.04770676162704774,0.7086446754427232,0.00016377035356290957
828,0.16735089243249035,0.9738534765312102,0.04869267382656051,0.7068973661351264,3.537928050462917e-05
829,0.1542568050620765,0.95086685797088,0.047543342898544005,0.7088614792406885,0.0
830,0.15135900652193984,0.9436381532072701,0.04718190766036351,0.709296149021709,8.365697222752331e-05
831,0.15425428913732703,0.950860980553509,0.04754304902767545,0.7088618566294009,4.3846252936108934e-05
832,0.15546350254030042,0.9536101885836767,0.04768050942918384,0.7086804746189549,0.00025129166427776057
833,0.15360054152637553,0.9493109779874492,0.04746554889937246,0.7089599187710437,0.0
834,0.15522660572547525,0.953083374544556,0.0476541687272278,0.7087160091411787,0.0
835,0.1524146311226605,0.946380482541993,0.04731902412709965,0.7091378053316009,0.0
836,0.1418747612708661,0.912435206792166,0.045621760339608304,0.7107187858093701,0.0
837,0.14490364356125376,0.9238033818319664,0.04619016909159832,0.7102644534658119,0.0
838,0.14545100628278654,0.9257076381392507,0.04628538190696254,0.710182349057582,0.0006816308000208775
839,0.14947338673498117,0.9384089540296692,0.04692044770148346,0.7095789919897528,0.0004643059055150771
840,0.1375223384258557,0.893415810512176,0.0446707905256088,0.7113716492361216,0.00032041613301357267
841,0.14292071330898262,0.9165245032150406,0.045826225160752035,0.7105618930036526,0.0
842,0.14403274820731704,0.9206811090422881,0.046034055452114406,0.7103950877689024,0.0003454836356970417
843,0.133335892893334,0.8717805683677461,0.043589028418387306,0.7119996160659998,0.00012464860812362453
844,0.1394601713212692,0.9022967440554134,0.04511483720277067,0.7110809743018096,0.00025510102847235694
845,0.13905345010109077,0.9004892461335551,0.045024462306677754,0.7111419824848364,0.0001893093855539201
846,0.13578478943892303,0.8848558034622364,0.04424279017311182,0.7116322815841615,1.4304631307014739e-05
847,0.1355472477966455,0.8836401525426728,0.044182007627133646,0.7116679128305031,0.00035479064583964024
848,0.13217273561668633,0.8651379746170144,0.04325689873085072,0.7121740896574971,0.00021341677745157915
849,0.12827999819656705,0.8407742129026327,0.042038710645131636,0.712758000270515,3.1368971713222326e-05
850,0.1327653287353644,0.868557744406109,0.04342788722030545,0.7120852006896953,4.8499355864690625e-05
851,0.1328435928407427,0.869003852260571,0.04345019261302855,0.7120734610738886,0.0001226196867767787
852,0.12607431159752377,0.8254497293057017,0.041272486465285085,0.7130888532603714,0.00014162272905700763
853,0.13045035135273234,0.8547704758654578,0.04273852379327289,0.7124324472970901,0.00016292929241340086
854,0.12451635514513988,0.8139400463994985,0.040697002319974925,0.713322546728229,0.0005258006396263425
855,0.1341087584126731,0.8760383821108321,0.043801919105541605,0.7118836862380991,8.885455571892956e-05
856,0.14159132845248476,0.9112962946124291,0.04556481473062146,0.7107613007321273,0.00021945068365728564
857,0.12376946815938066,0.8082181385939294,0.040410906929696476,0.7134345797760929,0.0001971252144483827
858,0.13338750196278026,0.8720687328016608,0.04360343664008304,0.7119918747055829,0.0
859,0.1188850253342479,0.7675005375218302,0.03837502687609151,0.7141672461998628,0.00014062795185063796
860,0.12128695031164198,0.7882397431947853,0.039411987159739266,0.7138069574532537,2.8008347072893395e-05
861,0.10651724206219554,0.6401147215706247,0.03200573607853124,0.7160224136906707,0.0001904263589729879
862,0.1175003459914643,0.7549181875919961,0.03774590937959981,0.7143749481012803,1.7645552589200727e-05
863,0.12264692827957499,0.7993675802509179,0.0399683790125459,0.7136029607580637,0.00034961124919072464
864,0.11401768344389131,0.7212929574254286,0.036064647871271435,0.7148973474834163,0.00013728364881279796
865,0.12072920399400264,0.7835474386342957,0.039177371931714784,0.7138906194008996,0.0
866,0.11825360070927993,0.7618193501341134,0.038090967506705674,0.714261959893608,0.00010540430294006906
867,0.11793237110805622,0.7588927404093133,0.03794463702046567,0.7143101443337916,0.0
868,0.11527948333016158,0.7337971794231387,0.03668985897115694,0.7147080775004757,0.0
869,0.11108693967708407,0.6909035744015181,0.034545178720075904,0.7153369590484374,0.0
870,0.11535315503590313,0.7345161068816641,0.03672580534408321,0.7146970267446145,0.00020087766011862303
871,0.11493847965461544,0.7304533672571821,0.036522668362859105,0.7147592280518077,9.078861407102938e-05
872,0.10304601253830721,0.5992402847372396,0.02996201423686198,0.7165430981192539,0.0001683628805755377
873,0.11141612268525666,0.6944074332379886,0.03472037166189943,0.7152875815972115,9.194975869889266e-05
874,0.09989408388817635,0.5608725963389206,0.028043629816946032,0.7170158874167735,0.00017064958212446103
875,0.11348794376165884,0.7159372152412536,0.035796860762062684,0.7149768084357512,9.394596970793383e-05
876,0.09938351131571793,0.5545755913012911,0.027728779565064556,0.7170924733026423,6.618402160698861e-05
877,0.10365793822283485,0.6065652114788475,0.030328260573942376,0.7164513092665747,0.0
878,0.10586510128530933,0.6325693032285565,0.03162846516142783,0.7161202348072035,4.3867836245651575e-05
879,0.10068782434182053,0.5706224589085588,0.02853112294542794,0.7168968263487269,0.0
880,0.10604272754557251,0.634631104683294,0.0317315552341647,0.716093590868164,4.1696353611152683e-05
881,0.09889447821638442,0.548527737378223,0.027426386868911152,0.7171658282675423,0.00023252756098828445
882,0.09562917181957692,0.5078639992094627,0.025393199960473137,0.7176556242270634,0.00021079522181155334
883,0.10028302889215528,0.5656565336103817,0.028282826680519086,0.7169575456661766,6.894164969716997e-05
884,0.09690525106559875,0.5237976441641216,0.02618988220820608,0.7174642123401601,0.0001309597023219728
885,0.09619836791895572,0.5149751189313265,0.025748755946566327,0.7175702448121566,0.0
886,0.10093956060409855,0.5737036055121748,0.028685180275608742,0.7168590659093852,0.0001260848743691649
887,0.08739700075669626,0.0,0.0,0.7188904498864955,9.064121205913123e-05
888,0.09485403197428657,0.0,0.0,0.717771895203857,6.505971456325732e-05
889,0.09160503985120774,0.0,0.0,0.7182592440223188,4.672974139851305e-05
890,0.09916668744060554,0.5518960241450651,0.02759480120725326,0.7171249968839092,0.0
891,0.09219898291083901,0.0,0.0,0.7181701525633741,0.0
892,0.08542421202951522,0.0,0.0,0.7191863681955727,0.0
893,0.08895979588387894,0.0,0.0,0.7186560306174181,0.0
894,0.0893800278148079,0.0,0.0,0.7185929958277788,0.0
895,0.08885136201500433,0.0,0.0,0.7186722956977494,0.0
896,0.08306465618335888,0.0,0.0,0.7195403015724962,0.0
897,0.0832049201759741,0.0,0.0,0.7195192619736038,0.0
898,0.0784,0.0,0.0,0.72024,0.0
899,0.08387176841181204,0.0,0.0,0.7194192347382282,0.0
900,0.09831030930141421,0.5412846585682709,0.027064232928413548,0.7172534536047879,6.936157232494644e-05
901,0.09683980085009194,0.5229813069381224,0.02614906534690612,0.7174740298724862,0.00018019372040746945
902,0.10029452378453803,0.5657977368350287,0.028289886841751433,0.7169558214323193,0.00029157335486079683
903,0.10148975261050538,0.5804175310786094,0.029020876553930472,0.7167765371084241,0.0002710437101907682
904,0.09934788566421729,0.5541355335354117,0.027706776676770586,0.7170978171503674,2.2785367160324137e-05
905,0.10212398515255401,0.5881200711460239,0.029406003557301198,0.7166814022271168,6.40510104599623e-05
906,0.09781993129312841,0.5351908608538277,0.02675954304269139,0.7173270103060307,0.0
907,0.09872774425282933,0.5464623716639511,0.027323118583197553,0.7171908383620755,0.00010805288637643021
908,0.10284406625735884,0.5968129893035633,0.029840649465178167,0.7165733900613962,0.0
909,0.0979147341211205,0.5363698271578471,0.026818491357892354,0.7173127898818319,0.0002393619015102521
910,0.10321322709677311,0.6012464487251964,0.030062322436259822,0.716518015935484,0.0005933021693942354
911,0.10490992501009652,0.6214003510864431,0.031070017554322156,0.7162635112484855,0.00045829578420082396
912,0.10192946656431186,0.5857621097614851,0.029288105488074256,0.7167105800153531,0.00042999127822687634
913,0.10086090615644484,0.5727415107066748,0.02863707553533374,0.7168708640765332,0.00042528693455647646
914,0.09890480499470117,0.5486556029526095,0.027432780147630478,0.7171642792507948,0.00019716993301461888
915,0.1033204830567424,0.6025314742198136,0.03012657371099068,0.7165019275414886,0.00019225910018270303
916,0.10190781689418897,0.5854994263412657,0.02927497131706329,0.7167138274658716,0.00032149331393973777
917,0.09744088368643525,0.530473231119985,0.02652366155599925,0.7173838674470346,0.0002523698941311386
918,0.09803383055285715,0.5378503307128215,0.02689251653564108,0.7172949254170714,0.00028678495791772095
919,0.1025023576475138,0.5926950579694902,0.02963475289847451,0.7166246463528729,0.000332316136793239
920,0.09995694430243177,0.5616465564246267,0.028082327821231337,0.7170064583546352,0.00012044564755135535
921,0.10621519808664355,0.6366283492428634,0.03183141746214317,0.7160677202870035,0.0
922,0.10059188435973394,0.5694467382663603,0.028472336913318016,0.7169112173460399,0.0
923,0.09857609322575667,0.5445824493776168,0.027229122468880842,0.7172135860161365,0.0
924,0.10470447013395931,0.6189805688314829,0.030949028441574145,0.7162943294799061,1.8174156447097738e-05
925,0.10216676514579288,0.5886381135721189,0.029431905678605947,0.716674985228131,0.0
926,0.10003476743281828,0.562604327045392,0.028130216352269602,0.7169947848850773,1.0008239896284845e-05
927,0.10048723813138401,0.5681634316788079,0.028408171583940395,0.7169269142802924,0.00027416272325887813
928,0.09933827755275453,0.5540168369609378,0.027700841848046893,0.7170992583670868,0.00021040910900484535
929,0.09966137972299778,0.5580049094926338,0.027900245474631692,0.7170507930415503,0.0003957027910635729
930,0.09952046982345521,0.5562665375707689,0.02781332687853845,0.7170719295264817,0.00039071492047151434
931,0.10380288374045862,0.6082933870914343,0.030414669354571718,0.7164295674389312,0.000547909192882286
932,0.09820893308820043,0.5400258345692752,0.02700129172846376,0.7172686600367699,0.00029562861044363567
933,0.1005043032532456,0.5683727690700946,0.02841863845350473,0.7169243545120131,0.00030562015464872616
934,0.09683685362118774,0.5229445442799302,0.02614722721399651,0.7174744719568218,0.0003562722717412447
935,0.10611067425221947,0.6354184990968118,0.031770924954840594,0.7160833988621671,0.00031793226562137265
936,0.10107817959391895,0.575397820184311,0.02876989100921555,0.7168382730609121,0.00010915536176420885
937,0.09484406909570253,0.0,0.0,0.7177733896356446,7.834881401040123e-05
938,0.094529628129239,0.0,0.0,0.7178205557806141,5.6240389217698175e-05
939,0.0975342726529189,0.5316360894884299,0.026581804474421496,0.7173698591020622,2.380493155926747e-05
940,0.10572028369286925,0.6308847293388347,0.03154423646694173,0.7161419574460696,1.9536480249219567e-05
941,0.10052632140124124,0.5686428290037391,0.028432141450186955,0.7169210517898138,2.033591690367375e-05
942,0.098487808298685,0.5434874478063209,0.027174372390316046,0.7172268287551973,0.00030341517108579567
943,0.10336593158876962,0.6030755645191455,0.030153778225957273,0.7164951102616846,0.00027633603145633094
944,0.10267052737021189,0.594723337804875,0.029736166890243748,0.7165994208944682,0.00029574904873227775
945,0.09880050782611058,0.5473639090157085,0.027368195450785428,0.7171799238260834,0.00016867141966971409
946,0.10054823362529317,0.568911549225706,0.0284455774612853,0.716917764956206,0.0
947,0.09726453090270029,0.5282764334898489,0.026413821674492445,0.717410320364595,6.760938862367543e-05
948,0.09587374407988541,0.510920064243263,0.02554600321216315,0.7176189383880172,0.00019193549799128402
949,0.09712351274488278,0.5265190010113747,0.026325950050568737,0.7174314730882676,7.993942744324899e-05
950,0.1044758235019822,0.6162806832667779,0.030814034163338895,0.7163286264747026,5.8362660104907985e-06
951,0.09705439279921836,0.5256573540343069,0.026282867701715347,0.7174418410801172,0.0002209593941232498
952,0.10383479534112183,0.6086735042410204,0.030433675212051023,0.7164247806988318,0.0006679399701662736
953,0.09383769355023026,0.0,0.0,0.7179243459674655,0.00047953036622715037
954,0.09490532244429566,0.0,0.0,0.7177642016333556,0.0003441897304739812
955,0.10363099016957769,0.6062436159841628,0.030312180799208138,0.7164553514745633,0.0003995012800999563
956,0.09912800494614146,0.5514176540772925,0.027570882703864624,0.7171307992580788,0.00023161076143541742
957,0.0988916545025964,0.5484927732003869,0.027424638660019346,0.7171662518246105,8.07151251704718e-05
958,0.10565631648722232,0.6301396184976187,0.03150698092488093,0.7161515525269166,0.0
959,0.10176824312664941,0.5838047652369714,0.029190238261848574,0.7167347635310025,0.0
960,0.09998661131460483,0.5620117234434668,0.028100586172173342,0.7170020083028092,0.0
961,0.10214831886625628,0.5884147631925862,0.02942073815962931,0.7166777521700616,0.00013698485887044697
962,0.09657224777496985,0.5196429822441899,0.025982149112209498,0.7175141628337545,8.457411341119753e-05
963,0.09847713106472163,0.5433549889266055,0.027167749446330276,0.7172284303402917,0.0
964,0.10063163985473081,0.5699340277873753,0.02849670138936877,0.7169052540217904,0.0
965,0.098282322887385,0.5409371934108096,0.02704685967054048,0.7172576515668923,0.0
966,0.10162511267775387,0.5820648605078298,0.029103243025391492,0.7167562330983369,0.0
967,0.09508765298071303,0.5010956605051615,0.025054783025258077,0.7177368520528931,0.0
968,0.10580335112508907,0.6318513947303782,0.03159256973651891,0.7161294973312367,0.0
969,0.09754823690050048,0.5318099399356206,0.026590496996781034,0.7173677644649249,0.0
970,0.09676977966088048,0.5221078217367079,0.026105391086835395,0.7174845330508679,0.0003020264414808844
971,0.10041711741762294,0.5673030079414647,0.028365150397073238,0.7169374323873565,0.0
972,0.10193969681419543,0.5858862201920633,0.029294311009603165,0.7167090454778706,0.00023664193998195973
973,0.09728003797384978,0.5284696476943399,0.026423482384716996,0.7174079943039225,0.0001921474507620218
974,0.09931104486017152,0.5536803766115235,0.027684018830576175,0.7171033432709742,0.0003789921289896917
975,0.09839102631113102,0.5422865740953923,0.027114328704769614,0.7172413460533303,0.0003271892603736213
976,0.09524462574778224,0.5030577837258836,0.025152889186294183,0.7177133061378327,0.00018260172225753566
977,0.09925469523841365,0.5529840202860068,0.02764920101430034,0.7171117957142379,0.0
978,0.09993610606741263,0.5613900216078529,0.028069501080392648,0.7170095840898881,6.140020779171657e-05
979,0.10042228977887054,0.5673664898908408,0.028368324494542043,0.7169366565331694,0.0
980,0.09819107089339102,0.5398039800401971,0.026990199002009857,0.7172713393659913,0.0
981,0.10097486204376199,0.5741352289831597,0.028706761449157986,0.7168537706934357,0.0
982,0.09917210477927846,0.551963010438346,0.0275981505219173,0.7171241842831082,0.0
983,0.10475643423617106,0.6195931492260685,0.030979657461303423,0.7162865348645743,0.0
984,0.09942409373259087,0.5550767721126197,0.02775383860563099,0.7170863859401113,0.0
985,0.10088161063461529,0.5729948198774407,0.028649740993872037,0.7168677584048077,0.0
986,0.10095242310501837,0.5738608857153903,0.028693044285769517,0.7168571365342472,0.0
987,0.0985257637135375,0.5439582625101651,0.027197913125508257,0.7172211354429694,9.540311346460278e-06
988,0.10143558153441538,0.579757765485254,0.028987888274262703,0.7167846627698377,0.00040141075292796894
989,0.10423288003421721,0.6134041065066788,0.03067020532533394,0.7163650679948674,0.0003620525134658938
990,0.10488773356915697,0.6211392758570442,0.03105696379285221,0.7162668399646265,0.00040572831717369123
991,0.09807508699158761,0.5383630406867593,0.026918152034337967,0.7172887369512618,8.50501790074052e-05
992,0.0981005104701611,0.5386789479050579,0.026933947395252896,0.7172849234294758,5.418731481040133e-05
993,0.09961869969288412,0.5574785241550806,0.02787392620775403,0.7170571950460674,0.00010385747874942566
994,0.10036780059168715,0.5666976169629088,0.02833488084814544,0.7169448299112469,0.0004969087256241581
995,0.09637403188749404,0.5171686462540674,0.025858432312703374,0.7175438952168759,0.0005557617183701668
996,0.09522477628572275,0.5028096739972148,0.02514048369986074,0.7177162835571416,0.0006124411189324028
997,0.10067577816225047,0.5704748794259987,0.028523743971299937,0.7168986332756624,0.00038040982997952197
998,0.09968349033247047,0.5582775549654159,0.027913877748270796,0.7170474764501295,0.00017292160305765428
999,0.1006758370604166,0.5704756010264241,0.02852378005132121,0.7168986244409374,0.00015184453997967829
1000,0.10306033044969826,0.5994121958152172,0.029970609790760862,0.7165409504325453,0.00014811394223767217
1001,0.09560744362623168,0.5075924616857393,0.02537962308428697,0.7176588834560652,3.069186753794625e-05
1002,0.10057561058851265,0.569247229160672,0.028462361458033603,0.716913658411723,0.0
1003,0.10417283126952179,0.6126918678047295,0.030634593390236477,0.7163740753095718,0.0004212951094606896
1004,0.09865748124684902,0.5455915268576598,0.02727957634288299,0.7172013778129727,0.0005208101282791029
1005,0.0992141307954922,0.552482604878614,0.027624130243930702,0.7171178803806761,0.00033027239576416303
1006,0.10297381648556068,0.5983730759780079,0.029918653798900397,0.7165539275271658,5.336402001418115e-05
1007,0.09853826626491242,0.5441133321840298,0.02720566660920149,0.7172192600602632,0.00030019693689229207
1008,0.09614917971398997,0.5143607955864502,0.02571803977932251,0.7175776230429015,0.00022307721715839106
1009,0.10400457045618236,0.6106935659206902,0.030534678296034512,0.7163993144315726,3.2946800013128775e-05
1010,0.09347461599815132,0.0,0.0,0.7179788076002773,2.3655104187671e-05
1011,0.10409503383068458,0.6117683954349072,0.030588419771745364,0.7163857449253973,0.00014305622007652332
1012,0.1018836331461081,0.585205938527432,0.0292602969263716,0.7167174550280837,0.0002832108026409475
1013,0.09687062497237639,0.5233657807996016,0.026168289039980083,0.7174694062541435,3.0163834455422853e-05
1014,0.09805115526832008,0.5380656415726354,0.02690328207863177,0.717292326709752,0.0
1015,0.09348642112296773,0.0,0.0,0.7179770368315548,0.0
1016,0.09974108969092912,0.5589876461169431,0.027949382305847155,0.7170388365463606,5.0416851182128056e-05
1017,0.10252490050086188,0.5929671303501707,0.029648356517508537,0.7166212649248707,0.00015714354912154733
1018,0.0990758526988475,0.5507725587997855,0.027538627939989277,0.7171386220951729,0.0002697383820603468
1019,0.09448022558617514,0.0,0.0,0.7178279661620737,0.00019362575419022712
1020,0.09948147793705035,0.5557852586143168,0.027789262930715843,0.7170777783094424,2.1421325500869826e-05
1021,0.10131499615518404,0.5782880999583294,0.028914404997916473,0.7168027505767224,9.602260899195094e-05
1022,0.1000357489560839,0.5626164037048124,0.02813082018524062,0.7169946376565874,0.0
1023,0.09729115198552382,0.5286081202390795,0.02643040601195398,0.7174063272021713,0.00012521766769073747
1024,0.09428010855049561,0.0,0.0,0.7178579837174256,8.988850245427143e-05
1025,0.10215838392994424,0.5885366370474632,0.02942683185237316,0.7166762424105083,8.49833499669455e-05
1026,0.09985441271528028,0.5603839978653796,0.02801919989326898,0.7170218380927079,0.0003260996713488915
1027,0.09779754631578981,0.5349124237733581,0.02674562118866791,0.7173303680526315,0.0001753671003441028
1028,0.1021595940656784,0.588551289368909,0.029427564468445452,0.7166760608901482,0.00016027285655298928
1029,0.10220173977257732,0.5890614913896172,0.02945307456948086,0.7166697390341134,0.00023968107221470259
1030,0.09609387039050572,0.5136699723764783,0.025683498618823915,0.7175859194414241,0.00025331901339869465
1031,0.10198760339945945,0.5864672636850808,0.029323363184254044,0.716701859490081,7.895743523816373e-05
1032,0.10569646048482144,0.6306073015641046,0.03153036507820523,0.7161455309272767,0.0001751197642577071
1033,0.10423780013882146,0.6134624424383408,0.030673122121917043,0.7163643299791768,0.00018150982889856497
1034,0.09934854566486208,0.554143686817163,0.02770718434085815,0.7170977181502707,0.00021602165347428128
1035,0.09601352387483297,0.5126663378742541,0.025633316893712704,0.717597971418775,0.00013701638063683274
1036,0.09919700973362265,0.5522709400415424,0.027613547002077122,0.7171204485399566,0.00010381632795140165
1037,0.10638505853594679,0.638590774041979,0.03192953870209895,0.7160422412196079,0.0
1038,0.1047126325757721,0.6190768171494525,0.030953840857472627,0.7162931051136342,0.0
1039,0.09451245509000433,0.0,0.0,0.7178231317364994,0.0
1040,0.10676038031564601,0.6429104869516011,0.03214552434758006,0.715985942952653,6.817967340540833e-05
1041,0.09788178831939785,0.5359601591616273,0.026798007958081366,0.7173177317520903,0.00020214052767217038
1042,0.10114088373723028,0.5761636171995658,0.02880818085997829,0.7168288674394154,0.0002369399777300278
1043,0.09806550780645873,0.5382440035829978,0.026912200179149894,0.7172901738290312,9.985808201952663e-05
1044,0.09846097572559352,0.543154558502434,0.0271577279251217,0.7172308536411609,6.565926815458517e-05
1045,0.10077048649685497,0.5716348248996527,0.028581741244982636,0.7168844270254717,0.00023037122937035178
1046,0.10031343584286356,0.5660300292553114,0.028301501462765572,0.7169529846235705,4.381920783672527e-05
1047,0.09615832758919493,0.5144750489446072,0.02572375244723036,0.7175762508616207,0.0
1048,0.09997376909262871,0.5618536585888977,0.028092682929444886,0.7170039346361057,0.0
1049,0.09784787394361999,0.5355383966371026,0.02677691983185513,0.717322818908457,0.0001295372219152861
1050,0.09913535599823226,0.5515085687827922,0.027575428439139613,0.7171296966002652,0.0003653478447757729
1051,0.09939863711468204,0.5547624034628168,0.02773812017314084,0.7170902044327977,0.00014420642376004558
1052,0.09666133203281563,0.5207547177154067,0.02603773588577034,0.7175008001950777,0.0
1053,0.09930141376435994,0.5535613724799344,0.027678068623996722,0.7171047879353459,0.0001271369381028363
1054,0.10347242933666502,0.6043495094833626,0.030217475474168132,0.7164791355995003,8.35688667800747e-05
1055,0.10134038626113849,0.5785976646426979,0.028929883232134898,0.7167989420608292,0.0
1056,0.09769003863627292,0.5335748819203645,0.026678744096018225,0.717346494204559,0.00018008021629930174
1057,0.0996313560567927,0.5576346323279692,0.02788173161639846,0.717055296591481,0.000428973865583201
1058,0.09955072457875186,0.5566399009497262,0.02783199504748631,0.7170673913131872,0.00021203628444871423
1059,0.09938467468144772,0.5545899600733347,0.02772949800366674,0.7170922987977828,0.0002866714434407166
1060,0.09619425286007875,0.5149237266781563,0.02574618633390782,0.7175708620709882,0.00029249111663099444
1061,0.09919819928437631,0.552285646872664,0.027614282343633202,0.7171202701073435,0.00019870498882346784
1062,0.10088310162730636,0.5730130599681901,0.028650652998409507,0.716867534755904,5.169474299266628e-06
1063,0.0969813363816038,0.5247464691085736,0.02623732345542868,0.7174527995427594,0.0001523561517838654
1064,0.09351936913061847,0.0,0.0,0.7179720946304072,0.0001093874654260901
1065,0.1028764773002642,0.5972028770468149,0.029860143852340745,0.7165685284049603,4.67921938787768e-05
1066,0.1012172058969636,0.5770952354443464,0.02885476177221732,0.7168174191154554,0.0
1067,0.10339307257708075,0.6034003633215517,0.030170018166077586,0.7164910391134378,0.0
1068,0.10577568712477997,0.6315295827289648,0.03157647913644824,0.716133646931283,5.2432318216702346e-05
1069,0.105073941089315,0.6233277585655859,0.031166387928279294,0.7162389088366027,0.0
1070,0.10010166195090385,0.5634272264537038,0.02817136132268519,0.7169847507073644,0.00021610378100867547
1071,0.10200304760503451,0.5866545302436413,0.029332726512182068,0.7166995428592448,5.920608449046736e-05
1072,0.09926676272986308,0.5531331652992492,0.02765665826496246,0.7171099855905205,0.0
1073,0.10061175266011646,0.5696902841079388,0.028484514205396938,0.7169082371009825,7.407353125912752e-05
1074,0.10101930666088409,0.5746784835225427,0.028733924176127135,0.7168471040008674,0.00013164718370724002
1075,0.10192261009415725,0.5856789229542829,0.029283946147714148,0.7167116084858763,0.0
1076,0.09896382696636406,0.5493862858157307,0.027469314290786535,0.7171554259550453,0.00011764351942874428
1077,0.10172574151655651,0.5832883282795271,0.02916441641397636,0.7167411387725166,0.0
1078,0.09762276300668601,0.5327376346814986,0.02663688173407493,0.7173565855489971,0.0001582150941369515
1079,0.09542586274797694,0.5053230832284237,0.025266154161421184,0.7176861205878035,0.00024040435739829385
1080,0.09940376798887873,0.5548257691454307,0.027741288457271536,0.7170894348016682,0.00022640501987919827
1081,0.10275560017860909,0.5957481676069093,0.029787408380345465,0.7165866599732086,0.0002505301814302961
1082,0.09766356923345126,0.5332454917083566,0.02666227458541783,0.7173504646149823,6.992711556518464e-05
1083,0.09668237962077576,0.5210173534830532,0.026050867674152663,0.7174976430568836,2.602545330210492e-05
1084,0.10452846905073246,0.6169029702527803,0.030845148512639017,0.7163207296423901,0.0002658434075160329
1085,0.09838892979962163,0.5422605550305224,0.02711302775152612,0.7172416605300568,0.00023122213651831548
1086,0.09938725546591798,0.5546218351095219,0.027731091755476098,0.7170919116801123,0.00015519986294456207
1087,0.10274583034561295,0.5956305175446117,0.029781525877230586,0.7165881254481581,0.0003383889152663485
1088,0.10061505592406012,0.5697307722871167,0.028486538614355836,0.7169077416113909,0.00026329863773566796
1089,0.10442338027534807,0.6156604089241655,0.030783020446208276,0.7163364929586977,9.064382923227449e-07
1090,0.09947161534094953,0.5556635074337516,0.02778317537168758,0.7170792576988575,0.0
1091,0.09875515083591752,0.5468019740765765,0.027340098703828825,0.7171867273746123,0.0001391866566087123
1092,0.1025549464833669,0.5933296702273013,0.02966648351136507,0.7166167580274949,0.00030501618266634144
1093,0.10356018704290366,0.6053982200578505,0.030269911002892527,0.7164659719435644,0.00020129808072262315
1094,0.09916733156152983,0.5519039889060686,0.027595199445303434,0.7171249002657705,6.913407202294645e-05
1095,0.09515639727006285,0.501954955913623,0.025097747795681153,0.7177265404094906,0.00024988953454909096
1096,0.09726174927492047,0.5282417742098067,0.026412088710490333,0.717410737608762,0.00015701823045877284
1097,0.09562974674101171,0.5078711839480445,0.02539355919740223,0.7176555379888482,0.00015535109781515644
1098,0.09864822579907208,0.5454767932546087,0.027273839662730438,0.7172027661301391,0.0
1099,0.09980837843011015,0.5598168833028739,0.027990844165143698,0.7170287432354835,7.844106388927755e-05
1100,0.09789459001407903,0.5361193489608256,0.02680596744804128,0.7173158114978881,4.087861604054761e-05
1101,0.10401681278491737,0.6108390848625407,0.030541954243127035,0.7163974780822624,0.0
1102,0.09915310700149954,0.5517280914851024,0.02758640457425512,0.7171270339497751,0.00014378192328714986
1103,0.10322093008991809,0.6013387844289191,0.030066939221445956,0.7165168604865123,0.0001549892489666438
1104,0.09800604772887743,0.537505017461937,0.02687525087309685,0.7172990928406684,0.0
1105,0.09904318477475359,0.550368386974674,0.027518419348733704,0.717143522283787,0.0
1106,0.10364431346666747,0.6064026264648332,0.030320131323241663,0.7164533529799999,0.0
1107,0.0962507310357977,0.5156290447473035,0.02578145223736518,0.7175623903446303,2.030633761678537e-05
1108,0.0947806631275933,0.0,0.0,0.717782900530861,1.4575541913735135e-05
1109,0.09660352745221291,0.5200333626790644,0.026001668133953222,0.717509470882168,0.0
1110,0.10116736531179933,0.5764869233863325,0.028824346169316624,0.7168248952032301,0.00016651436179198665
1111,0.09706054887558081,0.5257341017549249,0.026286705087746245,0.7174409176686628,9.47220651183034e-05
1112,0.09955788323619454,0.5567282340993053,0.027836411704965265,0.7170663175145708,0.00016906310270373823
1113,0.1028384470643796,0.5967453809187087,0.029837269045935436,0.7165742329403431,0.00014558562297559559
1114,0.10078722290516792,0.5718397235246143,0.028591986176230717,0.7168819165642247,0.0001454276025717543
1115,0.0981678963264345,0.5395161205479615,0.026975806027398075,0.7172748155510348,0.00012926588460643397
1116,0.10500194811024526,0.6224822215857657,0.031124111079288287,0.7162497077834632,0.00046807653521988967
1117,0.10343220843544138,0.6038685453570326,0.03019342726785163,0.7164851687346838,0.0005978365734461361
1118,0.10370988611331829,0.6071848918519831,0.030359244592599158,0.7164435170830022,0.00041792914944239166
1119,0.10076439083838101,0.5715601915480755,0.028578009577403776,0.7168853413742429,0.00035123756592983025
1120,0.10093687750566986,0.573670795216691,0.02868353976083455,0.7168594683741495,0.0004920714823120299
1121,0.09847156483199435,0.5432859333145985,0.027164296665729927,0.7172292652752008,0.0002679405630776412
1122,0.10242004385907788,0.5917011213680399,0.029585056068401994,0.7166369934211383,0.00011764371792618425
1123,0.10218140404247772,0.5888153375927017,0.029440766879635084,0.7166727893936283,7.5125514352185785e-06
1124,0.10078634437776042,0.5718289685997034,0.028591448429985174,0.7168820483433359,0.0
1125,0.09707232686304984,0.5258809343737532,0.02629404671868766,0.7174391509705424,0.00011864798036557555
1126,0.10125363152405745,0.5775396681513784,0.028876983407568918,0.7168119552713914,0.0
1127,0.09651522486044356,0.5189312565398628,0.025946562826993144,0.7175227162709334,0.0002074401766279521
1128,0.10044788753957877,0.5676806263273297,0.02838403131636649,0.7169328168690632,0.0
1129,0.09684282893486988,0.523019077903646,0.0261509538951823,0.7174735756597694,0.0
1130,0.09526894684836128,0.5033617849450858,0.02516808924725429,0.7177096579727458,0.0003191133090246285
1131,0.10136549058127217,0.5789036841997288,0.028945184209986444,0.7167951764128091,0.0
1132,0.09732540136418864,0.5290348149375155,0.026451740746875774,0.7174011897953717,0.0
1133,0.09538916496325908,0.5048644085601226,0.02524322042800613,0.7176916252555111,0.0
1134,0.09984926149412827,0.5603205457406203,0.028016027287031016,0.7170226107758807,0.0
1135,0.10362074911841582,0.6061213760958776,0.03030606880479388,0.7164568876322376,0.00022570978935616752
1136,0.10098779592549016,0.5742933406674252,0.028714667033371263,0.7168518306111764,0.00024129141959898322
1137,0.10119983721115558,0.5768832743852856,0.028844163719264283,0.7168200244183266,0.00028215241596755264
1138,0.09685459830831358,0.5231658812622844,0.02615829406311422,0.717471810253753,0.00019268378877381818
1139,0.10093355449334872,0.5736301588289013,0.02868150794144507,0.7168599668259976,0.0
1140,0.0961519644040148,0.5143955754274893,0.025719778771374463,0.7175772053393977,0.0
1141,0.09550348998564569,0.5062932924567344,0.02531466462283672,0.7176744765021531,1.6066221707498387e-05
1142,0.10427025696841312,0.6138471898633576,0.030692359493167884,0.7163594614547381,0.0
1143,0.10133018104411048,0.5784732466265304,0.028923662331326525,0.7168004728433834,0.0001483360211532345
1144,0.10315605053714097,0.600560849150449,0.030028042457522455,0.7165265924194288,7.225536573226059e-05
1145,0.10700695668272515,0.6457358811620584,0.03228679405810292,0.7159489564975912,0.0
1146,0.09693816526725897,0.5242081235047259,0.026210406175236296,0.7174592752099112,0.0
1147,0.09814199319011858,0.5391943373384369,0.02695971686692185,0.7172787010214822,0.00021958111633483122
1148,0.09587210062776068,0.510899530872193,0.02554497654360965,0.7176191849058359,0.00022585995945073584
1149,0.10552435498672352,0.6286005308671497,0.03143002654335749,0.7161713467519915,8.472887451077218e-05
1150,0.1011602155375299,0.576399640220441,0.028819982011022052,0.7168259676693705,0.0
1151,0.10130240691511513,0.5781345848867685,0.028906729244338427,0.7168046389627327,0.0
1152,0.09993387733431924,0.5613625822316917,0.028068129111584586,0.7170099183998521,0.0
1153,0.09914130266293489,0.5515821121001856,0.027579105605009282,0.7171288046005597,0.0
1154,0.09414199309835337,0.0,0.0,0.717878701035247,0.0
1155,0.09770365748011056,0.5337443459798654,0.026687217298993274,0.7173444513779834,0.0
1156,0.10029130071372165,0.5657581457189241,0.02828790728594621,0.7169563048929417,0.0
1157,0.09958486654277576,0.5570611581615859,0.027853057908079293,0.7170622700185836,7.831234278171444e-05
1158,0.1037007816122903,0.607076310191956,0.0303538155095978,0.7164448827581564,0.0
1159,0.10315655474293418,0.6005668967688718,0.03002834483844359,0.7165265167885598,3.544625633863703e-05
1160,0.09802652750895527,0.5377595645449575,0.02688797822724788,0.7172960208736567,0.0
1161,0.09935143557166429,0.5541793867791303,0.027708969338956516,0.7170972846642504,6.010729201863159e-05
1162,0.1022242329659013,0.5893337082677845,0.02946668541338923,0.7166663650551148,0.0001328835730870206
1163,0.09890882841446783,0.5487054189662212,0.02743527094831106,0.7171636757378298,0.00020347150985916172
1164,0.10360712185914822,0.6059586969353996,0.030297934846769983,0.7164589317211277,0.0
1165,0.1007551248921988,0.5714467359424887,0.02857233679712444,0.7168867312661702,0.0
1166,0.10331893502337011,0.6025129373563285,0.030125646867816425,0.7165021597464944,0.0
1167,0.10276308601974336,0.595838305988046,0.0297919152994023,0.7165855370970384,0.0
1168,0.09917060965922322,0.5519445232186034,0.027597226160930174,0.7171244085511165,0.0
1169,0.09470610025185573,0.0,0.0,0.7177940849622216,0.0
1170,0.10208741260821334,0.5876770426351898,0.029383852131759494,0.716686888108768,0.0
1171,0.10582831648030841,0.6321417129773956,0.031607085648869784,0.7161257525279537,0.0
1172,0.10282558648033117,0.5965906325368403,0.029829531626842015,0.7165761620279503,0.0
1173,0.10130138011449581,0.5781220632603747,0.02890610316301874,0.7168047929828256,0.00014042390632778635
1174,0.1027079030941396,0.5951736867989886,0.029758684339949434,0.716593814535879,0.0
1175,0.10427434419570325,0.6138956303123319,0.030694781515616595,0.7163588483706445,0.0
1176,0.09465215039813553,0.0,0.0,0.7178021774402796,0.0
1177,0.10142697332155891,0.5796528971979059,0.028982644859895296,0.7167859540017661,0.0
1178,0.10168236979453618,0.5827611301033185,0.02913805650516593,0.7167476445308195,8.344034791011767e-05
1179,0.10242640984006475,0.5917780172781051,0.029588900863905254,0.7166360385239903,6.158663497604249e-05
1180,0.10102846279518636,0.5747903782426383,0.028739518912131917,0.716845730580722,0.00022233532754334617
1181,0.09564772863190861,0.5080959002749291,0.025404795013746456,0.7176528407052137,0.00014962837087809788
1182,0.09850227260375909,0.5436668782543004,0.02718334391271502,0.7172246591094361,0.00017447510361863093
1183,0.10147180174876613,0.5801989339361641,0.029009946696808203,0.716779229737685,0.0
1184,0.0999791903325579,0.5619203859195041,0.028096019295975206,0.7170031214501162,0.0
1185,0.0983292753179617,0.5415201082337782,0.02707600541168891,0.7172506087023057,0.00010877059591871905
1186,0.10099231029221359,0.5743485234733908,0.02871742617366954,0.7168511534561679,0.0
1187,0.10081992736241932,0.5722400428272717,0.028612002141363585,0.716877010895637,0.0
1188,0.10214781542272415,0.5884086669100598,0.02942043334550299,0.7166778276865914,0.0
1189,0.10175189176081632,0.5836061015407049,0.029180305077035246,0.7167372162358775,0.00020056382458303375
1190,0.10083510991044937,0.5724258528786978,0.028621292643934895,0.7168747335134326,0.000231954388061843
1191,0.09808386282502038,0.5384720909874863,0.026923604549374314,0.717287420576247,0.0003268559560409588
1192,0.09416996077358976,0.0,0.0,0.7178745058839615,0.00023464155793813312
1193,0.10339424261143915,0.6034143631873183,0.03017071815936592,0.7164908636082841,0.00025906590048834784
1194,0.10682790351442276,0.6436851997208307,0.03218425998604154,0.7159758144728365,0.00022739634418201163
1195,0.10324399828196207,0.6016152594863042,0.030080762974315212,0.7165134002577057,0.00010884413627034854
1196,0.10463350544937586,0.618143387856092,0.030907169392804603,0.7163049741825936,0.000217982902158782
1197,0.09741313895449087,0.5301276956316885,0.026506384781584427,0.7173880291568263,0.00018442325210117494
1198,0.0978090922107728,0.5350560409106035,0.02675280204553018,0.717328636168384,0.00018800708952221336
1199,0.10105232129460225,0.5750819106945151,0.028754095534725757,0.7168421518058097,0.0003475746760802415
1200,0.10067663342314584,0.570485357764027,0.02852426788820135,0.7168985049865281,0.0003150476667215836
1201,0.10547672643135789,0.6280443881499392,0.03140221940749696,0.7161784910352963,0.00021852590933474906
1202,0.08475761456198933,0.0,0.0,0.7192863578157016,0.00015718270541375588
1203,0.09373960405705954,0.0,0.0,0.7179390593914411,0.00011284760367735387
1204,0.1180135171780062,0.7596343436845954,0.03798171718422977,0.7142979724232991,4.855868714584921e-05
1205,0.12224045262832184,0.7960882316711682,0.03980441158355841,0.7136639321057517,0.0002053057025141921
1206,0.10431539873273124,0.6143820697132457,0.030719103485662286,0.7163526901900903,3.599775120852197e-05
1207,0.0919957233929311,0.0,0.0,0.7182006414910603,2.5853608010196072e-05
1208,0.10259950346917768,0.593867115060348,0.0296933557530174,0.7166100744796233,9.470228334233216e-05
1209,0.0984167075906233,0.5426052766355525,0.027130263831777624,0.7172374938614064,0.00012132892482125196
1210,0.0920110898018221,0.0,0.0,0.7181983365297266,8.713823197956341e-05
1211,0.0950676076422752,0.5008450947237,0.025042254736185002,0.7177398588536587,0.00019941953722398754
1212,0.09574364059212978,0.5092944366271656,0.02546472183135828,0.7176384539111805,0.00015412987751957304
1213,0.09275922340298255,0.0,0.0,0.7180861164895526,0.0001106785251830406
1214,0.11081655719625114,0.6880090604910365,0.03440045302455182,0.7153775164205624,0.00018533801049418216
1215,0.0835840833276127,0.0,0.0,0.7194623875008581,0.00013334372752480338
1216,0.1213787378921428,0.7890047791125142,0.039450238955625716,0.7137931893161785,0.00021779567245124005
1217,0.13459702065865753,0.8786652812370579,0.0439332640618529,0.7118104469012013,0.0
1218,0.11462172419372751,0.7273236909093627,0.03636618454546813,0.7148067413709408,0.00011959412265859444
1219,0.12835983632448725,0.841307894435015,0.04206539472175075,0.7127460245513269,0.0004848364043560546
1220,0.10207564067569498,0.5875344108196503,0.029376720540982518,0.7166886538986458,0.0003561375335068257
1221,0.10783593385291253,0.6551594924298157,0.03275797462149079,0.7158246099220631,0.00014862261974294295
1222,0.11926795142415107,0.770899557972524,0.0385449778986262,0.7141098072863773,0.0003808067303098601
1223,0.09602413383415946,0.5127988763611062,0.025639943818055313,0.717596379924876,0.0001945332929308254
1224,0.10015834888568913,0.5641242847444493,0.028206214237222468,0.7169762476671466,8.778125366552238e-05
1225,0.11406531725385059,0.7217714948615105,0.03608857474307552,0.7148902024119224,0.00023502485881086977
1226,0.09588616065879593,0.5110751963904568,0.025553759819522844,0.7176170759011806,0.0001530312751379221
1227,0.11091499324054696,0.6890645592699763,0.03445322796349882,0.7153627510139179,0.00032833921651649703
1228,0.10716597103871431,0.6475525811483457,0.032377629057417284,0.7159251043441929,0.00032798825316083396
1229,0.11353641337642367,0.7164298231985031,0.03582149115992516,0.7149695379935365,0.0005346503321850399
1230,0.12972871787378676,0.850233791678342,0.0425116895839171,0.7125406923189319,0.0003471797158626296
1231,0.10316551146774774,0.6006743217073828,0.03003371608536914,0.7165251732798378,0.000275582953137512
1232,0.12509520875783658,0.8182834055219123,0.04091417027609562,0.7132357186863245,5.3823360894215e-05
1233,0.1110664292150347,0.6906845251036229,0.03453422625518115,0.7153400356177447,0.0
1234,0.12874511469310412,0.8438629212732588,0.042193146063662944,0.7126882327960343,0.0003457328157019066
1235,0.12053412439903466,0.7818885805994654,0.039094429029973274,0.7139198813401447,0.00042335862438544003
1236,0.11515970786504626,0.7326257024174502,0.03663128512087251,0.7147260438202431,0.0002495630947859394
1237,0.11374899995100468,0.7185842811403779,0.0359292140570189,0.7149376500073493,0.00017000346910649996
1238,0.11324185046330582,0.7134281667941359,0.0356714083397068,0.7150137224305041,2.610073821203913e-05
1239,0.12106440476932633,0.7863764450429048,0.039318822252145245,0.713840339284601,0.0
1240,0.1117116760734914,0.6975342996145563,0.034876714980727815,0.7152432485889763,0.0
1241,0.12106279787127883,0.786362947710172,0.0393181473855086,0.7138405803193082,0.0
1242,0.1213782209336616,0.7890004760152209,0.03945002380076105,0.7137932668599507,0.00027097352052743033
1243,0.11031870009943258,0.68264089840534,0.034132044920267,0.715452194985085,0.00015586036292299324
1244,0.1132087799930099,0.7130899872586628,0.03565449936293314,0.7150186830010485,0.0
1245,0.1241272015917201,0.8109753270583993,0.040548766352919964,0.713380919761242,0.0
1246,0.11877215334681311,0.7664919541624893,0.038324597708124464,0.714184176997978,0.00030862186321401147
1247,0.11228920382390044,0.7035916730146984,0.03517958365073492,0.715156619426415,0.0005144750034706161
1248,0.11758769693085203,0.7557253568375653,0.03778626784187827,0.7143618454603722,0.0002093875598528414
1249,0.12951056650096832,0.8488395498839869,0.04244197749419935,0.7125734150248547,0.00015325846057660024
1250,0.11093858991995158,0.6893172877122674,0.03446586438561337,0.7153592115120072,3.704397274387452e-05
1251,0.10923961617028005,0.6708386982551674,0.03354193491275837,0.715614057574458,0.0001301485272759775
1252,0.12118355605820132,0.7873755400293517,0.03936877700146759,0.7138224665912698,0.0
1253,0.12000068118872523,0.7773057569704658,0.03886528784852329,0.7139998978216912,0.00013050192487813568
1254,0.12464912460101729,0.8149432931214801,0.040747164656074,0.7133026313098474,0.0001011170338648175
1255,0.12482668444066611,0.8162784475564283,0.040813922377821416,0.7132759973339,0.0004307485618452985
1256,0.11419174711925416,0.7230391793072652,0.036151958965363266,0.7148712379321118,0.00019682853856721873
1257,0.12167729351768565,0.7914791789706485,0.039573958948532426,0.7137484059723471,0.00013926783544292713
1258,0.10342779975192651,0.6038158137985772,0.03019079068992886,0.716485830037211,9.860446967231559e-05
1259,0.12457550229363902,0.8143874977248305,0.04071937488624153,0.7133136746559541,0.00031456227909462214
1260,0.11885565621401233,0.7672383982221094,0.03836191991110547,0.7141716515678981,0.00020023719092203296
1261,0.13878521929624021,0.8992809883005114,0.044964049415025575,0.711182217105564,0.00026282650931933803
1262,0.12919053694959762,0.8467749041086371,0.042338745205431856,0.7126214194575603,0.0005429550196244646
1263,0.11057755783578185,0.6854382235545629,0.03427191117772815,0.7154133663246327,0.0005716203309235662
1264,0.1259275862638056,0.8243901768334142,0.041219508841670714,0.7131108620604292,0.00014752140047012843
1265,0.12968478284897167,0.8499538502549481,0.042497692512747404,0.7125472825726542,0.0
1266,0.1338182804740094,0.8744525242064861,0.04372262621032431,0.7119272579288985,0.00010932733837166
1267,0.11270266155693698,0.7078847905437728,0.03539423952718864,0.7150946007664595,0.0
1268,0.11796485205568454,0.7591897747918194,0.03795948873959097,0.7143052721916473,0.0
1269,0.13554292047900834,0.8836179039055118,0.04418089519527559,0.7116685619281488,0.0
1270,0.11607587018563537,0.7415026914631856,0.03707513457315928,0.7145886194721547,0.00010402355014746035
1271,0.12738133390912199,0.8346663754848355,0.04173331877424177,0.7128927999136316,0.0
1272,0.12580379240044817,0.8234922887012165,0.041174614435060826,0.7131294311399328,3.5533858590028345e-05
1273,0.13116520775373464,0.8591514949202648,0.04295757474601324,0.7123252188369398,0.0
1274,0.11746615579346847,0.7546017618649956,0.037730088093249785,0.7143800766309797,0.0001634889854938156
1275,0.12511118357429624,0.8184021446338764,0.04092010723169382,0.7132333224638555,5.332498643089169e-05
1276,0.11542532086046116,0.7352191359258713,0.03676095679629356,0.7146862018709308,0.0
1277,0.11028768570044455,0.6823048517559565,0.03411524258779782,0.7154568471449333,0.0
1278,0.13867727371403157,0.8987910768202741,0.04493955384101371,0.7111984089428952,0.0001626434113595665
1279,0.1295044123925043,0.8488000636650105,0.04244000318325053,0.7125743381411244,6.77635443197646e-05
1280,0.13469893316107548,0.8792074917161703,0.043960374585808516,0.7117951600258386,6.089510067118793e-05
1281,0.13866736107862937,0.8987459824285967,0.04493729912142984,0.7111998958382055,0.0002951443584439853
1282,0.14074812343808724,0.9078286388971911,0.04539143194485956,0.7108877814842869,4.9719794856520436e-05
1283,0.12623875849337365,0.8266312567064314,0.04133156283532158,0.7130641862259939,9.973758581392533e-07
1284,0.12478845365017398,0.8159916045729614,0.040799580228648075,0.7132817319524739,0.00037817812015811687
1285,0.11655835377087527,0.7460997230039796,0.037304986150198984,0.7145162469343687,5.171626518410356e-05
1286,0.1371225517746335,0.8914973229733466,0.04457486614866733,0.711431617233805,0.00022247191746423904
1287,0.1175848826672095,0.755699379610324,0.0377849689805162,0.7143622675999185,0.0002766391551297175
1288,0.15003248550259338,0.9400050172653517,0.04700025086326759,0.7094951271746109,0.0005454949566332095
1289,0.12942994974540162,0.8483216216192656,0.042416081080963286,0.7125855075381897,3.395838342183134e-05
1290,0.14365590999617434,0.9192941808530314,0.04596470904265157,0.7104516135005738,0.00013259068069642206
1291,0.14730957211128753,0.931851137133524,0.0465925568566762,0.7099035641833068,0.0004654486728876791
1292,0.13210455050766684,0.8647397068645408,0.04323698534322704,0.7121843174238499,0.0001380869589942406
1293,0.13523845210173588,0.8820432027495223,0.044102160137476115,0.7117142321847396,9.02947988367733e-05
1294,0.12206236825150012,0.7946389828895377,0.03973194914447689,0.713690644762275,4.175937450540747e-05
1295,0.1387526235320921,0.8991332746439811,0.04495666373219906,0.7111871064701861,0.00015422201107915013
1296,0.12896576710304614,0.8453110520238142,0.04226555260119071,0.712655134934543,0.0
1297,0.1376734274885396,0.8941330407089434,0.04470665203544717,0.711348985876719,7.212219127953064e-05
1298,0.13827784258853545,0.8969598265968823,0.04484799132984412,0.7112583236117197,5.753224817230625e-06
1299,0.12977668966413478,0.8505389626611062,0.04252694813305531,0.7125334965503798,0.0
1300,0.13930115713064006,0.9015935853533884,0.045079679267669426,0.711104826430404,0.0
1301,0.13077886902193447,0.8567976916841913,0.042839884584209564,0.7123831696467098,9.988305525155967e-05
1302,0.13306149765762604,0.870239146030723,0.043511957301536154,0.712040775351356,0.00013682409706959898
1303,0.1330780287960708,0.8703324547371889,0.043516622736859446,0.7120382956805894,4.8935301691226835e-05
1304,0.13274622760958463,0.8684486718398025,0.04342243359199013,0.7120880658585623,0.0003327936592605507
1305,0.13667485862819456,0.8893130074006534,0.044465650370032674,0.7114987712057708,2.7793524812109863e-05
1306,0.1552549562205514,0.9531467191158097,0.04765733595579049,0.7087117565669173,0.0001444390118894734
1307,0.15486081069387406,0.9522587293000265,0.04761293646500133,0.7087708783959189,0.0004125578694287407
1308,0.1396456780824165,0.9031113874587922,0.04515556937293961,0.7110531482876375,0.0003332316171482487
1309,0.1424134898407529,0.9145635781151904,0.045728178905759524,0.710637976523887,0.0
1310,0.1490714909099352,0.9372372404837581,0.046861862024187906,0.7096392763635097,8.27547508549783e-05
1311,0.13645596002803756,0.8882310395634159,0.044411551978170795,0.7115316059957943,3.864334896772759e-05
1312,0.13365715858678773,0.873565412126383,0.04367827060631915,0.7119514262119818,0.00047310302536052396
1313,0.13729235599467335,0.8923158541484955,0.04461579270742477,0.7114061466007989,0.00040730302670561117
1314,0.14228101142478888,0.9140445812662573,0.045702229063312866,0.7106578482862816,0.0
1315,0.13755251328836593,0.8935593938145889,0.04467796969072945,0.7113671230067451,9.156993015967282e-06
1316,0.15100980860025137,0.9427023202615429,0.04713511601307715,0.7093485287099622,0.00018437156639529307
1317,0.1529275507299304,0.9476670748379679,0.04738335374189839,0.7090608673905104,0.00039818480020511386
1318,0.15832775835802418,0.9595496171716261,0.047977480858581306,0.7082508362462964,0.00014186034597485751
1319,0.14258574206589214,0.9152341436803094,0.045761707184015475,0.7106121386901162,0.0
1320,0.1458620095180463,0.9271086288781127,0.04635543144390564,0.710120698572293,0.0
1321,0.16297777831179044,0.9676697931214253,0.04838348965607127,0.7075533332532314,0.0
1322,0.13918155228196863,0.9010617270023865,0.04505308635011933,0.7111227671577047,0.0
1323,0.148793347181194,0.9364141782118871,0.04682070891059436,0.7096809979228209,0.0
1324,0.1576758174292984,0.9582652647178947,0.04791326323589474,0.7083486273856052,0.0
1325,0.13641073464460743,0.888006351155829,0.044400317557791454,0.7115383898033089,0.00039248079741021746
1326,0.14752614691515742,0.9325356043641326,0.04662678021820663,0.7098710779627264,0.0005417258572582413
1327,0.1551967013044006,0.9530164697408992,0.04765082348704496,0.7087204948043399,0.0006554168009119582
1328,0.1376185684569282,0.8938731144140102,0.04469365572070051,0.7113572147314607,0.0005028177274933091
1329,0.15083127680737962,0.9422182438264938,0.04711091219132469,0.7093753084788931,0.0004760113896713634
1330,0.15383632813322784,0.9498752806890478,0.04749376403445239,0.7089245507800158,0.0003335961756947634
1331,0.16237597069430806,0.9667150532116161,0.04833575266058081,0.7076436043958537,0.0005891227482527767
1332,0.14523574117808563,0.9249640166185649,0.046248200830928246,0.7102146388232872,0.0002668877420562892
1333,0.1627860980091135,0.9673686099029267,0.04836843049514634,0.707582085298633,0.00014890412334207445
1334,0.175585892555596,0.9825239719765972,0.049126198598829864,0.7056621161166605,1.4440928551861693e-05
1335,0.139466854675562,0.9023261994287205,0.04511630997143603,0.7110799717986657,0.000333731114645116
1336,0.14689339250693564,0.9305177369364966,0.046525886846824835,0.7099659911239596,0.00028772123222799183
1337,0.14586379632312155,0.9271146661029869,0.046355733305149346,0.7101204305515317,0.000185615441500545
1338,0.14283988251045857,0.9162147747775856,0.04581073873887928,0.7105740176234312,0.0002217802719925024
1339,0.15864890686079228,0.9601682938471922,0.04800841469235961,0.7082026639708812,0.0002978140806070748
1340,0.15242397700966345,0.946404190198061,0.04732020950990305,0.7091364034485504,4.308739366761324e-05
1341,0.1638061208864137,0.9689407274419005,0.04844703637209503,0.7074290818670379,0.00037861813295102486
1342,0.14048765071072541,0.9067330721674997,0.04533665360837499,0.7109268523933912,1.2383401305069504e-05
1343,0.17737664210445203,0.9839967710639047,0.049199838553195235,0.7053935036843322,0.0
1344,0.13133937715554633,0.8602020163468486,0.04301010081734243,0.712299093426668,0.0
1345,0.1467357773181232,0.9300064785924622,0.04650032392962311,0.7099896334022815,0.00012748724686775136
1346,0.16719499601971644,0.9736542631204482,0.04868271315602241,0.7069207505970425,0.0
1347,0.15740181700683903,0.9577139075661905,0.04788569537830953,0.7083897274489741,0.0
1348,0.15369275993388534,0.9495323947297409,0.04747661973648705,0.7089460860099172,0.0
1349,0.1384866669300385,0.8979208422232305,0.04489604211116153,0.7112269999604942,0.0
1350,0.15654028876656995,0.9559345929092674,0.04779672964546337,0.7085189566850145,0.0
1351,0.15612937842595875,0.9550609881168688,0.04775304940584344,0.7085805932361061,0.0
1352,0.15659322511919074,0.9560459520702572,0.047802297603512865,0.7085110162321213,0.0001212839421535358
1353,0.1586807733030692,0.9602291860178355,0.048011459300891776,0.7081978840045396,0.0
1354,0.1525491113058935,0.9467206664559357,0.04733603332279679,0.7091176333041159,0.00013363812768004663
1355,0.16974219378569666,0.9767314638741478,0.04883657319370739,0.7065386709321455,0.0
1356,0.16112553495759935,0.9646435134999605,0.048232175674998025,0.7078311697563601,0.0
1357,0.15789394235181567,0.958699264231466,0.047934963211573305,0.7083159086472276,0.0
1358,0.1502190430778691,0.9405289144062636,0.047026445720313184,0.7094671435383196,0.0001372963953991395
1359,0.17966610353630813,0.9857029973178024,0.049285149865890124,0.7050500844695538,0.0001243015033220202
1360,0.1467185943957404,0.929950532301685,0.04649752661508425,0.7099922108406389,0.00013755090485291114
1361,0.1663457151895877,0.9725428027588943,0.04862714013794472,0.7070481427215618,6.072277620864467e-05
1362,0.16864653252728126,0.9754533422850153,0.04877266711425077,0.7067030201209078,0.0
1363,0.1607325634141448,0.9639672186290901,0.048198360931454506,0.7078901154878783,0.00014739760115052295
1364,0.17148838580372122,0.9786353055905014,0.04893176527952507,0.7062767421294418,0.0
1365,0.15005314754077975,0.9400632531741884,0.04700316265870942,0.709492027868883,0.0
1366,0.15609727607483512,0.9549920469369257,0.04774960234684629,0.7085854085887747,5.105578579819539e-05
1367,0.15798293712016892,0.9588750923858262,0.04794375461929132,0.7083025594319746,0.0
1368,0.17330702310737925,0.9804560329540434,0.049022801647702174,0.7060039465338931,0.0
1369,0.1491302111955493,0.937409725850919,0.04687048629254595,0.7096304683206676,0.0002074761278838054
1370,0.156620163322628,0.9561025172962753,0.047805125864813766,0.7085069755016058,0.00038062951275661424
1371,0.15835452189696206,0.9596015254423207,0.047980076272116035,0.7082468217154556,0.0005526128447698625
1372,0.16636324373498496,0.9725661965687948,0.04862830982843974,0.7070455134397522,0.0003230802609719442
1373,0.17090834823358225,0.9780204351126491,0.04890102175563246,0.7063637477649627,0.0
1374,0.16929397823984227,0.9762166529899452,0.04881083264949726,0.7066059032640236,0.0
1375,0.1771024764106969,0.9837794666220745,0.049188973331103725,0.7054346285383954,0.00022608771869898314
1376,0.16644288204247026,0.972672239126536,0.0486336119563268,0.7070335676936295,0.0
1377,0.16046451474563264,0.9634987870454629,0.04817493935227315,0.707930322788155,0.0003080896328031313
1378,0.17457620464859266,0.981635673555464,0.0490817836777732,0.7058135693027111,0.00018934997844903038
1379,0.16739805343599157,0.9739134522435365,0.04869567261217683,0.7068902919846013,0.0004043635542659513
1380,0.167252162172334,0.9737274842158247,0.048686374210791236,0.7069121756741499,7.437898484860219e-05
1381,0.1666430799142017,0.9729370564833952,0.048646852824169765,0.7070035380128697,0.0
1382,0.17455980637378288,0.9816208870681935,0.04908104435340968,0.7058160290439326,0.00015850608208092397
1383,0.16857355203340993,0.9753658178497758,0.0487682908924888,0.7067139671949885,6.464216472927655e-05
1384,0.1463344858913677,0.9286890644767545,0.04643445322383773,0.7100498271162948,0.0002142918347528148
1385,0.15658181125070075,0.9560219640975216,0.04780109820487608,0.7085127283123949,0.0003240996685467876
1386,0.1582124478879302,0.9593252394039459,0.047966261970197294,0.7082681328168104,0.0
1387,0.1652062757241199,0.9709798073448187,0.04854899036724094,0.707219058641382,0.0
1388,0.1832590597051789,0.9880257823686551,0.04940128911843276,0.7045111410442232,0.0003213176939502654
1389,0.16901454124168697,0.9758900912708434,0.048794504563542174,0.7066478188137469,3.087586681941286e-05
1390,0.16151710005367134,0.9653052168035606,0.048265260840178036,0.7077724349919493,0.0
1391,0.144510177172543,0.9224069654833335,0.046120348274166674,0.7103234734241185,0.0
1392,0.1668082311522283,0.9731536355140655,0.04865768177570328,0.7069787653271657,0.0001553557071883039
1393,0.17005820181878917,0.9770878693059579,0.0488543934652979,0.7064912697271816,0.0
1394,0.16067616401738344,0.9638691403542144,0.048193457017710724,0.7078985753973924,0.000134693448679781
1395,0.17631559260429605,0.9831395367286954,0.049156976836434774,0.7055526611093556,0.000478573658110628
1396,0.17803211149173614,0.984504755752433,0.049225237787621653,0.7052951832762395,0.0005606066724470353
1397,0.1592567566798215,0.9613145397220918,0.04806572698610459,0.7081114864980268,0.0
1398,0.17241759890392547,0.9795854171064523,0.04897927085532262,0.7061373601644112,0.00037545556805356606
1399,0.18642655373493736,0.989761690574522,0.049488084528726106,0.7040360169397594,0.00042548732981252766
1400,0.1897682793059173,0.9913234248924809,0.04956617124462405,0.7035347581041124,0.00013822421701849014
1401,0.16263161314645444,0.9671238997411771,0.048356194987058856,0.7076052580280318,0.00019105999137372957
1402,0.17656768351486476,0.9833472046496206,0.04916736023248103,0.7055148474727703,0.0005190590014964188
1403,0.17976412040846432,0.9857718987907373,0.04928859493953687,0.7050353819387303,0.0004360353093368827
1404,0.1682320783971527,0.9749522360206964,0.04874761180103482,0.7067651882404271,0.0002472476789075726
1405,0.16262445804485967,0.9671125229234547,0.04835562614617274,0.707606331293271,7.793040776173858e-05
1406,0.18184126989637653,0.9871574223750974,0.04935787111875487,0.7047238095155435,0.0
1407,0.1714251455209553,0.9785690932726293,0.048928454663631465,0.7062862281718567,6.876308158724367e-07
1408,0.1722180406210765,0.9793849227439725,0.04896924613719863,0.7061672939068385,0.0
1409,0.18129939719588345,0.9868093662107436,0.04934046831053718,0.7048050904206175,0.00020702572336388767
1410,0.18816035252434204,0.9906038774623097,0.04953019387311549,0.7037759471213487,0.0004609070795334115
1411,0.17105531245342975,0.9781778420477835,0.048908892102389176,0.7063417031319855,0.00018406537500823277
1412,0.18283992140036837,0.9877752918186341,0.04938876459093171,0.7045740117899447,0.00032027168809235394
1413,0.16227079700110325,0.9665454282836852,0.04832727141418426,0.7076593804498345,0.000563466867576673
1414,0.18204621101101134,0.9872866845198646,0.049364334225993234,0.7046930683483483,6.922129839149294e-05
1415,0.16964011343478352,0.9766151816081516,0.048830759080407585,0.7065539829847824,0.0002920093883840345
1416,0.19350040002976585,0.992789783763626,0.049639489188181306,0.7029749399955351,0.0001672390254264361
1417,0.1858464641035453,0.9894635599232819,0.0494731779961641,0.7041230303844682,0.00034584343247905997
1418,0.1857608329846999,0.9894188292170435,0.04947094146085218,0.704135875052295,0.0007096701423838548
1419,0.18630385517993203,0.9896993352066767,0.04948496676033384,0.7040544217230101,0.0006997231043717898
1420,0.1875884988149179,0.9903339737156109,0.04951669868578055,0.7038617251777622,0.00047234401883010125
1421,0.17532828087807198,0.9823014243117333,0.04911507121558667,0.7057007578682892,0.000591539250385482
1422,0.18100937498978217,0.9866192718668533,0.049330963593342665,0.7048485937515326,0.0001220085704723465
1423,0.1959374930762152,0.9936116768928385,0.049680583844641926,0.7026093760385677,0.00010475583323464958
1424,0.1843044536247701,0.9886286605071757,0.04943143302535879,0.7043543319562845,0.00022932724412771702
1425,0.1873872888812485,0.9902371920552547,0.04951185960276274,0.7038919066678127,0.0
1426,0.1823332346776327,0.9874655620962978,0.04937327810481489,0.7046500147983551,0.0
1427,0.19107439067316234,0.99186748695836,0.049593374347918,0.7033388413990256,5.321458854007317e-05
1428,0.19074013129292872,0.9917315596428617,0.04958657798214309,0.7033889803060607,0.00024304133335316313
1429,0.18494932591010257,0.9889854914144443,0.049449274570722214,0.7042576011134846,0.0003081184924418188
1430,0.20673068419055754,0.9962659998677376,0.04981329999338688,0.7009903973714163,1.773545348451836e-05
1431,0.18780565771032207,0.9904373609635343,0.049521868048176716,0.7038291513434517,0.0
1432,0.2011558079635114,0.9950715514273651,0.04975357757136826,0.7018266288054733,0.0003569686280259075
1433,0.1900726926423597,0.9914533680359967,0.04957266840179984,0.703489096103646,0.0005468857025731856
1434,0.1919165047983552,0.9922001878561624,0.04961000939280812,0.7032125242802467,6.818203694329447e-05
1435,0.18359647182409577,0.9882237411887996,0.04941118705943998,0.7044605292263856,0.0
1436,0.17853613624043388,0.9848845468049428,0.04924422734024714,0.7052195795639349,0.000301636280851857
1437,0.18605630164689888,0.9895723823421527,0.04947861911710764,0.7040915547529651,4.7526551742297594e-05
1438,0.1796434099221761,0.9856869979024498,0.049284349895122495,0.7050534885116736,0.0
1439,0.1725831691423629,0.979750313738276,0.048987515686913806,0.7061125246286455,0.0004398090196384113
1440,0.19861405925934095,0.9944074015373602,0.04972037007686801,0.7022078911110988,0.0005128231292479425
1441,0.17268043093117583,0.9798465709006149,0.048992328545030744,0.7060979353603236,0.0009386801461664668
1442,0.17989800800019576,0.9858654872048719,0.0492932743602436,0.7050152987999706,0.0008392940914929536
1443,0.18763894615273807,0.9903580894711282,0.04951790447355642,0.7038541580770893,0.0005442528881794774
1444,0.2222168337328681,0.9982750687894927,0.049913753439474635,0.6986674749400698,0.00018754692248396
1445,0.1780606230119766,0.9845264881022551,0.04922632440511276,0.7052909065482035,0.00048686103802143724
1446,0.194059255462824,0.9929870750025521,0.049649353750127606,0.7028911116805764,0.00027105159547042754
1447,0.18679718113811852,0.9899477836647863,0.049497389183239315,0.7039804228292822,0.0003870975040838067
1448,0.18860687641865934,0.9908094260314204,0.04954047130157102,0.7037089685372011,0.00024151525366708165
1449,0.20279381789632392,0.9954573461889769,0.04977286730944885,0.7015809273155514,0.0002475405423994718
1450,0.19240088263452787,0.9923854003694336,0.04961927001847168,0.7031398676048208,9.445379275923213e-05
1451,0.19687629938430215,0.9939028315330476,0.049695141576652384,0.7024685550923546,0.00013643260474530263
1452,0.1850547697564549,0.9890427745926019,0.0494521387296301,0.7042417845365317,0.0
1453,0.19156683640015404,0.9920637131701731,0.04960318565850866,0.7032649745399768,0.0
1454,0.20550134065896658,0.9960302204428702,0.04980151102214351,0.701174798901155,0.0001456734742446218
1455,0.1818383345769005,0.9871555615950234,0.04935777807975117,0.7047242498134649,4.9547018819755885e-05
1456,0.19586720657688259,0.9935893309306054,0.04967946654653027,0.7026199190134675,0.00034824294194658867
1457,0.1830461082946922,0.9878991559194067,0.049394957795970335,0.7045430837557961,0.0004288881551395774
1458,0.20602314735437371,0.9961320584362306,0.049806602921811535,0.701096527896844,8.871378749999978e-05
1459,0.1869847028664809,0.9900406593558596,0.049502032967792986,0.7039522945700278,0.0
1460,0.1929640755442837,0.9925952682693928,0.04962976341346964,0.7030553886683574,0.0
1461,0.21144967744635307,0.9970484940358436,0.049852424701792186,0.700282548383047,2.7077759004629304e-05
1462,0.20844253010454666,0.9965712555736224,0.04982856277868112,0.700733620484318,0.00010642256659953642
1463,0.20645863660233402,0.9962150551240712,0.04981075275620356,0.7010312045096498,0.0
1464,0.19525325828018275,0.9933908091280136,0.04966954045640068,0.7027120112579726,0.0
1465,0.20259653831215135,0.9954125223978445,0.049770626119892226,0.7016105192531773,0.00027558837713508304
1466,0.20383999549110451,0.9956878611175026,0.049784393055875134,0.7014240006763343,0.0
1467,0.21406577491377857,0.9974094437635542,0.049870472188177715,0.6998901337629332,0.0
1468,0.2147016871146587,0.9974903129060402,0.049874515645302014,0.6997947469328012,0.0
1469,0.19627906767752562,0.993719175490169,0.04968595877450845,0.7025581398483711,0.00020928262757605206
1470,0.18819472696160572,0.9906198615606312,0.04953099307803156,0.7037707909557591,0.0
1471,0.20353595031664876,0.9956220952283837,0.04978110476141919,0.7014696074525026,0.0
1472,0.206503408853726,0.9962234867097056,0.049811174335485285,0.7010244886719411,0.0004474409840474239
1473,0.19150085182282872,0.9920376951294556,0.049601884756472786,0.7032748722265757,0.0003504465221609988
1474,0.1956900699384639,0.9935326693650813,0.04967663346825407,0.7026464895092304,0.000488759724705525
1475,0.21166013647800905,0.9970792995109411,0.04985396497554706,0.7002509795282986,0.00015618503337210395
1476,0.20930284978014177,0.9967151449441349,0.04983575724720675,0.7006045725329787,5.075598881861083e-05
1477,0.20763900068537258,0.9964311976653615,0.04982155988326808,0.7008541498971941,0.00013993985988695583
1478,0.21033451227089442,0.9968797767176744,0.04984398883588372,0.7004498231593658,8.068237993232319e-05
1479,0.20228045139217068,0.9953397849197319,0.0497669892459866,0.7016579322911743,0.0
1480,0.19553953931997303,0.9934841275246629,0.04967420637623315,0.702669069102004,0.00018613584379563707
1481,0.19586633134783077,0.9935890521828442,0.049679452609142215,0.7026200502978254,0.0004633627700560412
1482,0.20735554075711357,0.9963804412868553,0.04981902206434277,0.700896668886433,0.0
1483,0.22323356582143208,0.9983604266280042,0.04991802133140021,0.6985149651267851,0.0
1484,0.2070126695072062,0.9963180846462819,0.0498159042323141,0.700948099573919,0.0
1485,0.2132277722191016,0.9972988924141718,0.04986494462070859,0.7000158341671348,0.0
1486,0.2300159851971883,0.9988314230122206,0.049941571150611035,0.6974976022204218,0.000254769460890921
1487,0.21448848235999507,0.9974634841602399,0.049873174208011996,0.6998267276460007,2.5673456015682907e-05
1488,0.22296102257271588,0.9983379683559465,0.049916898417797326,0.6985558466140926,0.0
1489,0.2167970126943228,0.9977393746921862,0.049886968734609315,0.6994804480958515,0.00011696117106746542
1490,0.20935602332690045,0.9967238381405747,0.04983619190702874,0.700596596500965,0.00044046521938573806
1491,0.20206256475885803,0.9952889779176112,0.04976444889588056,0.7016906152861713,0.0005999249394061366
1492,0.2122483075968591,0.9971637023096923,0.04985818511548462,0.7001627538604711,0.0005439194220111603
1493,0.2323218700109894,0.9989585439524825,0.04994792719762413,0.6971517194983515,3.7806426613311175e-05
1494,0.20851747770934054,0.9965840365291633,0.04982920182645817,0.7007223783435989,0.00020526944437411433
1495,0.19748621155684928,0.9940848786305582,0.04970424393152791,0.7023770682664726,0.00019761824992120785
1496,0.209358232844297,0.9967241988718465,0.04983620994359233,0.7005962650733554,0.00017816313414009596
1497,0.20398695737112316,0.9957192958468417,0.04978596479234209,0.7014019563943314,0.0004538915876290056
1498,0.2093421407941483,0.9967215707378994,0.04983607853689497,0.7005986788808777,0.0
1499,0.22102956195477294,0.9981697633641922,0.049908488168209614,0.698845565706784,0.00028168961419760326
1500,0.21066767505296324,0.9969311651160977,0.04984655825580489,0.7003998487420555,0.00036020643602336386
1501,0.20622882669527506,0.9961714808728375,0.049808574043641876,0.7010656759957087,0.0006849365976349969
1502,0.21962432533623952,0.9980368037470638,0.04990184018735319,0.699056351199564,5.92652280741567e-05
1503,0.208547652110103,0.996589168810628,0.0498294584405314,0.7007178521834845,0.00021923076310638196
1504,0.22067505529693773,0.9981370935599186,0.04990685467799594,0.6988987417054593,0.0004633556037609574
1505,0.20007337441157785,0.9947988909768549,0.04973994454884275,0.7019889938382633,0.00025913692352758
1506,0.22493886495718043,0.998494228900877,0.04992471144504385,0.6982591702564229,0.00019927912023066962
1507,0.20601418007235858,0.9961303305137088,0.04980651652568544,0.7010978729891462,0.0
1508,0.21726210901039764,0.9977912237937764,0.04988956118968882,0.6994106836484403,0.0002812053011458395
1509,0.2234119992141527,0.9983749656368518,0.04991874828184259,0.698488200117877,0.0001746002892901109
1510,0.2076448873552722,0.9964322441817705,0.049821612209088526,0.7008532668967091,0.00010234702159616052
1511,0.22892966225393804,0.9987662754540861,0.04993831377270431,0.6976605506619092,0.0
1512,0.21025048648106787,0.9968666813414695,0.049843334067073475,0.7004624270278398,0.0
1513,0.2253057401928835,0.9985215581435342,0.04992607790717671,0.6982041389710675,0.00043487612713860526
1514,0.2162628743097319,0.9976783289810028,0.049883916449050145,0.6995605688535402,0.0006751856496906765
1515,0.22941636371467308,0.9987959001589644,0.04993979500794822,0.697587545442799,0.0002884465175824805
1516,0.22525955126335803,0.9985181448809618,0.04992590724404809,0.6982110673104963,0.0003249604109813583
1517,0.21594096094414436,0.9976407466520226,0.04988203733260113,0.6996088558583783,0.0006340961673426893
1518,0.2310471903748856,0.9988900830121178,0.04994450415060589,0.6973429214437671,0.0003611363809072456
1519,0.2175437353576026,0.9978220410496013,0.04989110205248007,0.6993684396963595,0.0
1520,0.23252907824569669,0.99896926710039,0.049948463355019505,0.6971206382631455,0.0
1521,0.2029445129999283,0.9954912916044183,0.04977456458022092,0.7015583230500108,0.0005341852214087155
1522,0.21332585759836997,0.9973120714222793,0.04986560357111397,0.7000011213602445,0.00011445828369018431
1523,0.22190617655801712,0.9982481138131731,0.04991240569065866,0.6987140735162974,0.0
1524,0.20302568875006616,0.9955094723966235,0.04977547361983117,0.70154614668749,0.0
1525,0.2164155084057874,0.9976959391814121,0.04988479695907061,0.6995376737391319,8.293163927135692e-05
1526,0.2011973110281263,0.9950817178605637,0.04975408589302818,0.701820403345781,0.0002364218537537387
1527,0.21160995178606773,0.9970719830713576,0.04985359915356788,0.7002585072320898,0.00040096088884854144
1528,0.21860492823966196,0.9979343579698225,0.04989671789849113,0.6992092607640507,9.842830160614264e-05
1529,0.24049116120018665,0.9993075335483359,0.049965376677416795,0.6959263258199719,0.0
1530,0.22933462160964138,0.9987909747676958,0.0499395487383848,0.6975998067585538,0.00011412606575199963
1531,0.2315420647587113,0.9989171801242226,0.04994585900621113,0.6972686902861933,0.00013393940955300264
1532,0.1897814586378322,0.9913290910219857,0.04956645455109929,0.7035327812043252,0.0
1533,0.22913630248535274,0.9987789412017104,0.049938947060085524,0.6976295546271971,0.0
1534,0.2248639534706723,0.9984885868879512,0.04992442934439756,0.6982704069793991,0.0001168341304209316
1535,0.2374570237690648,0.9991941857713139,0.0499597092885657,0.6963814464346403,0.0
1536,0.2150128897814539,0.9975289659720404,0.04987644829860202,0.6997480665327819,0.00038558250654163766
1537,0.24096317860310354,0.9993236740914598,0.049966183704572995,0.6958555232095345,2.7066709828117632e-05
1538,0.23873351204503374,0.9992439718268126,0.04996219859134063,0.6961899731932449,0.00023242344579298282
1539,0.21182133500183578,0.9971026775971316,0.04985513387985658,0.7002267997497246,2.5283270227017542e-05
1540,0.23523504022178673,0.9990995832384819,0.049954979161924096,0.6967147439667319,5.8451524498772525e-05
1541,0.23832304298656,0.9992283072967275,0.04996141536483638,0.696251543552016,0.0
1542,0.22430771157652588,0.998446027556683,0.049922301377834155,0.6983538432635211,0.00012405174830375657
1543,0.22301945093172593,0.9983428087247389,0.04991714043623695,0.6985470823602411,0.00021505594864944656
1544,0.23613591228151148,0.9991392072384155,0.04995696036192078,0.6965796131577733,0.000306709211452701
1545,0.232576974558026,0.9989717300271321,0.04994858650135661,0.6971134538162961,4.32087735719771e-05
1546,0.22773173777817324,0.9986902218739534,0.049934511093697675,0.697840239333274,0.00017958668416157578
1547,0.24771142375399097,0.99951727046678,0.049975863523339,0.6948432864369013,0.0
1548,0.23747979323038873,0.9991951019091,0.049959755095455,0.6963780310154417,0.00013772207363427487
1549,0.23143685066552658,0.9989114749358283,0.04994557374679142,0.697284472400171,0.0
1550,0.23661409275479006,0.9991595267772666,0.049957976338863334,0.6965078860867815,0.0002283252106267024
1551,0.2265827617740484,0.9986128807589708,0.04993064403794854,0.6980125857338927,6.740158205048816e-05
1552,0.22004652881495315,0.9980777339542699,0.0499038866977135,0.698993020677757,0.0
1553,0.23307072330020698,0.9989967794352446,0.04994983897176223,0.697039391504969,0.00034925927700355555
1554,0.24403505858744337,0.9994199134168491,0.049970995670842455,0.6953947412118835,0.000678433326925078
1555,0.21452881792240266,0.9974685816582011,0.04987342908291006,0.6998206773116395,0.000874863992192626
1556,0.19797133705640238,0.9942258127886482,0.049711290639432415,0.7023042994415396,0.0005834348296293761
1557,0.24255429188165983,0.9993753627186472,0.049968768135932366,0.695616856217751,0.0006204662482569708
1558,0.25847436997649054,0.99971811191476,0.049985905595738005,0.6932288445035264,0.0005470408239975894
1559,0.23461588972055486,0.9990712989036243,0.04995356494518122,0.6968076165419167,0.0006289091103791749
1560,0.24288325142760034,0.9993855464451231,0.04996927732225616,0.6955675122858599,0.0004532364841102167
1561,0.2413402432583796,0.9993362971913905,0.049966814859569525,0.695798963511243,0.0005953940646292008
1562,0.2521942655446989,0.9996141644005127,0.049980708220025635,0.6941708601682951,0.0005084637889187434
1563,0.24198488144019292,0.999357334986372,0.04996786674931861,0.695702267783971,3.945117884276403e-05
1564,0.22821175229741425,0.9987212435409384,0.04993606217704692,0.6977682371553878,0.0003910784226507234
1565,0.22641461129952697,0.9986011857401617,0.04993005928700808,0.6980378083050709,0.00021485557276231958
1566,0.2375263192303199,0.9991969706654195,0.04995984853327098,0.696371052115452,0.0003704302168641958
1567,0.22999628212799952,0.9988302725645904,0.049941513628229524,0.6975005576808,0.00041531490410080097
1568,0.23222975737126836,0.9989537413566386,0.04994768706783193,0.6971655363943097,0.0003981445208815572
1569,0.24854507016853197,0.9995369690440522,0.04997684845220261,0.6947182394747202,0.0006784550864061501
1570,0.23722926090774088,0.9991849641138407,0.04995924820569204,0.6964156108638389,0.0005137163800643613
1571,0.23636476513646654,0.999148992508815,0.04995744962544075,0.69654528522953,0.0002665317001735617
1572,0.2551283975478802,0.9996667951652604,0.04998333975826302,0.6937307403678179,0.0
1573,0.2394592378402442,0.9992708938776559,0.0499635446938828,0.6960811143239634,0.0002693533534395135
1574,0.24005047392582002,0.9992921170691781,0.04996460585345891,0.695992428911127,0.0
1575,0.25047791554746845,0.9995796051883825,0.04997898025941913,0.6944283126678797,0.0
1576,0.25330284120080965,0.9996349612937158,0.04998174806468579,0.6940045738198786,0.0
1577,0.2507002144539659,0.9995842500495596,0.049979212502477985,0.6943949678319051,0.0
1578,0.25140127434379517,0.9995985651212654,0.049979928256063275,0.6942898088484307,4.778732600561854e-05
1579,0.2314065869722205,0.9989098283465754,0.04994549141732877,0.6972890119541669,0.0
1580,0.22309365159174013,0.9983489354357492,0.049917446771787465,0.698535952261239,0.0001826193280708814
1581,0.224585784827727,0.998467451075247,0.049923372553762356,0.6983121322758409,7.970184639657018e-06
1582,0.23760145159192742,0.9991999792719038,0.049959998963595195,0.6963597822612109,0.0
1583,0.24860549609230542,0.9995383652416836,0.04997691826208418,0.6947091755861542,0.0
1584,0.24737963966451115,0.9995091995381775,0.04997545997690888,0.6948930540503233,0.0
1585,0.26473874404764103,0.9997938988158985,0.04998969494079493,0.6922891883928538,0.0
1586,0.25834444780138544,0.9997162752996843,0.04998581376498422,0.6932483328297921,0.00038513067010306393
1587,0.24445546201581994,0.9994319728206156,0.04997159864103078,0.695331680697627,0.00036643615785248834
1588,0.2521775395640537,0.999613841716266,0.0499806920858133,0.694173369065392,0.0005703809264403746
1589,0.2576946441666648,0.9997069083921105,0.04998534541960553,0.6933458033750003,0.00041217122418777427
1590,0.25065288645262884,0.9995832654643436,0.049979163273217185,0.6944020670321056,0.00011342087142682047
1591,0.25506347934585055,0.9996657122172461,0.04998328561086231,0.6937404780981224,0.00047237511162707973
1592,0.22964457501112034,0.998809545264816,0.0499404772632408,0.697553313748332,0.0
1593,0.23979300798435527,0.9992829519501443,0.04996414759750722,0.6960310488023467,5.39213108249742e-05
1594,0.23741724978469397,0.9991925829498542,0.04995962914749272,0.6963874125322959,0.0
1595,0.2630471237275408,0.9997757121977522,0.049988785609887613,0.6925429314408689,0.00040980693164887716
1596,0.2476097245397262,0.9995148107485582,0.04997574053742791,0.694858541319041,0.0005419547498871514
1597,0.250849614245352,0.9995873428498107,0.04997936714249054,0.6943725578631972,0.00021573271785611404
1598,0.23545877575665045,0.9991095909495096,0.04995547954747548,0.6966811836365024,2.1206930845247304e-05
1599,0.24026954652083882,0.9992998232452677,0.049964991162263384,0.6959595680218742,0.0
1600,0.2559443065767069,0.9996801106071947,0.04998400553035974,0.693608354013494,0.000257820910356073
1601,0.23224272834523818,0.9989544189770827,0.049947720948854135,0.6971635907482142,0.000266881218242817
1602,0.2597046112256807,0.9997349244483312,0.04998674622241656,0.6930443083161478,0.0
1603,0.2487893274241508,0.9995425870153557,0.049977129350767785,0.6946816008863773,0.0
1604,0.25930492805358857,0.9997295752978744,0.049986478764893726,0.6931042607919617,8.376524539211767e-05
1605,0.27359889278019045,0.9998676521660635,0.04999338260830318,0.6909601660829714,0.0
1606,0.25416492848723693,0.999650356372423,0.049982517818621154,0.6938752607269144,0.00025230588128999295
1607,0.24232737678326857,0.9993682398838505,0.049968411994192524,0.6956508934825096,0.00016896656146984305
1608,0.24392222186557086,0.9994166333284823,0.04997083166642412,0.6954116667201643,0.0
1609,0.2556111904633392,0.9996747397205662,0.049983736986028315,0.6936583214304991,0.00022909159952760782
1610,0.24866423087917136,0.9995397183308288,0.04997698591654144,0.6947003653681243,0.00015485984382951766
1611,0.25907610681053017,0.9997264644365085,0.049986323221825425,0.6931385839784204,0.00032276008179755967
1612,0.2538574017325784,0.9996449405114567,0.049982247025572836,0.6939213897401132,0.00037810663959056705
1613,0.26177569993768474,0.9997609945088901,0.04998804972544451,0.6927336450093473,0.00018954061932175813
1614,0.2535053605483444,0.9996386376831051,0.049981931884155256,0.6939741959177483,0.000329256627115877
1615,0.2534532870321523,0.9996376959281831,0.04998188479640916,0.6939820069451771,0.00037256036382492285
1616,0.25340882039407575,0.9996368898026644,0.04998184449013322,0.6939886769408886,0.0
1617,0.26954172935165743,0.9998378921313729,0.049991894606568645,0.6915687405972514,0.000254725376760453
1618,0.25199804174003887,0.999610361745242,0.0499805180872621,0.6942002937389942,0.00033231721324652325
1619,0.2581699199651281,0.9997137892842128,0.04998568946421064,0.6932745120052307,6.40561778898921e-05
1620,0.25064534402473154,0.9995831083407272,0.04997915541703636,0.6944031983962903,0.0
1621,0.261765125343629,0.9997608681364013,0.04998804340682007,0.6927352311984556,0.0
1622,0.2712939953250334,0.9998514885188787,0.04999257442594394,0.691305900701245,0.0
1623,0.2474494682889341,0.9995109093096178,0.04997554546548089,0.6948825797566599,0.00015966550383183478
1624,0.2579389032478141,0.9997104651068526,0.04998552325534263,0.6933091645128279,0.0002231467837979956
1625,0.2606223819193671,0.9997468104948811,0.04998734052474406,0.6929066427120949,0.00010580510659655864
1626,0.2536349656691953,0.999640970994305,0.049982048549715254,0.6939547551496207,0.00011293782177386785
1627,0.2610843605952885,0.9997525904432301,0.04998762952216151,0.6928373459107067,0.0
1628,0.2535287321587257,0.9996390595651011,0.049981952978255056,0.6939706901761912,8.926871243901531e-05
1629,0.2668417586324072,0.9998144662000671,0.04999072331000336,0.6919737362051389,0.0
1630,0.27385266997831464,0.9998693206815652,0.04999346603407826,0.6909220995032528,0.0
1631,0.2515653740617174,0.9996018441069396,0.049980092205346986,0.6942651938907424,0.0
1632,0.27304866659664123,0.9998639610584146,0.04999319805292073,0.6910427000105038,0.0
1633,0.2628053428085166,0.9997729849359569,0.04998864924679785,0.6925791985787225,0.000122296643701824
1634,0.25341131175798093,0.9996369350154081,0.04998184675077041,0.6939883032363028,0.0
1635,0.2502129478384017,0.999574000967028,0.0499787000483514,0.6944680578242397,0.0
1636,0.24983382135238075,0.9995658521048957,0.049978292605244785,0.6945249267971428,0.0002784119393043862
1637,0.26265740110061997,0.9997712998454915,0.04998856499227458,0.6926013898349069,0.0
1638,0.24713928051870035,0.999503268480909,0.049975163424045455,0.6949291079221949,0.00012658945448425614
1639,0.2707148897386936,0.9998471261325751,0.04999235630662876,0.6913927665391959,6.440041887649823e-05
1640,0.2592591381308015,0.9997289556202722,0.04998644778101361,0.6931111292803798,0.0004415360197441875
1641,0.267036915013229,0.9998162674701564,0.049990813373507824,0.6919444627480156,0.0001826823408669337
1642,0.2661654902413299,0.9998080866219758,0.049990404331098796,0.6920751764638005,0.00045149677264429063
1643,0.28942871505383533,0.9999400197810766,0.04999700098905383,0.6885856927419247,0.0003423648305248235
1644,0.25489978167763794,0.9996629658086956,0.049983148290434785,0.6937650327483543,0.000269557579305495
1645,0.27336717972778657,0.9998661101197751,0.04999330550598876,0.690994923040832,0.000210850063332252
1646,0.27957243591265263,0.9999018211732386,0.04999509105866193,0.6900641346131021,3.672236009167233e-05
1647,0.26548694610709134,0.9998014651407537,0.04999007325703769,0.6921769580839363,0.0002411431237659058
1648,0.26865362615181093,0.9998305327371311,0.049991526636856555,0.6917019560772283,2.7811587060126838e-05
1649,0.26735549077975973,0.9998191703960854,0.04999095851980427,0.691896676383036,0.0003714606089567832
1650,0.2704297719268249,0.9998449315114237,0.04999224657557119,0.6914355342109763,0.00041884764018890685
1651,0.2767648057139219,0.9998870260465237,0.049994351302326184,0.6904852791429117,0.0002941972551790609
1652,0.267217998505209,0.9998179232066929,0.04999089616033465,0.6919173002242186,0.0004693947694557162
1653,0.26031780644970043,0.9997429262191666,0.04998714631095833,0.6929523290325449,0.0005163197948841584
1654,0.2758086072010704,0.9998814942260015,0.049994074711300074,0.6906287089198394,5.827281387786891e-05
1655,0.2838341721349723,0.9999206615713486,0.04999603307856743,0.6894248741797542,9.08259376346801e-05
1656,0.25834302662487124,0.9997162551435449,0.04998581275717725,0.6932485460062693,0.0
1657,0.2909955227623952,0.9999445390617652,0.04999722695308826,0.6883506715856407,0.000352470697083115
1658,0.2759108830748394,0.9998820986219356,0.04999410493109678,0.6906133675387741,0.00029736503572238405
1659,0.2694363930874401,0.9998370362266794,0.049991851811333976,0.6915845410368839,0.00045333074829749173
1660,0.2625743882488594,0.9997703488386077,0.04998851744193039,0.692613841762671,0.00012971721884451334
1661,0.26156481448038343,0.999758461648367,0.049987923082418353,0.6927652778279425,0.0
1662,0.27969803410300514,0.9999024357355161,0.04999512178677581,0.6900452948845492,4.2120618645405374e-05
1663,0.26946688288547493,0.999837284433639,0.04999186422168195,0.6915799675671788,0.0
1664,0.2699598826304984,0.9998412457102354,0.04999206228551177,0.6915060176054252,1.292298484318656e-05
1665,0.2714456502975519,0.9998526102199654,0.049992630510998275,0.6912831524553672,0.00023147320931840486
1666,0.27307280112090804,0.9998641250988701,0.04999320625494351,0.6910390798318637,0.00047469942821067544
1667,0.26683841353655874,0.9998144351718133,0.04999072175859067,0.6919742379695162,0.0004230128779633863
1668,0.274965878050857,0.9998763947471968,0.04999381973735984,0.6907551182923715,0.0004790523862688591
1669,0.28168766687142166,0.9999116736140939,0.0499955836807047,0.6897468499692867,1.5835643145508218e-05
1670,0.2726290875340028,0.9998610773575642,0.049993053867878216,0.6911056368698996,0.00011751148608089791
1671,0.25593579594795646,0.9996799744988071,0.04998399872494036,0.6936096306078066,0.0008517746065994388
1672,0.2676141539865984,0.9998214936211703,0.04999107468105852,0.6918578769020102,0.00040494583926744014
1673,0.27986547199563366,0.999903249045011,0.04999516245225055,0.690020179200655,0.0
1674,0.28035866851379976,0.9999056055071188,0.04999528027535594,0.68994619972293,0.0005408550282242716
1675,0.2659716611680738,0.9998062180226882,0.04999031090113441,0.6921042508247889,0.0007502342446847882
1676,0.2983952054310191,0.9999616899610415,0.04999808449805208,0.6872407191853471,0.0007892048255694329
1677,0.2611485737966769,0.9997533833218023,0.04998766916609012,0.6928277139304985,0.0007294239666941584
1678,0.28834437561227394,0.9999366782764941,0.04999683391382471,0.6887483436581588,0.00037581213549526334
1679,0.27959920288465595,0.9999019524699707,0.04999509762349854,0.6900601195673016,0.00012605517196738998
1680,0.278857952745636,0.9998982507792025,0.04999491253896013,0.6901713070881546,2.296920843033159e-05
1681,0.2642363141899009,0.9997886567724136,0.04998943283862068,0.6923645528715149,0.00011148093154261832
1682,0.27378231732516484,0.999868860250671,0.049993443012533556,0.6909326524012253,0.00023468722132552873
1683,0.2798285695526044,0.9999030703802061,0.04999515351901031,0.6900257145671094,0.00032366462667634383
1684,0.28249241941993475,0.9999151568090667,0.04999575784045334,0.6896261370870098,0.0003120932725675503
1685,0.2851833266193452,0.9999258366523686,0.04999629183261843,0.6892225010070983,0.0
1686,0.28321400540025654,0.9999181630831785,0.04999590815415893,0.6895178991899615,0.0
1687,0.26974161085148807,0.9998395039219524,0.049991975196097625,0.6915387583722767,0.0
1688,0.26633531990631093,0.9998097090429777,0.04999048545214889,0.6920497020140534,0.00014347520072602215
1689,0.2986132646134899,0.9999621053692973,0.04999810526846487,0.6872080103079765,0.0002922385107811825
1690,0.27647586395501605,0.9998853822434624,0.04999426911217312,0.6905286204067476,0.0
1691,0.2761797172346484,0.9998836726310911,0.049994183631554556,0.6905730424148027,0.0003846890943182046
1692,0.28225338318606136,0.9999141367828547,0.049995706839142735,0.6896619925220908,0.0006183606980734164
1693,0.288614761291922,0.9999375285270377,0.04999687642635189,0.6887077858062117,0.0011006131572475965
1694,0.30417466868602944,0.9999713042672363,0.04999856521336182,0.6863737996970956,0.0005223871200333256
1695,0.26887350297824775,0.9998323853188918,0.049991619265944594,0.6916689745532628,0.00023580545372979406
1696,0.2924944553157844,0.9999485435234732,0.04999742717617366,0.6881258317026323,7.681055721964313e-05
1697,0.2741501178660097,0.9998712495665757,0.049993562478328785,0.6908774823200985,0.00034813465164506657
1698,0.28180958597077593,0.9999122103628356,0.04999561051814178,0.6897285621043836,0.00013350027481023386
1699,0.28482895407310704,0.9999245109688871,0.04999622554844436,0.6892756568890339,0.00044601539309896366
1700,0.29263210965414344,0.9999488964497966,0.04999744482248983,0.6881051835518784,4.9803621761545526e-05
1701,0.2887911335824332,0.9999380769828976,0.04999690384914488,0.688681329962635,0.0
1702,0.29973498206353905,0.9999641721463327,0.04999820860731664,0.6870397526904691,0.00010456289193623172
1703,0.2778146563956448,0.9998928027564458,0.04999464013782229,0.6903278015406532,0.0
1704,0.29531668686455637,0.9999553152835619,0.049997765764178095,0.6877024969703165,0.00013677182789054916
1705,0.2845141053196825,0.9999233132760855,0.04999616566380428,0.6893228842020476,0.0
1706,0.2662719612634683,0.9998091053735284,0.049990455268676424,0.6920592058104797,5.005682965146124e-05
1707,0.2914924473427323,0.9999459000052198,0.04999729500026099,0.6882761328985901,0.00035970311928419196
1708,0.29264451365957395,0.9999489281327877,0.04999744640663939,0.6881033229510639,0.000447482296047275
1709,0.29632607399471533,0.9999575144349754,0.04999787572174877,0.6875510889007926,0.0
1710,0.3055588246904406,0.9999732230204573,0.04999866115102287,0.6861661762964338,0.0004270448042413081
1711,0.3135748418247402,0.9999820650641956,0.04999910325320978,0.6849637737262889,0.00042177306967255653
1712,0.28993803141529223,0.9999415278534594,0.04999707639267297,0.6885092952877061,0.0003330444366133324
1713,0.29980466601053557,0.9999642967559803,0.04999821483779902,0.6870293000984197,6.804208169970815e-05
1714,0.2972799793990528,0.9999594931506187,0.04999797465753094,0.687408003090142,0.0
1715,0.30346090945911014,0.9999702617128187,0.04999851308564093,0.6864808635811335,0.0
1716,0.28336344430590993,0.9999187722358621,0.049995938611793106,0.6894954833541135,0.00030782254942781327
1717,0.30184130242966906,0.9999677533813609,0.04999838766906805,0.6867238046355496,0.0002896136768614365
1718,0.29630639515145263,0.9999574726128423,0.04999787363064212,0.6875540407272821,0.0005613418652750692
1719,0.2817839982258956,0.9999120979838939,0.0499956048991947,0.6897324002661156,0.0007516927121661496
1720,0.2905171112095712,0.9999431964858666,0.049997159824293334,0.6884224333185643,0.000597515119525409
1721,0.2813807024158076,0.9999103076267131,0.049995515381335655,0.6897928946376288,0.0004366245054604341
1722,0.2814202856881031,0.9999104849511695,0.04999552424755848,0.6897869571467845,0.0
1723,0.29250226883399344,0.9999485636213188,0.049997428181065943,0.688124659674901,0.00023337717934906126
1724,0.2969534673564187,0.9999588264518179,0.049997941322590896,0.6874569798965372,0.00014133597542240767
1725,0.3062382789787448,0.9999741174052327,0.04999870587026164,0.6860642581531883,0.0001934853085366915
1726,0.30004070957126544,0.9999647156404182,0.049998235782020915,0.6869938935643102,0.0
1727,0.3027053560137052,0.9999691168146112,0.049998455840730566,0.6865941965979442,0.0
1728,0.30111923015980063,0.9999665679300535,0.04999832839650267,0.6868321154760298,0.0
1729,0.30415845901585814,0.9999712810010589,0.04999856405005295,0.6863762311476213,0.00020504495650380263
1730,0.29949557069540444,0.9999637407049632,0.049998187035248165,0.6870756643956893,0.00019611654789906637
1731,0.2972346804704582,0.9999594013045254,0.04999797006522627,0.6874147979294313,0.00046989943042427036
1732,0.2880549809779268,0.9999357554264123,0.04999678777132062,0.688791752853311,0.0003962188007505412
1733,0.29752378135582186,0.9999599839160003,0.049997999195800016,0.6873714327966267,0.00029493274813685843
1734,0.28293958535872077,0.9999170325535729,0.049995851627678646,0.6895590621961919,0.00032130511421202485
1735,0.28560259268409566,0.999927375066741,0.04999636875333705,0.6891596110973857,0.00026071766219822984
1736,0.3080023442519838,0.9999763024978615,0.04999881512489308,0.6857996483622024,0.0
1737,0.31020481858211674,0.9999787735424297,0.04999893867712149,0.6854692772126825,0.0002927620107605628
1738,0.2899285199027685,0.9999415000405454,0.04999707500202727,0.6885107220145847,0.00023820075235776123
1739,0.29200152521685585,0.9999472596110719,0.0499973629805536,0.6881997712174716,0.000321234223886533
1740,0.30158731817707846,0.9999673412769055,0.04999836706384528,0.6867619022734383,0.0
1741,0.3179978923892685,0.9999856234046441,0.04999928117023221,0.6843003161416097,1.9343011881132143e-05
1742,0.30908185378949915,0.9999775476470786,0.04999887738235393,0.6856377219315751,3.6761851292583944e-06
1743,0.3084109374879842,0.999976781706869,0.04999883908534345,0.6857383593768024,0.0
1744,0.3068446101479926,0.9999748902820499,0.049998744514102494,0.6859733084778011,0.0
1745,0.3035526093545728,0.9999703977465783,0.04999851988732892,0.686467108596814,0.00013837564708776183
1746,0.29821189492109207,0.9999613372289603,0.04999806686144802,0.6872682157618362,6.96290207498187e-06
1747,0.30240642003325335,0.9999686517574163,0.04999843258787082,0.6866390369950119,0.0
1748,0.3171309745777581,0.9999849865447528,0.04999924932723764,0.6844303538133363,0.00017049138272396042
1749,0.30433396462288054,0.9999715319086493,0.04999857659543247,0.6863499053065679,0.0003164168920763127
1750,0.326034876515771,0.9999903808383629,0.04999951904191815,0.6830947685226343,0.0002971627294402783
1751,0.32381415863995133,0.9999892512241128,0.04999946256120564,0.6834278762040072,6.357323634245156e-06
1752,0.3033785003946694,0.9999701389284665,0.04999850694642333,0.6864932249407996,0.0
1753,0.2989119171561561,0.9999626670107348,0.04999813335053674,0.6871632124265765,0.00021800679190964265
1754,0.29183434902098093,0.9999468169401142,0.04999734084700572,0.6882248476468529,0.0005236167110641754
1755,0.31911721074296695,0.9999864058925024,0.04999932029462512,0.684132418388555,0.0007666867449295234
1756,0.30182648409734375,0.9999677294812234,0.04999838647406117,0.6867260273853985,0.0010594432507819592
1757,0.3060413342071102,0.9999738612808194,0.04999869306404098,0.6860937998689335,0.00030054768895782386
1758,0.3224076302740905,0.9999884680953403,0.04999942340476701,0.6836388554588864,0.0004901779579263719
1759,0.3021851192458918,0.9999683029727735,0.049998415148638675,0.6866722321131162,0.0005579759913382002
1760,0.31623991093133674,0.9999843025337528,0.049999215126687646,0.6845640133602995,0.0005122026150233856
1761,0.31153609246640984,0.9999801404286485,0.04999900702143242,0.6852695861300385,0.0003643674263188076
1762,0.3011322408419519,0.9999665896709563,0.04999832948354782,0.6868301638737072,0.0005779356681809573
1763,0.2980922235712563,0.9999611052031796,0.049998055260158984,0.6872861664643115,0.00027607520729295947
1764,0.32434530533863565,0.9999895329228261,0.04999947664614131,0.6833482041992046,1.0990711291072728e-05
1765,0.30046251897211756,0.999965451986204,0.0499982725993102,0.6869306221541823,0.0
1766,0.32004285970939134,0.9999870207154139,0.049999351035770696,0.6839935710435913,0.0
1767,0.3136895217240512,0.9999821676069226,0.04999910838034613,0.6849465717413923,0.0
1768,0.3098135277637702,0.9999783541765475,0.049998917708827376,0.6855279708354345,0.00021424153447544797
1769,0.3223377538335319,0.9999884277349189,0.04999942138674595,0.6836493369249702,0.0
1770,0.301640761803887,0.9999674284276004,0.04999837142138003,0.686753885729417,0.000186209928189371
1771,0.3254976756849593,0.9999901189686632,0.049999505948433165,0.683175348647256,0.0001835281747884613
1772,0.3172828335865465,0.999985100107791,0.04999925500538955,0.684407574962018,4.958304749507081e-05
1773,0.2997681096533215,0.9999642314396124,0.04999821157198062,0.6870347835520018,0.0
1774,0.3089902881228533,0.9999774446205014,0.049998872231025074,0.685651456781572,6.366196084935307e-05
1775,0.3295260566313968,0.9999919215530255,0.04999959607765128,0.6825710915052905,0.00043189478337792454
1776,0.3288262371832877,0.9999916338790299,0.049999581693951495,0.6826760644225068,0.00034363127047100627
1777,0.3179530710864545,0.999985591150093,0.049999279557504654,0.6843070393370319,0.0001532143180509223
1778,0.3128430489035142,0.9999813966902338,0.04999906983451169,0.6850735426644728,0.0002971127556871448
1779,0.3402682088106306,0.9999952786470707,0.04999976393235354,0.6809597686784054,0.0004427720804393723
1780,0.31949413397924226,0.9999866596867983,0.04999933298433992,0.6840758799031137,0.00031713468082760713
1781,0.34192364896168437,0.999995653704976,0.0499997826852488,0.6807114526557473,0.00022101345374824502
1782,0.32593827745104265,0.9999903342663312,0.049999516713316566,0.6831092583823436,0.0005270755099999408
1783,0.3124120136312732,0.999980991412179,0.04999904957060895,0.685138197955309,0.0002190864996627973
1784,0.3265453896438428,0.9999906232642725,0.04999953116321362,0.6830181915534236,0.0006636845490181145
1785,0.31769120388191485,0.9999854012520962,0.049999270062604816,0.6843463194177127,0.0004817195085969355
1786,0.3093532668378333,0.9999778502753315,0.049998892513766574,0.6855970099743249,0.00048196923872275945
1787,0.33250777890475547,0.999993040451141,0.04999965202255705,0.6821238331642867,0.0003696768377915185
1788,0.3272807296624884,0.9999909617548359,0.0499995480877418,0.6829078905506267,0.0004906547960451983
1789,0.31792351316022555,0.9999855698398707,0.04999927849199354,0.6843114730259662,0.0
1790,0.3252837969891693,0.9999900127356014,0.049999500636780075,0.6832074304516246,6.959315001605022e-05
1791,0.311469170020932,0.9999800738661174,0.04999900369330587,0.6852796244968602,0.00010335220321237746
1792,0.3185947244666691,0.9999860460812805,0.049999302304064026,0.6842107913299996,3.3223420762330804e-05
1793,0.3348079948076538,0.999993796556047,0.049999689827802354,0.6817788007788519,9.60826356749403e-06
1794,0.3282361478877954,0.9999913833657783,0.04999956916828892,0.6827645778168306,0.0001844364319191624
1795,0.3226358809419653,0.9999885989539523,0.04999942994769762,0.6836046178587052,0.00017484288632552093
1796,0.32144121216758564,0.9999878971877046,0.04999939485938523,0.6837838181748621,0.0005643544367955825
1797,0.30809485737148057,0.9999764118586407,0.049998820592932036,0.6857857713942779,0.0005768246170951496
1798,0.32065121209544933,0.9999874095654534,0.04999937047827267,0.6839023181856826,0.0009039949699570053
1799,0.33393651517230044,0.9999935202733903,0.04999967601366952,0.681909522724155,0.00017823278969285268
1800,0.3180028588057012,0.9999856269741577,0.04999928134870789,0.6842995711791447,0.0005511895462216596
1801,0.3332812744633441,0.9999933044700021,0.049999665223500106,0.6820078088304984,0.0006953097512634771
1802,0.3406317264651289,0.9999953636862577,0.04999976818431289,0.6809052410302306,0.00014410491712781785
1803,0.3153343359693821,0.9999835754472394,0.04999917877236197,0.6846998496045926,7.243032525983036e-05
1804,0.3247114519128598,0.9999897228016886,0.04999948614008443,0.683293282213071,2.2167460996437814e-05
1805,0.32821905986793365,0.999991376000635,0.04999956880003176,0.68276714101981,0.0
1806,0.3346239453556671,0.9999937392059046,0.049999686960295234,0.68180640819665,0.0002127727495426364
1807,0.3355049815061546,0.999994009017083,0.049999700450854154,0.6816742527740768,0.00011299175794215839
1808,0.32976495702504793,0.9999920174754255,0.04999960087377128,0.6825352564462428,0.0005818864703943331
1809,0.31030464580730116,0.9999788792251402,0.04999894396125701,0.6854543031289048,0.00013666783685894416
1810,0.31444956949198166,0.9999828325540043,0.04999914162770022,0.6848325645762028,0.0001812004882665409
1811,0.3486553327432593,0.999996895847235,0.04999984479236175,0.679701700088511,0.0002797969280691669
1812,0.3277782276714666,0.9999911838051135,0.04999955919025568,0.68283326584928,0.000717703328575518
1813,0.33693692152542,0.9999944229559012,0.049999721147795065,0.681459461771187,0.00013759050621661012
1814,0.3494928277114205,0.9999970231485084,0.04999985115742542,0.6795760758432869,0.0002818124159007654
1815,0.3247554254559307,0.9999897453728755,0.04999948726864378,0.6832866861816104,0.0006600624622180378
1816,0.33462312271419237,0.9999937389483814,0.049999686947419075,0.6818065315928711,0.0005737684885250545
1817,0.323029563315443,0.9999888211766824,0.049999441058834124,0.6835455655026835,0.000492534579370534
1818,0.3286150292098316,0.9999915450620582,0.04999957725310292,0.6827077456185252,0.0005614229389852217
1819,0.3285244674717397,0.9999915066908811,0.04999957533454406,0.6827213298792391,0.00020466627748524436
1820,0.33611651082194793,0.9999941894269,0.049999709471345,0.6815825233767078,0.00015234767655002385
1821,0.33451773266780355,0.9999937058688835,0.049999685293444174,0.6818223400998294,0.00023933702660252794
1822,0.3314223087862492,0.9999926522968269,0.04999963261484135,0.6822866536820626,0.00010790167292778417
1823,0.3236237636194522,0.9999891484109515,0.04999945742054758,0.6834564354570821,0.00018896127019879478
1824,0.3417912480788287,0.9999956248369887,0.049999781241849436,0.6807313127881757,2.4277431338350506e-05
1825,0.3326726104726952,0.9999930975727033,0.04999965487863517,0.6820991084290957,0.0
1826,0.32521612730433047,0.9999899788869573,0.04999949894434787,0.6832175809043504,0.0
1827,0.32866107930889943,0.9999915645070359,0.049999578225351796,0.6827008381036651,0.0
1828,0.3491427968854769,0.9999969705905962,0.049999848529529815,0.6796285804671784,0.000439855878575094
1829,0.34163192879712234,0.9999955898455657,0.04999977949227829,0.6807552106804317,0.000465122822950422
1830,0.34623243181957875,0.9999964960690634,0.04999982480345317,0.6800651352270631,0.00018440260213837121
1831,0.35409850330768694,0.9999976354611158,0.04999988177305579,0.6788852245038469,0.0
1832,0.3536654351568866,0.9999975837025631,0.04999987918512816,0.678950184726467,8.231867807436999e-05
1833,0.34089816060959455,0.9999954250400138,0.049999771252000696,0.6808652759085608,8.92254691507422e-05
1834,0.33691691760426307,0.9999944173750043,0.049999720868750215,0.6814624623593605,0.0
1835,0.3517677142508969,0.9999973432005378,0.04999986716002689,0.6792348428623655,0.00033317585893675474
1836,0.3282253413482279,0.9999913787087605,0.04999956893543803,0.6827661987977658,0.00016416888388297963
1837,0.33763280174342425,0.9999946136655726,0.049999730683278634,0.6813550797384863,0.0
1838,0.32988870632257306,0.9999920667141357,0.049999603335706785,0.682516694051614,0.00013167534280375643
1839,0.3384014540025488,0.9999948167479169,0.04999974083739585,0.6812397818996176,0.00040020150488516383
1840,0.332755937296311,0.9999931262705486,0.04999965631352743,0.6820866094055533,0.00017385226300960978
1841,0.32853818599741075,0.999991512514618,0.0499995756257309,0.6827192721003884,0.0002481291681794421
1842,0.3541926662047037,0.9999976465675153,0.049999882328375767,0.6788711000692944,0.0
1843,0.3252730932803064,0.9999900073891856,0.049999500369459285,0.683209036007954,4.2031885316489245e-05
1844,0.33097984120046176,0.9999924879305592,0.04999962439652796,0.6823530238199307,0.0
1845,0.3404228485199065,0.999995315011566,0.0499997657505783,0.680936572722014,0.00015828641629113462
1846,0.3510103563887776,0.9999972406642534,0.049999862033212675,0.6793484465416834,0.0001808802677487744
1847,0.34421389860797585,0.999996123968769,0.049999806198438454,0.6803679152088036,0.00016092694267436726
1848,0.3458308921299511,0.9999964250100087,0.04999982125050044,0.6801253661805073,5.842213791109177e-05
1849,0.3569818855798326,0.9999979529203186,0.04999989764601593,0.6784527171630251,0.0004243104740028611
1850,0.3399950317342739,0.9999952137166821,0.04999976068583411,0.6810007452398589,6.964470941733626e-05
1851,0.34429455800747377,0.9999961395691472,0.049999806978457365,0.6803558162988789,0.0004787541537407875
1852,0.3298137528666231,0.9999920369272317,0.04999960184636159,0.6825279370700065,0.0001299306953951469
1853,0.3240917102913808,0.9999893993592999,0.049999469967965,0.6833862434562928,0.00012819387103260848
1854,0.35342487597892297,0.9999975544640204,0.049999877723201025,0.6789862686031616,0.0
1855,0.34052350864208897,0.9999953385317931,0.04999976692658966,0.6809214737036866,6.893114736636273e-05
1856,0.3495792266292522,0.9999970359805708,0.04999985179902854,0.6795631160056121,0.0003206632546486996
1857,0.34653301206206805,0.9999965483357598,0.04999982741678799,0.6800200481906897,0.0004298248964844637
1858,0.33183557142662923,0.9999928025644484,0.049999640128222424,0.6822246642860056,0.00040436388762442544
1859,0.3566193891511518,0.9999979154791601,0.049999895773958004,0.6785070916273273,0.0005216325132633249
1860,0.3305221396095817,0.9999923140353606,0.04999961570176803,0.6824216790585628,0.00026581940105269543
1861,0.33557685043524915,0.9999940305065969,0.04999970152532984,0.6816634724347126,6.263614485063398e-05
1862,0.35135723817387965,0.9999972881096513,0.04999986440548257,0.6792964142739181,0.0005404392709397798
1863,0.3655280440805975,0.9999986647653841,0.049999933238269206,0.6771707933879103,0.0
1864,0.3552825573369906,0.9999977713846742,0.04999988856923371,0.6787076163994514,0.00013249001879467564
1865,0.3451234957821009,0.9999962963009439,0.0499998148150472,0.6802314756326848,0.00015980485750186548
1866,0.34747718428354996,0.9999967074970479,0.0499998353748524,0.6798784223574674,0.0005669498332852771
1867,0.34427392521138384,0.9999961355845334,0.04999980677922667,0.6803589112182924,0.0006003603323993462
1868,0.3482291079514256,0.9999968289841646,0.049999841449208236,0.6797656338072862,0.0002808870786066485
1869,0.35835310750333077,0.9999980885669068,0.04999990442834534,0.6782470338745004,0.00023555298858548055
1870,0.34313421552336093,0.9999959089744237,0.049999795448721185,0.6805298676714958,0.0001938459263009087
1871,0.36994755730443446,0.9999989294937983,0.049999946474689916,0.6765078664043348,0.00036584571323810676
1872,0.3573186639124366,0.9999979871022523,0.04999989935511262,0.6784022004131345,0.000512392003881403
1873,0.34080159272460586,0.9999954028969901,0.049999770144849506,0.6808797610913091,0.0
1874,0.34404434697467073,0.9999960909698483,0.04999980454849242,0.6803933479537994,0.0
1875,0.362143867736151,0.9999984185919997,0.049999920929599984,0.6776784198395773,1.1102486559675645e-05
1876,0.3552001178276933,0.9999977621794381,0.04999988810897191,0.678719982325846,0.00011930556178208161
1877,0.3367007190253242,0.999994356700211,0.04999971783501055,0.6814948921462013,0.00010362634277743694
1878,0.34536889359892836,0.9999963414671021,0.04999981707335511,0.6801946659601608,0.0005010998332654915
1879,0.3459231348724823,0.9999964414603295,0.04999982207301648,0.6801115297691276,0.00016779243465661552
1880,0.34170848698617734,0.9999956066948941,0.049999780334744705,0.6807437269520734,0.0
1881,0.3612561022805778,0.9999983468149002,0.04999991734074501,0.6778115846579134,0.0
1882,0.36575520323712324,0.999998679845103,0.049999933992255156,0.6771367195144314,0.00011137998006440393
1883,0.35517503626254326,0.9999977593712819,0.0499998879685641,0.6787237445606185,0.0004022824456205926
1884,0.35683095685622146,0.9999979374137581,0.049999896870687906,0.6784753564715668,0.0001525839378293661
1885,0.36614017632676116,0.9999987050132718,0.049999935250663596,0.6770789735509858,0.00044616228571132266
1886,0.35577100321961946,0.9999978251532069,0.04999989125766035,0.678634349517057,0.0
1887,0.36382269036699866,0.9999985459182734,0.049999927295913675,0.6774265964449502,0.0
1888,0.35310317011072007,0.9999975148088771,0.04999987574044386,0.679034524483392,0.0
1889,0.3586669453909287,0.9999981183267517,0.049999905916337586,0.6781999581913607,3.9387648593883436e-05
1890,0.3795477077226829,0.9999993375932532,0.04999996687966266,0.6750678438415976,0.00035988301452096757
1891,0.37086368940346,0.9999989774238656,0.04999994887119328,0.676370446589481,0.0003007849394962925
1892,0.37495844469749795,0.9999991667424577,0.04999995833712289,0.6757562332953753,0.000469788482913031
1893,0.35943162143081775,0.9999981889121707,0.04999990944560854,0.6780852567853773,0.0004483712596057591
1894,0.36646627830772094,0.9999987259569236,0.04999993629784619,0.6770300582538419,0.00036845086718542794
1895,0.34312466257804897,0.9999959070198978,0.04999979535099489,0.6805313006132926,0.0002960308351166826
1896,0.3526723492636753,0.9999974606946599,0.049999873034732994,0.6790991476104487,2.3585579590578695e-05
1897,0.35951848337715436,0.9999981967608312,0.04999990983804156,0.6780722274934268,0.00028220882790133694
1898,0.352421425300963,0.9999974286354237,0.04999987143177119,0.6791367862048555,2.611396082515834e-05
1899,0.35035501497828025,0.9999971487515306,0.04999985743757653,0.679446747753258,0.0
1900,0.359400108587815,0.9999981860563004,0.049999909302815025,0.6780899837118277,0.0
1901,0.37303133915259173,0.9999990824583612,0.049999954122918064,0.6760452991271112,0.0
1902,0.3647854522269953,0.9999986142568573,0.049999930712842866,0.6772821821659507,0.0
1903,0.35314992440476256,0.9999975206117452,0.04999987603058726,0.6790275113392856,0.0
1904,0.3618131952394705,0.9999983922282917,0.04999991961141459,0.6777280207140794,0.0
1905,0.3505447266425851,0.9999971756693414,0.04999985878346708,0.6794182910036122,0.0
1906,0.35877557773293184,0.9999981285195544,0.04999990642597772,0.6781836633400602,1.820803247222571e-05
1907,0.3517008525135952,0.9999973343037872,0.04999986671518936,0.6792448721229607,0.0
1908,0.38010106985364134,0.99999935566956,0.049999967783478004,0.6749848395219538,0.00010946137537537759
1909,0.3500918364192568,0.9999971109843229,0.04999985554921615,0.6794862245371115,0.0
1910,0.35762497805219684,0.9999980176962606,0.049999900884813035,0.6783562532921704,0.0
1911,0.36801477890658807,0.9999988208775993,0.04999994104387997,0.6767977831640117,0.0
1912,0.35855124080621176,0.9999981074093117,0.049999905370465586,0.6782173138790683,0.0002254614857107396
1913,0.3889534886690995,0.9999995861138279,0.049999979305691396,0.6736569766996351,0.0
1914,0.3717881838889946,0.9999990236162789,0.04999995118081395,0.6762317724166508,0.0
1915,0.365090516502038,0.9999986352334777,0.04999993176167389,0.6772364225246943,0.0
1916,0.3712213290651566,0.9999989955470145,0.04999994977735073,0.6763168006402265,0.0
1917,0.36995128791407883,0.9999989296934615,0.049999946484673076,0.6765073068128882,0.0002157805944175136
1918,0.3777262249942199,0.9999992744326782,0.049999963721633914,0.675341066250867,0.0
1919,0.3549596246194685,0.9999977351080308,0.04999988675540154,0.6787560563070797,6.631395038696447e-05
1920,0.37773833775174803,0.9999992748719759,0.0499999637435988,0.6753392493372378,7.744951988695849e-05
1921,0.3661164545388966,0.9999987034763925,0.04999993517381963,0.6770825318191654,0.0
1922,0.37301855270807976,0.9999990818715695,0.04999995409357848,0.676047217093788,0.0
1923,0.3742916815366507,0.9999991384949666,0.04999995692474833,0.6758562477695024,0.00021388749858783886
1924,0.38324513355509343,0.9999994493999912,0.049999972469999564,0.674513229966736,0.000265595143612707
1925,0.37185017272726967,0.9999990266378356,0.04999995133189178,0.6762224740909095,0.00013263687809395643
1926,0.38278328663088923,0.9999994365374105,0.04999997182687053,0.6745825070053666,0.0
1927,0.36046209337933305,0.9999982798626043,0.04999991399313022,0.6779306859931,3.6046906598310604e-05
1928,0.3791015325826438,0.999999322649726,0.049999966132486307,0.6751347701126034,0.0
1929,0.3726905160610339,0.9999990666884195,0.04999995333442098,0.6760964225908449,0.0
1930,0.36582808181731596,0.9999986846468933,0.04999993423234467,0.6771257877274026,0.0005249276577113115
1931,0.3695298923887453,0.9999989069031163,0.04999994534515582,0.6765705161416882,0.000277487933328179
1932,0.373917691003965,0.999999122233679,0.04999995611168395,0.6759123463494052,0.00037551042241810816
1933,0.363830422278516,0.9999985464803056,0.049999927324015286,0.6774254366582226,0.00048106511095915314
1934,0.3602173546275568,0.9999982586841114,0.049999912934205575,0.6779673968058665,0.000660183768813827
1935,0.36105629550038015,0.9999983302162732,0.04999991651081366,0.677841555674943,0.00018821193799058102
1936,0.38162989531695185,0.9999994030875371,0.049999970154376856,0.6747555157024572,0.00015254301581732224
1937,0.3869850499871165,0.9999995433063203,0.04999997716531602,0.6739522425019325,0.0
1938,0.3711438925553859,0.9999989916504131,0.04999994958252066,0.6763284161166921,9.292989737384138e-06
1939,0.3906149186418923,0.9999996191066084,0.049999980955330425,0.6734077622037161,4.715149428278426e-05
1940,0.3754568009823622,0.9999991872488492,0.04999995936244246,0.6756814798526456,0.0
1941,0.3694158484921046,0.9999989006522669,0.04999994503261335,0.6765876227261843,0.0
1942,0.36606057270091996,0.9999986998487254,0.04999993499243627,0.677090914094862,6.378815723562024e-05
1943,0.37332972626926914,0.9999990960458687,0.04999995480229344,0.6760005410596096,0.0
1944,0.36765569501325607,0.9999987995162426,0.04999993997581213,0.6768516457480116,0.0
1945,0.3874634384104348,0.9999995541005534,0.049999977705027676,0.6738804842384347,0.0
1946,0.3897537319040928,0.9999996023473665,0.04999998011736833,0.673536940214386,0.0
1947,0.3866503696921437,0.9999995355997037,0.04999997677998519,0.6740024445461784,0.0
1948,0.3837245106675021,0.9999994624403309,0.049999973122016546,0.6744413233998746,0.0001431981177341129
1949,0.39037147978589887,0.999999614442067,0.04999998072210335,0.6734442780321152,0.0001749223985962445
1950,0.37346917822577114,0.9999991023268486,0.049999955116342434,0.6759796232661343,0.0004302423061450235
1951,0.3512374362448853,0.9999972718164608,0.04999986359082304,0.6793143845632672,0.0
1952,0.3908879670342136,0.9999996242713869,0.04999998121356935,0.6733668049448679,0.0
1953,0.3948449984391187,0.9999996917177971,0.04999998458588986,0.6727732502341321,0.00014546207790228492
1954,0.37979208026016836,0.9999993456377027,0.04999996728188513,0.6750311879609747,0.00011091409651708206
1955,0.38779842813834436,0.9999995615069373,0.04999997807534687,0.6738302357792483,9.897501616417045e-05
1956,0.3794350226706913,0.999999333850555,0.04999996669252775,0.6750847465993963,0.00013514509298792602
1957,0.3670070325808708,0.9999987599425751,0.04999993799712876,0.6769489451128694,0.0
1958,0.39351349628561916,0.9999996704952752,0.04999998352476376,0.6729729755571571,0.0
1959,0.3697210672308008,0.9999989173019571,0.04999994586509786,0.6765418399153799,0.0
1960,0.40331978361666276,0.999999798200132,0.0499999899100066,0.6715020324575005,0.0
1961,0.38665425813813753,0.9999995356899847,0.04999997678449924,0.6740018612792793,3.628133053171391e-05
1962,0.3767117411026565,0.9999992366794825,0.04999996183397413,0.6754932388346016,0.00045162358841133627
1963,0.3824215576682276,0.9999994262536614,0.04999997131268308,0.6746367663497659,0.0
1964,0.38946389369328804,0.9999995965426633,0.04999997982713317,0.6735804159460068,0.0
1965,0.39399931722542,0.9999996784028569,0.04999998392014285,0.672900102416187,0.00019315704780653635
1966,0.3832341869096766,0.9999994490985478,0.04999997245492739,0.6745148719635485,0.00021595605458618914
1967,0.38955582453888404,0.9999995983929156,0.04999997991964578,0.6735666263191674,0.0001346400097144504
1968,0.3860632659183282,0.9999995217650863,0.04999997608825432,0.6740905101122507,0.0
1969,0.38632915404239015,0.9999995280808573,0.04999997640404287,0.6740506268936415,0.0004061672831876803
1970,0.3832566264477055,0.9999994497162995,0.049999972485814975,0.6745115060328442,0.00031022869022653675
1971,0.3937594062812676,0.9999996745218938,0.04999998372609469,0.6729360890578099,1.829003212909538e-05
1972,0.39463565567978015,0.9999996884740188,0.04999998442370094,0.6728046516480329,0.00031314305096929323
1973,0.40423208702038016,0.9999998071984747,0.04999999035992374,0.6713651869469429,0.0002458251532636972
1974,0.4012516858178725,0.9999997762159952,0.04999998881079976,0.6718122471273191,0.0002717412472811294
1975,0.38708276215059545,0.999999545532104,0.049999977276605205,0.6739375856774107,0.00019698606177987485
1976,0.37192583935871154,0.9999990303134264,0.049999951515671326,0.6762111240961932,0.0003308524168042076
1977,0.3808469580003775,0.9999993792568954,0.049999968962844775,0.6748729562999434,0.00021869228466998077
1978,0.38242184387820716,0.999999426261872,0.049999971313093604,0.6746367234182689,0.0006156402991321149
1979,0.38531626723397827,0.9999995035652878,0.04999997517826439,0.6742025599149032,0.0004869130813871401
1980,0.3891573600235972,0.9999995903113725,0.04999997951556863,0.6736263959964603,0.00012361867501159036
1981,0.4022441127566419,0.9999997870494484,0.04999998935247242,0.6716633830865036,3.3528531177845715e-05
1982,0.4042146975557764,0.9999998070307662,0.04999999035153831,0.6713677953666335,0.0
1983,0.40704447662653814,0.9999998324902032,0.04999999162451016,0.6709433285060192,0.00046639924341703543
1984,0.3972349774120434,0.9999997264411717,0.04999998632205859,0.6724147533881935,0.0004347073134762985
1985,0.40322175440898755,0.9999997972085899,0.0499999898604295,0.6715167368386519,0.00046992715769009533
1986,0.39335438148203455,0.9999996678633667,0.049999983393168336,0.6729968427776948,0.0006134427581255249
1987,0.400512881692494,0.9999997677947869,0.04999998838973935,0.6719230677461259,0.0001613865897221174
1988,0.39014911372519184,0.9999996101313994,0.04999998050656997,0.6734776329412212,0.0004331789020576242
1989,0.39551511970984704,0.9999997018759864,0.049999985093799326,0.672672732043523,0.00010087599106780524
1990,0.3902782266884453,0.9999996126401465,0.04999998063200733,0.6734582659967332,0.0
1991,0.3909925287520681,0.9999996262306015,0.04999998131153008,0.6733511206871897,0.00014541661591434222
1992,0.3995027969260282,0.9999997557662529,0.04999998778831265,0.6720745804610957,0.0
1993,0.39162381101223054,0.9999996378440484,0.04999998189220242,0.6732564283481653,0.0001565128121199105
1994,0.4044011422616149,0.9999998088213115,0.049999990441065574,0.6713398286607577,0.0006201006223062631
1995,0.3958708059801204,0.9999997071310484,0.04999998535655242,0.6726193791029819,0.0006172697093910903
1996,0.39652102639112796,0.9999997164994017,0.04999998582497009,0.6725218460413308,0.0007632286345968398
1997,0.4003249309612916,0.9999997656023448,0.049999988280117244,0.6719512603558062,0.0010517699268831593
1998,0.38528233208106877,0.9999995027222438,0.04999997513611219,0.6742076501878397,0.0008250873233105249
1999,0.40483849770175717,0.9999998129565834,0.04999999064782917,0.6712742253447364,0.000796845498148718
