time	V(analog_val)	V(final_out)	V(noise_walk)	V(sram_out)	V(trig)	I(B_drift)	I(C_drift)	I(R_drift)	I(R_dummy)	I(S_analog)	I(S_sram)	I(V_sram)	I(V_trigger)
0.000000000000000e+00	9.990010e-01	9.990000e-01	1.000000e+00	1.000000e+00	0.000000e+00	-9.990000e-07	9.990010e-25	9.990000e-07	9.990000e-07	-9.990000e-07	-1.999998e-15	-1.999998e-15	0.000000e+00
1.953124992195698e-15	9.990010e-01	9.990000e-01	1.000000e+00	1.000000e+00	0.000000e+00	-9.990000e-07	-5.684342e-14	9.990000e-07	9.990000e-07	-9.990000e-07	-1.999998e-15	-1.999998e-15	0.000000e+00
3.906249984391395e-15	9.990010e-01	9.990000e-01	1.000000e+00	1.000000e+00	0.000000e+00	-9.990000e-07	-5.684342e-14	9.990000e-07	9.990000e-07	-9.990000e-07	-1.999998e-15	-1.999998e-15	0.000000e+00
7.812499968782791e-15	9.990010e-01	9.990000e-01	1.000000e+00	1.000000e+00	0.000000e+00	-9.990000e-07	-5.684342e-14	9.990000e-07	9.990000e-07	-9.990000e-07	-1.999998e-15	-1.999998e-15	0.000000e+00
1.562499993756558e-14	9.990010e-01	9.990000e-01	1.000000e+00	1.000000e+00	0.000000e+00	-9.990000e-07	0.000000e+00	9.990000e-07	9.990000e-07	-9.990000e-07	-1.999998e-15	-1.999998e-15	0.000000e+00
3.124999987513116e-14	9.990010e-01	9.990000e-01	1.000000e+00	1.000000e+00	0.000000e+00	-9.990000e-07	1.421085e-14	9.990000e-07	9.990000e-07	-9.990000e-07	-1.999998e-15	-1.999998e-15	0.000000e+00
6.249999975026233e-14	9.990010e-01	9.990000e-01	1.000000e+00	1.000000e+00	0.000000e+00	-9.990000e-07	0.000000e+00	9.990000e-07	9.990000e-07	-9.990000e-07	-1.999998e-15	-1.999998e-15	0.000000e+00
1.249999995005247e-13	9.990010e-01	9.990000e-01	1.000000e+00	1.000000e+00	0.000000e+00	-9.990000e-07	3.552714e-15	9.990000e-07	9.990000e-07	-9.990000e-07	-1.999998e-15	-1.999998e-15	0.000000e+00
2.499999990010493e-13	9.990010e-01	9.990000e-01	1.000000e+00	1.000000e+00	0.000000e+00	-9.990000e-07	0.000000e+00	9.990000e-07	9.990000e-07	-9.990000e-07	-1.999998e-15	-1.999998e-15	0.000000e+00
4.999999980020986e-13	9.990010e-01	9.990000e-01	1.000000e+00	1.000000e+00	0.000000e+00	-9.990000e-07	-5.329071e-15	9.990000e-07	9.990000e-07	-9.990000e-07	-1.999998e-15	-1.999998e-15	0.000000e+00
9.999999960041972e-13	9.990010e-01	9.990000e-01	1.000000e+00	1.000000e+00	0.000000e+00	-9.989999e-07	-5.684342e-14	9.989999e-07	9.990000e-07	-9.990000e-07	-1.999998e-15	-1.999998e-15	0.000000e+00
1.999999992008394e-12	9.990010e-01	9.990000e-01	1.000000e+00	1.000000e+00	0.000000e+00	-9.989996e-07	-4.449774e-13	9.989996e-07	9.990000e-07	-9.990000e-07	-1.999998e-15	-1.999998e-15	0.000000e+00
3.999999984016789e-12	9.990010e-01	9.990000e-01	1.000000e+00	1.000000e+00	0.000000e+00	-9.989965e-07	-3.512302e-12	9.989965e-07	9.990000e-07	-9.990000e-07	-1.999998e-15	-1.999998e-15	0.000000e+00
7.999999968033578e-12	9.990010e-01	9.990000e-01	1.000000e+00	1.000000e+00	0.000000e+00	-9.989727e-07	-2.729789e-11	9.989727e-07	9.990000e-07	-9.990000e-07	-1.999998e-15	-1.999998e-15	0.000000e+00
1.599999993606716e-11	9.990010e-01	9.990000e-01	9.999998e-01	1.000000e+00	0.000000e+00	-9.987945e-07	-2.055800e-10	9.987945e-07	9.990000e-07	-9.990000e-07	-2.000000e-15	-2.000000e-15	0.000000e+00
3.199999987213431e-11	9.990010e-01	9.990000e-01	9.999986e-01	1.000000e+00	0.000000e+00	-9.975589e-07	-1.441115e-09	9.975589e-07	9.990000e-07	-9.990000e-07	-2.000026e-15	-2.000026e-15	0.000000e+00
6.399999974426862e-11	9.990008e-01	9.989998e-01	9.999915e-01	1.000000e+00	0.000000e+00	-9.906852e-07	-8.314704e-09	9.906852e-07	9.989998e-07	-9.989998e-07	-2.000339e-15	-2.000339e-15	0.000000e+00
1.279999994885372e-10	9.990000e-01	9.989990e-01	9.999809e-01	1.000000e+00	0.000000e+00	-9.808632e-07	-1.813578e-08	9.808632e-07	9.989990e-07	-9.989990e-07	-2.002031e-15	-2.002031e-15	0.000000e+00
2.559999989770745e-10	9.989966e-01	9.989956e-01	9.999610e-01	1.000000e+00	0.000000e+00	-9.644284e-07	-3.456725e-08	9.644284e-07	9.989956e-07	-9.989956e-07	-2.008777e-15	-2.008777e-15	0.000000e+00
4.513124989770745e-10	9.989935e-01	9.989924e-01	9.999945e-01	1.000000e+00	0.000000e+00	-1.001071e-06	2.079010e-09	1.001071e-06	9.989924e-07	-9.989924e-07	-2.015123e-15	-2.015123e-15	0.000000e+00
6.466249989770745e-10	9.989803e-01	9.989793e-01	9.998422e-01	1.000000e+00	0.000000e+00	-8.619197e-07	-1.370596e-07	8.619197e-07	9.989792e-07	-9.989792e-07	-2.041486e-15	-2.041486e-15	0.000000e+00
8.419374989770745e-10	9.989590e-01	9.989581e-01	9.998777e-01	1.000000e+00	0.000000e+00	-9.186664e-07	-8.029158e-08	9.186664e-07	9.989581e-07	-9.989581e-07	-2.083937e-15	-2.083937e-15	0.000000e+00
1.037249998977074e-09	9.989501e-01	9.989491e-01	9.999377e-01	1.000000e+00	0.000000e+00	-9.876143e-07	-1.133479e-08	9.876143e-07	9.989491e-07	-9.989491e-07	-2.101833e-15	-2.101833e-15	0.000000e+00
1.232562498977074e-09	9.989445e-01	9.989435e-01	9.998978e-01	1.000000e+00	0.000000e+00	-9.533297e-07	-4.561376e-08	9.533297e-07	9.989435e-07	-9.989435e-07	-2.112956e-15	-2.112956e-15	0.000000e+00
1.427874998977074e-09	9.989035e-01	9.989025e-01	9.995278e-01	1.000000e+00	0.000000e+00	-6.242941e-07	-3.746084e-07	6.242941e-07	9.989025e-07	-9.989025e-07	-2.195030e-15	-2.195030e-15	0.000000e+00
1.623187498977074e-09	9.988527e-01	9.988518e-01	9.997067e-01	1.000000e+00	0.000000e+00	-8.539507e-07	-1.449011e-07	8.539507e-07	9.988518e-07	-9.988518e-07	-2.296497e-15	-2.296497e-15	0.000000e+00
1.818499998977074e-09	9.988673e-01	9.988663e-01	1.000160e+00	1.000000e+00	0.000000e+00	-1.292995e-06	2.941283e-07	1.292995e-06	9.988663e-07	-9.988663e-07	-2.267351e-15	-2.267351e-15	0.000000e+00
2.013812498977075e-09	9.989222e-01	9.989212e-01	1.000188e+00	1.000000e+00	0.000000e+00	-1.266229e-06	2.673075e-07	1.266229e-06	9.989211e-07	-9.989211e-07	-2.157696e-15	-2.157696e-15	0.000000e+00
2.209124998977075e-09	9.990217e-01	9.990208e-01	1.000773e+00	1.000000e+00	0.000000e+00	-1.751395e-06	7.523740e-07	1.751395e-06	9.990207e-07	-9.990207e-07	-1.958539e-15	-1.958539e-15	0.000000e+00
2.404437498977075e-09	9.991640e-01	9.991631e-01	1.000868e+00	1.000000e+00	0.000000e+00	-1.704371e-06	7.052077e-07	1.704371e-06	9.991630e-07	-9.991630e-07	-1.673856e-15	-1.673856e-15	0.000000e+00
2.599749998977075e-09	9.991622e-01	9.991612e-01	9.994370e-01	1.000000e+00	0.000000e+00	-2.747782e-07	-7.243830e-07	2.747782e-07	9.991612e-07	-9.991612e-07	-1.677601e-15	-1.677601e-15	0.000000e+00
2.795062498977075e-09	9.991248e-01	9.991238e-01	1.000465e+00	1.000000e+00	0.000000e+00	-1.340364e-06	3.412399e-07	1.340364e-06	9.991238e-07	-9.991238e-07	-1.752434e-15	-1.752434e-15	0.000000e+00
2.990374998977076e-09	9.990786e-01	9.990777e-01	9.992641e-01	1.000000e+00	0.000000e+00	-1.854272e-07	-8.136505e-07	1.854272e-07	9.990777e-07	-9.990777e-07	-1.844701e-15	-1.844701e-15	0.000000e+00
3.185687498977076e-09	9.990355e-01	9.990345e-01	1.000406e+00	1.000000e+00	0.000000e+00	-1.370594e-06	3.715598e-07	1.370594e-06	9.990345e-07	-9.990345e-07	-1.931047e-15	-1.931047e-15	0.000000e+00
3.380999998977076e-09	9.991837e-01	9.991827e-01	1.001329e+00	1.000000e+00	0.000000e+00	-2.145740e-06	1.146558e-06	2.145740e-06	9.991827e-07	-9.991827e-07	-1.634540e-15	-1.634540e-15	0.000000e+00
3.576312498977076e-09	9.991427e-01	9.991418e-01	9.985754e-01	1.000000e+00	0.000000e+00	5.673232e-07	-1.566465e-06	-5.673232e-07	9.991418e-07	-9.991418e-07	-1.716553e-15	-1.716553e-15	0.000000e+00
3.771624998977076e-09	9.990932e-01	9.990923e-01	1.001152e+00	1.000000e+00	0.000000e+00	-2.058969e-06	1.059877e-06	2.058969e-06	9.990922e-07	-9.990922e-07	-1.815496e-15	-1.815496e-15	0.000000e+00
3.966937498977076e-09	9.992717e-01	9.992707e-01	1.001039e+00	1.000000e+00	0.000000e+00	-1.766864e-06	7.675932e-07	1.766864e-06	9.992707e-07	-9.992707e-07	-1.458569e-15	-1.458569e-15	0.000000e+00
4.162249998977076e-09	9.994885e-01	9.994875e-01	1.001941e+00	1.000000e+00	0.000000e+00	-2.452193e-06	1.452706e-06	2.452193e-06	9.994875e-07	-9.994875e-07	-1.024917e-15	-1.024917e-15	0.000000e+00
4.357562498977076e-09	9.995232e-01	9.995222e-01	9.994250e-01	1.000000e+00	0.000000e+00	9.820531e-08	-1.097727e-06	-9.820531e-08	9.995222e-07	-9.995222e-07	-9.555853e-16	-9.555853e-16	0.000000e+00
4.552874998977076e-09	9.993945e-01	9.993935e-01	1.000174e+00	1.000000e+00	0.000000e+00	-7.794612e-07	-2.199323e-07	7.794612e-07	9.993935e-07	-9.993935e-07	-1.212940e-15	-1.212940e-15	0.000000e+00
4.748187498977075e-09	9.992080e-01	9.992070e-01	9.985165e-01	1.000000e+00	0.000000e+00	6.914322e-07	-1.690639e-06	-6.914322e-07	9.992069e-07	-9.992069e-07	-1.586099e-15	-1.586099e-15	0.000000e+00
4.943499998977075e-09	9.992087e-01	9.992077e-01	1.001906e+00	1.000000e+00	0.000000e+00	-2.697679e-06	1.698471e-06	2.697679e-06	9.992077e-07	-9.992077e-07	-1.584569e-15	-1.584569e-15	0.000000e+00
5.138812498977075e-09	9.993515e-01	9.993505e-01	1.000115e+00	1.000000e+00	0.000000e+00	-7.632579e-07	-2.360926e-07	7.632579e-07	9.993505e-07	-9.993505e-07	-1.298948e-15	-1.298948e-15	0.000000e+00
5.334124998977075e-09	9.991675e-01	9.991665e-01	9.985185e-01	1.000000e+00	0.000000e+00	6.490416e-07	-1.648208e-06	-6.490416e-07	9.991666e-07	-9.991666e-07	-1.666975e-15	-1.666975e-15	0.000000e+00
5.529437498977074e-09	9.989862e-01	9.989853e-01	9.997774e-01	1.000000e+00	0.000000e+00	-7.911981e-07	-2.077872e-07	7.911981e-07	9.989852e-07	-9.989852e-07	-2.029474e-15	-2.029474e-15	0.000000e+00
5.724749998977074e-09	9.989929e-01	9.989919e-01	1.000268e+00	1.000000e+00	0.000000e+00	-1.275104e-06	2.761119e-07	1.275104e-06	9.989919e-07	-9.989919e-07	-2.016129e-15	-2.016129e-15	0.000000e+00
5.920062498977074e-09	9.992033e-01	9.992023e-01	1.002080e+00	1.000000e+00	0.000000e+00	-2.877098e-06	1.877895e-06	2.877098e-06	9.992023e-07	-9.992023e-07	-1.595425e-15	-1.595425e-15	0.000000e+00
6.115374998977074e-09	9.994581e-01	9.994571e-01	1.001188e+00	1.000000e+00	0.000000e+00	-1.730382e-06	7.309245e-07	1.730382e-06	9.994570e-07	-9.994570e-07	-1.085891e-15	-1.085891e-15	0.000000e+00
6.310687498977074e-09	9.996037e-01	9.996027e-01	1.001364e+00	1.000000e+00	0.000000e+00	-1.760078e-06	7.604757e-07	1.760078e-06	9.996027e-07	-9.996027e-07	-7.946019e-16	-7.946019e-16	0.000000e+00
6.505999998977073e-09	9.997488e-01	9.997478e-01	1.001474e+00	1.000000e+00	0.000000e+00	-1.724979e-06	7.252312e-07	1.724979e-06	9.997478e-07	-9.997478e-07	-5.044251e-16	-5.044251e-16	0.000000e+00
6.701312498977073e-09	9.998421e-01	9.998411e-01	1.001072e+00	1.000000e+00	0.000000e+00	-1.230203e-06	2.303615e-07	1.230203e-06	9.998411e-07	-9.998411e-07	-3.177861e-16	-3.177861e-16	0.000000e+00
6.896624998977073e-09	9.999489e-01	9.999479e-01	1.001812e+00	1.000000e+00	0.000000e+00	-1.863273e-06	8.633255e-07	1.863273e-06	9.999479e-07	-9.999479e-07	-1.041756e-16	-1.041756e-16	0.000000e+00
7.091937498977073e-09	1.000188e+00	1.000187e+00	1.002776e+00	1.000000e+00	0.000000e+00	-2.587543e-06	1.587356e-06	2.587543e-06	1.000187e-06	-1.000187e-06	3.744727e-16	3.744727e-16	0.000000e+00
7.287249998977073e-09	9.999455e-01	9.999444e-01	9.968721e-01	1.000000e+00	0.000000e+00	3.073408e-06	-4.073352e-06	-3.073408e-06	9.999445e-07	-9.999445e-07	-1.110730e-16	-1.110730e-16	0.000000e+00
7.482562498977073e-09	9.994659e-01	9.994649e-01	9.996275e-01	1.000000e+00	0.000000e+00	-1.616305e-07	-8.378343e-07	1.616305e-07	9.994649e-07	-9.994649e-07	-1.070288e-15	-1.070288e-15	0.000000e+00
7.677874998977073e-09	9.990757e-01	9.990746e-01	9.969169e-01	1.000000e+00	0.000000e+00	2.158738e-06	-3.157812e-06	-2.158738e-06	9.990747e-07	-9.990747e-07	-1.850687e-15	-1.850687e-15	0.000000e+00
7.873187498977073e-09	9.989697e-01	9.989687e-01	1.002041e+00	1.000000e+00	0.000000e+00	-3.071582e-06	2.072613e-06	3.071582e-06	9.989686e-07	-9.989686e-07	-2.062640e-15	-2.062640e-15	0.000000e+00
8.068499998977072e-09	9.993446e-01	9.993436e-01	1.002111e+00	1.000000e+00	0.000000e+00	-2.766358e-06	1.767015e-06	2.766358e-06	9.993437e-07	-9.993437e-07	-1.312713e-15	-1.312713e-15	0.000000e+00
8.263812498977072e-09	9.996250e-01	9.996240e-01	1.001728e+00	1.000000e+00	0.000000e+00	-2.102988e-06	1.103365e-06	2.102988e-06	9.996239e-07	-9.996239e-07	-7.520929e-16	-7.520929e-16	0.000000e+00
8.459124998977072e-09	9.995558e-01	9.995548e-01	9.987439e-01	1.000000e+00	0.000000e+00	8.119337e-07	-1.811488e-06	-8.119337e-07	9.995548e-07	-9.995548e-07	-8.903983e-16	-8.903983e-16	0.000000e+00
8.654437498977072e-09	9.991425e-01	9.991415e-01	9.977211e-01	1.000000e+00	0.000000e+00	1.421406e-06	-2.420547e-06	-1.421406e-06	9.991415e-07	-9.991415e-07	-1.716967e-15	-1.716967e-15	0.000000e+00
8.849749998977072e-09	9.989549e-01	9.989539e-01	1.000453e+00	1.000000e+00	0.000000e+00	-1.498315e-06	4.993614e-07	1.498315e-06	9.989539e-07	-9.989539e-07	-2.092198e-15	-2.092198e-15	0.000000e+00
9.045062498977071e-09	9.990234e-01	9.990224e-01	1.000224e+00	1.000000e+00	0.000000e+00	-1.200774e-06	2.017521e-07	1.200774e-06	9.990224e-07	-9.990224e-07	-1.955262e-15	-1.955262e-15	0.000000e+00
9.240374998977071e-09	9.989827e-01	9.989817e-01	9.993630e-01	1.000000e+00	0.000000e+00	-3.803401e-07	-6.186416e-07	3.803401e-07	9.989817e-07	-9.989817e-07	-2.036686e-15	-2.036686e-15	0.000000e+00
9.435687498977071e-09	9.989697e-01	9.989688e-01	1.000455e+00	1.000000e+00	0.000000e+00	-1.485515e-06	4.865464e-07	1.485515e-06	9.989687e-07	-9.989687e-07	-2.062486e-15	-2.062486e-15	0.000000e+00
9.630999998977071e-09	9.992481e-01	9.992471e-01	1.002611e+00	1.000000e+00	0.000000e+00	-3.363049e-06	2.363802e-06	3.363049e-06	9.992472e-07	-9.992472e-07	-1.505777e-15	-1.505777e-15	0.000000e+00
9.826312498977071e-09	9.993787e-01	9.993777e-01	9.993514e-01	1.000000e+00	0.000000e+00	2.729929e-08	-1.026677e-06	-2.729929e-08	9.993777e-07	-9.993777e-07	-1.244620e-15	-1.244620e-15	0.000000e+00
1.002162499897707e-08	9.991589e-01	9.991579e-01	9.989344e-01	1.000000e+00	0.000000e+00	2.244761e-07	-1.223634e-06	-2.244761e-07	9.991579e-07	-9.991579e-07	-1.684134e-15	-1.684134e-15	0.000000e+00
1.021693749897707e-08	9.990904e-01	9.990894e-01	1.000612e+00	1.000000e+00	0.000000e+00	-1.521429e-06	5.223392e-07	1.521429e-06	9.990895e-07	-9.990895e-07	-1.821105e-15	-1.821105e-15	0.000000e+00
1.041224999897707e-08	9.992516e-01	9.992506e-01	1.001379e+00	1.000000e+00	0.000000e+00	-2.127173e-06	1.127923e-06	2.127173e-06	9.992506e-07	-9.992506e-07	-1.498789e-15	-1.498789e-15	0.000000e+00
1.060756249897707e-08	9.996826e-01	9.996817e-01	1.003968e+00	1.000000e+00	0.000000e+00	-4.285461e-06	3.285780e-06	4.285461e-06	9.996817e-07	-9.996817e-07	-6.367386e-16	-6.367386e-16	0.000000e+00
1.080287499897707e-08	9.996293e-01	9.996283e-01	9.967971e-01	1.000000e+00	0.000000e+00	2.832195e-06	-3.831823e-06	-2.832195e-06	9.996284e-07	-9.996284e-07	-7.433875e-16	-7.433875e-16	0.000000e+00
1.099818749897707e-08	9.994680e-01	9.994670e-01	1.002647e+00	1.000000e+00	0.000000e+00	-3.179369e-06	2.179902e-06	3.179369e-06	9.994670e-07	-9.994670e-07	-1.066028e-15	-1.066028e-15	0.000000e+00
1.119349999897707e-08	9.992782e-01	9.992772e-01	9.961539e-01	1.000000e+00	0.000000e+00	3.124297e-06	-4.123574e-06	-3.124297e-06	9.992772e-07	-9.992772e-07	-1.445651e-15	-1.445651e-15	0.000000e+00
1.138881249897707e-08	9.984760e-01	9.984750e-01	9.953836e-01	1.000000e+00	0.000000e+00	3.092439e-06	-4.090914e-06	-3.092439e-06	9.984750e-07	-9.984750e-07	-3.050042e-15	-3.050042e-15	0.000000e+00
1.158412499897707e-08	9.982812e-01	9.982802e-01	1.001377e+00	1.000000e+00	0.000000e+00	-3.095216e-06	2.096935e-06	3.095216e-06	9.982803e-07	-9.982803e-07	-3.439490e-15	-3.439490e-15	0.000000e+00
1.177943749897707e-08	9.989548e-01	9.989538e-01	1.004754e+00	1.000000e+00	0.000000e+00	-5.799208e-06	4.800254e-06	5.799208e-06	9.989539e-07	-9.989539e-07	-2.092384e-15	-2.092384e-15	0.000000e+00
1.197474999897707e-08	9.996558e-01	9.996548e-01	1.003033e+00	1.000000e+00	0.000000e+00	-3.377427e-06	2.377772e-06	3.377427e-06	9.996547e-07	-9.996547e-07	-6.904276e-16	-6.904276e-16	0.000000e+00
1.217006249897707e-08	9.998416e-01	9.998406e-01	1.000366e+00	1.000000e+00	0.000000e+00	-5.247496e-07	-4.750910e-07	5.247496e-07	9.998406e-07	-9.998406e-07	-3.188106e-16	-3.188106e-16	0.000000e+00
1.236537499897707e-08	9.994251e-01	9.994240e-01	9.966341e-01	1.000000e+00	0.000000e+00	2.790979e-06	-3.790403e-06	-2.790979e-06	9.994241e-07	-9.994241e-07	-1.151914e-15	-1.151914e-15	0.000000e+00
1.256068749897707e-08	9.991567e-01	9.991557e-01	1.001198e+00	1.000000e+00	0.000000e+00	-2.041481e-06	1.042325e-06	2.041481e-06	9.991556e-07	-9.991556e-07	-1.688647e-15	-1.688647e-15	0.000000e+00
1.275599999897707e-08	9.996118e-01	9.996108e-01	1.004230e+00	1.000000e+00	0.000000e+00	-4.617990e-06	3.618379e-06	4.617990e-06	9.996108e-07	-9.996108e-07	-7.783545e-16	-7.783545e-16	0.000000e+00
1.295131249897707e-08	9.997592e-01	9.997582e-01	9.986500e-01	1.000000e+00	0.000000e+00	1.109214e-06	-2.108972e-06	-1.109214e-06	9.997582e-07	-9.997582e-07	-4.835487e-16	-4.835487e-16	0.000000e+00
1.314662499897707e-08	9.995810e-01	9.995800e-01	1.000865e+00	1.000000e+00	0.000000e+00	-1.283989e-06	2.844091e-07	1.283989e-06	9.995800e-07	-9.995800e-07	-8.399083e-16	-8.399083e-16	0.000000e+00
1.334193749897707e-08	9.991399e-01	9.991389e-01	9.953373e-01	1.000000e+00	0.000000e+00	3.802611e-06	-4.801750e-06	-3.802611e-06	9.991389e-07	-9.991389e-07	-1.722201e-15	-1.722201e-15	0.000000e+00
1.353724999897707e-08	9.987887e-01	9.987876e-01	1.000992e+00	1.000000e+00	0.000000e+00	-2.203572e-06	1.204784e-06	2.203572e-06	9.987876e-07	-9.987876e-07	-2.424732e-15	-2.424732e-15	0.000000e+00
1.373256249897707e-08	9.993163e-01	9.993153e-01	1.004514e+00	1.000000e+00	0.000000e+00	-5.198126e-06	4.198811e-06	5.198126e-06	9.993154e-07	-9.993154e-07	-1.369344e-15	-1.369344e-15	0.000000e+00
1.392787499897707e-08	9.993987e-01	9.993977e-01	9.970430e-01	1.000000e+00	0.000000e+00	2.355750e-06	-3.355148e-06	-2.355750e-06	9.993977e-07	-9.993977e-07	-1.204566e-15	-1.204566e-15	0.000000e+00
1.412318749897707e-08	9.993203e-01	9.993193e-01	1.002871e+00	1.000000e+00	0.000000e+00	-3.550908e-06	2.551589e-06	3.550908e-06	9.993192e-07	-9.993192e-07	-1.361511e-15	-1.361511e-15	0.000000e+00
1.431849999897707e-08	1.000030e+00	1.000029e+00	1.005745e+00	1.000000e+00	0.000000e+00	-5.714942e-06	4.714913e-06	5.714942e-06	1.000029e-06	-1.000029e-06	5.772627e-17	5.772627e-17	0.000000e+00
1.451381249897707e-08	1.000519e+00	1.000518e+00	1.001816e+00	1.000000e+00	0.000000e+00	-1.296861e-06	2.963429e-07	1.296861e-06	1.000518e-06	-1.000518e-06	1.036486e-15	1.036486e-15	0.000000e+00
1.470912499897707e-08	1.000945e+00	1.000944e+00	1.006006e+00	1.000000e+00	0.000000e+00	-5.061384e-06	4.060440e-06	5.061384e-06	1.000944e-06	-1.000944e-06	1.887420e-15	1.887420e-15	0.000000e+00
1.490443749897707e-08	1.000891e+00	1.000890e+00	9.972810e-01	1.000000e+00	0.000000e+00	3.610013e-06	-4.610903e-06	-3.610013e-06	1.000890e-06	-1.000890e-06	1.779908e-15	1.779908e-15	0.000000e+00
1.509974999897707e-08	1.000879e+00	1.000878e+00	1.006369e+00	1.000000e+00	0.000000e+00	-5.489676e-06	4.488798e-06	5.489676e-06	1.000878e-06	-1.000878e-06	1.756059e-15	1.756059e-15	0.000000e+00
1.529506249897707e-08	1.000934e+00	1.000933e+00	9.980139e-01	1.000000e+00	0.000000e+00	2.920571e-06	-3.921504e-06	-2.920571e-06	1.000933e-06	-1.000933e-06	1.866858e-15	1.866858e-15	0.000000e+00
1.549037499897707e-08	1.000986e+00	1.000985e+00	1.006433e+00	1.000000e+00	0.000000e+00	-5.446976e-06	4.445991e-06	5.446976e-06	1.000985e-06	-1.000985e-06	1.969297e-15	1.969297e-15	0.000000e+00
1.568568749897707e-08	1.001557e+00	1.001556e+00	1.003960e+00	1.000000e+00	0.000000e+00	-2.403297e-06	1.401741e-06	2.403297e-06	1.001556e-06	-1.001556e-06	3.111431e-15	3.111431e-15	0.000000e+00
1.588099999897707e-08	1.001630e+00	1.001629e+00	1.001975e+00	1.000000e+00	0.000000e+00	-3.455423e-07	-6.560862e-07	3.455423e-07	1.001629e-06	-1.001629e-06	3.257067e-15	3.257067e-15	0.000000e+00
1.607631249897708e-08	1.001206e+00	1.001205e+00	9.985228e-01	1.000000e+00	0.000000e+00	2.682947e-06	-3.684152e-06	-2.682947e-06	1.001205e-06	-1.001205e-06	2.409365e-15	2.409365e-15	0.000000e+00
1.627162499897708e-08	1.000156e+00	1.000155e+00	9.940896e-01	1.000000e+00	0.000000e+00	6.066249e-06	-7.066404e-06	-6.066249e-06	1.000155e-06	-1.000155e-06	3.096492e-16	3.096492e-16	0.000000e+00
1.646693749897708e-08	9.995499e-01	9.995489e-01	1.001412e+00	1.000000e+00	0.000000e+00	-1.861577e-06	8.620278e-07	1.861577e-06	9.995489e-07	-9.995489e-07	-9.021418e-16	-9.021418e-16	0.000000e+00
1.666224999897708e-08	9.997817e-01	9.997807e-01	1.002293e+00	1.000000e+00	0.000000e+00	-2.511201e-06	1.511420e-06	2.511201e-06	9.997807e-07	-9.997807e-07	-4.385781e-16	-4.385781e-16	0.000000e+00
1.685756249897708e-08	9.999869e-01	9.999859e-01	1.001577e+00	1.000000e+00	0.000000e+00	-1.590173e-06	5.901874e-07	1.590173e-06	9.999859e-07	-9.999859e-07	-2.810823e-17	-2.810823e-17	0.000000e+00
1.705287499897708e-08	9.999135e-01	9.999126e-01	9.995716e-01	1.000000e+00	0.000000e+00	3.419878e-07	-1.341900e-06	-3.419878e-07	9.999126e-07	-9.999126e-07	-1.749270e-16	-1.749270e-16	0.000000e+00
1.724818749897708e-08	9.996896e-01	9.996886e-01	9.997377e-01	1.000000e+00	0.000000e+00	-4.809680e-08	-9.515917e-07	4.809680e-08	9.996886e-07	-9.996886e-07	-6.228743e-16	-6.228743e-16	0.000000e+00
1.744349999897709e-08	9.992625e-01	9.992615e-01	9.968399e-01	1.000000e+00	0.000000e+00	2.422589e-06	-3.421850e-06	-2.422589e-06	9.992615e-07	-9.992615e-07	-1.477061e-15	-1.477061e-15	0.000000e+00
1.763881249897709e-08	9.982085e-01	9.982074e-01	9.918352e-01	1.000000e+00	0.000000e+00	6.373209e-06	-7.371416e-06	-6.373209e-06	9.982075e-07	-9.982074e-07	-3.585119e-15	-3.585119e-15	0.000000e+00
1.783412499897709e-08	9.976735e-01	9.976726e-01	1.000565e+00	1.000000e+00	0.000000e+00	-2.891619e-06	1.893946e-06	2.891619e-06	9.976725e-07	-9.976725e-07	-4.654936e-15	-4.654936e-15	0.000000e+00
1.802943749897709e-08	9.984604e-01	9.984594e-01	1.005622e+00	1.000000e+00	0.000000e+00	-7.161892e-06	6.163432e-06	7.161892e-06	9.984594e-07	-9.984594e-07	-3.081231e-15	-3.081231e-15	0.000000e+00
1.822474999897709e-08	9.996933e-01	9.996923e-01	1.007155e+00	1.000000e+00	0.000000e+00	-7.461601e-06	6.461909e-06	7.461601e-06	9.996924e-07	-9.996924e-07	-6.153466e-16	-6.153466e-16	0.000000e+00
1.842006249897709e-08	1.000870e+00	1.000869e+00	1.007463e+00	1.000000e+00	0.000000e+00	-6.592725e-06	5.591855e-06	6.592725e-06	1.000869e-06	-1.000869e-06	1.738902e-15	1.738902e-15	0.000000e+00
1.861537499897709e-08	1.000510e+00	1.000510e+00	9.922330e-01	1.000000e+00	0.000000e+00	8.277508e-06	-9.278017e-06	-8.277508e-06	1.000509e-06	-1.000509e-06	1.018949e-15	1.018949e-15	0.000000e+00
1.881068749897710e-08	9.988933e-01	9.988924e-01	9.926108e-01	1.000000e+00	0.000000e+00	6.282519e-06	-7.281411e-06	-6.282519e-06	9.988923e-07	-9.988923e-07	-2.215311e-15	-2.215311e-15	0.000000e+00
1.900599999897710e-08	9.975266e-01	9.975257e-01	9.918107e-01	1.000000e+00	0.000000e+00	5.715893e-06	-6.713419e-06	-5.715893e-06	9.975257e-07	-9.975256e-07	-4.948674e-15	-4.948674e-15	0.000000e+00
1.920131249897710e-08	9.965416e-01	9.965406e-01	9.941649e-01	1.000000e+00	0.000000e+00	2.376759e-06	-3.373300e-06	-2.376759e-06	9.965406e-07	-9.965406e-07	-6.918734e-15	-6.918734e-15	0.000000e+00
1.939662499897710e-08	9.968534e-01	9.968523e-01	1.004416e+00	1.000000e+00	0.000000e+00	-7.562167e-06	6.565314e-06	7.562167e-06	9.968523e-07	-9.968523e-07	-6.295294e-15	-6.295294e-15	0.000000e+00
1.959193749897710e-08	9.977263e-01	9.977253e-01	1.001098e+00	1.000000e+00	0.000000e+00	-3.371642e-06	2.373916e-06	3.371642e-06	9.977254e-07	-9.977254e-07	-4.549352e-15	-4.549352e-15	0.000000e+00
1.978724999897710e-08	9.977562e-01	9.977552e-01	9.966862e-01	1.000000e+00	0.000000e+00	1.070058e-06	-2.067813e-06	-1.070058e-06	9.977553e-07	-9.977553e-07	-4.489566e-15	-4.489566e-15	0.000000e+00
1.998256249897710e-08	9.978140e-01	9.978130e-01	1.001471e+00	1.000000e+00	0.000000e+00	-3.657203e-06	2.659390e-06	3.657203e-06	9.978130e-07	-9.978130e-07	-4.374024e-15	-4.374024e-15	0.000000e+00
2.017787499897711e-08	9.987132e-01	9.987122e-01	1.006260e+00	1.000000e+00	0.000000e+00	-7.547214e-06	6.548502e-06	7.547214e-06	9.987122e-07	-9.987122e-07	-2.575610e-15	-2.575610e-15	0.000000e+00
2.037318749897711e-08	9.988992e-01	9.988982e-01	9.952544e-01	1.000000e+00	0.000000e+00	3.644796e-06	-4.643695e-06	-3.644796e-06	9.988983e-07	-9.988983e-07	-2.203577e-15	-2.203577e-15	0.000000e+00
2.056849999897711e-08	9.984867e-01	9.984857e-01	9.999045e-01	1.000000e+00	0.000000e+00	-1.417806e-06	4.193207e-07	1.417806e-06	9.984857e-07	-9.984857e-07	-3.028649e-15	-3.028649e-15	0.000000e+00
2.076381249897711e-08	9.988379e-01	9.988369e-01	1.003014e+00	1.000000e+00	0.000000e+00	-4.176284e-06	3.177447e-06	4.176284e-06	9.988369e-07	-9.988369e-07	-2.326156e-15	-2.326156e-15	0.000000e+00
2.095912499897711e-08	9.983885e-01	9.983875e-01	9.916068e-01	1.000000e+00	0.000000e+00	6.781694e-06	-7.780081e-06	-6.781694e-06	9.983875e-07	-9.983875e-07	-3.225107e-15	-3.225107e-15	0.000000e+00
2.115443749897711e-08	9.985813e-01	9.985803e-01	1.009335e+00	1.000000e+00	0.000000e+00	-1.075385e-05	9.755273e-06	1.075385e-05	9.985804e-07	-9.985803e-07	-2.839328e-15	-2.839328e-15	0.000000e+00
2.134974999897711e-08	9.995517e-01	9.995506e-01	1.000732e+00	1.000000e+00	0.000000e+00	-1.180153e-06	1.806019e-07	1.180153e-06	9.995506e-07	-9.995506e-07	-8.987295e-16	-8.987295e-16	0.000000e+00
2.154506249897712e-08	1.000135e+00	1.000134e+00	1.006933e+00	1.000000e+00	0.000000e+00	-6.797637e-06	5.797502e-06	6.797637e-06	1.000134e-06	-1.000134e-06	2.688677e-16	2.688677e-16	0.000000e+00
2.174037499897712e-08	1.001054e+00	1.001053e+00	1.005661e+00	1.000000e+00	0.000000e+00	-4.606933e-06	3.605880e-06	4.606933e-06	1.001053e-06	-1.001053e-06	2.105464e-15	2.105464e-15	0.000000e+00
2.193568749897712e-08	1.001412e+00	1.001411e+00	1.002471e+00	1.000000e+00	0.000000e+00	-1.059751e-06	5.833989e-08	1.059751e-06	1.001411e-06	-1.001411e-06	2.821131e-15	2.821131e-15	0.000000e+00
2.213099999897712e-08	1.000625e+00	1.000624e+00	9.935179e-01	1.000000e+00	0.000000e+00	7.107554e-06	-8.108178e-06	-7.107554e-06	1.000624e-06	-1.000624e-06	1.248899e-15	1.248899e-15	0.000000e+00
2.232631249897712e-08	9.990851e-01	9.990841e-01	9.924187e-01	1.000000e+00	0.000000e+00	6.666347e-06	-7.665431e-06	-6.666347e-06	9.990840e-07	-9.990840e-07	-1.831881e-15	-1.831881e-15	0.000000e+00
2.252162499897712e-08	9.979494e-01	9.979484e-01	9.949838e-01	1.000000e+00	0.000000e+00	2.965648e-06	-3.963597e-06	-2.965648e-06	9.979484e-07	-9.979484e-07	-4.103174e-15	-4.103174e-15	0.000000e+00
2.271693749897712e-08	9.971275e-01	9.971265e-01	9.936714e-01	1.000000e+00	0.000000e+00	3.456064e-06	-4.453190e-06	-3.456064e-06	9.971264e-07	-9.971264e-07	-5.747076e-15	-5.747076e-15	0.000000e+00
2.291224999897713e-08	9.967558e-01	9.967548e-01	9.983999e-01	1.000000e+00	0.000000e+00	-1.644078e-06	6.473232e-07	1.644078e-06	9.967548e-07	-9.967548e-07	-6.490408e-15	-6.490408e-15	0.000000e+00
2.310756249897713e-08	9.969433e-01	9.969423e-01	9.992132e-01	1.000000e+00	0.000000e+00	-2.269900e-06	1.272958e-06	2.269900e-06	9.969423e-07	-9.969423e-07	-6.115354e-15	-6.115354e-15	0.000000e+00
2.330287499897713e-08	9.978213e-01	9.978203e-01	1.006537e+00	1.000000e+00	0.000000e+00	-8.715322e-06	7.717502e-06	8.715322e-06	9.978203e-07	-9.978203e-07	-4.359406e-15	-4.359406e-15	0.000000e+00
2.349818749897713e-08	9.990879e-01	9.990870e-01	1.005340e+00	1.000000e+00	0.000000e+00	-6.252139e-06	5.253052e-06	6.252139e-06	9.990870e-07	-9.990870e-07	-1.826098e-15	-1.826098e-15	0.000000e+00
2.369349999897713e-08	9.993711e-01	9.993700e-01	9.980162e-01	1.000000e+00	0.000000e+00	1.354829e-06	-2.354199e-06	-1.354829e-06	9.993701e-07	-9.993701e-07	-1.259916e-15	-1.259916e-15	0.000000e+00
2.388881249897713e-08	1.000029e+00	1.000028e+00	1.010123e+00	1.000000e+00	0.000000e+00	-1.009340e-05	9.093375e-06	1.009340e-05	1.000028e-06	-1.000028e-06	5.632821e-17	5.632821e-17	0.000000e+00
2.408412499897713e-08	1.000381e+00	1.000380e+00	9.958944e-01	1.000000e+00	0.000000e+00	4.486867e-06	-5.487248e-06	-4.486867e-06	1.000380e-06	-1.000380e-06	7.606492e-16	7.606492e-16	0.000000e+00
2.427943749897714e-08	9.994051e-01	9.994041e-01	9.958957e-01	1.000000e+00	0.000000e+00	3.509461e-06	-4.508865e-06	-3.509461e-06	9.994042e-07	-9.994042e-07	-1.191715e-15	-1.191715e-15	0.000000e+00
2.447474999897714e-08	9.987153e-01	9.987143e-01	9.971595e-01	1.000000e+00	0.000000e+00	1.555862e-06	-2.554576e-06	-1.555862e-06	9.987143e-07	-9.987143e-07	-2.571292e-15	-2.571292e-15	0.000000e+00
2.467006249897714e-08	9.978955e-01	9.978945e-01	9.930525e-01	1.000000e+00	0.000000e+00	4.843017e-06	-5.840911e-06	-4.843017e-06	9.978945e-07	-9.978945e-07	-4.211034e-15	-4.211034e-15	0.000000e+00
2.486537499897714e-08	9.973160e-01	9.973150e-01	9.982205e-01	1.000000e+00	0.000000e+00	-9.044618e-07	-9.285318e-08	9.044618e-07	9.973151e-07	-9.973151e-07	-5.369971e-15	-5.369971e-15	0.000000e+00
2.506068749897714e-08	9.966893e-01	9.966882e-01	9.913606e-01	1.000000e+00	0.000000e+00	5.328653e-06	-6.325341e-06	-5.328653e-06	9.966882e-07	-9.966882e-07	-6.623523e-15	-6.623523e-15	0.000000e+00
2.525599999897714e-08	9.961533e-01	9.961523e-01	9.979866e-01	1.000000e+00	0.000000e+00	-1.833267e-06	8.371143e-07	1.833267e-06	9.961523e-07	-9.961523e-07	-7.695442e-15	-7.695442e-15	0.000000e+00
2.545131249897714e-08	9.959013e-01	9.959003e-01	9.934803e-01	1.000000e+00	0.000000e+00	2.421042e-06	-3.416942e-06	-2.421042e-06	9.959003e-07	-9.959003e-07	-8.199314e-15	-8.199314e-15	0.000000e+00
2.564662499897715e-08	9.965254e-01	9.965244e-01	1.007329e+00	1.000000e+00	0.000000e+00	-1.080391e-05	9.807391e-06	1.080391e-05	9.965244e-07	-9.965244e-07	-6.951181e-15	-6.951181e-15	0.000000e+00
2.584193749897715e-08	9.976865e-01	9.976855e-01	1.000766e+00	1.000000e+00	0.000000e+00	-3.079724e-06	2.082039e-06	3.079724e-06	9.976854e-07	-9.976854e-07	-4.629029e-15	-4.629029e-15	0.000000e+00
2.603724999897715e-08	9.982182e-01	9.982172e-01	1.002579e+00	1.000000e+00	0.000000e+00	-4.360527e-06	3.362310e-06	4.360527e-06	9.982172e-07	-9.982172e-07	-3.565680e-15	-3.565680e-15	0.000000e+00
2.623256249897715e-08	9.990123e-01	9.990113e-01	1.004781e+00	1.000000e+00	0.000000e+00	-5.768872e-06	4.769861e-06	5.768872e-06	9.990113e-07	-9.990113e-07	-1.977367e-15	-1.977367e-15	0.000000e+00
2.642787499897715e-08	9.995996e-01	9.995986e-01	1.001844e+00	1.000000e+00	0.000000e+00	-2.244027e-06	1.244429e-06	2.244027e-06	9.995987e-07	-9.995987e-07	-8.027024e-16	-8.027024e-16	0.000000e+00
2.662318749897715e-08	1.000064e+00	1.000063e+00	1.004579e+00	1.000000e+00	0.000000e+00	-4.514547e-06	3.514483e-06	4.514547e-06	1.000063e-06	-1.000063e-06	1.267717e-16	1.267717e-16	0.000000e+00
2.681849999897715e-08	9.994333e-01	9.994323e-01	9.904562e-01	1.000000e+00	0.000000e+00	8.977142e-06	-9.976574e-06	-8.977142e-06	9.994324e-07	-9.994324e-07	-1.135354e-15	-1.135354e-15	0.000000e+00
2.701381249897716e-08	9.994549e-01	9.994538e-01	1.010651e+00	1.000000e+00	0.000000e+00	-1.119657e-05	1.019711e-05	1.119657e-05	9.994538e-07	-9.994538e-07	-1.092280e-15	-1.092280e-15	0.000000e+00
2.720912499897716e-08	9.994292e-01	9.994282e-01	9.899691e-01	1.000000e+00	0.000000e+00	9.460166e-06	-1.045959e-05	-9.460166e-06	9.994283e-07	-9.994283e-07	-1.143546e-15	-1.143546e-15	0.000000e+00
2.740443749897716e-08	9.982644e-01	9.982634e-01	9.977944e-01	1.000000e+00	0.000000e+00	4.699754e-07	-1.468239e-06	-4.699754e-07	9.982634e-07	-9.982634e-07	-3.473198e-15	-3.473198e-15	0.000000e+00
2.759974999897716e-08	9.985021e-01	9.985011e-01	1.003403e+00	1.000000e+00	0.000000e+00	-4.900995e-06	3.902494e-06	4.900995e-06	9.985012e-07	-9.985012e-07	-2.997758e-15	-2.997758e-15	0.000000e+00
2.779506249897716e-08	9.984623e-01	9.984613e-01	9.951509e-01	1.000000e+00	0.000000e+00	3.311461e-06	-4.309923e-06	-3.311461e-06	9.984614e-07	-9.984614e-07	-3.077334e-15	-3.077334e-15	0.000000e+00
2.799037499897716e-08	9.978230e-01	9.978220e-01	9.965837e-01	1.000000e+00	0.000000e+00	1.239295e-06	-2.237117e-06	-1.239295e-06	9.978220e-07	-9.978220e-07	-4.356052e-15	-4.356052e-15	0.000000e+00
2.818568749897716e-08	9.975715e-01	9.975705e-01	9.982305e-01	1.000000e+00	0.000000e+00	-6.590363e-07	-3.385341e-07	6.590363e-07	9.975704e-07	-9.975704e-07	-4.859108e-15	-4.859108e-15	0.000000e+00
2.838099999897717e-08	9.969364e-01	9.969354e-01	9.917687e-01	1.000000e+00	0.000000e+00	5.167721e-06	-6.164656e-06	-5.167721e-06	9.969353e-07	-9.969353e-07	-6.129261e-15	-6.129261e-15	0.000000e+00
2.857631249897717e-08	9.960555e-01	9.960546e-01	9.941968e-01	1.000000e+00	0.000000e+00	1.858779e-06	-2.854834e-06	-1.858779e-06	9.960546e-07	-9.960546e-07	-7.890878e-15	-7.890878e-15	0.000000e+00
2.877162499897717e-08	9.959671e-01	9.959661e-01	9.989117e-01	1.000000e+00	0.000000e+00	-2.944631e-06	1.948665e-06	2.944631e-06	9.959660e-07	-9.959660e-07	-8.067864e-15	-8.067864e-15	0.000000e+00
2.896693749897717e-08	9.965678e-01	9.965668e-01	1.001768e+00	1.000000e+00	0.000000e+00	-5.199926e-06	4.203359e-06	5.199926e-06	9.965669e-07	-9.965669e-07	-6.866298e-15	-6.866298e-15	0.000000e+00
2.916224999897717e-08	9.971146e-01	9.971136e-01	9.995072e-01	1.000000e+00	0.000000e+00	-2.392633e-06	1.395519e-06	2.392633e-06	9.971136e-07	-9.971136e-07	-5.772768e-15	-5.772768e-15	0.000000e+00
2.935756249897717e-08	9.973532e-01	9.973522e-01	9.993980e-01	1.000000e+00	0.000000e+00	-2.044789e-06	1.047437e-06	2.044789e-06	9.973522e-07	-9.973522e-07	-5.295629e-15	-5.295629e-15	0.000000e+00
2.955287499897717e-08	9.981058e-01	9.981048e-01	1.005763e+00	1.000000e+00	0.000000e+00	-7.656936e-06	6.658831e-06	7.656936e-06	9.981047e-07	-9.981047e-07	-3.790500e-15	-3.790500e-15	0.000000e+00
2.974818749897718e-08	9.998295e-01	9.998285e-01	1.011821e+00	1.000000e+00	0.000000e+00	-1.199170e-05	1.099187e-05	1.199170e-05	9.998284e-07	-9.998284e-07	-3.431003e-16	-3.431003e-16	0.000000e+00
2.994349999897717e-08	1.001096e+00	1.001096e+00	1.004081e+00	1.000000e+00	0.000000e+00	-2.983963e-06	1.982867e-06	2.983963e-06	1.001095e-06	-1.001095e-06	2.191026e-15	2.191026e-15	0.000000e+00
3.013881249897717e-08	1.001871e+00	1.001870e+00	1.008825e+00	1.000000e+00	0.000000e+00	-6.953710e-06	5.951839e-06	6.953710e-06	1.001870e-06	-1.001870e-06	3.740772e-15	3.740772e-15	0.000000e+00
3.033412499897717e-08	1.002498e+00	1.002497e+00	1.003965e+00	1.000000e+00	0.000000e+00	-1.467252e-06	4.647554e-07	1.467252e-06	1.002497e-06	-1.002497e-06	4.994012e-15	4.994012e-15	0.000000e+00
3.052943749897717e-08	1.002138e+00	1.002137e+00	9.989855e-01	1.000000e+00	0.000000e+00	3.152241e-06	-4.154378e-06	-3.152241e-06	1.002137e-06	-1.002137e-06	4.273383e-15	4.273383e-15	0.000000e+00
3.072474999897717e-08	1.002456e+00	1.002455e+00	1.010871e+00	1.000000e+00	0.000000e+00	-8.414756e-06	7.412301e-06	8.414756e-06	1.002455e-06	-1.002455e-06	4.909696e-15	4.909696e-15	0.000000e+00
3.092006249897716e-08	1.003493e+00	1.003492e+00	1.007706e+00	1.000000e+00	0.000000e+00	-4.213026e-06	3.209534e-06	4.213026e-06	1.003492e-06	-1.003492e-06	6.984271e-15	6.984271e-15	0.000000e+00
3.111537499897716e-08	1.003572e+00	1.003571e+00	1.002170e+00	1.000000e+00	0.000000e+00	1.401248e-06	-2.404819e-06	-1.401248e-06	1.003571e-06	-1.003571e-06	7.141442e-15	7.141442e-15	0.000000e+00
3.131068749897716e-08	1.003295e+00	1.003294e+00	1.003868e+00	1.000000e+00	0.000000e+00	-5.733684e-07	-4.299256e-07	5.733684e-07	1.003294e-06	-1.003294e-06	6.587781e-15	6.587781e-15	0.000000e+00
3.150599999897716e-08	1.003712e+00	1.003711e+00	1.009416e+00	1.000000e+00	0.000000e+00	-5.704218e-06	4.700506e-06	5.704218e-06	1.003711e-06	-1.003711e-06	7.421878e-15	7.421878e-15	0.000000e+00
3.170131249897716e-08	1.002409e+00	1.002408e+00	9.853634e-01	1.000000e+00	0.000000e+00	1.704517e-05	-1.804758e-05	-1.704517e-05	1.002408e-06	-1.002408e-06	4.815031e-15	4.815031e-15	0.000000e+00
3.189662499897716e-08	1.000139e+00	1.000139e+00	9.959528e-01	1.000000e+00	0.000000e+00	4.186684e-06	-5.186822e-06	-4.186684e-06	1.000139e-06	-1.000139e-06	2.770665e-16	2.770665e-16	0.000000e+00
3.209193749897715e-08	9.995773e-01	9.995763e-01	1.000007e+00	1.000000e+00	0.000000e+00	-4.295327e-07	-5.700436e-07	4.295327e-07	9.995763e-07	-9.995763e-07	-8.473203e-16	-8.473203e-16	0.000000e+00
3.228724999897715e-08	9.994100e-01	9.994090e-01	9.992659e-01	1.000000e+00	0.000000e+00	1.441093e-07	-1.143518e-06	-1.441093e-07	9.994091e-07	-9.994091e-07	-1.182000e-15	-1.182000e-15	0.000000e+00
3.248256249897715e-08	9.984154e-01	9.984143e-01	9.903719e-01	1.000000e+00	0.000000e+00	8.043459e-06	-9.041873e-06	-8.043459e-06	9.984143e-07	-9.984143e-07	-3.171332e-15	-3.171332e-15	0.000000e+00
3.267787499897715e-08	9.974663e-01	9.974653e-01	9.977869e-01	1.000000e+00	0.000000e+00	-3.207035e-07	-6.767617e-07	3.207035e-07	9.974652e-07	-9.974652e-07	-5.069501e-15	-5.069501e-15	0.000000e+00
3.287318749897715e-08	9.968871e-01	9.968861e-01	9.926301e-01	1.000000e+00	0.000000e+00	4.257025e-06	-5.253912e-06	-4.257025e-06	9.968861e-07	-9.968861e-07	-6.227835e-15	-6.227835e-15	0.000000e+00
3.306849999897714e-08	9.963940e-01	9.963930e-01	9.975949e-01	1.000000e+00	0.000000e+00	-1.200910e-06	2.045172e-07	1.200910e-06	9.963929e-07	-9.963929e-07	-7.214043e-15	-7.214043e-15	0.000000e+00
3.326381249897714e-08	9.965278e-01	9.965268e-01	9.986901e-01	1.000000e+00	0.000000e+00	-2.162275e-06	1.165748e-06	2.162275e-06	9.965268e-07	-9.965268e-07	-6.946414e-15	-6.946414e-15	0.000000e+00
3.345912499897714e-08	9.967368e-01	9.967358e-01	9.987082e-01	1.000000e+00	0.000000e+00	-1.971432e-06	9.746964e-07	1.971432e-06	9.967358e-07	-9.967358e-07	-6.528359e-15	-6.528359e-15	0.000000e+00
3.365443749897714e-08	9.968075e-01	9.968065e-01	9.975536e-01	1.000000e+00	0.000000e+00	-7.461439e-07	-2.506626e-07	7.461439e-07	9.968065e-07	-9.968065e-07	-6.386946e-15	-6.386946e-15	0.000000e+00
3.384974999897714e-08	9.969455e-01	9.969445e-01	9.996060e-01	1.000000e+00	0.000000e+00	-2.660478e-06	1.663534e-06	2.660478e-06	9.969446e-07	-9.969446e-07	-6.110995e-15	-6.110995e-15	0.000000e+00
3.404506249897713e-08	9.981633e-01	9.981623e-01	1.009968e+00	1.000000e+00	0.000000e+00	-1.180448e-05	1.080632e-05	1.180448e-05	9.981622e-07	-9.981622e-07	-3.675480e-15	-3.675480e-15	0.000000e+00
3.424037499897713e-08	9.996769e-01	9.996759e-01	1.005370e+00	1.000000e+00	0.000000e+00	-5.693256e-06	4.693581e-06	5.693256e-06	9.996759e-07	-9.996759e-07	-6.481588e-16	-6.481588e-16	0.000000e+00
3.443568749897713e-08	9.996960e-01	9.996950e-01	9.961976e-01	1.000000e+00	0.000000e+00	3.498345e-06	-4.498040e-06	-3.498345e-06	9.996950e-07	-9.996950e-07	-6.099674e-16	-6.099674e-16	0.000000e+00
3.463099999897713e-08	9.992799e-01	9.992789e-01	1.000516e+00	1.000000e+00	0.000000e+00	-1.236260e-06	2.369809e-07	1.236260e-06	9.992789e-07	-9.992789e-07	-1.442205e-15	-1.442205e-15	0.000000e+00
3.482631249897713e-08	9.997516e-01	9.997507e-01	1.005345e+00	1.000000e+00	0.000000e+00	-5.593557e-06	4.593806e-06	5.593557e-06	9.997507e-07	-9.997507e-07	-4.986926e-16	-4.986926e-16	0.000000e+00
3.502162499897713e-08	1.000378e+00	1.000377e+00	1.003204e+00	1.000000e+00	0.000000e+00	-2.825054e-06	1.824677e-06	2.825054e-06	1.000377e-06	-1.000377e-06	7.549163e-16	7.549163e-16	0.000000e+00
3.521693749897712e-08	9.997533e-01	9.997523e-01	9.925267e-01	1.000000e+00	0.000000e+00	7.226628e-06	-8.226380e-06	-7.226628e-06	9.997523e-07	-9.997523e-07	-4.954151e-16	-4.954151e-16	0.000000e+00
3.541224999897712e-08	1.000020e+00	1.000019e+00	1.011979e+00	1.000000e+00	0.000000e+00	-1.195865e-05	1.095863e-05	1.195865e-05	1.000019e-06	-1.000019e-06	3.822774e-17	3.822774e-17	0.000000e+00
3.560756249897712e-08	9.999591e-01	9.999581e-01	9.893756e-01	1.000000e+00	0.000000e+00	1.058351e-05	-1.158346e-05	-1.058351e-05	9.999580e-07	-9.999580e-07	-8.380909e-17	-8.380909e-17	0.000000e+00
3.580287499897712e-08	9.985973e-01	9.985963e-01	9.972347e-01	1.000000e+00	0.000000e+00	1.362594e-06	-2.361190e-06	-1.362594e-06	9.985963e-07	-9.985963e-07	-2.807371e-15	-2.807371e-15	0.000000e+00
3.599818749897712e-08	9.970015e-01	9.970005e-01	9.840181e-01	1.000000e+00	0.000000e+00	1.298332e-05	-1.398032e-05	-1.298332e-05	9.970005e-07	-9.970005e-07	-5.999069e-15	-5.999069e-15	0.000000e+00
3.619349999897711e-08	9.973955e-01	9.973944e-01	1.016408e+00	1.000000e+00	0.000000e+00	-1.901232e-05	1.801492e-05	1.901232e-05	9.973945e-07	-9.973944e-07	-5.211061e-15	-5.211061e-15	0.000000e+00
3.638881249897711e-08	9.994966e-01	9.994956e-01	1.003997e+00	1.000000e+00	0.000000e+00	-4.500436e-06	3.500940e-06	4.500436e-06	9.994956e-07	-9.994956e-07	-1.008749e-15	-1.008749e-15	0.000000e+00
3.658412499897711e-08	1.000402e+00	1.000401e+00	1.007175e+00	1.000000e+00	0.000000e+00	-6.772520e-06	5.772119e-06	6.772520e-06	1.000401e-06	-1.000401e-06	8.023940e-16	8.023940e-16	0.000000e+00
3.677943749897711e-08	1.000165e+00	1.000164e+00	9.929587e-01	1.000000e+00	0.000000e+00	7.205779e-06	-8.205942e-06	-7.205779e-06	1.000163e-06	-1.000163e-06	3.270384e-16	3.270384e-16	0.000000e+00
3.697474999897711e-08	1.000496e+00	1.000495e+00	1.013100e+00	1.000000e+00	0.000000e+00	-1.260352e-05	1.160302e-05	1.260352e-05	1.000495e-06	-1.000495e-06	9.905294e-16	9.905294e-16	0.000000e+00
3.717006249897710e-08	1.002213e+00	1.002212e+00	1.009188e+00	1.000000e+00	0.000000e+00	-6.975406e-06	5.973195e-06	6.975406e-06	1.002212e-06	-1.002212e-06	4.423381e-15	4.423381e-15	0.000000e+00
3.736537499897710e-08	1.003628e+00	1.003627e+00	1.013147e+00	1.000000e+00	0.000000e+00	-9.519683e-06	8.516056e-06	9.519683e-06	1.003627e-06	-1.003627e-06	7.253309e-15	7.253309e-15	0.000000e+00
3.756068749897710e-08	1.004878e+00	1.004877e+00	1.010170e+00	1.000000e+00	0.000000e+00	-5.291855e-06	4.286978e-06	5.291855e-06	1.004877e-06	-1.004877e-06	9.753899e-15	9.753899e-15	0.000000e+00
3.775599999897710e-08	1.003995e+00	1.003994e+00	9.916741e-01	1.000000e+00	0.000000e+00	1.232124e-05	-1.332523e-05	-1.232124e-05	1.003994e-06	-1.003994e-06	7.988618e-15	7.988618e-15	0.000000e+00
3.795131249897710e-08	1.002500e+00	1.002499e+00	1.001518e+00	1.000000e+00	0.000000e+00	9.819591e-07	-1.984458e-06	-9.819591e-07	1.002499e-06	-1.002499e-06	4.998446e-15	4.998446e-15	0.000000e+00
3.814662499897710e-08	1.002550e+00	1.002549e+00	1.006047e+00	1.000000e+00	0.000000e+00	-3.497397e-06	2.494848e-06	3.497397e-06	1.002549e-06	-1.002549e-06	5.098131e-15	5.098131e-15	0.000000e+00
3.834193749897709e-08	1.003317e+00	1.003315e+00	1.009673e+00	1.000000e+00	0.000000e+00	-6.356566e-06	5.353251e-06	6.356566e-06	1.003315e-06	-1.003315e-06	6.630961e-15	6.630961e-15	0.000000e+00
3.853724999897709e-08	1.003748e+00	1.003747e+00	1.003816e+00	1.000000e+00	0.000000e+00	-6.846766e-08	-9.352793e-07	6.846766e-08	1.003747e-06	-1.003747e-06	7.493845e-15	7.493845e-15	0.000000e+00
3.873256249897709e-08	1.002866e+00	1.002865e+00	9.957737e-01	1.000000e+00	0.000000e+00	7.092301e-06	-8.095167e-06	-7.092301e-06	1.002865e-06	-1.002865e-06	5.730089e-15	5.730089e-15	0.000000e+00
3.892787499897709e-08	1.001720e+00	1.001719e+00	9.990803e-01	1.000000e+00	0.000000e+00	2.639605e-06	-3.641324e-06	-2.639605e-06	1.001719e-06	-1.001719e-06	3.437808e-15	3.437808e-15	0.000000e+00
3.912318749897709e-08	1.000269e+00	1.000268e+00	9.900541e-01	1.000000e+00	0.000000e+00	1.021493e-05	-1.121519e-05	-1.021493e-05	1.000268e-06	-1.000268e-06	5.361467e-16	5.361467e-16	0.000000e+00
3.931849999897708e-08	9.977527e-01	9.977517e-01	9.841976e-01	1.000000e+00	0.000000e+00	1.355509e-05	-1.455284e-05	-1.355509e-05	9.977516e-07	-9.977516e-07	-4.496667e-15	-4.496667e-15	0.000000e+00
3.951381249897708e-08	9.975710e-01	9.975700e-01	1.011261e+00	1.000000e+00	0.000000e+00	-1.368988e-05	1.269231e-05	1.368988e-05	9.975699e-07	-9.975699e-07	-4.860051e-15	-4.860051e-15	0.000000e+00
3.970912499897708e-08	9.985126e-01	9.985116e-01	9.964613e-01	1.000000e+00	0.000000e+00	2.051293e-06	-3.049805e-06	-2.051293e-06	9.985116e-07	-9.985116e-07	-2.976750e-15	-2.976750e-15	0.000000e+00
3.990443749897708e-08	9.973608e-01	9.973598e-01	9.896132e-01	1.000000e+00	0.000000e+00	7.747633e-06	-8.744993e-06	-7.747633e-06	9.973597e-07	-9.973597e-07	-5.280419e-15	-5.280419e-15	0.000000e+00
4.009974999897708e-08	9.952970e-01	9.952960e-01	9.839042e-01	1.000000e+00	0.000000e+00	1.139278e-05	-1.238808e-05	-1.139278e-05	9.952960e-07	-9.952960e-07	-9.407969e-15	-9.407969e-15	0.000000e+00
4.029506249897707e-08	9.953727e-01	9.953717e-01	1.009531e+00	1.000000e+00	0.000000e+00	-1.415873e-05	1.316336e-05	1.415873e-05	9.953717e-07	-9.953717e-07	-9.256546e-15	-9.256546e-15	0.000000e+00
4.049037499897707e-08	9.985273e-01	9.985263e-01	1.018665e+00	1.000000e+00	0.000000e+00	-2.013795e-05	1.913942e-05	2.013795e-05	9.985263e-07	-9.985263e-07	-2.947415e-15	-2.947415e-15	0.000000e+00
4.068568749897707e-08	1.000167e+00	1.000166e+00	9.988180e-01	1.000000e+00	0.000000e+00	1.348905e-06	-2.349071e-06	-1.348905e-06	1.000166e-06	-1.000166e-06	3.319480e-16	3.319480e-16	0.000000e+00
4.088099999897707e-08	1.000162e+00	1.000161e+00	1.003462e+00	1.000000e+00	0.000000e+00	-3.299660e-06	2.299499e-06	3.299660e-06	1.000161e-06	-1.000161e-06	3.222661e-16	3.222661e-16	0.000000e+00
4.107631249897707e-08	1.001899e+00	1.001898e+00	1.018388e+00	1.000000e+00	0.000000e+00	-1.648862e-05	1.548672e-05	1.648862e-05	1.001898e-06	-1.001898e-06	3.796134e-15	3.796134e-15	0.000000e+00
4.127162499897707e-08	1.003957e+00	1.003956e+00	1.010543e+00	1.000000e+00	0.000000e+00	-6.585909e-06	5.581954e-06	6.585909e-06	1.003956e-06	-1.003956e-06	7.911106e-15	7.911106e-15	0.000000e+00
4.146693749897706e-08	1.003161e+00	1.003160e+00	9.904321e-01	1.000000e+00	0.000000e+00	1.272858e-05	-1.373174e-05	-1.272858e-05	1.003160e-06	-1.003160e-06	6.319352e-15	6.319352e-15	0.000000e+00
4.166224999897706e-08	1.001288e+00	1.001287e+00	9.968429e-01	1.000000e+00	0.000000e+00	4.444927e-06	-5.446214e-06	-4.444927e-06	1.001287e-06	-1.001287e-06	2.573663e-15	2.573663e-15	0.000000e+00
4.185756249897706e-08	9.997705e-01	9.997694e-01	9.906785e-01	1.000000e+00	0.000000e+00	9.091964e-06	-1.009173e-05	-9.091964e-06	9.997694e-07	-9.997694e-07	-4.610897e-16	-4.610897e-16	0.000000e+00
4.205287499897706e-08	9.988756e-01	9.988746e-01	1.000803e+00	1.000000e+00	0.000000e+00	-1.927234e-06	9.283595e-07	1.927234e-06	9.988746e-07	-9.988746e-07	-2.250809e-15	-2.250809e-15	0.000000e+00
4.224818749897706e-08	9.987826e-01	9.987816e-01	9.979005e-01	1.000000e+00	0.000000e+00	8.820943e-07	-1.880876e-06	-8.820943e-07	9.987816e-07	-9.987816e-07	-2.436848e-15	-2.436848e-15	0.000000e+00
4.244349999897705e-08	9.974060e-01	9.974050e-01	9.861881e-01	1.000000e+00	0.000000e+00	1.121796e-05	-1.221537e-05	-1.121796e-05	9.974050e-07	-9.974050e-07	-5.190017e-15	-5.190017e-15	0.000000e+00
4.263881249897705e-08	9.971784e-01	9.971774e-01	1.008061e+00	1.000000e+00	0.000000e+00	-1.088215e-05	9.884976e-06	1.088215e-05	9.971774e-07	-9.971774e-07	-5.645171e-15	-5.645171e-15	0.000000e+00
4.283412499897705e-08	9.970218e-01	9.970208e-01	9.865303e-01	1.000000e+00	0.000000e+00	1.049149e-05	-1.148851e-05	-1.049149e-05	9.970208e-07	-9.970208e-07	-5.958361e-15	-5.958361e-15	0.000000e+00
4.302943749897705e-08	9.957326e-01	9.957317e-01	9.950156e-01	1.000000e+00	0.000000e+00	7.170403e-07	-1.712772e-06	-7.170403e-07	9.957316e-07	-9.957316e-07	-8.536733e-15	-8.536733e-15	0.000000e+00
4.322474999897705e-08	9.957533e-01	9.957523e-01	9.986732e-01	1.000000e+00	0.000000e+00	-2.919902e-06	1.924149e-06	2.919902e-06	9.957523e-07	-9.957523e-07	-8.495449e-15	-8.495449e-15	0.000000e+00
4.342006249897705e-08	9.951312e-01	9.951302e-01	9.878321e-01	1.000000e+00	0.000000e+00	7.299084e-06	-8.294214e-06	-7.299084e-06	9.951302e-07	-9.951302e-07	-9.739601e-15	-9.739601e-15	0.000000e+00
4.361537499897704e-08	9.954523e-01	9.954513e-01	1.008030e+00	1.000000e+00	0.000000e+00	-1.257787e-05	1.158241e-05	1.257787e-05	9.954513e-07	-9.954513e-07	-9.097374e-15	-9.097374e-15	0.000000e+00
4.381068749897704e-08	9.960039e-01	9.960029e-01	9.910662e-01	1.000000e+00	0.000000e+00	4.937731e-06	-5.933734e-06	-4.937731e-06	9.960030e-07	-9.960029e-07	-7.994118e-15	-7.994118e-15	0.000000e+00
4.400599999897704e-08	9.938757e-01	9.938747e-01	9.790102e-01	1.000000e+00	0.000000e+00	1.486550e-05	-1.585937e-05	-1.486550e-05	9.938747e-07	-9.938747e-07	-1.225058e-14	-1.225058e-14	0.000000e+00
4.420131249897704e-08	9.931335e-01	9.931325e-01	1.002385e+00	1.000000e+00	0.000000e+00	-9.251893e-06	8.258761e-06	9.251893e-06	9.931325e-07	-9.931324e-07	-1.373507e-14	-1.373507e-14	0.000000e+00
4.439662499897704e-08	9.948361e-01	9.948351e-01	1.005007e+00	1.000000e+00	0.000000e+00	-1.017116e-05	9.176325e-06	1.017116e-05	9.948351e-07	-9.948351e-07	-1.032979e-14	-1.032979e-14	0.000000e+00
4.459193749897703e-08	9.949670e-01	9.949660e-01	9.881257e-01	1.000000e+00	0.000000e+00	6.841286e-06	-7.836252e-06	-6.841286e-06	9.949659e-07	-9.949659e-07	-1.006805e-14	-1.006805e-14	0.000000e+00
4.478724999897703e-08	9.931264e-01	9.931254e-01	9.831082e-01	1.000000e+00	0.000000e+00	1.001821e-05	-1.101133e-05	-1.001821e-05	9.931254e-07	-9.931254e-07	-1.374922e-14	-1.374922e-14	0.000000e+00
4.498256249897703e-08	9.943242e-01	9.943232e-01	1.018596e+00	1.000000e+00	0.000000e+00	-2.427142e-05	2.327709e-05	2.427142e-05	9.943233e-07	-9.943232e-07	-1.135356e-14	-1.135356e-14	0.000000e+00
4.517787499897703e-08	9.984671e-01	9.984661e-01	1.018612e+00	1.000000e+00	0.000000e+00	-2.014486e-05	1.914639e-05	2.014486e-05	9.984661e-07	-9.984661e-07	-3.067735e-15	-3.067735e-15	0.000000e+00
4.537318749897703e-08	1.001414e+00	1.001413e+00	1.013440e+00	1.000000e+00	0.000000e+00	-1.202612e-05	1.102471e-05	1.202612e-05	1.001413e-06	-1.001413e-06	2.825053e-15	2.825053e-15	0.000000e+00
4.556849999897702e-08	1.002532e+00	1.002531e+00	1.003960e+00	1.000000e+00	0.000000e+00	-1.428119e-06	4.255880e-07	1.428119e-06	1.002531e-06	-1.002531e-06	5.061436e-15	5.061436e-15	0.000000e+00
4.576381249897702e-08	1.002496e+00	1.002495e+00	1.002705e+00	1.000000e+00	0.000000e+00	-2.090899e-07	-7.934049e-07	2.090899e-07	1.002495e-06	-1.002495e-06	4.989598e-15	4.989598e-15	0.000000e+00
4.595912499897702e-08	1.000753e+00	1.000752e+00	9.847025e-01	1.000000e+00	0.000000e+00	1.605065e-05	-1.705140e-05	-1.605065e-05	1.000752e-06	-1.000752e-06	1.504288e-15	1.504288e-15	0.000000e+00
4.615443749897702e-08	9.989825e-01	9.989815e-01	9.989018e-01	1.000000e+00	0.000000e+00	8.073150e-08	-1.079713e-06	-8.073150e-08	9.989815e-07	-9.989815e-07	-2.036941e-15	-2.036941e-15	0.000000e+00
4.634974999897702e-08	9.987116e-01	9.987106e-01	9.980156e-01	1.000000e+00	0.000000e+00	6.959655e-07	-1.694676e-06	-6.959655e-07	9.987106e-07	-9.987106e-07	-2.578813e-15	-2.578813e-15	0.000000e+00
4.654506249897702e-08	9.987263e-01	9.987254e-01	1.001571e+00	1.000000e+00	0.000000e+00	-2.844337e-06	1.845611e-06	2.844337e-06	9.987253e-07	-9.987253e-07	-2.549334e-15	-2.549334e-15	0.000000e+00
4.674037499897701e-08	9.983716e-01	9.983706e-01	9.938917e-01	1.000000e+00	0.000000e+00	4.479868e-06	-5.478239e-06	-4.479868e-06	9.983706e-07	-9.983706e-07	-3.258831e-15	-3.258831e-15	0.000000e+00
4.693568749897701e-08	9.974866e-01	9.974856e-01	9.949002e-01	1.000000e+00	0.000000e+00	2.586384e-06	-3.583870e-06	-2.586384e-06	9.974856e-07	-9.974856e-07	-5.028772e-15	-5.028772e-15	0.000000e+00
4.713099999897701e-08	9.961717e-01	9.961707e-01	9.872867e-01	1.000000e+00	0.000000e+00	8.884920e-06	-9.881091e-06	-8.884920e-06	9.961707e-07	-9.961707e-07	-7.658645e-15	-7.658645e-15	0.000000e+00
4.732631249897701e-08	9.970166e-01	9.970157e-01	1.016547e+00	1.000000e+00	0.000000e+00	-1.953045e-05	1.853343e-05	1.953045e-05	9.970156e-07	-9.970156e-07	-5.968736e-15	-5.968736e-15	0.000000e+00
4.752162499897701e-08	9.975539e-01	9.975529e-01	9.855196e-01	1.000000e+00	0.000000e+00	1.203430e-05	-1.303186e-05	-1.203430e-05	9.975529e-07	-9.975529e-07	-4.894211e-15	-4.894211e-15	0.000000e+00
4.771693749897700e-08	9.969672e-01	9.969662e-01	1.004988e+00	1.000000e+00	0.000000e+00	-8.021176e-06	7.024209e-06	8.021176e-06	9.969663e-07	-9.969662e-07	-6.067579e-15	-6.067579e-15	0.000000e+00
4.791224999897700e-08	9.984250e-01	9.984241e-01	1.007327e+00	1.000000e+00	0.000000e+00	-8.902256e-06	7.903832e-06	8.902256e-06	9.984241e-07	-9.984241e-07	-3.151949e-15	-3.151949e-15	0.000000e+00
4.810756249897700e-08	1.000587e+00	1.000586e+00	1.015827e+00	1.000000e+00	0.000000e+00	-1.524000e-05	1.423941e-05	1.524000e-05	1.000586e-06	-1.000586e-06	1.172900e-15	1.172900e-15	0.000000e+00
4.830287499897700e-08	1.003519e+00	1.003518e+00	1.020301e+00	1.000000e+00	0.000000e+00	-1.678209e-05	1.577857e-05	1.678209e-05	1.003518e-06	-1.003518e-06	7.035781e-15	7.035781e-15	0.000000e+00
4.849818749897700e-08	1.003671e+00	1.003670e+00	9.904566e-01	1.000000e+00	0.000000e+00	1.321462e-05	-1.421829e-05	-1.321462e-05	1.003670e-06	-1.003670e-06	7.340523e-15	7.340523e-15	0.000000e+00
4.869349999897699e-08	1.001718e+00	1.001717e+00	9.969385e-01	1.000000e+00	0.000000e+00	4.779646e-06	-5.781363e-06	-4.779646e-06	1.001717e-06	-1.001717e-06	3.434345e-15	3.434345e-15	0.000000e+00
4.888881249897699e-08	1.002752e+00	1.002751e+00	1.020119e+00	1.000000e+00	0.000000e+00	-1.736743e-05	1.636468e-05	1.736743e-05	1.002751e-06	-1.002751e-06	5.501398e-15	5.501398e-15	0.000000e+00
4.908412499897699e-08	1.003265e+00	1.003264e+00	9.931582e-01	1.000000e+00	0.000000e+00	1.010666e-05	-1.110993e-05	-1.010666e-05	1.003264e-06	-1.003264e-06	6.527716e-15	6.527716e-15	0.000000e+00
4.927943749897699e-08	1.002065e+00	1.002064e+00	1.001894e+00	1.000000e+00	0.000000e+00	1.711604e-07	-1.173225e-06	-1.711604e-07	1.002064e-06	-1.002064e-06	4.128665e-15	4.128665e-15	0.000000e+00
4.947474999897699e-08	1.000903e+00	1.000902e+00	9.911727e-01	1.000000e+00	0.000000e+00	9.730145e-06	-1.073105e-05	-9.730145e-06	1.000902e-06	-1.000902e-06	1.803615e-15	1.803615e-15	0.000000e+00
4.967006249897699e-08	9.993553e-01	9.993543e-01	9.952390e-01	1.000000e+00	0.000000e+00	4.116278e-06	-5.115633e-06	-4.116278e-06	9.993543e-07	-9.993543e-07	-1.291437e-15	-1.291437e-15	0.000000e+00
4.986537499897698e-08	9.982418e-01	9.982408e-01	9.929539e-01	1.000000e+00	0.000000e+00	5.287913e-06	-6.286154e-06	-5.287913e-06	9.982408e-07	-9.982408e-07	-3.518346e-15	-3.518346e-15	0.000000e+00
5.006068749897698e-08	9.978576e-01	9.978566e-01	1.001207e+00	1.000000e+00	0.000000e+00	-3.349094e-06	2.351237e-06	3.349094e-06	9.978565e-07	-9.978565e-07	-4.286884e-15	-4.286884e-15	0.000000e+00
5.025599999897698e-08	9.980230e-01	9.980220e-01	9.983639e-01	1.000000e+00	0.000000e+00	-3.408950e-07	-6.571270e-07	3.408950e-07	9.980220e-07	-9.980220e-07	-3.956003e-15	-3.956003e-15	0.000000e+00
5.045131249897698e-08	9.980178e-01	9.980168e-01	9.996203e-01	1.000000e+00	0.000000e+00	-1.602463e-06	6.044466e-07	1.602463e-06	9.980168e-07	-9.980168e-07	-3.966292e-15	-3.966292e-15	0.000000e+00
5.064662499897698e-08	9.987687e-01	9.987677e-01	1.006851e+00	1.000000e+00	0.000000e+00	-8.082761e-06	7.083994e-06	8.082761e-06	9.987676e-07	-9.987676e-07	-2.464645e-15	-2.464645e-15	0.000000e+00
5.084193749897697e-08	1.000820e+00	1.000819e+00	1.015744e+00	1.000000e+00	0.000000e+00	-1.492410e-05	1.392328e-05	1.492410e-05	1.000819e-06	-1.000819e-06	1.638333e-15	1.638333e-15	0.000000e+00
5.103724999897697e-08	1.003650e+00	1.003649e+00	1.019712e+00	1.000000e+00	0.000000e+00	-1.606128e-05	1.505763e-05	1.606128e-05	1.003649e-06	-1.003649e-06	7.298661e-15	7.298661e-15	0.000000e+00
5.123256249897697e-08	1.003457e+00	1.003456e+00	9.874223e-01	1.000000e+00	0.000000e+00	1.603464e-05	-1.703810e-05	-1.603464e-05	1.003456e-06	-1.003456e-06	6.911851e-15	6.911851e-15	0.000000e+00
5.142787499897697e-08	1.000515e+00	1.000514e+00	9.884241e-01	1.000000e+00	0.000000e+00	1.209051e-05	-1.309102e-05	-1.209051e-05	1.000514e-06	-1.000514e-06	1.027263e-15	1.027263e-15	0.000000e+00
5.162318749897697e-08	9.977876e-01	9.977866e-01	9.839514e-01	1.000000e+00	0.000000e+00	1.383618e-05	-1.483397e-05	-1.383618e-05	9.977866e-07	-9.977866e-07	-4.426832e-15	-4.426832e-15	0.000000e+00
5.181849999897696e-08	9.963651e-01	9.963641e-01	9.976293e-01	1.000000e+00	0.000000e+00	-1.264160e-06	2.677955e-07	1.264160e-06	9.963641e-07	-9.963641e-07	-7.271785e-15	-7.271785e-15	0.000000e+00
5.201381249897696e-08	9.944913e-01	9.944904e-01	9.760310e-01	1.000000e+00	0.000000e+00	1.846036e-05	-1.945485e-05	-1.846036e-05	9.944904e-07	-9.944904e-07	-1.101925e-14	-1.101925e-14	0.000000e+00
5.220912499897696e-08	9.923615e-01	9.923605e-01	9.909984e-01	1.000000e+00	0.000000e+00	1.363035e-06	-2.355396e-06	-1.363035e-06	9.923605e-07	-9.923605e-07	-1.527906e-14	-1.527906e-14	0.000000e+00
5.240443749897696e-08	9.938073e-01	9.938062e-01	1.011961e+00	1.000000e+00	0.000000e+00	-1.815413e-05	1.716033e-05	1.815413e-05	9.938062e-07	-9.938062e-07	-1.238748e-14	-1.238748e-14	0.000000e+00
5.259974999897696e-08	9.973494e-01	9.973485e-01	1.017459e+00	1.000000e+00	0.000000e+00	-2.010918e-05	1.911183e-05	2.010918e-05	9.973485e-07	-9.973485e-07	-5.303078e-15	-5.303078e-15	0.000000e+00
5.279506249897696e-08	9.978279e-01	9.978269e-01	9.846138e-01	1.000000e+00	0.000000e+00	1.321416e-05	-1.421198e-05	-1.321416e-05	9.978270e-07	-9.978270e-07	-4.346078e-15	-4.346078e-15	0.000000e+00
5.299037499897695e-08	9.986473e-01	9.986463e-01	1.022248e+00	1.000000e+00	0.000000e+00	-2.360095e-05	2.260230e-05	2.360095e-05	9.986463e-07	-9.986463e-07	-2.707346e-15	-2.707346e-15	0.000000e+00
5.318568749897695e-08	9.990045e-01	9.990035e-01	9.810585e-01	1.000000e+00	0.000000e+00	1.794595e-05	-1.894495e-05	-1.794595e-05	9.990035e-07	-9.990035e-07	-1.993020e-15	-1.993020e-15	0.000000e+00
5.338099999897695e-08	9.981794e-01	9.981784e-01	1.009674e+00	1.000000e+00	0.000000e+00	-1.149455e-05	1.049637e-05	1.149455e-05	9.981784e-07	-9.981784e-07	-3.643131e-15	-3.643131e-15	0.000000e+00
5.357631249897695e-08	9.977722e-01	9.977711e-01	9.841031e-01	1.000000e+00	0.000000e+00	1.366900e-05	-1.466677e-05	-1.366900e-05	9.977712e-07	-9.977712e-07	-4.457662e-15	-4.457662e-15	0.000000e+00
5.377162499897695e-08	9.980857e-01	9.980847e-01	1.016961e+00	1.000000e+00	0.000000e+00	-1.887535e-05	1.787727e-05	1.887535e-05	9.980847e-07	-9.980847e-07	-3.830612e-15	-3.830612e-15	0.000000e+00
5.396693749897694e-08	9.981061e-01	9.981051e-01	9.814363e-01	1.000000e+00	0.000000e+00	1.666982e-05	-1.766792e-05	-1.666982e-05	9.981052e-07	-9.981052e-07	-3.789725e-15	-3.789725e-15	0.000000e+00
5.416224999897694e-08	9.963965e-01	9.963955e-01	9.975539e-01	1.000000e+00	0.000000e+00	-1.157399e-06	1.610040e-07	1.157399e-06	9.963954e-07	-9.963954e-07	-7.209042e-15	-7.209042e-15	0.000000e+00
5.435756249897694e-08	9.980105e-01	9.980094e-01	1.015375e+00	1.000000e+00	0.000000e+00	-1.736430e-05	1.636629e-05	1.736430e-05	9.980095e-07	-9.980095e-07	-3.981058e-15	-3.981058e-15	0.000000e+00
5.455287499897694e-08	9.993874e-01	9.993865e-01	9.981211e-01	1.000000e+00	0.000000e+00	1.266407e-06	-2.265793e-06	-1.266407e-06	9.993864e-07	-9.993864e-07	-1.227058e-15	-1.227058e-15	0.000000e+00
5.474818749897694e-08	9.993141e-01	9.993131e-01	1.001828e+00	1.000000e+00	0.000000e+00	-2.514197e-06	1.514884e-06	2.514197e-06	9.993131e-07	-9.993131e-07	-1.373719e-15	-1.373719e-15	0.000000e+00
5.494349999897693e-08	9.995434e-01	9.995425e-01	1.001376e+00	1.000000e+00	0.000000e+00	-1.832764e-06	8.332215e-07	1.832764e-06	9.995424e-07	-9.995424e-07	-9.151055e-16	-9.151055e-16	0.000000e+00
5.513881249897693e-08	9.982986e-01	9.982976e-01	9.857167e-01	1.000000e+00	0.000000e+00	1.258193e-05	-1.358023e-05	-1.258193e-05	9.982977e-07	-9.982977e-07	-3.404753e-15	-3.404753e-15	0.000000e+00
5.533412499897693e-08	9.971256e-01	9.971246e-01	9.996913e-01	1.000000e+00	0.000000e+00	-2.565719e-06	1.568594e-06	2.565719e-06	9.971246e-07	-9.971246e-07	-5.750774e-15	-5.750774e-15	0.000000e+00
5.552943749897693e-08	9.966714e-01	9.966704e-01	9.914485e-01	1.000000e+00	0.000000e+00	5.222902e-06	-6.219572e-06	-5.222902e-06	9.966705e-07	-9.966705e-07	-6.659167e-15	-6.659167e-15	0.000000e+00
5.572474999897693e-08	9.948242e-01	9.948232e-01	9.831230e-01	1.000000e+00	0.000000e+00	1.170121e-05	-1.269603e-05	-1.170121e-05	9.948232e-07	-9.948232e-07	-1.035362e-14	-1.035362e-14	0.000000e+00
5.592006249897693e-08	9.927163e-01	9.927152e-01	9.848194e-01	1.000000e+00	0.000000e+00	7.896793e-06	-8.889509e-06	-7.896793e-06	9.927153e-07	-9.927152e-07	-1.456954e-14	-1.456954e-14	0.000000e+00
5.611537499897692e-08	9.908038e-01	9.908029e-01	9.811016e-01	1.000000e+00	0.000000e+00	9.702222e-06	-1.069303e-05	-9.702222e-06	9.908028e-07	-9.908028e-07	-1.839425e-14	-1.839425e-14	0.000000e+00
5.631068749897692e-08	9.911449e-01	9.911439e-01	1.006321e+00	1.000000e+00	0.000000e+00	-1.517653e-05	1.418538e-05	1.517653e-05	9.911439e-07	-9.911439e-07	-1.771215e-14	-1.771215e-14	0.000000e+00
5.650599999897692e-08	9.929194e-01	9.929184e-01	9.978978e-01	1.000000e+00	0.000000e+00	-4.978380e-06	3.985461e-06	4.978380e-06	9.929184e-07	-9.929184e-07	-1.416316e-14	-1.416316e-14	0.000000e+00
5.670131249897692e-08	9.915228e-01	9.915218e-01	9.742272e-01	1.000000e+00	0.000000e+00	1.729555e-05	-1.828708e-05	-1.729555e-05	9.915218e-07	-9.915218e-07	-1.695644e-14	-1.695644e-14	0.000000e+00
5.689662499897692e-08	9.898859e-01	9.898849e-01	9.924009e-01	1.000000e+00	0.000000e+00	-2.515020e-06	1.525135e-06	2.515020e-06	9.898848e-07	-9.898848e-07	-2.023025e-14	-2.023025e-14	0.000000e+00
5.709193749897691e-08	9.910426e-01	9.910417e-01	1.002354e+00	1.000000e+00	0.000000e+00	-1.131126e-05	1.032022e-05	1.131126e-05	9.910417e-07	-9.910416e-07	-1.791671e-14	-1.791671e-14	0.000000e+00
5.728724999897691e-08	9.937532e-01	9.937522e-01	1.012183e+00	1.000000e+00	0.000000e+00	-1.842967e-05	1.743592e-05	1.842967e-05	9.937522e-07	-9.937522e-07	-1.249559e-14	-1.249559e-14	0.000000e+00
5.748256249897691e-08	9.945339e-01	9.945329e-01	9.860867e-01	1.000000e+00	0.000000e+00	8.447221e-06	-9.441755e-06	-8.447221e-06	9.945329e-07	-9.945329e-07	-1.093424e-14	-1.093424e-14	0.000000e+00
5.767787499897691e-08	9.963434e-01	9.963424e-01	1.025311e+00	1.000000e+00	0.000000e+00	-2.896798e-05	2.797164e-05	2.896798e-05	9.963425e-07	-9.963425e-07	-7.315121e-15	-7.315121e-15	0.000000e+00
5.787318749897691e-08	9.989768e-01	9.989759e-01	9.989703e-01	1.000000e+00	0.000000e+00	6.503206e-09	-1.005479e-06	-6.503206e-09	9.989759e-07	-9.989758e-07	-2.048297e-15	-2.048297e-15	0.000000e+00
5.806849999897690e-08	9.977147e-01	9.977137e-01	9.867934e-01	1.000000e+00	0.000000e+00	1.092129e-05	-1.191900e-05	-1.092129e-05	9.977136e-07	-9.977136e-07	-4.572608e-15	-4.572608e-15	0.000000e+00
5.826381249897690e-08	9.953033e-01	9.953023e-01	9.835243e-01	1.000000e+00	0.000000e+00	1.177893e-05	-1.277423e-05	-1.177893e-05	9.953022e-07	-9.953022e-07	-9.395500e-15	-9.395500e-15	0.000000e+00
5.845912499897690e-08	9.943196e-01	9.943185e-01	9.980150e-01	1.000000e+00	0.000000e+00	-3.695503e-06	2.701185e-06	3.695503e-06	9.943186e-07	-9.943185e-07	-1.136289e-14	-1.136289e-14	0.000000e+00
5.865443749897690e-08	9.963198e-01	9.963188e-01	1.015097e+00	1.000000e+00	0.000000e+00	-1.877739e-05	1.778107e-05	1.877739e-05	9.963188e-07	-9.963188e-07	-7.362452e-15	-7.362452e-15	0.000000e+00
5.884974999897690e-08	9.975707e-01	9.975697e-01	9.935965e-01	1.000000e+00	0.000000e+00	3.974190e-06	-4.971760e-06	-3.974190e-06	9.975697e-07	-9.975697e-07	-4.860636e-15	-4.860636e-15	0.000000e+00
5.904506249897690e-08	9.972377e-01	9.972367e-01	9.997973e-01	1.000000e+00	0.000000e+00	-2.559572e-06	1.562335e-06	2.559572e-06	9.972367e-07	-9.972367e-07	-5.526538e-15	-5.526538e-15	0.000000e+00
5.924037499897689e-08	9.995924e-01	9.995915e-01	1.023142e+00	1.000000e+00	0.000000e+00	-2.354953e-05	2.254994e-05	2.354953e-05	9.995914e-07	-9.995914e-07	-8.171149e-16	-8.171149e-16	0.000000e+00
5.943568749897689e-08	1.002331e+00	1.002330e+00	1.008831e+00	1.000000e+00	0.000000e+00	-6.499836e-06	5.497505e-06	6.499836e-06	1.002330e-06	-1.002330e-06	4.660895e-15	4.660895e-15	0.000000e+00
5.963099999897689e-08	1.001853e+00	1.001852e+00	9.924550e-01	1.000000e+00	0.000000e+00	9.397743e-06	-1.039960e-05	-9.397743e-06	1.001852e-06	-1.001852e-06	3.703457e-15	3.703457e-15	0.000000e+00
5.982631249897689e-08	9.995637e-01	9.995627e-01	9.875231e-01	1.000000e+00	0.000000e+00	1.204055e-05	-1.304011e-05	-1.204055e-05	9.995626e-07	-9.995626e-07	-8.746060e-16	-8.746060e-16	0.000000e+00
6.002162499897690e-08	1.000265e+00	1.000264e+00	1.021488e+00	1.000000e+00	0.000000e+00	-2.122322e-05	2.022295e-05	2.122322e-05	1.000264e-06	-1.000264e-06	5.282917e-16	5.282917e-16	0.000000e+00
6.021693749897690e-08	9.997832e-01	9.997821e-01	9.756244e-01	1.000000e+00	0.000000e+00	2.415875e-05	-2.515853e-05	-2.415875e-05	9.997822e-07	-9.997822e-07	-4.356869e-16	-4.356869e-16	0.000000e+00
6.041224999897691e-08	9.959909e-01	9.959899e-01	9.833130e-01	1.000000e+00	0.000000e+00	1.267793e-05	-1.367391e-05	-1.267793e-05	9.959899e-07	-9.959899e-07	-8.020142e-15	-8.020142e-15	0.000000e+00
6.060756249897691e-08	9.967614e-01	9.967604e-01	1.019322e+00	1.000000e+00	0.000000e+00	-2.256031e-05	2.156355e-05	2.256031e-05	9.967604e-07	-9.967604e-07	-6.479198e-15	-6.479198e-15	0.000000e+00
6.080287499897692e-08	9.999315e-01	9.999304e-01	1.011829e+00	1.000000e+00	0.000000e+00	-1.189783e-05	1.089790e-05	1.189783e-05	9.999304e-07	-9.999304e-07	-1.390773e-16	-1.390773e-16	0.000000e+00
6.099818749897692e-08	1.002582e+00	1.002581e+00	1.019833e+00	1.000000e+00	0.000000e+00	-1.725018e-05	1.624759e-05	1.725018e-05	1.002581e-06	-1.002581e-06	5.162771e-15	5.162771e-15	0.000000e+00
6.119349999897693e-08	1.005598e+00	1.005597e+00	1.021234e+00	1.000000e+00	0.000000e+00	-1.563603e-05	1.463043e-05	1.563603e-05	1.005597e-06	-1.005597e-06	1.119363e-14	1.119363e-14	0.000000e+00
6.138881249897693e-08	1.004559e+00	1.004558e+00	9.802924e-01	1.000000e+00	0.000000e+00	2.426636e-05	-2.527091e-05	-2.426636e-05	1.004558e-06	-1.004558e-06	9.115414e-15	9.115414e-15	0.000000e+00
6.158412499897694e-08	9.998584e-01	9.998574e-01	9.779977e-01	1.000000e+00	0.000000e+00	2.186072e-05	-2.286058e-05	-2.186072e-05	9.998573e-07	-9.998573e-07	-2.852587e-16	-2.852587e-16	0.000000e+00
6.177943749897694e-08	9.967688e-01	9.967678e-01	9.889892e-01	1.000000e+00	0.000000e+00	7.779623e-06	-8.776390e-06	-7.779623e-06	9.967679e-07	-9.967678e-07	-6.464348e-15	-6.464348e-15	0.000000e+00
6.197474999897695e-08	9.945982e-01	9.945971e-01	9.821412e-01	1.000000e+00	0.000000e+00	1.245693e-05	-1.345153e-05	-1.245693e-05	9.945971e-07	-9.945971e-07	-1.080573e-14	-1.080573e-14	0.000000e+00
6.217006249897695e-08	9.935144e-01	9.935133e-01	9.968613e-01	1.000000e+00	0.000000e+00	-3.347021e-06	2.353508e-06	3.347021e-06	9.935134e-07	-9.935134e-07	-1.297331e-14	-1.297331e-14	0.000000e+00
6.236537499897696e-08	9.929431e-01	9.929421e-01	9.857332e-01	1.000000e+00	0.000000e+00	7.209967e-06	-8.202909e-06	-7.209967e-06	9.929421e-07	-9.929421e-07	-1.411577e-14	-1.411577e-14	0.000000e+00
6.256068749897696e-08	9.935895e-01	9.935884e-01	1.009405e+00	1.000000e+00	0.000000e+00	-1.581526e-05	1.482167e-05	1.581526e-05	9.935885e-07	-9.935885e-07	-1.282305e-14	-1.282305e-14	0.000000e+00
6.275599999897697e-08	9.948580e-01	9.948570e-01	9.940206e-01	1.000000e+00	0.000000e+00	8.373692e-07	-1.832226e-06	-8.373692e-07	9.948570e-07	-9.948569e-07	-1.028605e-14	-1.028605e-14	0.000000e+00
6.295131249897697e-08	9.947515e-01	9.947505e-01	9.964882e-01	1.000000e+00	0.000000e+00	-1.736650e-06	7.418993e-07	1.736650e-06	9.947505e-07	-9.947505e-07	-1.049900e-14	-1.049900e-14	0.000000e+00
6.314662499897698e-08	9.942858e-01	9.942847e-01	9.897687e-01	1.000000e+00	0.000000e+00	4.516987e-06	-5.511272e-06	-4.516987e-06	9.942847e-07	-9.942847e-07	-1.143052e-14	-1.143052e-14	0.000000e+00
6.334193749897698e-08	9.929042e-01	9.929032e-01	9.852620e-01	1.000000e+00	0.000000e+00	7.642293e-06	-8.635196e-06	-7.642293e-06	9.929032e-07	-9.929032e-07	-1.419350e-14	-1.419350e-14	0.000000e+00
6.353724999897698e-08	9.925717e-01	9.925707e-01	9.987944e-01	1.000000e+00	0.000000e+00	-6.222663e-06	5.230092e-06	6.222663e-06	9.925707e-07	-9.925707e-07	-1.485856e-14	-1.485856e-14	0.000000e+00
6.373256249897699e-08	9.931474e-01	9.931464e-01	9.948052e-01	1.000000e+00	0.000000e+00	-1.657781e-06	6.646345e-07	1.657781e-06	9.931464e-07	-9.931464e-07	-1.370725e-14	-1.370725e-14	0.000000e+00
6.392787499897699e-08	9.918668e-01	9.918658e-01	9.790808e-01	1.000000e+00	0.000000e+00	1.278596e-05	-1.377783e-05	-1.278596e-05	9.918658e-07	-9.918658e-07	-1.626841e-14	-1.626841e-14	0.000000e+00
6.412318749897700e-08	9.907752e-01	9.907742e-01	9.943663e-01	1.000000e+00	0.000000e+00	-3.591106e-06	2.600332e-06	3.591106e-06	9.907742e-07	-9.907742e-07	-1.845152e-14	-1.845152e-14	0.000000e+00
6.431849999897700e-08	9.892614e-01	9.892604e-01	9.721488e-01	1.000000e+00	0.000000e+00	1.711258e-05	-1.810184e-05	-1.711258e-05	9.892605e-07	-9.892605e-07	-2.147915e-14	-2.147915e-14	0.000000e+00
6.451381249897701e-08	9.876802e-01	9.876792e-01	9.905781e-01	1.000000e+00	0.000000e+00	-2.897872e-06	1.910193e-06	2.897872e-06	9.876792e-07	-9.876792e-07	-2.464158e-14	-2.464158e-14	0.000000e+00
6.470912499897701e-08	9.865931e-01	9.865922e-01	9.745381e-01	1.000000e+00	0.000000e+00	1.205506e-05	-1.304166e-05	-1.205506e-05	9.865921e-07	-9.865921e-07	-2.681569e-14	-2.681569e-14	0.000000e+00
6.490443749897702e-08	9.840124e-01	9.840115e-01	9.716118e-01	1.000000e+00	0.000000e+00	1.240065e-05	-1.338466e-05	-1.240065e-05	9.840114e-07	-9.840114e-07	-3.197708e-14	-3.197708e-14	0.000000e+00
6.509974999897702e-08	9.839923e-01	9.839913e-01	9.981551e-01	1.000000e+00	0.000000e+00	-1.416275e-05	1.317876e-05	1.416275e-05	9.839913e-07	-9.839913e-07	-3.201729e-14	-3.201729e-14	0.000000e+00
6.529506249897703e-08	9.887441e-01	9.887432e-01	1.025213e+00	1.000000e+00	0.000000e+00	-3.646858e-05	3.547984e-05	3.646858e-05	9.887432e-07	-9.887432e-07	-2.251367e-14	-2.251367e-14	0.000000e+00
6.549037499897703e-08	9.935090e-01	9.935080e-01	1.007815e+00	1.000000e+00	0.000000e+00	-1.430555e-05	1.331205e-05	1.430555e-05	9.935080e-07	-9.935080e-07	-1.298401e-14	-1.298401e-14	0.000000e+00
6.568568749897704e-08	9.961026e-01	9.961017e-01	1.010346e+00	1.000000e+00	0.000000e+00	-1.424320e-05	1.324710e-05	1.424320e-05	9.961017e-07	-9.961017e-07	-7.796685e-15	-7.796685e-15	0.000000e+00
6.588099999897704e-08	9.949822e-01	9.949813e-01	9.712574e-01	1.000000e+00	0.000000e+00	2.372488e-05	-2.471986e-05	-2.372488e-05	9.949813e-07	-9.949813e-07	-1.003746e-14	-1.003746e-14	0.000000e+00
6.607631249897705e-08	9.920505e-01	9.920496e-01	9.877416e-01	1.000000e+00	0.000000e+00	4.308933e-06	-5.300982e-06	-4.308933e-06	9.920495e-07	-9.920495e-07	-1.590090e-14	-1.590090e-14	0.000000e+00
6.627162499897705e-08	9.933716e-01	9.933707e-01	1.013194e+00	1.000000e+00	0.000000e+00	-1.982223e-05	1.882886e-05	1.982223e-05	9.933706e-07	-9.933706e-07	-1.325874e-14	-1.325874e-14	0.000000e+00
6.646693749897706e-08	9.930972e-01	9.930963e-01	9.724520e-01	1.000000e+00	0.000000e+00	2.064529e-05	-2.163838e-05	-2.064529e-05	9.930963e-07	-9.930963e-07	-1.380747e-14	-1.380747e-14	0.000000e+00
6.666224999897706e-08	9.909209e-01	9.909199e-01	9.912643e-01	1.000000e+00	0.000000e+00	-3.434114e-07	-6.475086e-07	3.434114e-07	9.909199e-07	-9.909199e-07	-1.816018e-14	-1.816018e-14	0.000000e+00
6.685756249897707e-08	9.924195e-01	9.924185e-01	1.009405e+00	1.000000e+00	0.000000e+00	-1.698516e-05	1.599274e-05	1.698516e-05	9.924184e-07	-9.924184e-07	-1.516307e-14	-1.516307e-14	0.000000e+00
6.705287499897707e-08	9.929265e-01	9.929255e-01	9.831193e-01	1.000000e+00	0.000000e+00	9.807256e-06	-1.080018e-05	-9.807256e-06	9.929256e-07	-9.929255e-07	-1.414890e-14	-1.414890e-14	0.000000e+00
6.724818749897707e-08	9.915435e-01	9.915426e-01	9.891735e-01	1.000000e+00	0.000000e+00	2.370101e-06	-3.361644e-06	-2.370101e-06	9.915426e-07	-9.915425e-07	-1.691488e-14	-1.691488e-14	0.000000e+00
6.744349999897708e-08	9.931940e-01	9.931930e-01	1.014450e+00	1.000000e+00	0.000000e+00	-2.125560e-05	2.026241e-05	2.125560e-05	9.931930e-07	-9.931930e-07	-1.361395e-14	-1.361395e-14	0.000000e+00
6.763881249897708e-08	9.953094e-01	9.953084e-01	9.977037e-01	1.000000e+00	0.000000e+00	-2.394358e-06	1.399049e-06	2.394358e-06	9.953084e-07	-9.953084e-07	-9.383200e-15	-9.383200e-15	0.000000e+00
6.783412499897709e-08	9.951845e-01	9.951835e-01	9.935018e-01	1.000000e+00	0.000000e+00	1.682711e-06	-2.677895e-06	-1.682711e-06	9.951835e-07	-9.951835e-07	-9.632974e-15	-9.632974e-15	0.000000e+00
6.802943749897709e-08	9.936646e-01	9.936636e-01	9.817725e-01	1.000000e+00	0.000000e+00	1.189212e-05	-1.288578e-05	-1.189212e-05	9.936637e-07	-9.936637e-07	-1.267275e-14	-1.267275e-14	0.000000e+00
6.822474999897710e-08	9.920238e-01	9.920228e-01	9.890999e-01	1.000000e+00	0.000000e+00	2.923967e-06	-3.915990e-06	-2.923967e-06	9.920228e-07	-9.920228e-07	-1.595434e-14	-1.595434e-14	0.000000e+00
6.842006249897710e-08	9.930347e-01	9.930337e-01	1.008295e+00	1.000000e+00	0.000000e+00	-1.526064e-05	1.426761e-05	1.526064e-05	9.930337e-07	-9.930337e-07	-1.393254e-14	-1.393254e-14	0.000000e+00
6.861537499897711e-08	9.964626e-01	9.964616e-01	1.018293e+00	1.000000e+00	0.000000e+00	-2.183032e-05	2.083386e-05	2.183032e-05	9.964616e-07	-9.964616e-07	-7.076795e-15	-7.076795e-15	0.000000e+00
6.881068749897711e-08	9.993259e-01	9.993249e-01	1.008811e+00	1.000000e+00	0.000000e+00	-9.485236e-06	8.485911e-06	9.485236e-06	9.993248e-07	-9.993248e-07	-1.350282e-15	-1.350282e-15	0.000000e+00
6.900599999897712e-08	1.001168e+00	1.001167e+00	1.012548e+00	1.000000e+00	0.000000e+00	-1.137973e-05	1.037856e-05	1.137973e-05	1.001167e-06	-1.001167e-06	2.334181e-15	2.334181e-15	0.000000e+00
6.920131249897712e-08	1.000975e+00	1.000974e+00	9.896166e-01	1.000000e+00	0.000000e+00	1.135807e-05	-1.235904e-05	-1.135807e-05	1.000974e-06	-1.000974e-06	1.947369e-15	1.947369e-15	0.000000e+00
6.939662499897713e-08	1.001383e+00	1.001382e+00	1.018921e+00	1.000000e+00	0.000000e+00	-1.753879e-05	1.653741e-05	1.753879e-05	1.001382e-06	-1.001382e-06	2.763456e-15	2.763456e-15	0.000000e+00
6.959193749897713e-08	1.002201e+00	1.002200e+00	9.950410e-01	1.000000e+00	0.000000e+00	7.159707e-06	-8.161906e-06	-7.159707e-06	1.002200e-06	-1.002200e-06	4.399295e-15	4.399295e-15	0.000000e+00
6.978724999897714e-08	1.001455e+00	1.001454e+00	1.002986e+00	1.000000e+00	0.000000e+00	-1.530689e-06	5.292351e-07	1.530689e-06	1.001454e-06	-1.001454e-06	2.908540e-15	2.908540e-15	0.000000e+00
6.998256249897714e-08	1.004086e+00	1.004085e+00	1.031500e+00	1.000000e+00	0.000000e+00	-2.741425e-05	2.641017e-05	2.741425e-05	1.004085e-06	-1.004085e-06	8.170137e-15	8.170137e-15	0.000000e+00
7.017787499897715e-08	1.004385e+00	1.004384e+00	9.820353e-01	1.000000e+00	0.000000e+00	2.234931e-05	-2.335369e-05	-2.234931e-05	1.004384e-06	-1.004384e-06	8.767105e-15	8.767105e-15	0.000000e+00
7.037318749897715e-08	1.002711e+00	1.002710e+00	1.009933e+00	1.000000e+00	0.000000e+00	-7.221319e-06	6.218609e-06	7.221319e-06	1.002710e-06	-1.002710e-06	5.420413e-15	5.420413e-15	0.000000e+00
7.056849999897716e-08	1.003837e+00	1.003836e+00	1.010145e+00	1.000000e+00	0.000000e+00	-6.308296e-06	5.304460e-06	6.308296e-06	1.003835e-06	-1.003836e-06	7.671010e-15	7.671010e-15	0.000000e+00
7.076381249897716e-08	1.005458e+00	1.005457e+00	1.017766e+00	1.000000e+00	0.000000e+00	-1.230740e-05	1.130194e-05	1.230740e-05	1.005457e-06	-1.005457e-06	1.091444e-14	1.091444e-14	0.000000e+00
7.095912499897717e-08	1.007211e+00	1.007210e+00	1.014868e+00	1.000000e+00	0.000000e+00	-7.656265e-06	6.649054e-06	7.656265e-06	1.007210e-06	-1.007210e-06	1.442049e-14	1.442049e-14	0.000000e+00
7.115443749897717e-08	1.007366e+00	1.007365e+00	1.003313e+00	1.000000e+00	0.000000e+00	4.053091e-06	-5.060456e-06	-4.053091e-06	1.007365e-06	-1.007365e-06	1.473077e-14	1.473077e-14	0.000000e+00
7.134974999897717e-08	1.008530e+00	1.008529e+00	1.026517e+00	1.000000e+00	0.000000e+00	-1.798638e-05	1.697785e-05	1.798638e-05	1.008529e-06	-1.008529e-06	1.705838e-14	1.705838e-14	0.000000e+00
7.154506249897718e-08	1.006483e+00	1.006482e+00	9.695483e-01	1.000000e+00	0.000000e+00	3.693469e-05	-3.794116e-05	-3.693469e-05	1.006482e-06	-1.006482e-06	1.296399e-14	1.296399e-14	0.000000e+00
7.174037499897718e-08	1.002955e+00	1.002954e+00	1.005774e+00	1.000000e+00	0.000000e+00	-2.819262e-06	1.816308e-06	2.819262e-06	1.002954e-06	-1.002954e-06	5.908359e-15	5.908359e-15	0.000000e+00
7.193568749897719e-08	1.002144e+00	1.002143e+00	9.930276e-01	1.000000e+00	0.000000e+00	9.116773e-06	-1.011892e-05	-9.116773e-06	1.002143e-06	-1.002143e-06	4.286758e-15	4.286758e-15	0.000000e+00
7.213099999897719e-08	9.996750e-01	9.996740e-01	9.855069e-01	1.000000e+00	0.000000e+00	1.416807e-05	-1.516774e-05	-1.416807e-05	9.996739e-07	-9.996739e-07	-6.520379e-16	-6.520379e-16	0.000000e+00
7.232631249897720e-08	9.975365e-01	9.975355e-01	9.918033e-01	1.000000e+00	0.000000e+00	5.733194e-06	-6.730729e-06	-5.733194e-06	9.975355e-07	-9.975355e-07	-4.929079e-15	-4.929079e-15	0.000000e+00
7.252162499897720e-08	9.943994e-01	9.943984e-01	9.700009e-01	1.000000e+00	0.000000e+00	2.439845e-05	-2.539285e-05	-2.439845e-05	9.943984e-07	-9.943984e-07	-1.120321e-14	-1.120321e-14	0.000000e+00
7.271693749897721e-08	9.920341e-01	9.920331e-01	9.941988e-01	1.000000e+00	0.000000e+00	-2.164670e-06	1.172637e-06	2.164670e-06	9.920332e-07	-9.920332e-07	-1.593372e-14	-1.593372e-14	0.000000e+00
7.291224999897721e-08	9.900087e-01	9.900077e-01	9.690855e-01	1.000000e+00	0.000000e+00	2.092324e-05	-2.191325e-05	-2.092324e-05	9.900077e-07	-9.900077e-07	-1.998461e-14	-1.998461e-14	0.000000e+00
7.310756249897722e-08	9.862424e-01	9.862413e-01	9.705746e-01	1.000000e+00	0.000000e+00	1.566776e-05	-1.665400e-05	-1.566776e-05	9.862414e-07	-9.862414e-07	-2.751727e-14	-2.751727e-14	0.000000e+00
7.330287499897722e-08	9.849244e-01	9.849235e-01	9.890682e-01	1.000000e+00	0.000000e+00	-4.143695e-06	3.158772e-06	4.143695e-06	9.849234e-07	-9.849234e-07	-3.015306e-14	-3.015306e-14	0.000000e+00
7.349818749897723e-08	9.843044e-01	9.843034e-01	9.757804e-01	1.000000e+00	0.000000e+00	8.523935e-06	-9.508239e-06	-8.523935e-06	9.843034e-07	-9.843034e-07	-3.139319e-14	-3.139319e-14	0.000000e+00
7.369349999897723e-08	9.870465e-01	9.870455e-01	1.025621e+00	1.000000e+00	0.000000e+00	-3.857411e-05	3.758707e-05	3.857411e-05	9.870455e-07	-9.870455e-07	-2.590905e-14	-2.590905e-14	0.000000e+00
7.388881249897724e-08	9.904752e-01	9.904743e-01	9.889894e-01	1.000000e+00	0.000000e+00	1.485880e-06	-2.476355e-06	-1.485880e-06	9.904743e-07	-9.904743e-07	-1.905149e-14	-1.905149e-14	0.000000e+00
7.408412499897724e-08	9.905233e-01	9.905223e-01	9.944828e-01	1.000000e+00	0.000000e+00	-3.959410e-06	2.968888e-06	3.959410e-06	9.905224e-07	-9.905224e-07	-1.895529e-14	-1.895529e-14	0.000000e+00
7.427943749897725e-08	9.935646e-01	9.935636e-01	1.022732e+00	1.000000e+00	0.000000e+00	-2.916726e-05	2.817369e-05	2.916726e-05	9.935636e-07	-9.935636e-07	-1.287276e-14	-1.287276e-14	0.000000e+00
7.447474999897725e-08	9.942991e-01	9.942980e-01	9.746404e-01	1.000000e+00	0.000000e+00	1.965866e-05	-2.065296e-05	-1.965866e-05	9.942980e-07	-9.942980e-07	-1.140387e-14	-1.140387e-14	0.000000e+00
7.467006249897726e-08	9.933075e-01	9.933065e-01	1.004800e+00	1.000000e+00	0.000000e+00	-1.149236e-05	1.049906e-05	1.149236e-05	9.933065e-07	-9.933065e-07	-1.338705e-14	-1.338705e-14	0.000000e+00
7.486537499897726e-08	9.957878e-01	9.957868e-01	1.011683e+00	1.000000e+00	0.000000e+00	-1.589530e-05	1.489952e-05	1.589530e-05	9.957868e-07	-9.957868e-07	-8.426401e-15	-8.426401e-15	0.000000e+00
7.506068749897726e-08	9.991984e-01	9.991974e-01	1.020222e+00	1.000000e+00	0.000000e+00	-2.102378e-05	2.002458e-05	2.102378e-05	9.991974e-07	-9.991974e-07	-1.605294e-15	-1.605294e-15	0.000000e+00
7.525599999897727e-08	1.002482e+00	1.002481e+00	1.017085e+00	1.000000e+00	0.000000e+00	-1.460290e-05	1.360042e-05	1.460290e-05	1.002481e-06	-1.002481e-06	4.962082e-15	4.962082e-15	0.000000e+00
7.545131249897727e-08	1.004526e+00	1.004525e+00	1.012863e+00	1.000000e+00	0.000000e+00	-8.336474e-06	7.331948e-06	8.336474e-06	1.004525e-06	-1.004525e-06	9.050432e-15	9.050432e-15	0.000000e+00
7.564662499897728e-08	1.007081e+00	1.007080e+00	1.026920e+00	1.000000e+00	0.000000e+00	-1.983865e-05	1.883157e-05	1.983865e-05	1.007080e-06	-1.007080e-06	1.416049e-14	1.416049e-14	0.000000e+00
7.584193749897728e-08	1.008105e+00	1.008104e+00	1.000765e+00	1.000000e+00	0.000000e+00	7.340353e-06	-8.348457e-06	-7.340353e-06	1.008104e-06	-1.008104e-06	1.620797e-14	1.620797e-14	0.000000e+00
7.603724999897729e-08	1.007954e+00	1.007953e+00	1.015761e+00	1.000000e+00	0.000000e+00	-7.807695e-06	6.799742e-06	7.807695e-06	1.007953e-06	-1.007953e-06	1.590548e-14	1.590548e-14	0.000000e+00
7.623256249897729e-08	1.006884e+00	1.006883e+00	9.901409e-01	1.000000e+00	0.000000e+00	1.674350e-05	-1.775039e-05	-1.674350e-05	1.006883e-06	-1.006883e-06	1.376669e-14	1.376669e-14	0.000000e+00
7.642787499897730e-08	1.004212e+00	1.004211e+00	9.956054e-01	1.000000e+00	0.000000e+00	8.606944e-06	-9.611155e-06	-8.606944e-06	1.004211e-06	-1.004211e-06	8.422643e-15	8.422643e-15	0.000000e+00
7.662318749897730e-08	1.000983e+00	1.000982e+00	9.785291e-01	1.000000e+00	0.000000e+00	2.245409e-05	-2.345507e-05	-2.245409e-05	1.000982e-06	-1.000982e-06	1.964403e-15	1.964403e-15	0.000000e+00
7.681849999897731e-08	9.977844e-01	9.977834e-01	9.894815e-01	1.000000e+00	0.000000e+00	8.302892e-06	-9.300675e-06	-8.302892e-06	9.977834e-07	-9.977834e-07	-4.433196e-15	-4.433196e-15	0.000000e+00
7.701381249897731e-08	9.944929e-01	9.944919e-01	9.710832e-01	1.000000e+00	0.000000e+00	2.340966e-05	-2.440415e-05	-2.340966e-05	9.944919e-07	-9.944919e-07	-1.101616e-14	-1.101616e-14	0.000000e+00
7.720912499897732e-08	9.902995e-01	9.902984e-01	9.727528e-01	1.000000e+00	0.000000e+00	1.754665e-05	-1.853695e-05	-1.754665e-05	9.902984e-07	-9.902984e-07	-1.940309e-14	-1.940309e-14	0.000000e+00
7.740443749897732e-08	9.926567e-01	9.926558e-01	1.036325e+00	1.000000e+00	0.000000e+00	-4.366823e-05	4.267558e-05	4.366823e-05	9.926557e-07	-9.926557e-07	-1.468852e-14	-1.468852e-14	0.000000e+00
7.759974999897733e-08	1.000315e+00	1.000314e+00	1.037063e+00	1.000000e+00	0.000000e+00	-3.674765e-05	3.574733e-05	3.674765e-05	1.000314e-06	-1.000314e-06	6.284385e-16	6.284385e-16	0.000000e+00
7.779506249897733e-08	9.999933e-01	9.999923e-01	9.619493e-01	1.000000e+00	0.000000e+00	3.804396e-05	-3.904396e-05	-3.804396e-05	9.999923e-07	-9.999923e-07	-1.543257e-17	-1.543257e-17	0.000000e+00
7.799037499897734e-08	9.974518e-01	9.974508e-01	1.011468e+00	1.000000e+00	0.000000e+00	-1.401638e-05	1.301893e-05	1.401638e-05	9.974508e-07	-9.974508e-07	-5.098441e-15	-5.098441e-15	0.000000e+00
7.818568749897734e-08	9.992764e-01	9.992754e-01	1.005941e+00	1.000000e+00	0.000000e+00	-6.664761e-06	5.665486e-06	6.664761e-06	9.992755e-07	-9.992755e-07	-1.449144e-15	-1.449144e-15	0.000000e+00
7.838099999897735e-08	1.002310e+00	1.002309e+00	1.028714e+00	1.000000e+00	0.000000e+00	-2.640338e-05	2.540107e-05	2.640338e-05	1.002309e-06	-1.002309e-06	4.618537e-15	4.618537e-15	0.000000e+00
7.857631249897735e-08	1.002939e+00	1.002938e+00	9.849803e-01	1.000000e+00	0.000000e+00	1.795876e-05	-1.896169e-05	-1.795876e-05	1.002938e-06	-1.002938e-06	5.876226e-15	5.876226e-15	0.000000e+00
7.877162499897736e-08	1.001734e+00	1.001733e+00	1.009359e+00	1.000000e+00	0.000000e+00	-7.625278e-06	6.623545e-06	7.625278e-06	1.001733e-06	-1.001733e-06	3.466434e-15	3.466434e-15	0.000000e+00
7.896693749897736e-08	1.002112e+00	1.002110e+00	1.000353e+00	1.000000e+00	0.000000e+00	1.758000e-06	-2.760111e-06	-1.758000e-06	1.002110e-06	-1.002110e-06	4.221010e-15	4.221010e-15	0.000000e+00
7.916224999897736e-08	1.003456e+00	1.003455e+00	1.020985e+00	1.000000e+00	0.000000e+00	-1.752921e-05	1.652576e-05	1.752921e-05	1.003455e-06	-1.003455e-06	6.909610e-15	6.909610e-15	0.000000e+00
7.935756249897737e-08	1.006523e+00	1.006522e+00	1.022407e+00	1.000000e+00	0.000000e+00	-1.588409e-05	1.487757e-05	1.588409e-05	1.006522e-06	-1.006522e-06	1.304307e-14	1.304307e-14	0.000000e+00
7.955287499897737e-08	1.008782e+00	1.008781e+00	1.018049e+00	1.000000e+00	0.000000e+00	-9.266815e-06	8.258034e-06	9.266815e-06	1.008781e-06	-1.008781e-06	1.756174e-14	1.756174e-14	0.000000e+00
7.974818749897738e-08	1.009284e+00	1.009282e+00	1.007172e+00	1.000000e+00	0.000000e+00	2.111740e-06	-3.121022e-06	-2.111740e-06	1.009283e-06	-1.009283e-06	1.856506e-14	1.856506e-14	0.000000e+00
7.994349999897738e-08	1.010878e+00	1.010877e+00	1.031342e+00	1.000000e+00	0.000000e+00	-2.046395e-05	1.945307e-05	2.046395e-05	1.010877e-06	-1.010877e-06	2.175491e-14	2.175491e-14	0.000000e+00
8.013881249897739e-08	1.013147e+00	1.013146e+00	1.017936e+00	1.000000e+00	0.000000e+00	-4.788861e-06	3.775715e-06	4.788861e-06	1.013146e-06	-1.013146e-06	2.629177e-14	2.629177e-14	0.000000e+00
8.033412499897739e-08	1.011279e+00	1.011278e+00	9.893870e-01	1.000000e+00	0.000000e+00	2.189202e-05	-2.290329e-05	-2.189202e-05	1.011278e-06	-1.011278e-06	2.255592e-14	2.255592e-14	0.000000e+00
8.052943749897740e-08	1.007811e+00	1.007810e+00	9.962144e-01	1.000000e+00	0.000000e+00	1.159696e-05	-1.260477e-05	-1.159696e-05	1.007810e-06	-1.007810e-06	1.562076e-14	1.562076e-14	0.000000e+00
8.072474999897740e-08	1.005445e+00	1.005444e+00	9.948239e-01	1.000000e+00	0.000000e+00	1.062110e-05	-1.162654e-05	-1.062110e-05	1.005444e-06	-1.005444e-06	1.088809e-14	1.088809e-14	0.000000e+00
8.092006249897741e-08	1.003211e+00	1.003210e+00	9.929693e-01	1.000000e+00	0.000000e+00	1.024219e-05	-1.124540e-05	-1.024219e-05	1.003211e-06	-1.003211e-06	6.420918e-15	6.420918e-15	0.000000e+00
8.111537499897741e-08	9.993103e-01	9.993092e-01	9.716064e-01	1.000000e+00	0.000000e+00	2.770385e-05	-2.870316e-05	-2.770385e-05	9.993092e-07	-9.993092e-07	-1.381527e-15	-1.381527e-15	0.000000e+00
8.131068749897742e-08	9.979725e-01	9.979715e-01	1.013976e+00	1.000000e+00	0.000000e+00	-1.600311e-05	1.500514e-05	1.600311e-05	9.979716e-07	-9.979715e-07	-4.056919e-15	-4.056919e-15	0.000000e+00
8.150599999897742e-08	9.960950e-01	9.960940e-01	9.628603e-01	1.000000e+00	0.000000e+00	3.323472e-05	-3.423082e-05	-3.323472e-05	9.960941e-07	-9.960941e-07	-7.811930e-15	-7.811930e-15	0.000000e+00
8.170131249897743e-08	9.965549e-01	9.965538e-01	1.036491e+00	1.000000e+00	0.000000e+00	-3.993592e-05	3.893936e-05	3.993592e-05	9.965538e-07	-9.965538e-07	-6.892293e-15	-6.892293e-15	0.000000e+00
8.189662499897743e-08	1.003716e+00	1.003715e+00	1.039105e+00	1.000000e+00	0.000000e+00	-3.538962e-05	3.438591e-05	3.538962e-05	1.003714e-06	-1.003714e-06	7.429035e-15	7.429035e-15	0.000000e+00
8.209193749897744e-08	1.008749e+00	1.008748e+00	1.026911e+00	1.000000e+00	0.000000e+00	-1.816201e-05	1.715326e-05	1.816201e-05	1.008748e-06	-1.008748e-06	1.749527e-14	1.749527e-14	0.000000e+00
8.228724999897744e-08	1.011708e+00	1.011707e+00	1.025874e+00	1.000000e+00	0.000000e+00	-1.416573e-05	1.315402e-05	1.416573e-05	1.011707e-06	-1.011707e-06	2.341466e-14	2.341466e-14	0.000000e+00
8.248256249897745e-08	1.011841e+00	1.011840e+00	1.001056e+00	1.000000e+00	0.000000e+00	1.078451e-05	-1.179635e-05	-1.078451e-05	1.011840e-06	-1.011840e-06	2.367983e-14	2.367983e-14	0.000000e+00
8.267787499897745e-08	1.012022e+00	1.012021e+00	1.026681e+00	1.000000e+00	0.000000e+00	-1.465955e-05	1.364753e-05	1.465955e-05	1.012021e-06	-1.012021e-06	2.404138e-14	2.404138e-14	0.000000e+00
8.287318749897745e-08	1.010090e+00	1.010089e+00	9.776712e-01	1.000000e+00	0.000000e+00	3.241871e-05	-3.342880e-05	-3.241871e-05	1.010089e-06	-1.010089e-06	2.017786e-14	2.017786e-14	0.000000e+00
8.306849999897746e-08	1.003375e+00	1.003374e+00	9.690430e-01	1.000000e+00	0.000000e+00	3.433173e-05	-3.533510e-05	-3.433173e-05	1.003374e-06	-1.003374e-06	6.747421e-15	6.747421e-15	0.000000e+00
8.326381249897746e-08	1.002343e+00	1.002342e+00	1.028115e+00	1.000000e+00	0.000000e+00	-2.577241e-05	2.477007e-05	2.577241e-05	1.002342e-06	-1.002342e-06	4.683940e-15	4.683940e-15	0.000000e+00
8.345912499897747e-08	1.004610e+00	1.004609e+00	1.004057e+00	1.000000e+00	0.000000e+00	5.531290e-07	-1.557738e-06	-5.531290e-07	1.004609e-06	-1.004609e-06	9.217594e-15	9.217594e-15	0.000000e+00
8.365443749897747e-08	1.001829e+00	1.001827e+00	9.759076e-01	1.000000e+00	0.000000e+00	2.592093e-05	-2.692276e-05	-2.592093e-05	1.001828e-06	-1.001828e-06	3.655003e-15	3.655003e-15	0.000000e+00
8.384974999897748e-08	9.990974e-01	9.990965e-01	9.990530e-01	1.000000e+00	0.000000e+00	4.439861e-08	-1.043495e-06	-4.439861e-08	9.990964e-07	-9.990964e-07	-1.807150e-15	-1.807150e-15	0.000000e+00
8.404506249897748e-08	9.997100e-01	9.997090e-01	1.008026e+00	1.000000e+00	0.000000e+00	-8.316375e-06	7.316666e-06	8.316375e-06	9.997091e-07	-9.997091e-07	-5.819226e-16	-5.819226e-16	0.000000e+00
8.424037499897749e-08	1.001901e+00	1.001900e+00	1.018020e+00	1.000000e+00	0.000000e+00	-1.611955e-05	1.511765e-05	1.611955e-05	1.001900e-06	-1.001900e-06	3.799775e-15	3.799775e-15	0.000000e+00
8.443568749897749e-08	1.003628e+00	1.003627e+00	1.007202e+00	1.000000e+00	0.000000e+00	-3.573709e-06	2.570082e-06	3.573709e-06	1.003627e-06	-1.003627e-06	7.254405e-15	7.254405e-15	0.000000e+00
8.463099999897750e-08	1.001847e+00	1.001846e+00	9.820419e-01	1.000000e+00	0.000000e+00	1.980534e-05	-2.080718e-05	-1.980534e-05	1.001846e-06	-1.001846e-06	3.692475e-15	3.692475e-15	0.000000e+00
8.482631249897750e-08	9.970539e-01	9.970529e-01	9.697741e-01	1.000000e+00	0.000000e+00	2.727978e-05	-2.827684e-05	-2.727978e-05	9.970529e-07	-9.970529e-07	-5.894238e-15	-5.894238e-15	0.000000e+00
8.502162499897751e-08	9.952236e-01	9.952226e-01	1.005754e+00	1.000000e+00	0.000000e+00	-1.053013e-05	9.534904e-06	1.053013e-05	9.952226e-07	-9.952226e-07	-9.554768e-15	-9.554768e-15	0.000000e+00
8.521693749897751e-08	9.976832e-01	9.976823e-01	1.014333e+00	1.000000e+00	0.000000e+00	-1.664942e-05	1.565174e-05	1.664942e-05	9.976823e-07	-9.976823e-07	-4.635506e-15	-4.635506e-15	0.000000e+00
8.541224999897752e-08	9.984751e-01	9.984741e-01	9.919310e-01	1.000000e+00	0.000000e+00	6.544165e-06	-7.542639e-06	-6.544165e-06	9.984742e-07	-9.984741e-07	-3.051699e-15	-3.051699e-15	0.000000e+00
8.560756249897752e-08	9.986694e-01	9.986684e-01	1.009200e+00	1.000000e+00	0.000000e+00	-1.053097e-05	9.532302e-06	1.053097e-05	9.986685e-07	-9.986685e-07	-2.663093e-15	-2.663093e-15	0.000000e+00
8.580287499897753e-08	1.001212e+00	1.001211e+00	1.018712e+00	1.000000e+00	0.000000e+00	-1.750000e-05	1.649879e-05	1.750000e-05	1.001211e-06	-1.001211e-06	2.421100e-15	2.421100e-15	0.000000e+00
8.599818749897753e-08	1.006198e+00	1.006197e+00	1.041763e+00	1.000000e+00	0.000000e+00	-3.556506e-05	3.455887e-05	3.556506e-05	1.006197e-06	-1.006197e-06	1.239329e-14	1.239329e-14	0.000000e+00
8.619349999897754e-08	1.007364e+00	1.007363e+00	9.857551e-01	1.000000e+00	0.000000e+00	2.160885e-05	-2.261622e-05	-2.160885e-05	1.007363e-06	-1.007363e-06	1.472584e-14	1.472584e-14	0.000000e+00
8.638881249897754e-08	1.002925e+00	1.002924e+00	9.810855e-01	1.000000e+00	0.000000e+00	2.183910e-05	-2.284202e-05	-2.183910e-05	1.002924e-06	-1.002924e-06	5.847282e-15	5.847282e-15	0.000000e+00
8.658412499897754e-08	9.975003e-01	9.974993e-01	9.657947e-01	1.000000e+00	0.000000e+00	3.170558e-05	-3.270308e-05	-3.170558e-05	9.974993e-07	-9.974993e-07	-5.001361e-15	-5.001361e-15	0.000000e+00
8.677943749897755e-08	9.914953e-01	9.914943e-01	9.636984e-01	1.000000e+00	0.000000e+00	2.779692e-05	-2.878842e-05	-2.779692e-05	9.914943e-07	-9.914943e-07	-1.701141e-14	-1.701141e-14	0.000000e+00
8.697474999897755e-08	9.869205e-01	9.869195e-01	9.698499e-01	1.000000e+00	0.000000e+00	1.707054e-05	-1.805746e-05	-1.707054e-05	9.869195e-07	-9.869195e-07	-2.616098e-14	-2.616098e-14	0.000000e+00
8.717006249897756e-08	9.885511e-01	9.885501e-01	1.024294e+00	1.000000e+00	0.000000e+00	-3.574300e-05	3.475444e-05	3.574300e-05	9.885500e-07	-9.885500e-07	-2.289986e-14	-2.289986e-14	0.000000e+00
8.736537499897756e-08	9.906647e-01	9.906636e-01	9.785439e-01	1.000000e+00	0.000000e+00	1.212076e-05	-1.311143e-05	-1.212076e-05	9.906637e-07	-9.906636e-07	-1.867271e-14	-1.867271e-14	0.000000e+00
8.756068749897757e-08	9.927230e-01	9.927220e-01	1.027905e+00	1.000000e+00	0.000000e+00	-3.518167e-05	3.418895e-05	3.518167e-05	9.927220e-07	-9.927220e-07	-1.455601e-14	-1.455601e-14	0.000000e+00
8.775599999897757e-08	9.986089e-01	9.986079e-01	1.025691e+00	1.000000e+00	0.000000e+00	-2.708185e-05	2.608324e-05	2.708185e-05	9.986079e-07	-9.986079e-07	-2.784109e-15	-2.784109e-15	0.000000e+00
8.795131249897758e-08	9.994308e-01	9.994298e-01	9.827625e-01	1.000000e+00	0.000000e+00	1.666824e-05	-1.766767e-05	-1.666824e-05	9.994297e-07	-9.994297e-07	-1.140445e-15	-1.140445e-15	0.000000e+00
8.814662499897758e-08	9.972573e-01	9.972563e-01	9.936656e-01	1.000000e+00	0.000000e+00	3.591678e-06	-4.588934e-06	-3.591678e-06	9.972563e-07	-9.972563e-07	-5.487433e-15	-5.487433e-15	0.000000e+00
8.834193749897759e-08	9.960616e-01	9.960607e-01	9.894032e-01	1.000000e+00	0.000000e+00	6.658373e-06	-7.654434e-06	-6.658373e-06	9.960606e-07	-9.960606e-07	-7.878714e-15	-7.878714e-15	0.000000e+00
8.853724999897759e-08	9.938207e-01	9.938197e-01	9.795216e-01	1.000000e+00	0.000000e+00	1.429903e-05	-1.529286e-05	-1.429903e-05	9.938198e-07	-9.938196e-07	-1.236060e-14	-1.236060e-14	0.000000e+00
8.873256249897760e-08	9.945258e-01	9.945248e-01	1.018034e+00	1.000000e+00	0.000000e+00	-2.350775e-05	2.251322e-05	2.350775e-05	9.945248e-07	-9.945248e-07	-1.095038e-14	-1.095038e-14	0.000000e+00
8.892787499897760e-08	9.934972e-01	9.934962e-01	9.614446e-01	1.000000e+00	0.000000e+00	3.205257e-05	-3.304607e-05	-3.205257e-05	9.934962e-07	-9.934962e-07	-1.300757e-14	-1.300757e-14	0.000000e+00
8.912318749897761e-08	9.920488e-01	9.920478e-01	1.011256e+00	1.000000e+00	0.000000e+00	-1.920671e-05	1.821466e-05	1.920671e-05	9.920478e-07	-9.920478e-07	-1.590433e-14	-1.590433e-14	0.000000e+00
8.931849999897761e-08	9.932735e-01	9.932725e-01	9.885929e-01	1.000000e+00	0.000000e+00	4.680665e-06	-5.673938e-06	-4.680665e-06	9.932725e-07	-9.932725e-07	-1.345497e-14	-1.345497e-14	0.000000e+00
8.951381249897762e-08	9.957486e-01	9.957477e-01	1.027764e+00	1.000000e+00	0.000000e+00	-3.201515e-05	3.101940e-05	3.201515e-05	9.957477e-07	-9.957477e-07	-8.504688e-15	-8.504688e-15	0.000000e+00
8.970912499897762e-08	9.993217e-01	9.993207e-01	1.005890e+00	1.000000e+00	0.000000e+00	-6.567916e-06	5.568596e-06	6.567916e-06	9.993207e-07	-9.993207e-07	-1.358601e-15	-1.358601e-15	0.000000e+00
8.990443749897763e-08	1.003543e+00	1.003542e+00	1.042208e+00	1.000000e+00	0.000000e+00	-3.866476e-05	3.766121e-05	3.866476e-05	1.003542e-06	-1.003542e-06	7.084713e-15	7.084713e-15	0.000000e+00
9.009974999897763e-08	1.009631e+00	1.009630e+00	1.035317e+00	1.000000e+00	0.000000e+00	-2.568606e-05	2.467643e-05	2.568606e-05	1.009630e-06	-1.009630e-06	1.926002e-14	1.926002e-14	0.000000e+00
9.029506249897764e-08	1.013813e+00	1.013812e+00	1.032973e+00	1.000000e+00	0.000000e+00	-1.916018e-05	1.814637e-05	1.916018e-05	1.013812e-06	-1.013812e-06	2.762384e-14	2.762384e-14	0.000000e+00
9.049037499897764e-08	1.016723e+00	1.016722e+00	1.029396e+00	1.000000e+00	0.000000e+00	-1.267274e-05	1.165602e-05	1.267274e-05	1.016722e-06	-1.016722e-06	3.344462e-14	3.344462e-14	0.000000e+00
9.068568749897764e-08	1.012783e+00	1.012782e+00	9.617940e-01	1.000000e+00	0.000000e+00	5.098929e-05	-5.200207e-05	-5.098929e-05	1.012782e-06	-1.012782e-06	2.556454e-14	2.556454e-14	0.000000e+00
9.088099999897765e-08	1.003664e+00	1.003663e+00	9.632871e-01	1.000000e+00	0.000000e+00	4.037679e-05	-4.138046e-05	-4.037679e-05	1.003663e-06	-1.003663e-06	7.325779e-15	7.325779e-15	0.000000e+00
9.107631249897765e-08	9.974816e-01	9.974806e-01	9.765532e-01	1.000000e+00	0.000000e+00	2.092844e-05	-2.192592e-05	-2.092844e-05	9.974806e-07	-9.974806e-07	-5.038736e-15	-5.038736e-15	0.000000e+00
9.127162499897766e-08	9.930014e-01	9.930004e-01	9.700430e-01	1.000000e+00	0.000000e+00	2.295841e-05	-2.395142e-05	-2.295841e-05	9.930004e-07	-9.930004e-07	-1.399914e-14	-1.399914e-14	0.000000e+00
9.146693749897766e-08	9.913465e-01	9.913455e-01	9.993431e-01	1.000000e+00	0.000000e+00	-7.996602e-06	7.005257e-06	7.996602e-06	9.913456e-07	-9.913455e-07	-1.730894e-14	-1.730894e-14	0.000000e+00
9.166224999897767e-08	9.925748e-01	9.925738e-01	9.991392e-01	1.000000e+00	0.000000e+00	-6.564488e-06	5.571914e-06	6.564488e-06	9.925737e-07	-9.925737e-07	-1.485246e-14	-1.485246e-14	0.000000e+00
9.185756249897767e-08	9.940635e-01	9.940625e-01	1.004730e+00	1.000000e+00	0.000000e+00	-1.066656e-05	9.672500e-06	1.066656e-05	9.940625e-07	-9.940625e-07	-1.187504e-14	-1.187504e-14	0.000000e+00
9.205287499897768e-08	9.967229e-01	9.967219e-01	1.015279e+00	1.000000e+00	0.000000e+00	-1.855642e-05	1.755970e-05	1.855642e-05	9.967218e-07	-9.967218e-07	-6.556257e-15	-6.556257e-15	0.000000e+00
9.224818749897768e-08	9.982693e-01	9.982683e-01	9.975431e-01	1.000000e+00	0.000000e+00	7.261644e-07	-1.724433e-06	-7.261644e-07	9.982683e-07	-9.982683e-07	-3.463435e-15	-3.463435e-15	0.000000e+00
9.244349999897769e-08	9.965535e-01	9.965525e-01	9.817051e-01	1.000000e+00	0.000000e+00	1.484837e-05	-1.584492e-05	-1.484837e-05	9.965526e-07	-9.965526e-07	-6.894946e-15	-6.894946e-15	0.000000e+00
9.263881249897769e-08	9.974191e-01	9.974181e-01	1.023125e+00	1.000000e+00	0.000000e+00	-2.570567e-05	2.470825e-05	2.570567e-05	9.974181e-07	-9.974181e-07	-5.163829e-15	-5.163829e-15	0.000000e+00
9.283412499897770e-08	1.000330e+00	1.000329e+00	1.006425e+00	1.000000e+00	0.000000e+00	-6.095709e-06	5.095380e-06	6.095709e-06	1.000329e-06	-1.000329e-06	6.571867e-16	6.571867e-16	0.000000e+00
9.302943749897770e-08	9.990965e-01	9.990955e-01	9.823732e-01	1.000000e+00	0.000000e+00	1.672332e-05	-1.772242e-05	-1.672332e-05	9.990955e-07	-9.990955e-07	-1.809030e-15	-1.809030e-15	0.000000e+00
9.322474999897771e-08	9.991594e-01	9.991584e-01	1.018525e+00	1.000000e+00	0.000000e+00	-1.936599e-05	1.836683e-05	1.936599e-05	9.991584e-07	-9.991584e-07	-1.683168e-15	-1.683168e-15	0.000000e+00
9.342006249897771e-08	9.984524e-01	9.984514e-01	9.738443e-01	1.000000e+00	0.000000e+00	2.460812e-05	-2.560657e-05	-2.460812e-05	9.984514e-07	-9.984514e-07	-3.097179e-15	-3.097179e-15	0.000000e+00
9.361537499897772e-08	9.970093e-01	9.970083e-01	1.008835e+00	1.000000e+00	0.000000e+00	-1.182609e-05	1.082908e-05	1.182609e-05	9.970083e-07	-9.970083e-07	-5.983404e-15	-5.983404e-15	0.000000e+00
9.381068749897772e-08	1.000742e+00	1.000741e+00	1.029140e+00	1.000000e+00	0.000000e+00	-2.839736e-05	2.739662e-05	2.839736e-05	1.000741e-06	-1.000741e-06	1.482544e-15	1.482544e-15	0.000000e+00
9.400599999897773e-08	9.993620e-01	9.993610e-01	9.588308e-01	1.000000e+00	0.000000e+00	4.053121e-05	-4.153057e-05	-4.053121e-05	9.993610e-07	-9.993610e-07	-1.277992e-15	-1.277992e-15	0.000000e+00
9.420131249897773e-08	9.966577e-01	9.966567e-01	1.011493e+00	1.000000e+00	0.000000e+00	-1.483538e-05	1.383872e-05	1.483538e-05	9.966567e-07	-9.966567e-07	-6.686551e-15	-6.686551e-15	0.000000e+00
9.439662499897773e-08	9.947359e-01	9.947349e-01	9.622124e-01	1.000000e+00	0.000000e+00	3.252349e-05	-3.351822e-05	-3.252349e-05	9.947349e-07	-9.947349e-07	-1.053020e-14	-1.053020e-14	0.000000e+00
9.459193749897774e-08	9.922144e-01	9.922135e-01	1.000905e+00	1.000000e+00	0.000000e+00	-8.690869e-06	7.698655e-06	8.690869e-06	9.922135e-07	-9.922135e-07	-1.557308e-14	-1.557308e-14	0.000000e+00
9.478724999897774e-08	9.928504e-01	9.928494e-01	9.926568e-01	1.000000e+00	0.000000e+00	1.935987e-07	-1.186448e-06	-1.935987e-07	9.928494e-07	-9.928494e-07	-1.430116e-14	-1.430116e-14	0.000000e+00
9.498256249897775e-08	9.925391e-01	9.925381e-01	9.915300e-01	1.000000e+00	0.000000e+00	1.009049e-06	-2.001587e-06	-1.009049e-06	9.925380e-07	-9.925380e-07	-1.492383e-14	-1.492383e-14	0.000000e+00
9.517787499897775e-08	9.924618e-01	9.924608e-01	9.946645e-01	1.000000e+00	0.000000e+00	-2.202761e-06	1.210300e-06	2.202761e-06	9.924609e-07	-9.924607e-07	-1.507838e-14	-1.507838e-14	0.000000e+00
9.537318749897776e-08	9.917384e-01	9.917374e-01	9.841118e-01	1.000000e+00	0.000000e+00	7.626560e-06	-8.618297e-06	-7.626560e-06	9.917374e-07	-9.917374e-07	-1.652525e-14	-1.652525e-14	0.000000e+00
9.556849999897776e-08	9.915193e-01	9.915183e-01	9.988859e-01	1.000000e+00	0.000000e+00	-7.366579e-06	6.375060e-06	7.366579e-06	9.915183e-07	-9.915183e-07	-1.696338e-14	-1.696338e-14	0.000000e+00
9.576381249897777e-08	9.913750e-01	9.913740e-01	9.845139e-01	1.000000e+00	0.000000e+00	6.861060e-06	-7.852434e-06	-6.861060e-06	9.913740e-07	-9.913740e-07	-1.725193e-14	-1.725193e-14	0.000000e+00
9.595912499897777e-08	9.945740e-01	9.945729e-01	1.036178e+00	1.000000e+00	0.000000e+00	-4.160377e-05	4.060920e-05	4.160377e-05	9.945729e-07	-9.945729e-07	-1.085413e-14	-1.085413e-14	0.000000e+00
9.615443749897778e-08	9.972307e-01	9.972298e-01	9.848244e-01	1.000000e+00	0.000000e+00	1.240636e-05	-1.340359e-05	-1.240636e-05	9.972297e-07	-9.972297e-07	-5.540540e-15	-5.540540e-15	0.000000e+00
9.634974999897778e-08	9.943942e-01	9.943932e-01	9.797457e-01	1.000000e+00	0.000000e+00	1.464842e-05	-1.564281e-05	-1.464842e-05	9.943932e-07	-9.943932e-07	-1.121366e-14	-1.121366e-14	0.000000e+00
9.654506249897779e-08	9.914255e-01	9.914245e-01	9.776602e-01	1.000000e+00	0.000000e+00	1.376524e-05	-1.475666e-05	-1.376524e-05	9.914245e-07	-9.914245e-07	-1.715105e-14	-1.715105e-14	0.000000e+00
9.674037499897779e-08	9.887657e-01	9.887647e-01	9.772749e-01	1.000000e+00	0.000000e+00	1.149081e-05	-1.247957e-05	-1.149081e-05	9.887647e-07	-9.887647e-07	-2.247062e-14	-2.247062e-14	0.000000e+00
9.693568749897780e-08	9.902040e-01	9.902031e-01	1.018403e+00	1.000000e+00	0.000000e+00	-2.819873e-05	2.720853e-05	2.819873e-05	9.902030e-07	-9.902030e-07	-1.959387e-14	-1.959387e-14	0.000000e+00
9.713099999897780e-08	9.937255e-01	9.937246e-01	1.003571e+00	1.000000e+00	0.000000e+00	-9.845454e-06	8.851729e-06	9.845454e-06	9.937246e-07	-9.937246e-07	-1.255086e-14	-1.255086e-14	0.000000e+00
9.732631249897781e-08	9.964669e-01	9.964659e-01	1.016683e+00	1.000000e+00	0.000000e+00	-2.021637e-05	1.921991e-05	2.021637e-05	9.964659e-07	-9.964659e-07	-7.068127e-15	-7.068127e-15	0.000000e+00
9.752162499897781e-08	9.996518e-01	9.996508e-01	1.014045e+00	1.000000e+00	0.000000e+00	-1.439320e-05	1.339355e-05	1.439320e-05	9.996509e-07	-9.996509e-07	-6.983182e-16	-6.983182e-16	0.000000e+00
9.771693749897782e-08	1.002213e+00	1.002212e+00	1.016046e+00	1.000000e+00	0.000000e+00	-1.383359e-05	1.283137e-05	1.383359e-05	1.002212e-06	-1.002212e-06	4.423732e-15	4.423732e-15	0.000000e+00
9.791224999897782e-08	1.002561e+00	1.002560e+00	9.942939e-01	1.000000e+00	0.000000e+00	8.266846e-06	-9.269405e-06	-8.266846e-06	1.002560e-06	-1.002560e-06	5.119428e-15	5.119428e-15	0.000000e+00
9.810756249897783e-08	9.972586e-01	9.972576e-01	9.532317e-01	1.000000e+00	0.000000e+00	4.402691e-05	-4.502417e-05	-4.402691e-05	9.972576e-07	-9.972576e-07	-5.484775e-15	-5.484775e-15	0.000000e+00
9.830287499897783e-08	9.895562e-01	9.895552e-01	9.566974e-01	1.000000e+00	0.000000e+00	3.285883e-05	-3.384839e-05	-3.285883e-05	9.895552e-07	-9.895552e-07	-2.088956e-14	-2.088956e-14	0.000000e+00
9.849818749897783e-08	9.832904e-01	9.832894e-01	9.539604e-01	1.000000e+00	0.000000e+00	2.933000e-05	-3.031329e-05	-2.933000e-05	9.832894e-07	-9.832894e-07	-3.342112e-14	-3.342112e-14	0.000000e+00
9.869349999897784e-08	9.807294e-01	9.807284e-01	9.857984e-01	1.000000e+00	0.000000e+00	-5.068964e-06	4.088235e-06	5.068964e-06	9.807284e-07	-9.807284e-07	-3.854320e-14	-3.854320e-14	0.000000e+00
9.888881249897784e-08	9.840639e-01	9.840629e-01	1.015105e+00	1.000000e+00	0.000000e+00	-3.104095e-05	3.005689e-05	3.104095e-05	9.840629e-07	-9.840628e-07	-3.187424e-14	-3.187424e-14	0.000000e+00
9.908412499897785e-08	9.917690e-01	9.917681e-01	1.041605e+00	1.000000e+00	0.000000e+00	-4.983585e-05	4.884408e-05	4.983585e-05	9.917680e-07	-9.917680e-07	-1.646391e-14	-1.646391e-14	0.000000e+00
9.927943749897785e-08	9.928648e-01	9.928639e-01	9.562349e-01	1.000000e+00	0.000000e+00	3.662999e-05	-3.762285e-05	-3.662999e-05	9.928639e-07	-9.928639e-07	-1.427226e-14	-1.427226e-14	0.000000e+00
9.947474999897786e-08	9.898428e-01	9.898418e-01	9.975098e-01	1.000000e+00	0.000000e+00	-7.666960e-06	6.677119e-06	7.666960e-06	9.898419e-07	-9.898419e-07	-2.031634e-14	-2.031634e-14	0.000000e+00
9.967006249897786e-08	9.933548e-01	9.933538e-01	1.023634e+00	1.000000e+00	0.000000e+00	-3.027903e-05	2.928567e-05	3.027903e-05	9.933539e-07	-9.933538e-07	-1.329237e-14	-1.329237e-14	0.000000e+00
9.986537499897787e-08	9.967617e-01	9.967607e-01	1.003359e+00	1.000000e+00	0.000000e+00	-6.597140e-06	5.600379e-06	6.597140e-06	9.967606e-07	-9.967606e-07	-6.478693e-15	-6.478693e-15	0.000000e+00
9.990000000000001e-08	9.970636e-01	9.970626e-01	1.009901e+00	1.000000e+00	0.000000e+00	-1.283707e-05	1.184001e-05	1.283707e-05	9.970626e-07	-9.970626e-07	-5.874820e-15	-5.874820e-15	0.000000e+00
9.991000000000001e-08	9.971659e-01	9.971649e-01	1.008394e+00	1.000000e+00	1.000000e-01	-1.122798e-05	1.023082e-05	1.122798e-05	9.971649e-07	-9.971649e-07	-5.670204e-15	-5.670204e-15	0.000000e+00
9.993000000000001e-08	9.972683e-01	9.972672e-01	9.982699e-01	1.000000e+00	3.000000e-01	-1.001657e-06	4.389324e-09	1.001657e-06	9.972672e-07	-9.972672e-07	-5.465680e-15	-5.465680e-15	0.000000e+00
9.997000000000000e-08	9.966879e-01	9.999990e-01	9.676645e-01	1.000000e+00	7.000000e-01	2.902330e-05	-2.902330e-05	-2.902330e-05	9.999990e-07	6.622262e-15	-9.999990e-07	-9.999990e-07	0.000000e+00
1.000000000000000e-07	9.956579e-01	9.999990e-01	9.560130e-01	1.000000e+00	1.000000e+00	3.964486e-05	-3.964486e-05	-3.964486e-05	9.999990e-07	8.682307e-15	-9.999990e-07	-9.999990e-07	0.000000e+00
1.000080000000000e-07	9.953453e-01	9.999990e-01	9.562779e-01	1.000000e+00	1.000000e+00	3.906742e-05	-3.906742e-05	-3.906742e-05	9.999990e-07	9.307385e-15	-9.999990e-07	-9.999990e-07	0.000000e+00
1.000240000000000e-07	9.947400e-01	9.999990e-01	9.581463e-01	1.000000e+00	1.000000e+00	3.659367e-05	-3.659367e-05	-3.659367e-05	9.999990e-07	1.051796e-14	-9.999990e-07	-9.999990e-07	0.000000e+00
1.000560000000000e-07	9.936907e-01	9.999990e-01	9.646991e-01	1.000000e+00	1.000000e+00	2.899149e-05	-2.899149e-05	-2.899149e-05	9.999990e-07	1.261669e-14	-9.999990e-07	-9.999990e-07	0.000000e+00
1.001200000000000e-07	9.921389e-01	9.999990e-01	9.726372e-01	1.000000e+00	1.000000e+00	1.950162e-05	-1.950162e-05	-1.950162e-05	9.999990e-07	1.572025e-14	-9.999990e-07	-9.999990e-07	0.000000e+00
1.002480000000000e-07	9.922726e-01	9.999990e-01	1.013863e+00	1.000000e+00	1.000000e+00	-2.159028e-05	2.159028e-05	2.159028e-05	9.999990e-07	1.545290e-14	-9.999990e-07	-9.999990e-07	0.000000e+00
1.004433125000000e-07	9.947254e-01	9.999990e-01	9.982524e-01	1.000000e+00	1.000000e+00	-3.527004e-06	3.527004e-06	3.527004e-06	9.999990e-07	1.054718e-14	-9.999990e-07	-9.999990e-07	0.000000e+00
1.006386250000000e-07	9.929827e-01	9.999990e-01	9.716110e-01	1.000000e+00	1.000000e+00	2.137174e-05	-2.137174e-05	-2.137174e-05	9.999990e-07	1.403248e-14	-9.999990e-07	-9.999990e-07	0.000000e+00
1.008339375000000e-07	9.898148e-01	9.999990e-01	9.787465e-01	1.000000e+00	1.000000e+00	1.106828e-05	-1.106828e-05	-1.106828e-05	9.999990e-07	2.036842e-14	-9.999990e-07	-9.999990e-07	0.000000e+00
1.010292500000000e-07	9.888168e-01	9.999990e-01	9.896659e-01	1.000000e+00	1.000000e+00	-8.490591e-07	8.490591e-07	8.490591e-07	9.999990e-07	2.236437e-14	-9.999990e-07	-9.999990e-07	0.000000e+00
1.012245625000000e-07	9.875154e-01	9.999990e-01	9.733395e-01	1.000000e+00	1.000000e+00	1.417590e-05	-1.417590e-05	-1.417590e-05	9.999990e-07	2.496726e-14	-9.999990e-07	-9.999990e-07	0.000000e+00
1.014198750000000e-07	9.869410e-01	9.999990e-01	9.952348e-01	1.000000e+00	1.000000e+00	-8.293918e-06	8.293918e-06	8.293918e-06	9.999990e-07	2.611609e-14	-9.999990e-07	-9.999990e-07	0.000000e+00
1.016151875000000e-07	9.854916e-01	9.999990e-01	9.623557e-01	1.000000e+00	1.000000e+00	2.313581e-05	-2.313581e-05	-2.313581e-05	9.999990e-07	2.901489e-14	-9.999990e-07	-9.999990e-07	0.000000e+00
1.018105000000000e-07	9.880703e-01	9.999990e-01	1.037612e+00	1.000000e+00	1.000000e+00	-4.954217e-05	4.954217e-05	4.954217e-05	9.999990e-07	2.385740e-14	-9.999990e-07	-9.999990e-07	0.000000e+00
1.020058125000000e-07	9.918748e-01	9.999990e-01	9.812903e-01	1.000000e+00	1.000000e+00	1.058445e-05	-1.058445e-05	-1.058445e-05	9.999990e-07	1.624848e-14	-9.999990e-07	-9.999990e-07	0.000000e+00
1.022011250000000e-07	9.897117e-01	9.999990e-01	9.781462e-01	1.000000e+00	1.000000e+00	1.156549e-05	-1.156549e-05	-1.156549e-05	9.999990e-07	2.057464e-14	-9.999990e-07	-9.999990e-07	0.000000e+00
1.023964375000000e-07	9.887260e-01	9.999990e-01	9.901977e-01	1.000000e+00	1.000000e+00	-1.471677e-06	1.471677e-06	1.471677e-06	9.999990e-07	2.254608e-14	-9.999990e-07	-9.999990e-07	0.000000e+00
1.025917500000000e-07	9.868699e-01	9.999990e-01	9.663926e-01	1.000000e+00	1.000000e+00	2.047728e-05	-2.047728e-05	-2.047728e-05	9.999990e-07	2.625811e-14	-9.999990e-07	-9.999990e-07	0.000000e+00
1.027870625000000e-07	9.829989e-01	9.999990e-01	9.638366e-01	1.000000e+00	1.000000e+00	1.916232e-05	-1.916232e-05	-1.916232e-05	9.999990e-07	3.400022e-14	-9.999991e-07	-9.999991e-07	0.000000e+00
1.029823750000001e-07	9.826298e-01	9.999990e-01	9.980127e-01	1.000000e+00	1.000000e+00	-1.538289e-05	1.538289e-05	1.538289e-05	9.999990e-07	3.473839e-14	-9.999991e-07	-9.999991e-07	0.000000e+00
1.031776875000001e-07	9.822716e-01	9.999990e-01	9.632205e-01	1.000000e+00	1.000000e+00	1.905111e-05	-1.905111e-05	-1.905111e-05	9.999990e-07	3.545484e-14	-9.999991e-07	-9.999991e-07	0.000000e+00
1.033730000000001e-07	9.829628e-01	9.999990e-01	1.009092e+00	1.000000e+00	1.000000e+00	-2.612961e-05	2.612961e-05	2.612961e-05	9.999990e-07	3.407232e-14	-9.999991e-07	-9.999991e-07	0.000000e+00
1.035683125000001e-07	9.879726e-01	9.999990e-01	1.013143e+00	1.000000e+00	1.000000e+00	-2.517019e-05	2.517019e-05	2.517019e-05	9.999990e-07	2.405283e-14	-9.999990e-07	-9.999990e-07	0.000000e+00
1.037636250000001e-07	9.928493e-01	9.999990e-01	1.017617e+00	1.000000e+00	1.000000e+00	-2.476743e-05	2.476743e-05	2.476743e-05	9.999990e-07	1.429939e-14	-9.999990e-07	-9.999990e-07	0.000000e+00
1.039589375000001e-07	9.963253e-01	9.999990e-01	1.007152e+00	1.000000e+00	1.000000e+00	-1.082666e-05	1.082666e-05	1.082666e-05	9.999990e-07	7.347418e-15	-9.999990e-07	-9.999990e-07	0.000000e+00
1.041542500000001e-07	1.001489e+00	9.999990e-01	1.043541e+00	1.000000e+00	1.000000e+00	-4.205187e-05	4.205187e-05	4.205187e-05	9.999990e-07	-2.980420e-15	-9.999990e-07	-9.999990e-07	0.000000e+00
1.043495625000001e-07	1.004890e+00	9.999990e-01	9.976676e-01	1.000000e+00	1.000000e+00	7.222870e-06	-7.222870e-06	-7.222870e-06	9.999990e-07	-9.782959e-15	-9.999990e-07	-9.999990e-07	0.000000e+00
1.045448750000001e-07	1.004082e+00	9.999990e-01	1.003023e+00	1.000000e+00	1.000000e+00	1.059102e-06	-1.059102e-06	-1.059102e-06	9.999990e-07	-8.165386e-15	-9.999990e-07	-9.999990e-07	0.000000e+00
1.047401875000001e-07	1.005126e+00	9.999990e-01	1.016876e+00	1.000000e+00	1.000000e+00	-1.175000e-05	1.175000e-05	1.175000e-05	9.999990e-07	-1.025345e-14	-9.999990e-07	-9.999990e-07	0.000000e+00
1.049355000000001e-07	1.006855e+00	9.999990e-01	1.012818e+00	1.000000e+00	1.000000e+00	-5.962447e-06	5.962447e-06	5.962447e-06	9.999990e-07	-1.371292e-14	-9.999990e-07	-9.999990e-07	0.000000e+00
1.051308125000001e-07	1.007886e+00	9.999990e-01	1.012478e+00	1.000000e+00	1.000000e+00	-4.591738e-06	4.591738e-06	4.591738e-06	9.999990e-07	-1.577428e-14	-9.999990e-07	-9.999990e-07	0.000000e+00
1.053261250000001e-07	1.005853e+00	9.999990e-01	9.804469e-01	1.000000e+00	1.000000e+00	2.540654e-05	-2.540654e-05	-2.540654e-05	9.999990e-07	-1.170889e-14	-9.999990e-07	-9.999990e-07	0.000000e+00
1.055214375000001e-07	9.993762e-01	9.999990e-01	9.584552e-01	1.000000e+00	1.000000e+00	4.092095e-05	-4.092095e-05	-4.092095e-05	9.999990e-07	1.245699e-15	-9.999990e-07	-9.999990e-07	0.000000e+00
1.057167500000001e-07	9.950213e-01	9.999990e-01	9.913484e-01	1.000000e+00	1.000000e+00	3.672880e-06	-3.672880e-06	-3.672880e-06	9.999990e-07	9.955432e-15	-9.999990e-07	-9.999990e-07	0.000000e+00
1.059120625000001e-07	9.973516e-01	9.999990e-01	1.024887e+00	1.000000e+00	1.000000e+00	-2.753506e-05	2.753506e-05	2.753506e-05	9.999990e-07	5.294851e-15	-9.999990e-07	-9.999990e-07	0.000000e+00
1.061073750000001e-07	9.969723e-01	9.999990e-01	9.655529e-01	1.000000e+00	1.000000e+00	3.141930e-05	-3.141930e-05	-3.141930e-05	9.999990e-07	6.053493e-15	-9.999990e-07	-9.999990e-07	0.000000e+00
1.063026875000001e-07	9.935693e-01	9.999990e-01	9.901422e-01	1.000000e+00	1.000000e+00	3.427100e-06	-3.427100e-06	-3.427100e-06	9.999990e-07	1.285943e-14	-9.999990e-07	-9.999990e-07	0.000000e+00
1.064980000000001e-07	9.936399e-01	9.999990e-01	9.977897e-01	1.000000e+00	1.000000e+00	-4.149808e-06	4.149808e-06	4.149808e-06	9.999990e-07	1.271828e-14	-9.999990e-07	-9.999990e-07	0.000000e+00
1.066933125000001e-07	9.984344e-01	9.999990e-01	1.043380e+00	1.000000e+00	1.000000e+00	-4.494589e-05	4.494589e-05	4.494589e-05	9.999990e-07	3.129274e-15	-9.999990e-07	-9.999990e-07	0.000000e+00
1.068886250000001e-07	1.003414e+00	9.999990e-01	1.009456e+00	1.000000e+00	1.000000e+00	-6.042413e-06	6.042413e-06	6.042413e-06	9.999990e-07	-6.829378e-15	-9.999990e-07	-9.999990e-07	0.000000e+00
1.070839375000002e-07	1.005092e+00	9.999990e-01	1.016231e+00	1.000000e+00	1.000000e+00	-1.113967e-05	1.113967e-05	1.113967e-05	9.999990e-07	-1.018525e-14	-9.999990e-07	-9.999990e-07	0.000000e+00
1.072792500000002e-07	1.003504e+00	9.999990e-01	9.761100e-01	1.000000e+00	1.000000e+00	2.739424e-05	-2.739424e-05	-2.739424e-05	9.999990e-07	-7.010534e-15	-9.999990e-07	-9.999990e-07	0.000000e+00
1.074745625000002e-07	1.002195e+00	9.999990e-01	1.016177e+00	1.000000e+00	1.000000e+00	-1.398212e-05	1.398212e-05	1.398212e-05	9.999990e-07	-4.390981e-15	-9.999990e-07	-9.999990e-07	0.000000e+00
1.076698750000002e-07	1.007526e+00	9.999990e-01	1.048134e+00	1.000000e+00	1.000000e+00	-4.060839e-05	4.060839e-05	4.060839e-05	9.999990e-07	-1.505319e-14	-9.999990e-07	-9.999990e-07	0.000000e+00
1.078651875000002e-07	1.008847e+00	9.999990e-01	9.817726e-01	1.000000e+00	1.000000e+00	2.707463e-05	-2.707463e-05	-2.707463e-05	9.999990e-07	-1.769650e-14	-9.999990e-07	-9.999990e-07	0.000000e+00
1.080605000000002e-07	1.005596e+00	9.999990e-01	9.993725e-01	1.000000e+00	1.000000e+00	6.223035e-06	-6.223035e-06	-6.223035e-06	9.999990e-07	-1.119305e-14	-9.999990e-07	-9.999990e-07	0.000000e+00
1.082558125000002e-07	1.002882e+00	9.999990e-01	9.813133e-01	1.000000e+00	1.000000e+00	2.156825e-05	-2.156825e-05	-2.156825e-05	9.999990e-07	-5.765068e-15	-9.999990e-07	-9.999990e-07	0.000000e+00
1.084511250000002e-07	1.000451e+00	9.999990e-01	9.971291e-01	1.000000e+00	1.000000e+00	3.321705e-06	-3.321705e-06	-3.321705e-06	9.999990e-07	-9.037487e-16	-9.999990e-07	-9.999990e-07	0.000000e+00
1.086464375000002e-07	9.996753e-01	9.999990e-01	9.950551e-01	1.000000e+00	1.000000e+00	4.620183e-06	-4.620183e-06	-4.620183e-06	9.999990e-07	6.474013e-16	-9.999990e-07	-9.999990e-07	0.000000e+00
1.088417500000002e-07	1.000271e+00	9.999990e-01	1.010996e+00	1.000000e+00	1.000000e+00	-1.072500e-05	1.072500e-05	1.072500e-05	9.999990e-07	-5.449451e-16	-9.999990e-07	-9.999990e-07	0.000000e+00
1.090370625000002e-07	1.001083e+00	9.999990e-01	9.986721e-01	1.000000e+00	1.000000e+00	2.411272e-06	-2.411272e-06	-2.411272e-06	9.999990e-07	-2.168719e-15	-9.999990e-07	-9.999990e-07	0.000000e+00
1.092323750000002e-07	1.001476e+00	9.999990e-01	1.007904e+00	1.000000e+00	1.000000e+00	-6.428081e-06	6.428081e-06	6.428081e-06	9.999990e-07	-2.953253e-15	-9.999990e-07	-9.999990e-07	0.000000e+00
1.094276875000002e-07	1.005203e+00	9.999990e-01	1.036948e+00	1.000000e+00	1.000000e+00	-3.174449e-05	3.174449e-05	3.174449e-05	9.999990e-07	-1.040883e-14	-9.999990e-07	-9.999990e-07	0.000000e+00
1.096230000000002e-07	1.007379e+00	9.999990e-01	9.979145e-01	1.000000e+00	1.000000e+00	9.464711e-06	-9.464711e-06	-9.464711e-06	9.999990e-07	-1.476035e-14	-9.999990e-07	-9.999990e-07	0.000000e+00
1.098183125000002e-07	1.004173e+00	9.999990e-01	9.808037e-01	1.000000e+00	1.000000e+00	2.336901e-05	-2.336901e-05	-2.336901e-05	9.999990e-07	-8.347517e-15	-9.999990e-07	-9.999990e-07	0.000000e+00
1.100136250000002e-07	1.001230e+00	9.999990e-01	9.944708e-01	1.000000e+00	1.000000e+00	6.759676e-06	-6.759676e-06	-6.759676e-06	9.999990e-07	-2.463008e-15	-9.999990e-07	-9.999990e-07	0.000000e+00
1.102089375000002e-07	9.997129e-01	9.999990e-01	9.909322e-01	1.000000e+00	1.000000e+00	8.780747e-06	-8.780747e-06	-8.780747e-06	9.999990e-07	5.722311e-16	-9.999990e-07	-9.999990e-07	0.000000e+00
1.104042500000002e-07	9.970187e-01	9.999990e-01	9.782110e-01	1.000000e+00	1.000000e+00	1.880771e-05	-1.880771e-05	-1.880771e-05	9.999990e-07	5.960602e-15	-9.999990e-07	-9.999990e-07	0.000000e+00
1.105995625000002e-07	9.974937e-01	9.999990e-01	1.021166e+00	1.000000e+00	1.000000e+00	-2.367223e-05	2.367223e-05	2.367223e-05	9.999990e-07	5.010501e-15	-9.999990e-07	-9.999990e-07	0.000000e+00
1.107948750000002e-07	1.002294e+00	9.999990e-01	1.027773e+00	1.000000e+00	1.000000e+00	-2.547941e-05	2.547941e-05	2.547941e-05	9.999990e-07	-4.589428e-15	-9.999990e-07	-9.999990e-07	0.000000e+00
1.109901875000002e-07	1.002595e+00	9.999990e-01	9.801975e-01	1.000000e+00	1.000000e+00	2.239721e-05	-2.239721e-05	-2.239721e-05	9.999990e-07	-5.191420e-15	-9.999990e-07	-9.999990e-07	0.000000e+00
1.111855000000003e-07	9.975750e-01	9.999990e-01	9.685703e-01	1.000000e+00	1.000000e+00	2.900469e-05	-2.900469e-05	-2.900469e-05	9.999990e-07	4.848013e-15	-9.999990e-07	-9.999990e-07	0.000000e+00
1.113808125000003e-07	9.998065e-01	9.999990e-01	1.051661e+00	1.000000e+00	1.000000e+00	-5.185492e-05	5.185492e-05	5.185492e-05	9.999990e-07	3.850764e-16	-9.999990e-07	-9.999990e-07	0.000000e+00
1.115761250000003e-07	1.003045e+00	9.999990e-01	9.843552e-01	1.000000e+00	1.000000e+00	1.869000e-05	-1.869000e-05	-1.869000e-05	9.999990e-07	-6.092448e-15	-9.999990e-07	-9.999990e-07	0.000000e+00
1.117714375000003e-07	1.001456e+00	9.999990e-01	1.003869e+00	1.000000e+00	1.000000e+00	-2.413489e-06	2.413489e-06	2.413489e-06	9.999990e-07	-2.913442e-15	-9.999990e-07	-9.999990e-07	0.000000e+00
1.119667500000003e-07	1.001863e+00	9.999990e-01	1.003620e+00	1.000000e+00	1.000000e+00	-1.756691e-06	1.756691e-06	1.756691e-06	9.999990e-07	-3.727930e-15	-9.999990e-07	-9.999990e-07	0.000000e+00
1.121620625000003e-07	1.000924e+00	9.999990e-01	9.895552e-01	1.000000e+00	1.000000e+00	1.136908e-05	-1.136908e-05	-1.136908e-05	9.999990e-07	-1.850510e-15	-9.999990e-07	-9.999990e-07	0.000000e+00
1.123573750000003e-07	1.001738e+00	9.999990e-01	1.021444e+00	1.000000e+00	1.000000e+00	-1.970606e-05	1.970606e-05	1.970606e-05	9.999990e-07	-3.478826e-15	-9.999990e-07	-9.999990e-07	0.000000e+00
1.125526875000003e-07	1.002907e+00	9.999990e-01	9.951625e-01	1.000000e+00	1.000000e+00	7.744082e-06	-7.744082e-06	-7.744082e-06	9.999990e-07	-5.815150e-15	-9.999990e-07	-9.999990e-07	0.000000e+00
1.127480000000003e-07	9.995735e-01	9.999990e-01	9.731872e-01	1.000000e+00	1.000000e+00	2.638632e-05	-2.638632e-05	-2.638632e-05	9.999990e-07	8.509445e-16	-9.999990e-07	-9.999990e-07	0.000000e+00
1.129433125000003e-07	9.962233e-01	9.999990e-01	9.883035e-01	1.000000e+00	1.000000e+00	7.919806e-06	-7.919806e-06	-7.919806e-06	9.999990e-07	7.551361e-15	-9.999990e-07	-9.999990e-07	0.000000e+00
1.131386250000003e-07	9.923800e-01	9.999990e-01	9.609447e-01	1.000000e+00	1.000000e+00	3.143535e-05	-3.143535e-05	-3.143535e-05	9.999990e-07	1.523791e-14	-9.999990e-07	-9.999990e-07	0.000000e+00
1.133339375000003e-07	9.886659e-01	9.999990e-01	9.820686e-01	1.000000e+00	1.000000e+00	6.597332e-06	-6.597332e-06	-6.597332e-06	9.999990e-07	2.266617e-14	-9.999990e-07	-9.999990e-07	0.000000e+00
1.135292500000003e-07	9.882060e-01	9.999990e-01	9.900936e-01	1.000000e+00	1.000000e+00	-1.887635e-06	1.887635e-06	1.887635e-06	9.999990e-07	2.358604e-14	-9.999990e-07	-9.999990e-07	0.000000e+00
1.137245625000003e-07	9.902137e-01	9.999990e-01	1.008885e+00	1.000000e+00	1.000000e+00	-1.867132e-05	1.867132e-05	1.867132e-05	9.999990e-07	1.957061e-14	-9.999990e-07	-9.999990e-07	0.000000e+00
1.139198750000003e-07	9.970101e-01	9.999990e-01	1.047933e+00	1.000000e+00	1.000000e+00	-5.092333e-05	5.092333e-05	5.092333e-05	9.999990e-07	5.977907e-15	-9.999990e-07	-9.999990e-07	0.000000e+00
1.141151875000003e-07	9.998230e-01	9.999990e-01	9.777048e-01	1.000000e+00	1.000000e+00	2.211828e-05	-2.211828e-05	-2.211828e-05	9.999990e-07	3.519213e-16	-9.999990e-07	-9.999990e-07	0.000000e+00
1.143105000000003e-07	9.976094e-01	9.999990e-01	9.970600e-01	1.000000e+00	1.000000e+00	5.494226e-07	-5.494226e-07	-5.494226e-07	9.999990e-07	4.779207e-15	-9.999990e-07	-9.999990e-07	0.000000e+00
1.145058125000003e-07	9.970928e-01	9.999990e-01	9.923531e-01	1.000000e+00	1.000000e+00	4.739778e-06	-4.739778e-06	-4.739778e-06	9.999990e-07	5.812254e-15	-9.999990e-07	-9.999990e-07	0.000000e+00
1.147011250000003e-07	9.921607e-01	9.999990e-01	9.463946e-01	1.000000e+00	1.000000e+00	4.576612e-05	-4.576612e-05	-4.576612e-05	9.999990e-07	1.567669e-14	-9.999990e-07	-9.999990e-07	0.000000e+00
1.148964375000003e-07	9.878658e-01	9.999990e-01	9.896525e-01	1.000000e+00	1.000000e+00	-1.786671e-06	1.786671e-06	1.786671e-06	9.999990e-07	2.426642e-14	-9.999990e-07	-9.999990e-07	0.000000e+00
1.150917500000003e-07	9.899791e-01	9.999990e-01	1.009833e+00	1.000000e+00	1.000000e+00	-1.985398e-05	1.985398e-05	1.985398e-05	9.999990e-07	2.003974e-14	-9.999990e-07	-9.999990e-07	0.000000e+00
1.152870625000004e-07	9.953434e-01	9.999990e-01	1.030420e+00	1.000000e+00	1.000000e+00	-3.507659e-05	3.507659e-05	3.507659e-05	9.999990e-07	9.311108e-15	-9.999990e-07	-9.999990e-07	0.000000e+00
1.154823750000004e-07	9.955708e-01	9.999990e-01	9.628225e-01	1.000000e+00	1.000000e+00	3.274831e-05	-3.274831e-05	-3.274831e-05	9.999990e-07	8.856366e-15	-9.999990e-07	-9.999990e-07	0.000000e+00
1.156776875000004e-07	9.905737e-01	9.999990e-01	9.721518e-01	1.000000e+00	1.000000e+00	1.842190e-05	-1.842190e-05	-1.842190e-05	9.999990e-07	1.885055e-14	-9.999990e-07	-9.999990e-07	0.000000e+00
1.158730000000004e-07	9.906379e-01	9.999990e-01	1.009717e+00	1.000000e+00	1.000000e+00	-1.907894e-05	1.907894e-05	1.907894e-05	9.999990e-07	1.872222e-14	-9.999990e-07	-9.999990e-07	0.000000e+00
1.160683125000004e-07	9.932057e-01	9.999990e-01	1.000421e+00	1.000000e+00	1.000000e+00	-7.215392e-06	7.215392e-06	7.215392e-06	9.999990e-07	1.358661e-14	-9.999990e-07	-9.999990e-07	0.000000e+00
1.162636250000004e-07	9.949687e-01	9.999990e-01	1.005807e+00	1.000000e+00	1.000000e+00	-1.083801e-05	1.083801e-05	1.083801e-05	9.999990e-07	1.006055e-14	-9.999990e-07	-9.999990e-07	0.000000e+00
1.164589375000004e-07	9.916334e-01	9.999990e-01	9.466422e-01	1.000000e+00	1.000000e+00	4.499130e-05	-4.499130e-05	-4.499130e-05	9.999990e-07	1.673112e-14	-9.999990e-07	-9.999990e-07	0.000000e+00
1.166542500000004e-07	9.853815e-01	9.999990e-01	9.663526e-01	1.000000e+00	1.000000e+00	1.902886e-05	-1.902886e-05	-1.902886e-05	9.999990e-07	2.923505e-14	-9.999990e-07	-9.999990e-07	0.000000e+00
1.168495625000004e-07	9.866747e-01	9.999990e-01	1.018946e+00	1.000000e+00	1.000000e+00	-3.227103e-05	3.227103e-05	3.227103e-05	9.999990e-07	2.664869e-14	-9.999990e-07	-9.999990e-07	0.000000e+00
1.170448750000004e-07	9.872073e-01	9.999990e-01	9.603908e-01	1.000000e+00	1.000000e+00	2.681653e-05	-2.681653e-05	-2.681653e-05	9.999990e-07	2.558336e-14	-9.999990e-07	-9.999990e-07	0.000000e+00
1.172401875000004e-07	9.837876e-01	9.999990e-01	9.755863e-01	1.000000e+00	1.000000e+00	8.201334e-06	-8.201334e-06	-8.201334e-06	9.999990e-07	3.242279e-14	-9.999991e-07	-9.999991e-07	0.000000e+00
1.174355000000004e-07	9.839191e-01	9.999990e-01	9.934668e-01	1.000000e+00	1.000000e+00	-9.547683e-06	9.547683e-06	9.547683e-06	9.999990e-07	3.215983e-14	-9.999991e-07	-9.999991e-07	0.000000e+00
1.176308125000004e-07	9.874974e-01	9.999990e-01	1.014592e+00	1.000000e+00	1.000000e+00	-2.709458e-05	2.709458e-05	2.709458e-05	9.999990e-07	2.500314e-14	-9.999990e-07	-9.999990e-07	0.000000e+00
1.178261250000004e-07	9.869158e-01	9.999990e-01	9.538653e-01	1.000000e+00	1.000000e+00	3.305048e-05	-3.305048e-05	-3.305048e-05	9.999990e-07	2.616640e-14	-9.999990e-07	-9.999990e-07	0.000000e+00
1.180214375000004e-07	9.834797e-01	9.999990e-01	9.813446e-01	1.000000e+00	1.000000e+00	2.135127e-06	-2.135127e-06	-2.135127e-06	9.999990e-07	3.303859e-14	-9.999991e-07	-9.999991e-07	0.000000e+00
1.182167500000004e-07	9.884766e-01	9.999990e-01	1.041780e+00	1.000000e+00	1.000000e+00	-5.330322e-05	5.330322e-05	5.330322e-05	9.999990e-07	2.304482e-14	-9.999990e-07	-9.999990e-07	0.000000e+00
1.184120625000004e-07	9.921103e-01	9.999990e-01	9.760165e-01	1.000000e+00	1.000000e+00	1.609381e-05	-1.609381e-05	-1.609381e-05	9.999990e-07	1.577736e-14	-9.999990e-07	-9.999990e-07	0.000000e+00
1.186073750000004e-07	9.878371e-01	9.999990e-01	9.601737e-01	1.000000e+00	1.000000e+00	2.766345e-05	-2.766345e-05	-2.766345e-05	9.999990e-07	2.432370e-14	-9.999990e-07	-9.999990e-07	0.000000e+00
1.188026875000004e-07	9.839733e-01	9.999990e-01	9.720703e-01	1.000000e+00	1.000000e+00	1.190293e-05	-1.190293e-05	-1.190293e-05	9.999990e-07	3.205151e-14	-9.999991e-07	-9.999991e-07	0.000000e+00
1.189980000000004e-07	9.840550e-01	9.999990e-01	9.967954e-01	1.000000e+00	1.000000e+00	-1.274039e-05	1.274039e-05	1.274039e-05	9.999990e-07	3.188794e-14	-9.999991e-07	-9.999991e-07	0.000000e+00
1.191933125000004e-07	9.816765e-01	9.999990e-01	9.445792e-01	1.000000e+00	1.000000e+00	3.709722e-05	-3.709722e-05	-3.709722e-05	9.999990e-07	3.664514e-14	-9.999991e-07	-9.999991e-07	0.000000e+00
1.193886250000005e-07	9.801041e-01	9.999990e-01	1.001101e+00	1.000000e+00	1.000000e+00	-2.099723e-05	2.099723e-05	2.099723e-05	9.999990e-07	3.978966e-14	-9.999991e-07	-9.999991e-07	0.000000e+00
1.195839375000005e-07	9.825746e-01	9.999990e-01	9.868741e-01	1.000000e+00	1.000000e+00	-4.299575e-06	4.299575e-06	4.299575e-06	9.999990e-07	3.484888e-14	-9.999991e-07	-9.999991e-07	0.000000e+00
1.197792500000005e-07	9.815706e-01	9.999990e-01	9.669908e-01	1.000000e+00	1.000000e+00	1.457987e-05	-1.457987e-05	-1.457987e-05	9.999990e-07	3.685675e-14	-9.999991e-07	-9.999991e-07	0.000000e+00
1.199745625000005e-07	9.859169e-01	9.999990e-01	1.045003e+00	1.000000e+00	1.000000e+00	-5.908601e-05	5.908601e-05	5.908601e-05	9.999990e-07	2.816415e-14	-9.999990e-07	-9.999990e-07	0.000000e+00
1.201698750000005e-07	9.911677e-01	9.999990e-01	9.858497e-01	1.000000e+00	1.000000e+00	5.317997e-06	-5.317997e-06	-5.317997e-06	9.999990e-07	1.766258e-14	-9.999990e-07	-9.999990e-07	0.000000e+00
1.203651875000005e-07	9.934899e-01	9.999990e-01	1.022587e+00	1.000000e+00	1.000000e+00	-2.909721e-05	2.909721e-05	2.909721e-05	9.999990e-07	1.301821e-14	-9.999990e-07	-9.999990e-07	0.000000e+00
1.205605000000005e-07	1.000161e+00	9.999990e-01	1.039377e+00	1.000000e+00	1.000000e+00	-3.921584e-05	3.921584e-05	3.921584e-05	9.999990e-07	-3.241895e-16	-9.999990e-07	-9.999990e-07	0.000000e+00
1.207558125000005e-07	1.005199e+00	9.999990e-01	1.017573e+00	1.000000e+00	1.000000e+00	-1.237368e-05	1.237368e-05	1.237368e-05	9.999990e-07	-1.040027e-14	-9.999990e-07	-9.999990e-07	0.000000e+00
1.209511250000005e-07	1.006628e+00	9.999990e-01	1.008887e+00	1.000000e+00	1.000000e+00	-2.259035e-06	2.259035e-06	2.259035e-06	9.999990e-07	-1.325822e-14	-9.999990e-07	-9.999990e-07	0.000000e+00
1.211464375000005e-07	1.010546e+00	9.999990e-01	1.048411e+00	1.000000e+00	1.000000e+00	-3.786503e-05	3.786503e-05	3.786503e-05	9.999990e-07	-2.109495e-14	-9.999990e-07	-9.999990e-07	0.000000e+00
1.213417500000005e-07	1.011256e+00	9.999990e-01	9.806602e-01	1.000000e+00	1.000000e+00	3.059615e-05	-3.059615e-05	-3.059615e-05	9.999990e-07	-2.251466e-14	-9.999990e-07	-9.999990e-07	0.000000e+00
1.215370625000005e-07	1.009813e+00	9.999990e-01	1.025631e+00	1.000000e+00	1.000000e+00	-1.581770e-05	1.581770e-05	1.581770e-05	9.999990e-07	-1.962824e-14	-9.999990e-07	-9.999990e-07	0.000000e+00
1.217323750000005e-07	1.008100e+00	9.999990e-01	9.747427e-01	1.000000e+00	1.000000e+00	3.335755e-05	-3.335755e-05	-3.335755e-05	9.999990e-07	-1.620249e-14	-9.999990e-07	-9.999990e-07	0.000000e+00
1.219276875000005e-07	1.001722e+00	9.999990e-01	9.697673e-01	1.000000e+00	1.000000e+00	3.195474e-05	-3.195474e-05	-3.195474e-05	9.999990e-07	-3.446184e-15	-9.999990e-07	-9.999990e-07	0.000000e+00
1.221230000000005e-07	9.977419e-01	9.999990e-01	9.889395e-01	1.000000e+00	1.000000e+00	8.802457e-06	-8.802457e-06	-8.802457e-06	9.999990e-07	4.514206e-15	-9.999990e-07	-9.999990e-07	0.000000e+00
1.223183125000005e-07	9.938878e-01	9.999990e-01	9.632246e-01	1.000000e+00	1.000000e+00	3.066325e-05	-3.066325e-05	-3.066325e-05	9.999990e-07	1.222235e-14	-9.999990e-07	-9.999990e-07	0.000000e+00
1.225136250000005e-07	9.960732e-01	9.999990e-01	1.049114e+00	1.000000e+00	1.000000e+00	-5.304127e-05	5.304127e-05	5.304127e-05	9.999990e-07	7.851646e-15	-9.999990e-07	-9.999990e-07	0.000000e+00
1.227089375000005e-07	1.002303e+00	9.999990e-01	1.013050e+00	1.000000e+00	1.000000e+00	-1.074713e-05	1.074713e-05	1.074713e-05	9.999990e-07	-4.607025e-15	-9.999990e-07	-9.999990e-07	0.000000e+00
1.229042500000005e-07	9.981672e-01	9.999990e-01	9.450737e-01	1.000000e+00	1.000000e+00	5.309339e-05	-5.309339e-05	-5.309339e-05	9.999990e-07	3.663728e-15	-9.999990e-07	-9.999990e-07	0.000000e+00
1.230995625000005e-07	9.892987e-01	9.999990e-01	9.515792e-01	1.000000e+00	1.000000e+00	3.771945e-05	-3.771945e-05	-3.771945e-05	9.999990e-07	2.140061e-14	-9.999990e-07	-9.999990e-07	0.000000e+00
1.232948750000005e-07	9.828949e-01	9.999990e-01	9.550391e-01	1.000000e+00	1.000000e+00	2.785570e-05	-2.785570e-05	-2.785570e-05	9.999990e-07	3.420826e-14	-9.999991e-07	-9.999991e-07	0.000000e+00
1.234901875000006e-07	9.818988e-01	9.999990e-01	9.995546e-01	1.000000e+00	1.000000e+00	-1.765587e-05	1.765587e-05	1.765587e-05	9.999990e-07	3.620041e-14	-9.999991e-07	-9.999991e-07	0.000000e+00
1.236855000000006e-07	9.800299e-01	9.999990e-01	9.432371e-01	1.000000e+00	1.000000e+00	3.679287e-05	-3.679287e-05	-3.679287e-05	9.999990e-07	3.993811e-14	-9.999991e-07	-9.999991e-07	0.000000e+00
1.238808125000006e-07	9.742916e-01	9.999990e-01	9.523242e-01	1.000000e+00	1.000000e+00	2.196741e-05	-2.196741e-05	-2.196741e-05	9.999990e-07	5.141473e-14	-9.999991e-07	-9.999991e-07	0.000000e+00
1.240761250000006e-07	9.718428e-01	9.999990e-01	9.687341e-01	1.000000e+00	1.000000e+00	3.108679e-06	-3.108679e-06	-3.108679e-06	9.999990e-07	5.631240e-14	-9.999991e-07	-9.999991e-07	0.000000e+00
1.242714375000006e-07	9.702641e-01	9.999990e-01	9.572067e-01	1.000000e+00	1.000000e+00	1.305739e-05	-1.305739e-05	-1.305739e-05	9.999990e-07	5.946984e-14	-9.999991e-07	-9.999991e-07	0.000000e+00
1.244667500000006e-07	9.695253e-01	9.999990e-01	9.750170e-01	1.000000e+00	1.000000e+00	-5.491760e-06	5.491760e-06	5.491760e-06	9.999990e-07	6.094750e-14	-9.999991e-07	-9.999991e-07	0.000000e+00
1.246620625000006e-07	9.742392e-01	9.999990e-01	1.017018e+00	1.000000e+00	1.000000e+00	-4.277897e-05	4.277897e-05	4.277897e-05	9.999990e-07	5.151962e-14	-9.999991e-07	-9.999991e-07	0.000000e+00
1.248573750000006e-07	9.764215e-01	9.999990e-01	9.559900e-01	1.000000e+00	1.000000e+00	2.043156e-05	-2.043156e-05	-2.043156e-05	9.999990e-07	4.715489e-14	-9.999991e-07	-9.999991e-07	0.000000e+00
1.250526875000006e-07	9.761223e-01	9.999990e-01	9.934900e-01	1.000000e+00	1.000000e+00	-1.736769e-05	1.736769e-05	1.736769e-05	9.999990e-07	4.775331e-14	-9.999991e-07	-9.999991e-07	0.000000e+00
1.252480000000006e-07	9.796745e-01	9.999990e-01	9.986802e-01	1.000000e+00	1.000000e+00	-1.900571e-05	1.900571e-05	1.900571e-05	9.999990e-07	4.064912e-14	-9.999991e-07	-9.999991e-07	0.000000e+00
1.254433125000006e-07	9.833959e-01	9.999990e-01	1.002499e+00	1.000000e+00	1.000000e+00	-1.910254e-05	1.910254e-05	1.910254e-05	9.999990e-07	3.320611e-14	-9.999991e-07	-9.999991e-07	0.000000e+00
1.256386250000006e-07	9.903775e-01	9.999990e-01	1.042766e+00	1.000000e+00	1.000000e+00	-5.238878e-05	5.238878e-05	5.238878e-05	9.999990e-07	1.924296e-14	-9.999990e-07	-9.999990e-07	0.000000e+00
1.258339375000006e-07	9.916960e-01	9.999990e-01	9.528083e-01	1.000000e+00	1.000000e+00	3.888768e-05	-3.888768e-05	-3.888768e-05	9.999990e-07	1.660603e-14	-9.999990e-07	-9.999990e-07	0.000000e+00
1.260292500000006e-07	9.878334e-01	9.999990e-01	9.871684e-01	1.000000e+00	1.000000e+00	6.650434e-07	-6.650434e-07	-6.650434e-07	9.999990e-07	2.433117e-14	-9.999990e-07	-9.999990e-07	0.000000e+00
1.262245625000006e-07	9.906327e-01	9.999990e-01	1.019962e+00	1.000000e+00	1.000000e+00	-2.932901e-05	2.932901e-05	2.932901e-05	9.999990e-07	1.873274e-14	-9.999990e-07	-9.999990e-07	0.000000e+00
1.264198750000006e-07	9.942551e-01	9.999990e-01	1.002021e+00	1.000000e+00	1.000000e+00	-7.765435e-06	7.765435e-06	7.765435e-06	9.999990e-07	1.148773e-14	-9.999990e-07	-9.999990e-07	0.000000e+00
1.266151875000006e-07	1.000310e+00	9.999990e-01	1.054542e+00	1.000000e+00	1.000000e+00	-5.423280e-05	5.423280e-05	5.423280e-05	9.999990e-07	-6.213025e-16	-9.999990e-07	-9.999990e-07	0.000000e+00
1.268105000000006e-07	1.003483e+00	9.999990e-01	9.817496e-01	1.000000e+00	1.000000e+00	2.173380e-05	-2.173380e-05	-2.173380e-05	9.999990e-07	-6.968762e-15	-9.999990e-07	-9.999990e-07	0.000000e+00
1.270058125000006e-07	1.001735e+00	9.999990e-01	1.005567e+00	1.000000e+00	1.000000e+00	-3.831472e-06	3.831472e-06	3.831472e-06	9.999990e-07	-3.472214e-15	-9.999990e-07	-9.999990e-07	0.000000e+00
1.272011250000006e-07	9.987068e-01	9.999990e-01	9.638652e-01	1.000000e+00	1.000000e+00	3.484160e-05	-3.484160e-05	-3.484160e-05	9.999990e-07	2.584452e-15	-9.999990e-07	-9.999990e-07	0.000000e+00
1.273964375000006e-07	9.905405e-01	9.999990e-01	9.417596e-01	1.000000e+00	1.000000e+00	4.878090e-05	-4.878090e-05	-4.878090e-05	9.999990e-07	1.891697e-14	-9.999990e-07	-9.999990e-07	0.000000e+00
1.275917500000007e-07	9.823977e-01	9.999990e-01	9.477960e-01	1.000000e+00	1.000000e+00	3.460167e-05	-3.460167e-05	-3.460167e-05	9.999990e-07	3.520263e-14	-9.999991e-07	-9.999991e-07	0.000000e+00
1.277870625000007e-07	9.768378e-01	9.999990e-01	9.545055e-01	1.000000e+00	1.000000e+00	2.233223e-05	-2.233223e-05	-2.233223e-05	9.999990e-07	4.632253e-14	-9.999991e-07	-9.999991e-07	0.000000e+00
1.279823750000007e-07	9.791785e-01	9.999990e-01	1.025481e+00	1.000000e+00	1.000000e+00	-4.630239e-05	4.630239e-05	4.630239e-05	9.999990e-07	4.164086e-14	-9.999991e-07	-9.999991e-07	0.000000e+00
1.281776875000007e-07	9.841617e-01	9.999990e-01	9.888867e-01	1.000000e+00	1.000000e+00	-4.725006e-06	4.725006e-06	4.725006e-06	9.999990e-07	3.167457e-14	-9.999991e-07	-9.999991e-07	0.000000e+00
1.283730000000007e-07	9.888359e-01	9.999990e-01	1.031974e+00	1.000000e+00	1.000000e+00	-4.313811e-05	4.313811e-05	4.313811e-05	9.999990e-07	2.232631e-14	-9.999990e-07	-9.999990e-07	0.000000e+00
1.285683125000007e-07	9.909124e-01	9.999990e-01	9.690377e-01	1.000000e+00	1.000000e+00	2.187463e-05	-2.187463e-05	-2.187463e-05	9.999990e-07	1.817328e-14	-9.999990e-07	-9.999990e-07	0.000000e+00
1.287636250000007e-07	9.940804e-01	9.999990e-01	1.048396e+00	1.000000e+00	1.000000e+00	-5.431539e-05	5.431539e-05	5.431539e-05	9.999990e-07	1.183720e-14	-9.999990e-07	-9.999990e-07	0.000000e+00
1.289589375000007e-07	1.001186e+00	9.999990e-01	1.019627e+00	1.000000e+00	1.000000e+00	-1.844118e-05	1.844118e-05	1.844118e-05	9.999990e-07	-2.373068e-15	-9.999990e-07	-9.999990e-07	0.000000e+00
1.291542500000007e-07	1.000417e+00	9.999990e-01	9.741118e-01	1.000000e+00	1.000000e+00	2.630573e-05	-2.630573e-05	-2.630573e-05	9.999990e-07	-8.370227e-16	-9.999990e-07	-9.999990e-07	0.000000e+00
1.293495625000007e-07	9.981193e-01	9.999990e-01	1.000891e+00	1.000000e+00	1.000000e+00	-2.772061e-06	2.772061e-06	2.772061e-06	9.999990e-07	3.759397e-15	-9.999990e-07	-9.999990e-07	0.000000e+00
1.295448750000007e-07	1.003776e+00	9.999990e-01	1.058928e+00	1.000000e+00	1.000000e+00	-5.515224e-05	5.515224e-05	5.515224e-05	9.999990e-07	-7.553942e-15	-9.999990e-07	-9.999990e-07	0.000000e+00
1.297401875000007e-07	1.011568e+00	9.999990e-01	1.036202e+00	1.000000e+00	1.000000e+00	-2.463405e-05	2.463405e-05	2.463405e-05	9.999990e-07	-2.313720e-14	-9.999990e-07	-9.999990e-07	0.000000e+00
1.299355000000007e-07	1.014201e+00	9.999990e-01	1.016536e+00	1.000000e+00	1.000000e+00	-2.334577e-06	2.334576e-06	2.334577e-06	9.999990e-07	-2.840451e-14	-9.999990e-07	-9.999990e-07	0.000000e+00
1.301308125000007e-07	1.016708e+00	9.999990e-01	1.040048e+00	1.000000e+00	1.000000e+00	-2.333974e-05	2.333974e-05	2.333974e-05	9.999990e-07	-3.341903e-14	-9.999990e-07	-9.999990e-07	0.000000e+00
1.303261250000007e-07	1.021865e+00	9.999990e-01	1.051330e+00	1.000000e+00	1.000000e+00	-2.946447e-05	2.946447e-05	2.946447e-05	9.999990e-07	-4.373235e-14	-9.999990e-07	-9.999990e-07	0.000000e+00
1.305214375000007e-07	1.024024e+00	9.999990e-01	1.016665e+00	1.000000e+00	1.000000e+00	7.358551e-06	-7.358551e-06	-7.358551e-06	9.999990e-07	-4.804991e-14	-9.999990e-07	-9.999990e-07	0.000000e+00
1.307167500000007e-07	1.020730e+00	9.999990e-01	9.943631e-01	1.000000e+00	1.000000e+00	2.636733e-05	-2.636733e-05	-2.636733e-05	9.999990e-07	-4.146283e-14	-9.999990e-07	-9.999990e-07	0.000000e+00
1.309120625000007e-07	1.019710e+00	9.999990e-01	1.035632e+00	1.000000e+00	1.000000e+00	-1.592120e-05	1.592120e-05	1.592120e-05	9.999990e-07	-3.942256e-14	-9.999990e-07	-9.999990e-07	0.000000e+00
1.311073750000007e-07	1.016304e+00	9.999990e-01	9.655065e-01	1.000000e+00	1.000000e+00	5.079784e-05	-5.079784e-05	-5.079784e-05	9.999990e-07	-3.261072e-14	-9.999990e-07	-9.999990e-07	0.000000e+00
1.313026875000007e-07	1.005283e+00	9.999990e-01	9.432248e-01	1.000000e+00	1.000000e+00	6.205840e-05	-6.205840e-05	-6.205840e-05	9.999990e-07	-1.056849e-14	-9.999990e-07	-9.999990e-07	0.000000e+00
1.314980000000007e-07	1.004333e+00	9.999990e-01	1.056660e+00	1.000000e+00	1.000000e+00	-5.232734e-05	5.232734e-05	5.232734e-05	9.999990e-07	-8.667888e-15	-9.999990e-07	-9.999990e-07	0.000000e+00
1.316933125000007e-07	1.014017e+00	9.999990e-01	1.060853e+00	1.000000e+00	1.000000e+00	-4.683611e-05	4.683611e-05	4.683611e-05	9.999990e-07	-2.803575e-14	-9.999990e-07	-9.999990e-07	0.000000e+00
1.318886250000008e-07	1.014078e+00	9.999990e-01	9.678645e-01	1.000000e+00	1.000000e+00	4.621326e-05	-4.621326e-05	-4.621326e-05	9.999990e-07	-2.815740e-14	-9.999990e-07	-9.999990e-07	0.000000e+00
1.320839375000008e-07	1.004827e+00	9.999990e-01	9.563128e-01	1.000000e+00	1.000000e+00	4.851413e-05	-4.851413e-05	-4.851413e-05	9.999990e-07	-9.655957e-15	-9.999990e-07	-9.999990e-07	0.000000e+00
1.322792500000008e-07	9.960811e-01	9.999990e-01	9.550369e-01	1.000000e+00	1.000000e+00	4.104416e-05	-4.104416e-05	-4.104416e-05	9.999990e-07	7.835896e-15	-9.999990e-07	-9.999990e-07	0.000000e+00
1.324745625000008e-07	9.964175e-01	9.999990e-01	1.040907e+00	1.000000e+00	1.000000e+00	-4.448910e-05	4.448910e-05	4.448910e-05	9.999990e-07	7.163056e-15	-9.999990e-07	-9.999990e-07	0.000000e+00
1.326698750000008e-07	1.001595e+00	9.999990e-01	1.010125e+00	1.000000e+00	1.000000e+00	-8.529688e-06	8.529688e-06	8.529688e-06	9.999990e-07	-3.192176e-15	-9.999990e-07	-9.999990e-07	0.000000e+00
1.328651875000008e-07	9.992303e-01	9.999990e-01	9.664853e-01	1.000000e+00	1.000000e+00	3.274504e-05	-3.274504e-05	-3.274504e-05	9.999990e-07	1.537386e-15	-9.999990e-07	-9.999990e-07	0.000000e+00
1.330605000000008e-07	9.933114e-01	9.999990e-01	9.654469e-01	1.000000e+00	1.000000e+00	2.786453e-05	-2.786453e-05	-2.786453e-05	9.999990e-07	1.337519e-14	-9.999990e-07	-9.999990e-07	0.000000e+00
1.332558125000008e-07	9.904283e-01	9.999990e-01	9.887694e-01	1.000000e+00	1.000000e+00	1.658927e-06	-1.658927e-06	-1.658927e-06	9.999990e-07	1.914149e-14	-9.999990e-07	-9.999990e-07	0.000000e+00
1.334511250000008e-07	9.900080e-01	9.999990e-01	9.873634e-01	1.000000e+00	1.000000e+00	2.644613e-06	-2.644613e-06	-2.644613e-06	9.999990e-07	1.998203e-14	-9.999990e-07	-9.999990e-07	0.000000e+00
1.336464375000008e-07	9.951516e-01	9.999990e-01	1.050467e+00	1.000000e+00	1.000000e+00	-5.531525e-05	5.531525e-05	5.531525e-05	9.999990e-07	9.694794e-15	-9.999990e-07	-9.999990e-07	0.000000e+00
1.338417500000008e-07	1.004456e+00	9.999990e-01	1.044416e+00	1.000000e+00	1.000000e+00	-3.996047e-05	3.996047e-05	3.996047e-05	9.999990e-07	-8.913743e-15	-9.999990e-07	-9.999990e-07	0.000000e+00
1.340370625000008e-07	1.006215e+00	9.999990e-01	9.842669e-01	1.000000e+00	1.000000e+00	2.194795e-05	-2.194795e-05	-2.194795e-05	9.999990e-07	-1.243181e-14	-9.999990e-07	-9.999990e-07	0.000000e+00
1.342323750000008e-07	1.007674e+00	9.999990e-01	1.044563e+00	1.000000e+00	1.000000e+00	-3.688888e-05	3.688888e-05	3.688888e-05	9.999990e-07	-1.534996e-14	-9.999990e-07	-9.999990e-07	0.000000e+00
1.344276875000008e-07	1.015762e+00	9.999990e-01	1.061699e+00	1.000000e+00	1.000000e+00	-4.593645e-05	4.593645e-05	4.593645e-05	9.999990e-07	-3.152679e-14	-9.999990e-07	-9.999990e-07	0.000000e+00
1.346230000000008e-07	1.018804e+00	9.999990e-01	1.004011e+00	1.000000e+00	1.000000e+00	1.479286e-05	-1.479286e-05	-1.479286e-05	9.999990e-07	-3.760952e-14	-9.999990e-07	-9.999990e-07	0.000000e+00
1.348183125000008e-07	1.010582e+00	9.999990e-01	9.411847e-01	1.000000e+00	1.000000e+00	6.939736e-05	-6.939736e-05	-6.939736e-05	9.999990e-07	-2.116612e-14	-9.999990e-07	-9.999990e-07	0.000000e+00
1.350136250000008e-07	1.001435e+00	9.999990e-01	9.771671e-01	1.000000e+00	1.000000e+00	2.426794e-05	-2.426794e-05	-2.426794e-05	9.999990e-07	-2.872116e-15	-9.999990e-07	-9.999990e-07	0.000000e+00
1.352089375000008e-07	9.967932e-01	9.999990e-01	9.735289e-01	1.000000e+00	1.000000e+00	2.326432e-05	-2.326432e-05	-2.326432e-05	9.999990e-07	6.411528e-15	-9.999990e-07	-9.999990e-07	0.000000e+00
1.354042500000008e-07	9.936429e-01	9.999990e-01	9.846484e-01	1.000000e+00	1.000000e+00	8.994566e-06	-8.994566e-06	-8.994566e-06	9.999990e-07	1.271209e-14	-9.999990e-07	-9.999990e-07	0.000000e+00
1.355995625000008e-07	9.912457e-01	9.999990e-01	9.756920e-01	1.000000e+00	1.000000e+00	1.555361e-05	-1.555361e-05	-1.555361e-05	9.999990e-07	1.750666e-14	-9.999990e-07	-9.999990e-07	0.000000e+00
1.357948750000008e-07	9.875085e-01	9.999990e-01	9.647940e-01	1.000000e+00	1.000000e+00	2.271450e-05	-2.271450e-05	-2.271450e-05	9.999990e-07	2.498090e-14	-9.999990e-07	-9.999990e-07	0.000000e+00
1.359901875000009e-07	9.915661e-01	9.999990e-01	1.055830e+00	1.000000e+00	1.000000e+00	-6.426396e-05	6.426396e-05	6.426396e-05	9.999990e-07	1.686577e-14	-9.999990e-07	-9.999990e-07	0.000000e+00
1.361855000000009e-07	9.980921e-01	9.999990e-01	1.000655e+00	1.000000e+00	1.000000e+00	-2.562579e-06	2.562579e-06	2.562579e-06	9.999990e-07	3.813716e-15	-9.999990e-07	-9.999990e-07	0.000000e+00
1.363808125000009e-07	9.970921e-01	9.999990e-01	9.842895e-01	1.000000e+00	1.000000e+00	1.280263e-05	-1.280263e-05	-1.280263e-05	9.999990e-07	5.813727e-15	-9.999990e-07	-9.999990e-07	0.000000e+00
1.365761250000009e-07	9.934851e-01	9.999990e-01	9.693515e-01	1.000000e+00	1.000000e+00	2.413357e-05	-2.413357e-05	-2.413357e-05	9.999990e-07	1.302783e-14	-9.999990e-07	-9.999990e-07	0.000000e+00
1.367714375000009e-07	9.874855e-01	9.999990e-01	9.501834e-01	1.000000e+00	1.000000e+00	3.730209e-05	-3.730209e-05	-3.730209e-05	9.999990e-07	2.502698e-14	-9.999990e-07	-9.999990e-07	0.000000e+00
1.369667500000009e-07	9.808977e-01	9.999990e-01	9.507402e-01	1.000000e+00	1.000000e+00	3.015745e-05	-3.015745e-05	-3.015745e-05	9.999990e-07	3.820267e-14	-9.999991e-07	-9.999991e-07	0.000000e+00
1.371620625000009e-07	9.827051e-01	9.999990e-01	1.031370e+00	1.000000e+00	1.000000e+00	-4.866531e-05	4.866531e-05	4.866531e-05	9.999990e-07	3.458786e-14	-9.999991e-07	-9.999991e-07	0.000000e+00
1.373573750000009e-07	9.888954e-01	9.999990e-01	1.003619e+00	1.000000e+00	1.000000e+00	-1.472392e-05	1.472392e-05	1.472392e-05	9.999990e-07	2.220715e-14	-9.999990e-07	-9.999990e-07	0.000000e+00
1.375526875000009e-07	9.959748e-01	9.999990e-01	1.053743e+00	1.000000e+00	1.000000e+00	-5.776859e-05	5.776859e-05	5.776859e-05	9.999990e-07	8.048455e-15	-9.999990e-07	-9.999990e-07	0.000000e+00
1.377480000000009e-07	1.002813e+00	9.999990e-01	1.015069e+00	1.000000e+00	1.000000e+00	-1.225572e-05	1.225572e-05	1.225572e-05	9.999990e-07	-5.628168e-15	-9.999990e-07	-9.999990e-07	0.000000e+00
1.379433125000009e-07	1.001169e+00	9.999990e-01	9.720795e-01	1.000000e+00	1.000000e+00	2.908968e-05	-2.908968e-05	-2.908968e-05	9.999990e-07	-2.340284e-15	-9.999990e-07	-9.999990e-07	0.000000e+00
1.381386250000009e-07	9.989192e-01	9.999990e-01	1.004970e+00	1.000000e+00	1.000000e+00	-6.050615e-06	6.050615e-06	6.050615e-06	9.999990e-07	2.159534e-15	-9.999990e-07	-9.999990e-07	0.000000e+00
1.383339375000009e-07	1.002605e+00	9.999990e-01	1.034302e+00	1.000000e+00	1.000000e+00	-3.169645e-05	3.169645e-05	3.169645e-05	9.999990e-07	-5.212940e-15	-9.999990e-07	-9.999990e-07	0.000000e+00
1.385292500000009e-07	1.003555e+00	9.999990e-01	9.815851e-01	1.000000e+00	1.000000e+00	2.197021e-05	-2.197021e-05	-2.197021e-05	9.999990e-07	-7.112598e-15	-9.999990e-07	-9.999990e-07	0.000000e+00
1.387245625000009e-07	1.006567e+00	9.999990e-01	1.059373e+00	1.000000e+00	1.000000e+00	-5.280594e-05	5.280594e-05	5.280594e-05	9.999990e-07	-1.313520e-14	-9.999990e-07	-9.999990e-07	0.000000e+00
1.389198750000009e-07	1.013907e+00	9.999990e-01	1.036262e+00	1.000000e+00	1.000000e+00	-2.235563e-05	2.235563e-05	2.235563e-05	9.999990e-07	-2.781520e-14	-9.999990e-07	-9.999990e-07	0.000000e+00
1.391151875000009e-07	1.010087e+00	9.999990e-01	9.486135e-01	1.000000e+00	1.000000e+00	6.147304e-05	-6.147304e-05	-6.147304e-05	9.999990e-07	-2.017508e-14	-9.999990e-07	-9.999990e-07	0.000000e+00
1.393105000000009e-07	1.005393e+00	9.999990e-01	1.018799e+00	1.000000e+00	1.000000e+00	-1.340625e-05	1.340625e-05	1.340625e-05	9.999990e-07	-1.078703e-14	-9.999990e-07	-9.999990e-07	0.000000e+00
1.395058125000009e-07	1.008090e+00	9.999990e-01	1.022304e+00	1.000000e+00	1.000000e+00	-1.421395e-05	1.421395e-05	1.421395e-05	9.999990e-07	-1.618160e-14	-9.999990e-07	-9.999990e-07	0.000000e+00
1.397011250000009e-07	1.004627e+00	9.999990e-01	9.549496e-01	1.000000e+00	1.000000e+00	4.967698e-05	-4.967698e-05	-4.967698e-05	9.999990e-07	-9.255228e-15	-9.999990e-07	-9.999990e-07	0.000000e+00
1.398964375000009e-07	1.005754e+00	9.999990e-01	1.066975e+00	1.000000e+00	1.000000e+00	-6.122069e-05	6.122069e-05	6.122069e-05	9.999990e-07	-1.150986e-14	-9.999990e-07	-9.999990e-07	0.000000e+00
1.400917500000010e-07	1.015491e+00	9.999990e-01	1.053977e+00	1.000000e+00	1.000000e+00	-3.848581e-05	3.848581e-05	3.848581e-05	9.999990e-07	-3.098378e-14	-9.999990e-07	-9.999990e-07	0.000000e+00
1.402870625000010e-07	1.023375e+00	9.999990e-01	1.065618e+00	1.000000e+00	1.000000e+00	-4.224298e-05	4.224298e-05	4.224298e-05	9.999990e-07	-4.675113e-14	-9.999990e-07	-9.999990e-07	0.000000e+00
1.404823750000010e-07	1.023621e+00	9.999990e-01	9.839045e-01	1.000000e+00	1.000000e+00	3.971680e-05	-3.971680e-05	-3.971680e-05	9.999990e-07	-4.724452e-14	-9.999990e-07	-9.999990e-07	0.000000e+00
1.406776875000010e-07	1.017746e+00	9.999990e-01	9.973045e-01	1.000000e+00	1.000000e+00	2.044189e-05	-2.044189e-05	-2.044189e-05	9.999990e-07	-3.549478e-14	-9.999990e-07	-9.999990e-07	0.000000e+00
1.408730000000010e-07	1.018537e+00	9.999990e-01	1.047070e+00	1.000000e+00	1.000000e+00	-2.853375e-05	2.853375e-05	2.853375e-05	9.999990e-07	-3.707522e-14	-9.999990e-07	-9.999990e-07	0.000000e+00
1.410683125000010e-07	1.022676e+00	9.999990e-01	1.036525e+00	1.000000e+00	1.000000e+00	-1.384955e-05	1.384955e-05	1.384955e-05	9.999990e-07	-4.535321e-14	-9.999990e-07	-9.999990e-07	0.000000e+00
1.412636250000010e-07	1.019382e+00	9.999990e-01	9.718027e-01	1.000000e+00	1.000000e+00	4.757904e-05	-4.757904e-05	-4.757904e-05	9.999990e-07	-3.876541e-14	-9.999990e-07	-9.999990e-07	0.000000e+00
1.414589375000010e-07	1.011427e+00	9.999990e-01	9.775478e-01	1.000000e+00	1.000000e+00	3.387906e-05	-3.387906e-05	-3.387906e-05	9.999990e-07	-2.285563e-14	-9.999990e-07	-9.999990e-07	0.000000e+00
1.416542500000010e-07	1.004373e+00	9.999990e-01	9.660256e-01	1.000000e+00	1.000000e+00	3.834781e-05	-3.834781e-05	-3.834781e-05	9.999990e-07	-8.748819e-15	-9.999990e-07	-9.999990e-07	0.000000e+00
1.418495625000010e-07	1.000115e+00	9.999990e-01	9.948542e-01	1.000000e+00	1.000000e+00	5.260597e-06	-5.260597e-06	-5.260597e-06	9.999990e-07	-2.315522e-16	-9.999990e-07	-9.999990e-07	0.000000e+00
1.420448750000010e-07	1.001589e+00	9.999990e-01	1.021946e+00	1.000000e+00	1.000000e+00	-2.035677e-05	2.035677e-05	2.035677e-05	9.999990e-07	-3.180024e-15	-9.999990e-07	-9.999990e-07	0.000000e+00
1.422401875000010e-07	1.002854e+00	9.999990e-01	9.954514e-01	1.000000e+00	1.000000e+00	7.402655e-06	-7.402655e-06	-7.402655e-06	9.999990e-07	-5.710126e-15	-9.999990e-07	-9.999990e-07	0.000000e+00
1.424355000000010e-07	9.999743e-01	9.999990e-01	9.778875e-01	1.000000e+00	1.000000e+00	2.208672e-05	-2.208672e-05	-2.208672e-05	9.999990e-07	4.951733e-17	-9.999990e-07	-9.999990e-07	0.000000e+00
1.426308125000010e-07	1.001404e+00	9.999990e-01	1.038132e+00	1.000000e+00	1.000000e+00	-3.672799e-05	3.672799e-05	3.672799e-05	9.999990e-07	-2.810106e-15	-9.999990e-07	-9.999990e-07	0.000000e+00
1.428261250000010e-07	1.007423e+00	9.999990e-01	1.032325e+00	1.000000e+00	1.000000e+00	-2.490218e-05	2.490218e-05	2.490218e-05	9.999990e-07	-1.484725e-14	-9.999990e-07	-9.999990e-07	0.000000e+00
1.430214375000010e-07	1.004352e+00	9.999990e-01	9.480045e-01	1.000000e+00	1.000000e+00	5.634735e-05	-5.634735e-05	-5.634735e-05	9.999990e-07	-8.705615e-15	-9.999990e-07	-9.999990e-07	0.000000e+00
1.432167500000010e-07	9.935229e-01	9.999990e-01	9.389818e-01	1.000000e+00	1.000000e+00	5.454108e-05	-5.454108e-05	-5.454108e-05	9.999990e-07	1.295228e-14	-9.999990e-07	-9.999990e-07	0.000000e+00
1.434120625000010e-07	9.882104e-01	9.999990e-01	9.883516e-01	1.000000e+00	1.000000e+00	-1.412818e-07	1.412818e-07	1.412818e-07	9.999990e-07	2.357724e-14	-9.999990e-07	-9.999990e-07	0.000000e+00
1.436073750000010e-07	9.943936e-01	9.999990e-01	1.057569e+00	1.000000e+00	1.000000e+00	-6.317527e-05	6.317527e-05	6.317527e-05	9.999990e-07	1.121073e-14	-9.999990e-07	-9.999990e-07	0.000000e+00
1.438026875000010e-07	1.001224e+00	9.999990e-01	1.007992e+00	1.000000e+00	1.000000e+00	-6.767607e-06	6.767607e-06	6.767607e-06	9.999990e-07	-2.449990e-15	-9.999990e-07	-9.999990e-07	0.000000e+00
1.439980000000010e-07	9.998071e-01	9.999990e-01	9.785303e-01	1.000000e+00	1.000000e+00	2.127676e-05	-2.127676e-05	-2.127676e-05	9.999990e-07	3.838294e-16	-9.999990e-07	-9.999990e-07	0.000000e+00
1.441933125000011e-07	9.972693e-01	9.999990e-01	9.925587e-01	1.000000e+00	1.000000e+00	4.710585e-06	-4.710585e-06	-4.710585e-06	9.999990e-07	5.459484e-15	-9.999990e-07	-9.999990e-07	0.000000e+00
1.443886250000011e-07	9.954770e-01	9.999990e-01	9.818351e-01	1.000000e+00	1.000000e+00	1.364188e-05	-1.364188e-05	-1.364188e-05	9.999990e-07	9.043949e-15	-9.999990e-07	-9.999990e-07	0.000000e+00
1.445839375000011e-07	9.961941e-01	9.999990e-01	1.017179e+00	1.000000e+00	1.000000e+00	-2.098511e-05	2.098511e-05	2.098511e-05	9.999990e-07	7.609723e-15	-9.999990e-07	-9.999990e-07	0.000000e+00
1.447792500000011e-07	1.002964e+00	9.999990e-01	1.051298e+00	1.000000e+00	1.000000e+00	-4.833396e-05	4.833396e-05	4.833396e-05	9.999990e-07	-5.929159e-15	-9.999990e-07	-9.999990e-07	0.000000e+00
1.449745625000011e-07	1.003034e+00	9.999990e-01	9.554214e-01	1.000000e+00	1.000000e+00	4.761260e-05	-4.761260e-05	-4.761260e-05	9.999990e-07	-6.070049e-15	-9.999990e-07	-9.999990e-07	0.000000e+00
1.451698750000011e-07	9.930664e-01	9.999990e-01	9.386104e-01	1.000000e+00	1.000000e+00	5.445595e-05	-5.445595e-05	-5.445595e-05	9.999990e-07	1.386522e-14	-9.999990e-07	-9.999990e-07	0.000000e+00
1.453651875000011e-07	9.879857e-01	9.999990e-01	9.904149e-01	1.000000e+00	1.000000e+00	-2.429253e-06	2.429253e-06	2.429253e-06	9.999990e-07	2.402668e-14	-9.999990e-07	-9.999990e-07	0.000000e+00
1.455605000000011e-07	9.898476e-01	9.999990e-01	1.006484e+00	1.000000e+00	1.000000e+00	-1.663686e-05	1.663686e-05	1.663686e-05	9.999990e-07	2.030283e-14	-9.999990e-07	-9.999990e-07	0.000000e+00
1.457558125000011e-07	9.935499e-01	9.999990e-01	1.014825e+00	1.000000e+00	1.000000e+00	-2.127543e-05	2.127543e-05	2.127543e-05	9.999990e-07	1.289809e-14	-9.999990e-07	-9.999990e-07	0.000000e+00
1.459511250000011e-07	9.941466e-01	9.999990e-01	9.789815e-01	1.000000e+00	1.000000e+00	1.516514e-05	-1.516514e-05	-1.516514e-05	9.999990e-07	1.170467e-14	-9.999990e-07	-9.999990e-07	0.000000e+00
1.461464375000011e-07	9.911060e-01	9.999990e-01	9.751353e-01	1.000000e+00	1.000000e+00	1.597078e-05	-1.597078e-05	-1.597078e-05	9.999990e-07	1.778591e-14	-9.999990e-07	-9.999990e-07	0.000000e+00
1.463417500000011e-07	9.856604e-01	9.999990e-01	9.458684e-01	1.000000e+00	1.000000e+00	3.979205e-05	-3.979205e-05	-3.979205e-05	9.999990e-07	2.867708e-14	-9.999990e-07	-9.999990e-07	0.000000e+00
1.465370625000011e-07	9.871922e-01	9.999990e-01	1.042669e+00	1.000000e+00	1.000000e+00	-5.547718e-05	5.547718e-05	5.547718e-05	9.999990e-07	2.561358e-14	-9.999990e-07	-9.999990e-07	0.000000e+00
1.467323750000011e-07	9.900337e-01	9.999990e-01	9.636539e-01	1.000000e+00	1.000000e+00	2.637987e-05	-2.637987e-05	-2.637987e-05	9.999990e-07	1.993052e-14	-9.999990e-07	-9.999990e-07	0.000000e+00
1.469276875000011e-07	9.874294e-01	9.999990e-01	9.871407e-01	1.000000e+00	1.000000e+00	2.887106e-07	-2.887106e-07	-2.887106e-07	9.999990e-07	2.513922e-14	-9.999990e-07	-9.999990e-07	0.000000e+00
1.471230000000011e-07	9.840494e-01	9.999990e-01	9.497274e-01	1.000000e+00	1.000000e+00	3.432201e-05	-3.432201e-05	-3.432201e-05	9.999990e-07	3.189913e-14	-9.999991e-07	-9.999991e-07	0.000000e+00
1.473183125000011e-07	9.860689e-01	9.999990e-01	1.041070e+00	1.000000e+00	1.000000e+00	-5.500147e-05	5.500147e-05	5.500147e-05	9.999990e-07	2.786017e-14	-9.999990e-07	-9.999990e-07	0.000000e+00
1.475136250000011e-07	9.902535e-01	9.999990e-01	9.781020e-01	1.000000e+00	1.000000e+00	1.215149e-05	-1.215149e-05	-1.215149e-05	9.999990e-07	1.949103e-14	-9.999990e-07	-9.999990e-07	0.000000e+00
1.477089375000011e-07	9.873726e-01	9.999990e-01	9.700234e-01	1.000000e+00	1.000000e+00	1.734914e-05	-1.734914e-05	-1.734914e-05	9.999990e-07	2.525288e-14	-9.999990e-07	-9.999990e-07	0.000000e+00
1.479042500000011e-07	9.833820e-01	9.999990e-01	9.598685e-01	1.000000e+00	1.000000e+00	2.351358e-05	-2.351358e-05	-2.351358e-05	9.999990e-07	3.323388e-14	-9.999991e-07	-9.999991e-07	0.000000e+00
1.480995625000011e-07	9.762623e-01	9.999990e-01	9.268696e-01	1.000000e+00	1.000000e+00	4.939275e-05	-4.939275e-05	-4.939275e-05	9.999990e-07	4.747339e-14	-9.999991e-07	-9.999991e-07	0.000000e+00
1.482948750000012e-07	9.763789e-01	9.999990e-01	1.026965e+00	1.000000e+00	1.000000e+00	-5.058634e-05	5.058634e-05	5.058634e-05	9.999990e-07	4.724027e-14	-9.999991e-07	-9.999991e-07	0.000000e+00
1.484901875000012e-07	9.826294e-01	9.999990e-01	9.960480e-01	1.000000e+00	1.000000e+00	-1.341861e-05	1.341861e-05	1.341861e-05	9.999990e-07	3.473930e-14	-9.999991e-07	-9.999991e-07	0.000000e+00
1.486855000000012e-07	9.852618e-01	9.999990e-01	9.987996e-01	1.000000e+00	1.000000e+00	-1.353775e-05	1.353775e-05	1.353775e-05	9.999990e-07	2.947439e-14	-9.999990e-07	-9.999990e-07	0.000000e+00
1.488808125000012e-07	9.925556e-01	9.999990e-01	1.053707e+00	1.000000e+00	1.000000e+00	-6.115115e-05	6.115115e-05	6.115115e-05	9.999990e-07	1.488671e-14	-9.999990e-07	-9.999990e-07	0.000000e+00
1.490761250000012e-07	9.997828e-01	9.999990e-01	1.012638e+00	1.000000e+00	1.000000e+00	-1.285515e-05	1.285515e-05	1.285515e-05	9.999990e-07	4.323599e-16	-9.999990e-07	-9.999990e-07	0.000000e+00
1.492714375000012e-07	1.006030e+00	9.999990e-01	1.057150e+00	1.000000e+00	1.000000e+00	-5.111956e-05	5.111956e-05	5.111956e-05	9.999990e-07	-1.206270e-14	-9.999990e-07	-9.999990e-07	0.000000e+00
1.494667500000012e-07	1.006583e+00	9.999990e-01	9.611270e-01	1.000000e+00	1.000000e+00	4.545633e-05	-4.545633e-05	-4.545633e-05	9.999990e-07	-1.316880e-14	-9.999990e-07	-9.999990e-07	0.000000e+00
1.496620625000012e-07	1.000117e+00	9.999990e-01	9.793589e-01	1.000000e+00	1.000000e+00	2.075823e-05	-2.075823e-05	-2.075823e-05	9.999990e-07	-2.362712e-16	-9.999990e-07	-9.999990e-07	0.000000e+00
1.498573750000012e-07	9.967172e-01	9.999990e-01	9.826598e-01	1.000000e+00	1.000000e+00	1.405744e-05	-1.405744e-05	-1.405744e-05	9.999990e-07	6.563663e-15	-9.999990e-07	-9.999990e-07	0.000000e+00
1.500526875000012e-07	9.959155e-01	9.999990e-01	1.001763e+00	1.000000e+00	1.000000e+00	-5.847905e-06	5.847905e-06	5.847905e-06	9.999990e-07	8.167087e-15	-9.999990e-07	-9.999990e-07	0.000000e+00
1.502480000000012e-07	9.981822e-01	9.999990e-01	1.015546e+00	1.000000e+00	1.000000e+00	-1.736384e-05	1.736384e-05	1.736384e-05	9.999990e-07	3.633543e-15	-9.999990e-07	-9.999990e-07	0.000000e+00
1.504433125000012e-07	9.999889e-01	9.999990e-01	1.001125e+00	1.000000e+00	1.000000e+00	-1.136328e-06	1.136328e-06	1.136328e-06	9.999990e-07	2.022784e-17	-9.999990e-07	-9.999990e-07	0.000000e+00
1.506386250000012e-07	1.003529e+00	9.999990e-01	1.038647e+00	1.000000e+00	1.000000e+00	-3.511734e-05	3.511734e-05	3.511734e-05	9.999990e-07	-7.060566e-15	-9.999990e-07	-9.999990e-07	0.000000e+00
1.508339375000012e-07	1.006217e+00	9.999990e-01	9.986237e-01	1.000000e+00	1.000000e+00	7.593420e-06	-7.593420e-06	-7.593420e-06	9.999990e-07	-1.243633e-14	-9.999990e-07	-9.999990e-07	0.000000e+00
1.510292500000012e-07	1.001274e+00	9.999990e-01	9.582512e-01	1.000000e+00	1.000000e+00	4.302296e-05	-4.302296e-05	-4.302296e-05	9.999990e-07	-2.550319e-15	-9.999990e-07	-9.999990e-07	0.000000e+00
1.512245625000012e-07	9.916757e-01	9.999990e-01	9.364107e-01	1.000000e+00	1.000000e+00	5.526500e-05	-5.526500e-05	-5.526500e-05	9.999990e-07	1.664655e-14	-9.999990e-07	-9.999990e-07	0.000000e+00
1.514198750000012e-07	9.832839e-01	9.999990e-01	9.526163e-01	1.000000e+00	1.000000e+00	3.066759e-05	-3.066759e-05	-3.066759e-05	9.999990e-07	3.343026e-14	-9.999991e-07	-9.999991e-07	0.000000e+00
1.516151875000012e-07	9.764680e-01	9.999990e-01	9.373407e-01	1.000000e+00	1.000000e+00	3.912727e-05	-3.912727e-05	-3.912727e-05	9.999990e-07	4.706207e-14	-9.999991e-07	-9.999991e-07	0.000000e+00
1.518105000000012e-07	9.772378e-01	9.999990e-01	1.024248e+00	1.000000e+00	1.000000e+00	-4.701035e-05	4.701035e-05	4.701035e-05	9.999990e-07	4.552240e-14	-9.999991e-07	-9.999991e-07	0.000000e+00
1.520058125000012e-07	9.775696e-01	9.999990e-01	9.339573e-01	1.000000e+00	1.000000e+00	4.361230e-05	-4.361230e-05	-4.361230e-05	9.999990e-07	4.485872e-14	-9.999991e-07	-9.999991e-07	0.000000e+00
1.522011250000012e-07	9.774390e-01	9.999990e-01	1.019714e+00	1.000000e+00	1.000000e+00	-4.227497e-05	4.227497e-05	4.227497e-05	9.999990e-07	4.511992e-14	-9.999991e-07	-9.999991e-07	0.000000e+00
1.523964375000013e-07	9.868985e-01	9.999990e-01	1.041489e+00	1.000000e+00	1.000000e+00	-5.459046e-05	5.459046e-05	5.459046e-05	9.999990e-07	2.620089e-14	-9.999990e-07	-9.999990e-07	0.000000e+00
1.525917500000013e-07	9.913163e-01	9.999990e-01	9.819638e-01	1.000000e+00	1.000000e+00	9.352503e-06	-9.352503e-06	-9.352503e-06	9.999990e-07	1.736535e-14	-9.999990e-07	-9.999990e-07	0.000000e+00
1.527870625000013e-07	9.867150e-01	9.999990e-01	9.489492e-01	1.000000e+00	1.000000e+00	3.776575e-05	-3.776575e-05	-3.776575e-05	9.999990e-07	2.656813e-14	-9.999990e-07	-9.999990e-07	0.000000e+00
1.529823750000013e-07	9.812091e-01	9.999990e-01	9.625953e-01	1.000000e+00	1.000000e+00	1.861383e-05	-1.861383e-05	-1.861383e-05	9.999990e-07	3.757977e-14	-9.999991e-07	-9.999991e-07	0.000000e+00
1.531776875000013e-07	9.812382e-01	9.999990e-01	1.000150e+00	1.000000e+00	1.000000e+00	-1.891216e-05	1.891216e-05	1.891216e-05	9.999990e-07	3.752150e-14	-9.999991e-07	-9.999991e-07	0.000000e+00
1.533730000000013e-07	9.849504e-01	9.999990e-01	1.004050e+00	1.000000e+00	1.000000e+00	-1.909966e-05	1.909966e-05	1.909966e-05	9.999990e-07	3.009732e-14	-9.999990e-07	-9.999990e-07	0.000000e+00
1.535683125000013e-07	9.931597e-01	9.999990e-01	1.058123e+00	1.000000e+00	1.000000e+00	-6.496365e-05	6.496365e-05	6.496365e-05	9.999990e-07	1.367870e-14	-9.999990e-07	-9.999990e-07	0.000000e+00
1.537636250000013e-07	1.003746e+00	9.999990e-01	1.047187e+00	1.000000e+00	1.000000e+00	-4.344079e-05	4.344079e-05	4.344079e-05	9.999990e-07	-7.494039e-15	-9.999990e-07	-9.999990e-07	0.000000e+00
1.539589375000013e-07	1.009342e+00	9.999990e-01	1.023201e+00	1.000000e+00	1.000000e+00	-1.385881e-05	1.385881e-05	1.385881e-05	9.999990e-07	-1.868537e-14	-9.999990e-07	-9.999990e-07	0.000000e+00
1.541542500000013e-07	1.010730e+00	9.999990e-01	1.011092e+00	1.000000e+00	1.000000e+00	-3.619118e-07	3.619118e-07	3.619118e-07	9.999990e-07	-2.146285e-14	-9.999990e-07	-9.999990e-07	0.000000e+00
1.543495625000013e-07	1.010326e+00	9.999990e-01	1.005825e+00	1.000000e+00	1.000000e+00	4.500921e-06	-4.500921e-06	-4.500921e-06	9.999990e-07	-2.065445e-14	-9.999990e-07	-9.999990e-07	0.000000e+00
1.545448750000013e-07	1.008575e+00	9.999990e-01	9.951445e-01	1.000000e+00	1.000000e+00	1.343064e-05	-1.343064e-05	-1.343064e-05	9.999990e-07	-1.715219e-14	-9.999990e-07	-9.999990e-07	0.000000e+00
1.547401875000013e-07	1.008383e+00	9.999990e-01	1.019849e+00	1.000000e+00	1.000000e+00	-1.146619e-05	1.146619e-05	1.146619e-05	9.999990e-07	-1.676851e-14	-9.999990e-07	-9.999990e-07	0.000000e+00
1.549355000000013e-07	1.011323e+00	9.999990e-01	1.029956e+00	1.000000e+00	1.000000e+00	-1.863343e-05	1.863343e-05	1.863343e-05	9.999990e-07	-2.264734e-14	-9.999990e-07	-9.999990e-07	0.000000e+00
1.551308125000013e-07	1.006781e+00	9.999990e-01	9.416370e-01	1.000000e+00	1.000000e+00	6.514363e-05	-6.514363e-05	-6.514363e-05	9.999990e-07	-1.356332e-14	-9.999990e-07	-9.999990e-07	0.000000e+00
1.553261250000013e-07	9.996290e-01	9.999990e-01	9.915398e-01	1.000000e+00	1.000000e+00	8.089196e-06	-8.089196e-06	-8.089196e-06	9.999990e-07	7.399646e-16	-9.999990e-07	-9.999990e-07	0.000000e+00
1.555214375000013e-07	1.004391e+00	9.999990e-01	1.061238e+00	1.000000e+00	1.000000e+00	-5.684770e-05	5.684770e-05	5.684770e-05	9.999990e-07	-8.783182e-15	-9.999990e-07	-9.999990e-07	0.000000e+00
1.557167500000013e-07	1.008652e+00	9.999990e-01	9.954429e-01	1.000000e+00	1.000000e+00	1.320925e-05	-1.320925e-05	-1.320925e-05	9.999990e-07	-1.730632e-14	-9.999990e-07	-9.999990e-07	0.000000e+00
1.559120625000013e-07	1.003302e+00	9.999990e-01	9.617213e-01	1.000000e+00	1.000000e+00	4.158032e-05	-4.158032e-05	-4.158032e-05	9.999990e-07	-6.605232e-15	-9.999990e-07	-9.999990e-07	0.000000e+00
1.561073750000013e-07	1.004795e+00	9.999990e-01	1.061671e+00	1.000000e+00	1.000000e+00	-5.687615e-05	5.687615e-05	5.687615e-05	9.999990e-07	-9.592698e-15	-9.999990e-07	-9.999990e-07	0.000000e+00
1.563026875000013e-07	1.010083e+00	9.999990e-01	1.007355e+00	1.000000e+00	1.000000e+00	2.728609e-06	-2.728609e-06	-2.728609e-06	9.999990e-07	-2.016839e-14	-9.999990e-07	-9.999990e-07	0.000000e+00
1.564980000000014e-07	1.011707e+00	9.999990e-01	1.031060e+00	1.000000e+00	1.000000e+00	-1.935341e-05	1.935341e-05	1.935341e-05	9.999990e-07	-2.341542e-14	-9.999990e-07	-9.999990e-07	0.000000e+00
1.566933125000014e-07	1.011987e+00	9.999990e-01	9.955069e-01	1.000000e+00	1.000000e+00	1.648040e-05	-1.648040e-05	-1.648040e-05	9.999990e-07	-2.397656e-14	-9.999990e-07	-9.999990e-07	0.000000e+00
1.568886250000014e-07	1.003271e+00	9.999990e-01	9.304942e-01	1.000000e+00	1.000000e+00	7.277653e-05	-7.277653e-05	-7.277653e-05	9.999990e-07	-6.543561e-15	-9.999990e-07	-9.999990e-07	0.000000e+00
1.570839375000014e-07	9.916302e-01	9.999990e-01	9.452071e-01	1.000000e+00	1.000000e+00	4.642313e-05	-4.642313e-05	-4.642313e-05	9.999990e-07	1.673762e-14	-9.999990e-07	-9.999990e-07	0.000000e+00
1.572792500000014e-07	9.821078e-01	9.999990e-01	9.310219e-01	1.000000e+00	1.000000e+00	5.108595e-05	-5.108595e-05	-5.108595e-05	9.999990e-07	3.578236e-14	-9.999991e-07	-9.999991e-07	0.000000e+00
1.574745625000014e-07	9.782393e-01	9.999990e-01	9.897119e-01	1.000000e+00	1.000000e+00	-1.147261e-05	1.147261e-05	1.147261e-05	9.999990e-07	4.351935e-14	-9.999991e-07	-9.999991e-07	0.000000e+00
1.576698750000014e-07	9.813591e-01	9.999990e-01	1.001832e+00	1.000000e+00	1.000000e+00	-2.047334e-05	2.047334e-05	2.047334e-05	9.999990e-07	3.727991e-14	-9.999991e-07	-9.999991e-07	0.000000e+00
1.578651875000014e-07	9.871228e-01	9.999990e-01	1.025671e+00	1.000000e+00	1.000000e+00	-3.854771e-05	3.854771e-05	3.854771e-05	9.999990e-07	2.575236e-14	-9.999990e-07	-9.999990e-07	0.000000e+00
1.580605000000014e-07	9.917641e-01	9.999990e-01	1.000742e+00	1.000000e+00	1.000000e+00	-8.978421e-06	8.978421e-06	8.978421e-06	9.999990e-07	1.646991e-14	-9.999990e-07	-9.999990e-07	0.000000e+00
1.582558125000014e-07	9.960256e-01	9.999990e-01	1.030685e+00	1.000000e+00	1.000000e+00	-3.465932e-05	3.465932e-05	3.465932e-05	9.999990e-07	7.946913e-15	-9.999990e-07	-9.999990e-07	0.000000e+00
1.584511250000014e-07	1.004292e+00	9.999990e-01	1.054277e+00	1.000000e+00	1.000000e+00	-4.998514e-05	4.998514e-05	4.998514e-05	9.999990e-07	-8.585207e-15	-9.999990e-07	-9.999990e-07	0.000000e+00
1.586464375000014e-07	1.009279e+00	9.999990e-01	1.010368e+00	1.000000e+00	1.000000e+00	-1.089042e-06	1.089042e-06	1.089042e-06	9.999990e-07	-1.856063e-14	-9.999990e-07	-9.999990e-07	0.000000e+00
1.588417500000014e-07	1.006354e+00	9.999990e-01	9.753070e-01	1.000000e+00	1.000000e+00	3.104675e-05	-3.104675e-05	-3.104675e-05	9.999990e-07	-1.270952e-14	-9.999990e-07	-9.999990e-07	0.000000e+00
1.590370625000014e-07	1.002963e+00	9.999990e-01	9.992905e-01	1.000000e+00	1.000000e+00	3.672747e-06	-3.672747e-06	-3.672747e-06	9.999990e-07	-5.928368e-15	-9.999990e-07	-9.999990e-07	0.000000e+00
1.592323750000014e-07	1.001051e+00	9.999990e-01	9.851444e-01	1.000000e+00	1.000000e+00	1.590672e-05	-1.590672e-05	-1.590672e-05	9.999990e-07	-2.104254e-15	-9.999990e-07	-9.999990e-07	0.000000e+00
1.594276875000014e-07	1.000483e+00	9.999990e-01	1.010568e+00	1.000000e+00	1.000000e+00	-1.008544e-05	1.008544e-05	1.008544e-05	9.999990e-07	-9.672858e-16	-9.999990e-07	-9.999990e-07	0.000000e+00
1.596230000000014e-07	1.000615e+00	9.999990e-01	9.918804e-01	1.000000e+00	1.000000e+00	8.734187e-06	-8.734187e-06	-8.734187e-06	9.999990e-07	-1.231203e-15	-9.999990e-07	-9.999990e-07	0.000000e+00
1.598183125000014e-07	9.991353e-01	9.999990e-01	9.927211e-01	1.000000e+00	1.000000e+00	6.414107e-06	-6.414107e-06	-6.414107e-06	9.999990e-07	1.727448e-15	-9.999990e-07	-9.999990e-07	0.000000e+00
1.600136250000014e-07	1.002325e+00	9.999990e-01	1.041401e+00	1.000000e+00	1.000000e+00	-3.907588e-05	3.907588e-05	3.907588e-05	9.999990e-07	-4.651803e-15	-9.999990e-07	-9.999990e-07	0.000000e+00
1.602089375000014e-07	1.011936e+00	9.999990e-01	1.071279e+00	1.000000e+00	1.000000e+00	-5.934284e-05	5.934284e-05	5.934284e-05	9.999990e-07	-2.387421e-14	-9.999990e-07	-9.999990e-07	0.000000e+00
1.604042500000014e-07	1.012826e+00	9.999990e-01	9.625909e-01	1.000000e+00	1.000000e+00	5.023472e-05	-5.023472e-05	-5.023472e-05	9.999990e-07	-2.565314e-14	-9.999990e-07	-9.999990e-07	0.000000e+00
1.605995625000015e-07	1.000823e+00	9.999990e-01	9.281561e-01	1.000000e+00	1.000000e+00	7.266730e-05	-7.266730e-05	-7.266730e-05	9.999990e-07	-1.648835e-15	-9.999990e-07	-9.999990e-07	0.000000e+00
1.607948750000015e-07	9.980416e-01	9.999990e-01	1.042223e+00	1.000000e+00	1.000000e+00	-4.418182e-05	4.418182e-05	4.418182e-05	9.999990e-07	3.914736e-15	-9.999990e-07	-9.999990e-07	0.000000e+00
1.609901875000015e-07	9.971749e-01	9.999990e-01	9.441174e-01	1.000000e+00	1.000000e+00	5.305743e-05	-5.305743e-05	-5.305743e-05	9.999990e-07	5.648253e-15	-9.999990e-07	-9.999990e-07	0.000000e+00
1.611855000000015e-07	9.920430e-01	9.999990e-01	9.925494e-01	1.000000e+00	1.000000e+00	-5.064766e-07	5.064766e-07	5.064766e-07	9.999990e-07	1.591211e-14	-9.999990e-07	-9.999990e-07	0.000000e+00
1.613808125000015e-07	9.898739e-01	9.999990e-01	9.671570e-01	1.000000e+00	1.000000e+00	2.271696e-05	-2.271696e-05	-2.271696e-05	9.999990e-07	2.025010e-14	-9.999990e-07	-9.999990e-07	0.000000e+00
1.615761250000015e-07	9.830691e-01	9.999990e-01	9.361048e-01	1.000000e+00	1.000000e+00	4.696438e-05	-4.696438e-05	-4.696438e-05	9.999990e-07	3.385973e-14	-9.999991e-07	-9.999991e-07	0.000000e+00
1.617714375000015e-07	9.792252e-01	9.999990e-01	9.868269e-01	1.000000e+00	1.000000e+00	-7.601792e-06	7.601792e-06	7.601792e-06	9.999990e-07	4.154774e-14	-9.999991e-07	-9.999991e-07	0.000000e+00
1.619667500000015e-07	9.857404e-01	9.999990e-01	1.044855e+00	1.000000e+00	1.000000e+00	-5.911470e-05	5.911470e-05	5.911470e-05	9.999990e-07	2.851717e-14	-9.999990e-07	-9.999990e-07	0.000000e+00
1.621620625000015e-07	9.944738e-01	9.999990e-01	1.024789e+00	1.000000e+00	1.000000e+00	-3.031543e-05	3.031543e-05	3.031543e-05	9.999990e-07	1.105035e-14	-9.999990e-07	-9.999990e-07	0.000000e+00
1.623573750000015e-07	1.002676e+00	9.999990e-01	1.056349e+00	1.000000e+00	1.000000e+00	-5.367334e-05	5.367334e-05	5.367334e-05	9.999990e-07	-5.353706e-15	-9.999990e-07	-9.999990e-07	0.000000e+00
1.625526875000015e-07	1.003217e+00	9.999990e-01	9.550814e-01	1.000000e+00	1.000000e+00	4.813525e-05	-4.813525e-05	-4.813525e-05	9.999990e-07	-6.435362e-15	-9.999990e-07	-9.999990e-07	0.000000e+00
1.627480000000015e-07	1.002542e+00	9.999990e-01	1.043766e+00	1.000000e+00	1.000000e+00	-4.122434e-05	4.122434e-05	4.122434e-05	9.999990e-07	-5.085574e-15	-9.999990e-07	-9.999990e-07	0.000000e+00
1.629433125000015e-07	1.009919e+00	9.999990e-01	1.044240e+00	1.000000e+00	1.000000e+00	-3.432066e-05	3.432066e-05	3.432066e-05	9.999990e-07	-1.984046e-14	-9.999990e-07	-9.999990e-07	0.000000e+00
1.631386250000015e-07	1.018067e+00	9.999990e-01	1.067186e+00	1.000000e+00	1.000000e+00	-4.911796e-05	4.911796e-05	4.911796e-05	9.999990e-07	-3.613706e-14	-9.999990e-07	-9.999990e-07	0.000000e+00
1.633339375000015e-07	1.020361e+00	9.999990e-01	9.947323e-01	1.000000e+00	1.000000e+00	2.562911e-05	-2.562911e-05	-2.562911e-05	9.999990e-07	-4.072473e-14	-9.999990e-07	-9.999990e-07	0.000000e+00
1.635292500000015e-07	1.015340e+00	9.999990e-01	9.895482e-01	1.000000e+00	1.000000e+00	2.579161e-05	-2.579161e-05	-2.579161e-05	9.999990e-07	-3.068162e-14	-9.999990e-07	-9.999990e-07	0.000000e+00
1.637245625000015e-07	1.015400e+00	9.999990e-01	1.041808e+00	1.000000e+00	1.000000e+00	-2.640792e-05	2.640792e-05	2.640792e-05	9.999990e-07	-3.080199e-14	-9.999990e-07	-9.999990e-07	0.000000e+00
1.639198750000015e-07	1.013019e+00	9.999990e-01	9.622279e-01	1.000000e+00	1.000000e+00	5.079097e-05	-5.079097e-05	-5.079097e-05	9.999990e-07	-2.603968e-14	-9.999990e-07	-9.999990e-07	0.000000e+00
1.641151875000015e-07	1.014435e+00	9.999990e-01	1.079724e+00	1.000000e+00	1.000000e+00	-6.528908e-05	6.528908e-05	6.528908e-05	9.999990e-07	-2.887135e-14	-9.999990e-07	-9.999990e-07	0.000000e+00
1.643105000000015e-07	1.015228e+00	9.999990e-01	9.580670e-01	1.000000e+00	1.000000e+00	5.716141e-05	-5.716141e-05	-5.716141e-05	9.999990e-07	-3.045878e-14	-9.999990e-07	-9.999990e-07	0.000000e+00
1.645058125000015e-07	1.013038e+00	9.999990e-01	1.047774e+00	1.000000e+00	1.000000e+00	-3.473535e-05	3.473535e-05	3.473535e-05	9.999990e-07	-2.607869e-14	-9.999990e-07	-9.999990e-07	0.000000e+00
1.647011250000016e-07	1.008470e+00	9.999990e-01	9.269495e-01	1.000000e+00	1.000000e+00	8.152004e-05	-8.152004e-05	-8.152004e-05	9.999990e-07	-1.694105e-14	-9.999990e-07	-9.999990e-07	0.000000e+00
1.648964375000016e-07	9.964290e-01	9.999990e-01	9.546542e-01	1.000000e+00	1.000000e+00	4.177488e-05	-4.177488e-05	-4.177488e-05	9.999990e-07	7.139985e-15	-9.999990e-07	-9.999990e-07	0.000000e+00
1.650917500000016e-07	9.937910e-01	9.999990e-01	1.008553e+00	1.000000e+00	1.000000e+00	-1.476162e-05	1.476162e-05	1.476162e-05	9.999990e-07	1.241601e-14	-9.999990e-07	-9.999990e-07	0.000000e+00
1.652870625000016e-07	9.991553e-01	9.999990e-01	1.039325e+00	1.000000e+00	1.000000e+00	-4.016944e-05	4.016944e-05	4.016944e-05	9.999990e-07	1.687290e-15	-9.999990e-07	-9.999990e-07	0.000000e+00
1.654823750000016e-07	9.980651e-01	9.999990e-01	9.467312e-01	1.000000e+00	1.000000e+00	5.133387e-05	-5.133387e-05	-5.133387e-05	9.999990e-07	3.867841e-15	-9.999990e-07	-9.999990e-07	0.000000e+00
1.656776875000016e-07	9.938263e-01	9.999990e-01	1.001756e+00	1.000000e+00	1.000000e+00	-7.929299e-06	7.929299e-06	7.929299e-06	9.999990e-07	1.234530e-14	-9.999990e-07	-9.999990e-07	0.000000e+00
1.658730000000016e-07	9.929709e-01	9.999990e-01	9.762823e-01	1.000000e+00	1.000000e+00	1.668867e-05	-1.668867e-05	-1.668867e-05	9.999990e-07	1.405611e-14	-9.999990e-07	-9.999990e-07	0.000000e+00
1.660683125000016e-07	9.869987e-01	9.999990e-01	9.425317e-01	1.000000e+00	1.000000e+00	4.446701e-05	-4.446701e-05	-4.446701e-05	9.999990e-07	2.600058e-14	-9.999990e-07	-9.999990e-07	0.000000e+00
1.662636250000016e-07	9.829776e-01	9.999990e-01	9.862689e-01	1.000000e+00	1.000000e+00	-3.291260e-06	3.291260e-06	3.291260e-06	9.999990e-07	3.404272e-14	-9.999991e-07	-9.999991e-07	0.000000e+00
1.664589375000016e-07	9.892275e-01	9.999990e-01	1.049935e+00	1.000000e+00	1.000000e+00	-6.070768e-05	6.070768e-05	6.070768e-05	9.999990e-07	2.154293e-14	-9.999990e-07	-9.999990e-07	0.000000e+00
1.666542500000016e-07	9.975042e-01	9.999990e-01	1.021549e+00	1.000000e+00	1.000000e+00	-2.404515e-05	2.404515e-05	2.404515e-05	9.999990e-07	4.989638e-15	-9.999990e-07	-9.999990e-07	0.000000e+00
1.668495625000016e-07	1.000561e+00	9.999990e-01	1.007823e+00	1.000000e+00	1.000000e+00	-7.261735e-06	7.261735e-06	7.261735e-06	9.999990e-07	-1.124988e-15	-9.999990e-07	-9.999990e-07	0.000000e+00
1.670448750000016e-07	1.000101e+00	9.999990e-01	9.881263e-01	1.000000e+00	1.000000e+00	1.197490e-05	-1.197490e-05	-1.197490e-05	9.999990e-07	-2.044481e-16	-9.999990e-07	-9.999990e-07	0.000000e+00
1.672401875000016e-07	1.002360e+00	9.999990e-01	1.037470e+00	1.000000e+00	1.000000e+00	-3.510953e-05	3.510953e-05	3.510953e-05	9.999990e-07	-4.722929e-15	-9.999990e-07	-9.999990e-07	0.000000e+00
1.674355000000016e-07	9.991374e-01	9.999990e-01	9.310234e-01	1.000000e+00	1.000000e+00	6.811397e-05	-6.811397e-05	-6.811397e-05	9.999990e-07	1.723252e-15	-9.999990e-07	-9.999990e-07	0.000000e+00
1.676308125000016e-07	9.937127e-01	9.999990e-01	1.006277e+00	1.000000e+00	1.000000e+00	-1.256476e-05	1.256476e-05	1.256476e-05	9.999990e-07	1.257271e-14	-9.999990e-07	-9.999990e-07	0.000000e+00
1.678261250000016e-07	9.924012e-01	9.999990e-01	9.664077e-01	1.000000e+00	1.000000e+00	2.599357e-05	-2.599357e-05	-2.599357e-05	9.999990e-07	1.519552e-14	-9.999990e-07	-9.999990e-07	0.000000e+00
1.680214375000016e-07	9.919717e-01	9.999990e-01	1.013566e+00	1.000000e+00	1.000000e+00	-2.159471e-05	2.159471e-05	2.159471e-05	9.999990e-07	1.605468e-14	-9.999990e-07	-9.999990e-07	0.000000e+00
1.682167500000016e-07	9.931161e-01	9.999990e-01	9.832405e-01	1.000000e+00	1.000000e+00	9.875558e-06	-9.875558e-06	-9.875558e-06	9.999990e-07	1.376578e-14	-9.999990e-07	-9.999990e-07	0.000000e+00
1.684120625000016e-07	9.983672e-01	9.999990e-01	1.062015e+00	1.000000e+00	1.000000e+00	-6.364742e-05	6.364742e-05	6.364742e-05	9.999990e-07	3.263463e-15	-9.999990e-07	-9.999990e-07	0.000000e+00
1.686073750000016e-07	1.003255e+00	9.999990e-01	9.896541e-01	1.000000e+00	1.000000e+00	1.360052e-05	-1.360052e-05	-1.360052e-05	9.999990e-07	-6.511321e-15	-9.999990e-07	-9.999990e-07	0.000000e+00
1.688026875000017e-07	9.974183e-01	9.999990e-01	9.512550e-01	1.000000e+00	1.000000e+00	4.616335e-05	-4.616335e-05	-4.616335e-05	9.999990e-07	5.161311e-15	-9.999990e-07	-9.999990e-07	0.000000e+00
1.689980000000017e-07	9.974346e-01	9.999990e-01	1.043764e+00	1.000000e+00	1.000000e+00	-4.632907e-05	4.632907e-05	4.632907e-05	9.999990e-07	5.128944e-15	-9.999990e-07	-9.999990e-07	0.000000e+00
1.691933125000017e-07	1.000297e+00	9.999990e-01	9.832842e-01	1.000000e+00	1.000000e+00	1.701324e-05	-1.701324e-05	-1.701324e-05	9.999990e-07	-5.968030e-16	-9.999990e-07	-9.999990e-07	0.000000e+00
1.693886250000017e-07	1.005632e+00	9.999990e-01	1.077275e+00	1.000000e+00	1.000000e+00	-7.164299e-05	7.164299e-05	7.164299e-05	9.999990e-07	-1.126667e-14	-9.999990e-07	-9.999990e-07	0.000000e+00
1.695839375000017e-07	1.014490e+00	9.999990e-01	1.033549e+00	1.000000e+00	1.000000e+00	-1.905903e-05	1.905903e-05	1.905903e-05	9.999990e-07	-2.898191e-14	-9.999990e-07	-9.999990e-07	0.000000e+00
1.697792500000017e-07	1.011457e+00	9.999990e-01	9.613442e-01	1.000000e+00	1.000000e+00	5.011310e-05	-5.011310e-05	-5.011310e-05	9.999990e-07	-2.291666e-14	-9.999990e-07	-9.999990e-07	0.000000e+00
1.699745625000017e-07	1.003546e+00	9.999990e-01	9.726442e-01	1.000000e+00	1.000000e+00	3.090154e-05	-3.090154e-05	-3.090154e-05	9.999990e-07	-7.093492e-15	-9.999990e-07	-9.999990e-07	0.000000e+00
1.701698750000017e-07	1.001510e+00	9.999990e-01	1.011567e+00	1.000000e+00	1.000000e+00	-1.005713e-05	1.005713e-05	1.005713e-05	9.999990e-07	-3.022318e-15	-9.999990e-07	-9.999990e-07	0.000000e+00
1.703651875000017e-07	9.985223e-01	9.999990e-01	9.578696e-01	1.000000e+00	1.000000e+00	4.065270e-05	-4.065270e-05	-4.065270e-05	9.999990e-07	2.953379e-15	-9.999990e-07	-9.999990e-07	0.000000e+00
1.705605000000017e-07	9.936754e-01	9.999990e-01	9.846949e-01	1.000000e+00	1.000000e+00	8.980421e-06	-8.980421e-06	-8.980421e-06	9.999990e-07	1.264735e-14	-9.999990e-07	-9.999990e-07	0.000000e+00
1.707558125000017e-07	9.972835e-01	9.999990e-01	1.043211e+00	1.000000e+00	1.000000e+00	-4.592741e-05	4.592741e-05	4.592741e-05	9.999990e-07	5.431140e-15	-9.999990e-07	-9.999990e-07	0.000000e+00
1.709511250000017e-07	1.006846e+00	9.999990e-01	1.058838e+00	1.000000e+00	1.000000e+00	-5.199232e-05	5.199232e-05	5.199232e-05	9.999990e-07	-1.369381e-14	-9.999990e-07	-9.999990e-07	0.000000e+00
1.711464375000017e-07	1.011696e+00	9.999990e-01	1.009370e+00	1.000000e+00	1.000000e+00	2.326222e-06	-2.326222e-06	-2.326222e-06	9.999990e-07	-2.339422e-14	-9.999990e-07	-9.999990e-07	0.000000e+00
1.713417500000017e-07	1.011348e+00	9.999990e-01	1.010104e+00	1.000000e+00	1.000000e+00	1.243242e-06	-1.243242e-06	-1.243242e-06	9.999990e-07	-2.269706e-14	-9.999990e-07	-9.999990e-07	0.000000e+00
1.715370625000017e-07	1.009178e+00	9.999990e-01	9.882082e-01	1.000000e+00	1.000000e+00	2.097009e-05	-2.097009e-05	-2.097009e-05	9.999990e-07	-1.835851e-14	-9.999990e-07	-9.999990e-07	0.000000e+00
1.717323750000017e-07	1.007351e+00	9.999990e-01	1.009607e+00	1.000000e+00	1.000000e+00	-2.256676e-06	2.256676e-06	2.256676e-06	9.999990e-07	-1.470355e-14	-9.999990e-07	-9.999990e-07	0.000000e+00
1.719276875000017e-07	1.003864e+00	9.999990e-01	9.659079e-01	1.000000e+00	1.000000e+00	3.795657e-05	-3.795657e-05	-3.795657e-05	9.999990e-07	-7.730915e-15	-9.999990e-07	-9.999990e-07	0.000000e+00
1.721230000000017e-07	1.000346e+00	9.999990e-01	1.002276e+00	1.000000e+00	1.000000e+00	-1.930131e-06	1.930131e-06	1.930131e-06	9.999990e-07	-6.945017e-16	-9.999990e-07	-9.999990e-07	0.000000e+00
1.723183125000017e-07	1.005335e+00	9.999990e-01	1.054490e+00	1.000000e+00	1.000000e+00	-4.915474e-05	4.915474e-05	4.915474e-05	9.999990e-07	-1.067202e-14	-9.999990e-07	-9.999990e-07	0.000000e+00
1.725136250000017e-07	1.008862e+00	9.999990e-01	9.958254e-01	1.000000e+00	1.000000e+00	1.303674e-05	-1.303674e-05	-1.303674e-05	9.999990e-07	-1.772631e-14	-9.999990e-07	-9.999990e-07	0.000000e+00
1.727089375000017e-07	1.001301e+00	9.999990e-01	9.369115e-01	1.000000e+00	1.000000e+00	6.438946e-05	-6.438946e-05	-6.438946e-05	9.999990e-07	-2.604009e-15	-9.999990e-07	-9.999990e-07	0.000000e+00
1.729042500000018e-07	9.885827e-01	9.999990e-01	9.227364e-01	1.000000e+00	1.000000e+00	6.584624e-05	-6.584624e-05	-6.584624e-05	9.999990e-07	2.283265e-14	-9.999990e-07	-9.999990e-07	0.000000e+00
1.730995625000018e-07	9.863437e-01	9.999990e-01	1.029263e+00	1.000000e+00	1.000000e+00	-4.291904e-05	4.291904e-05	4.291904e-05	9.999990e-07	2.731062e-14	-9.999990e-07	-9.999990e-07	0.000000e+00
1.732948750000018e-07	9.908662e-01	9.999990e-01	9.942582e-01	1.000000e+00	1.000000e+00	-3.391962e-06	3.391962e-06	3.391962e-06	9.999990e-07	1.826550e-14	-9.999990e-07	-9.999990e-07	0.000000e+00
1.734901875000018e-07	9.861953e-01	9.999990e-01	9.349732e-01	1.000000e+00	1.000000e+00	5.122216e-05	-5.122216e-05	-5.122216e-05	9.999990e-07	2.760734e-14	-9.999990e-07	-9.999990e-07	0.000000e+00
1.736855000000018e-07	9.861920e-01	9.999990e-01	1.037381e+00	1.000000e+00	1.000000e+00	-5.118881e-05	5.118881e-05	5.118881e-05	9.999990e-07	2.761385e-14	-9.999990e-07	-9.999990e-07	0.000000e+00
1.738808125000018e-07	9.901749e-01	9.999990e-01	9.797698e-01	1.000000e+00	1.000000e+00	1.040510e-05	-1.040510e-05	-1.040510e-05	9.999990e-07	1.964828e-14	-9.999990e-07	-9.999990e-07	0.000000e+00
1.740761250000018e-07	9.851280e-01	9.999990e-01	9.438528e-01	1.000000e+00	1.000000e+00	4.127516e-05	-4.127516e-05	-4.127516e-05	9.999990e-07	2.974208e-14	-9.999990e-07	-9.999990e-07	0.000000e+00
1.742714375000018e-07	9.889906e-01	9.999990e-01	1.069819e+00	1.000000e+00	1.000000e+00	-8.082861e-05	8.082861e-05	8.082861e-05	9.999990e-07	2.201680e-14	-9.999990e-07	-9.999990e-07	0.000000e+00
1.744667500000018e-07	9.988037e-01	9.999990e-01	1.018462e+00	1.000000e+00	1.000000e+00	-1.965786e-05	1.965786e-05	1.965786e-05	9.999990e-07	2.390536e-15	-9.999990e-07	-9.999990e-07	0.000000e+00
1.746620625000018e-07	1.004185e+00	9.999990e-01	1.039630e+00	1.000000e+00	1.000000e+00	-3.544531e-05	3.544531e-05	3.544531e-05	9.999990e-07	-8.371802e-15	-9.999990e-07	-9.999990e-07	0.000000e+00
1.748573750000018e-07	1.005410e+00	9.999990e-01	9.825141e-01	1.000000e+00	1.000000e+00	2.289633e-05	-2.289633e-05	-2.289633e-05	9.999990e-07	-1.082277e-14	-9.999990e-07	-9.999990e-07	0.000000e+00
1.750526875000018e-07	1.003359e+00	9.999990e-01	1.005253e+00	1.000000e+00	1.000000e+00	-1.893386e-06	1.893386e-06	1.893386e-06	9.999990e-07	-6.720637e-15	-9.999990e-07	-9.999990e-07	0.000000e+00
1.752480000000018e-07	1.003002e+00	9.999990e-01	9.974543e-01	1.000000e+00	1.000000e+00	5.548098e-06	-5.548098e-06	-5.548098e-06	9.999990e-07	-6.006826e-15	-9.999990e-07	-9.999990e-07	0.000000e+00
1.754433125000018e-07	9.955797e-01	9.999990e-01	9.251193e-01	1.000000e+00	1.000000e+00	7.046045e-05	-7.046045e-05	-7.046045e-05	9.999990e-07	8.838593e-15	-9.999990e-07	-9.999990e-07	0.000000e+00
1.756386250000018e-07	9.893364e-01	9.999990e-01	9.958648e-01	1.000000e+00	1.000000e+00	-6.528476e-06	6.528476e-06	6.528476e-06	9.999990e-07	2.132531e-14	-9.999990e-07	-9.999990e-07	0.000000e+00
1.758339375000018e-07	9.898282e-01	9.999990e-01	9.883366e-01	1.000000e+00	1.000000e+00	1.491640e-06	-1.491640e-06	-1.491640e-06	9.999990e-07	2.034155e-14	-9.999990e-07	-9.999990e-07	0.000000e+00
1.760292500000018e-07	9.879863e-01	9.999990e-01	9.706160e-01	1.000000e+00	1.000000e+00	1.737024e-05	-1.737024e-05	-1.737024e-05	9.999990e-07	2.402551e-14	-9.999990e-07	-9.999990e-07	0.000000e+00
1.762245625000018e-07	9.907784e-01	9.999990e-01	1.036741e+00	1.000000e+00	1.000000e+00	-4.596243e-05	4.596243e-05	4.596243e-05	9.999990e-07	1.844110e-14	-9.999990e-07	-9.999990e-07	0.000000e+00
1.764198750000018e-07	9.907868e-01	9.999990e-01	9.449098e-01	1.000000e+00	1.000000e+00	4.587706e-05	-4.587706e-05	-4.587706e-05	9.999990e-07	1.842443e-14	-9.999990e-07	-9.999990e-07	0.000000e+00
1.766151875000018e-07	9.883819e-01	9.999990e-01	1.009632e+00	1.000000e+00	1.000000e+00	-2.125049e-05	2.125049e-05	2.125049e-05	9.999990e-07	2.323431e-14	-9.999990e-07	-9.999990e-07	0.000000e+00
1.768105000000018e-07	9.841925e-01	9.999990e-01	9.200429e-01	1.000000e+00	1.000000e+00	6.414961e-05	-6.414961e-05	-6.414961e-05	9.999990e-07	3.161304e-14	-9.999991e-07	-9.999991e-07	0.000000e+00
1.770058125000019e-07	9.743686e-01	9.999990e-01	9.379212e-01	1.000000e+00	1.000000e+00	3.644734e-05	-3.644734e-05	-3.644734e-05	9.999990e-07	5.126088e-14	-9.999991e-07	-9.999991e-07	0.000000e+00
1.772011250000019e-07	9.764440e-01	9.999990e-01	1.034144e+00	1.000000e+00	1.000000e+00	-5.769977e-05	5.769977e-05	5.769977e-05	9.999990e-07	4.711001e-14	-9.999991e-07	-9.999991e-07	0.000000e+00
1.773964375000019e-07	9.877928e-01	9.999990e-01	1.046305e+00	1.000000e+00	1.000000e+00	-5.851176e-05	5.851176e-05	5.851176e-05	9.999990e-07	2.441245e-14	-9.999990e-07	-9.999990e-07	0.000000e+00
1.775917500000019e-07	1.000286e+00	9.999990e-01	1.069699e+00	1.000000e+00	1.000000e+00	-6.941325e-05	6.941325e-05	6.941325e-05	9.999990e-07	-5.729076e-16	-9.999990e-07	-9.999990e-07	0.000000e+00
1.777870625000019e-07	1.007692e+00	9.999990e-01	1.014119e+00	1.000000e+00	1.000000e+00	-6.427321e-06	6.427321e-06	6.427321e-06	9.999990e-07	-1.538552e-14	-9.999990e-07	-9.999990e-07	0.000000e+00
1.779823750000019e-07	1.000635e+00	9.999990e-01	9.219431e-01	1.000000e+00	1.000000e+00	7.869157e-05	-7.869157e-05	-7.869157e-05	9.999990e-07	-1.271409e-15	-9.999990e-07	-9.999990e-07	0.000000e+00
1.781776875000019e-07	9.878209e-01	9.999990e-01	9.352992e-01	1.000000e+00	1.000000e+00	5.252171e-05	-5.252171e-05	-5.252171e-05	9.999990e-07	2.435619e-14	-9.999990e-07	-9.999990e-07	0.000000e+00
1.783730000000019e-07	9.801770e-01	9.999990e-01	9.544252e-01	1.000000e+00	1.000000e+00	2.575184e-05	-2.575184e-05	-2.575184e-05	9.999990e-07	3.964399e-14	-9.999991e-07	-9.999991e-07	0.000000e+00
1.785683125000019e-07	9.848598e-01	9.999990e-01	1.058563e+00	1.000000e+00	1.000000e+00	-7.370320e-05	7.370320e-05	7.370320e-05	9.999990e-07	3.027849e-14	-9.999990e-07	-9.999990e-07	0.000000e+00
1.787636250000019e-07	9.950439e-01	9.999990e-01	1.025627e+00	1.000000e+00	1.000000e+00	-3.058294e-05	3.058294e-05	3.058294e-05	9.999990e-07	9.910103e-15	-9.999990e-07	-9.999990e-07	0.000000e+00
1.789589375000019e-07	9.919001e-01	9.999990e-01	9.291238e-01	1.000000e+00	1.000000e+00	6.277624e-05	-6.277624e-05	-6.277624e-05	9.999990e-07	1.619786e-14	-9.999990e-07	-9.999990e-07	0.000000e+00
1.791542500000019e-07	9.846470e-01	9.999990e-01	9.731523e-01	1.000000e+00	1.000000e+00	1.149477e-05	-1.149477e-05	-1.149477e-05	9.999990e-07	3.070391e-14	-9.999990e-07	-9.999990e-07	0.000000e+00
1.793495625000019e-07	9.821683e-01	9.999990e-01	9.682802e-01	1.000000e+00	1.000000e+00	1.388803e-05	-1.388803e-05	-1.388803e-05	9.999990e-07	3.566149e-14	-9.999991e-07	-9.999991e-07	0.000000e+00
1.795448750000019e-07	9.768471e-01	9.999990e-01	9.362469e-01	1.000000e+00	1.000000e+00	4.060027e-05	-4.060027e-05	-4.060027e-05	9.999990e-07	4.630374e-14	-9.999991e-07	-9.999991e-07	0.000000e+00
1.797401875000019e-07	9.776918e-01	9.999990e-01	1.026941e+00	1.000000e+00	1.000000e+00	-4.924938e-05	4.924938e-05	4.924938e-05	9.999990e-07	4.461446e-14	-9.999991e-07	-9.999991e-07	0.000000e+00
1.799355000000019e-07	9.882538e-01	9.999990e-01	1.047160e+00	1.000000e+00	1.000000e+00	-5.890608e-05	5.890608e-05	5.890608e-05	9.999990e-07	2.349034e-14	-9.999990e-07	-9.999990e-07	0.000000e+00
1.801308125000019e-07	9.919886e-01	9.999990e-01	9.713265e-01	1.000000e+00	1.000000e+00	2.066212e-05	-2.066212e-05	-2.066212e-05	9.999990e-07	1.602082e-14	-9.999990e-07	-9.999990e-07	0.000000e+00
1.803261250000019e-07	9.861911e-01	9.999990e-01	9.474867e-01	1.000000e+00	1.000000e+00	3.870438e-05	-3.870438e-05	-3.870438e-05	9.999990e-07	2.761584e-14	-9.999990e-07	-9.999990e-07	0.000000e+00
1.805214375000019e-07	9.913212e-01	9.999990e-01	1.082558e+00	1.000000e+00	1.000000e+00	-9.123697e-05	9.123697e-05	9.123697e-05	9.999990e-07	1.735557e-14	-9.999990e-07	-9.999990e-07	0.000000e+00
1.807167500000019e-07	1.006230e+00	9.999990e-01	1.067654e+00	1.000000e+00	1.000000e+00	-6.142409e-05	6.142409e-05	6.142409e-05	9.999990e-07	-1.246104e-14	-9.999990e-07	-9.999990e-07	0.000000e+00
1.809120625000019e-07	1.007209e+00	9.999990e-01	9.558195e-01	1.000000e+00	1.000000e+00	5.138988e-05	-5.138988e-05	-5.138988e-05	9.999990e-07	-1.442084e-14	-9.999990e-07	-9.999990e-07	0.000000e+00
1.811073750000020e-07	9.998227e-01	9.999990e-01	9.755728e-01	1.000000e+00	1.000000e+00	2.424994e-05	-2.424994e-05	-2.424994e-05	9.999990e-07	3.525619e-16	-9.999990e-07	-9.999990e-07	0.000000e+00
1.813026875000020e-07	1.005180e+00	9.999990e-01	1.084288e+00	1.000000e+00	1.000000e+00	-7.910774e-05	7.910774e-05	7.910774e-05	9.999990e-07	-1.036185e-14	-9.999990e-07	-9.999990e-07	0.000000e+00
1.814980000000020e-07	1.016500e+00	9.999990e-01	1.053304e+00	1.000000e+00	1.000000e+00	-3.680475e-05	3.680475e-05	3.680475e-05	9.999990e-07	-3.300101e-14	-9.999990e-07	-9.999990e-07	0.000000e+00
1.816933125000020e-07	1.012833e+00	9.999990e-01	9.384816e-01	1.000000e+00	1.000000e+00	7.435123e-05	-7.435123e-05	-7.435123e-05	9.999990e-07	-2.566772e-14	-9.999990e-07	-9.999990e-07	0.000000e+00
1.818886250000020e-07	9.991804e-01	9.999990e-01	9.337308e-01	1.000000e+00	1.000000e+00	6.544959e-05	-6.544959e-05	-6.544959e-05	9.999990e-07	1.637130e-15	-9.999990e-07	-9.999990e-07	0.000000e+00
1.820839375000020e-07	9.896145e-01	9.999990e-01	9.571086e-01	1.000000e+00	1.000000e+00	3.250585e-05	-3.250585e-05	-3.250585e-05	9.999990e-07	2.076905e-14	-9.999990e-07	-9.999990e-07	0.000000e+00
1.822792500000020e-07	9.843691e-01	9.999990e-01	9.631626e-01	1.000000e+00	1.000000e+00	2.120655e-05	-2.120655e-05	-2.120655e-05	9.999990e-07	3.125975e-14	-9.999991e-07	-9.999991e-07	0.000000e+00
1.824745625000020e-07	9.874078e-01	9.999990e-01	1.039730e+00	1.000000e+00	1.000000e+00	-5.232244e-05	5.232244e-05	5.232244e-05	9.999990e-07	2.518243e-14	-9.999990e-07	-9.999990e-07	0.000000e+00
1.826698750000020e-07	9.983451e-01	9.999990e-01	1.058020e+00	1.000000e+00	1.000000e+00	-5.967540e-05	5.967540e-05	5.967540e-05	9.999990e-07	3.307853e-15	-9.999990e-07	-9.999990e-07	0.000000e+00
1.828651875000020e-07	1.002088e+00	9.999990e-01	9.807396e-01	1.000000e+00	1.000000e+00	2.134838e-05	-2.134838e-05	-2.134838e-05	9.999990e-07	-4.177892e-15	-9.999990e-07	-9.999990e-07	0.000000e+00
1.830605000000020e-07	9.941293e-01	9.999990e-01	9.339814e-01	1.000000e+00	1.000000e+00	6.014793e-05	-6.014793e-05	-6.014793e-05	9.999990e-07	1.173936e-14	-9.999990e-07	-9.999990e-07	0.000000e+00
1.832558125000020e-07	9.858131e-01	9.999990e-01	9.608034e-01	1.000000e+00	1.000000e+00	2.500975e-05	-2.500975e-05	-2.500975e-05	9.999990e-07	2.837171e-14	-9.999990e-07	-9.999990e-07	0.000000e+00
1.834511250000020e-07	9.781671e-01	9.999990e-01	9.248812e-01	1.000000e+00	1.000000e+00	5.328593e-05	-5.328593e-05	-5.328593e-05	9.999990e-07	4.366384e-14	-9.999991e-07	-9.999991e-07	0.000000e+00
1.836464375000020e-07	9.753317e-01	9.999990e-01	9.995834e-01	1.000000e+00	1.000000e+00	-2.425169e-05	2.425169e-05	2.425169e-05	9.999990e-07	4.933459e-14	-9.999991e-07	-9.999991e-07	0.000000e+00
1.838417500000020e-07	9.811805e-01	9.999990e-01	1.016821e+00	1.000000e+00	1.000000e+00	-3.564052e-05	3.564052e-05	3.564052e-05	9.999990e-07	3.763689e-14	-9.999991e-07	-9.999991e-07	0.000000e+00
1.840370625000020e-07	9.829432e-01	9.999990e-01	9.653525e-01	1.000000e+00	1.000000e+00	1.759078e-05	-1.759078e-05	-1.759078e-05	9.999990e-07	3.411155e-14	-9.999991e-07	-9.999991e-07	0.000000e+00
1.842323750000020e-07	9.791123e-01	9.999990e-01	9.574747e-01	1.000000e+00	1.000000e+00	2.163760e-05	-2.163760e-05	-2.163760e-05	9.999990e-07	4.177334e-14	-9.999991e-07	-9.999991e-07	0.000000e+00
1.844276875000020e-07	9.813033e-01	9.999990e-01	1.025377e+00	1.000000e+00	1.000000e+00	-4.407329e-05	4.407329e-05	4.407329e-05	9.999990e-07	3.739137e-14	-9.999991e-07	-9.999991e-07	0.000000e+00
1.846230000000020e-07	9.845473e-01	9.999990e-01	9.736922e-01	1.000000e+00	1.000000e+00	1.085510e-05	-1.085510e-05	-1.085510e-05	9.999990e-07	3.090344e-14	-9.999990e-07	-9.999990e-07	0.000000e+00
1.848183125000020e-07	9.839936e-01	9.999990e-01	9.891791e-01	1.000000e+00	1.000000e+00	-5.185500e-06	5.185500e-06	5.185500e-06	9.999990e-07	3.201079e-14	-9.999991e-07	-9.999991e-07	0.000000e+00
1.850136250000020e-07	9.815405e-01	9.999990e-01	9.512352e-01	1.000000e+00	1.000000e+00	3.030532e-05	-3.030532e-05	-3.030532e-05	9.999990e-07	3.691701e-14	-9.999991e-07	-9.999991e-07	0.000000e+00
1.852089375000021e-07	9.785078e-01	9.999990e-01	9.777576e-01	1.000000e+00	1.000000e+00	7.501347e-07	-7.501347e-07	-7.501347e-07	9.999990e-07	4.298252e-14	-9.999991e-07	-9.999991e-07	0.000000e+00
1.854042500000021e-07	9.809338e-01	9.999990e-01	1.006527e+00	1.000000e+00	1.000000e+00	-2.559301e-05	2.559301e-05	2.559301e-05	9.999990e-07	3.813040e-14	-9.999991e-07	-9.999991e-07	0.000000e+00
1.855995625000021e-07	9.843994e-01	9.999990e-01	9.942941e-01	1.000000e+00	1.000000e+00	-9.894700e-06	9.894700e-06	9.894700e-06	9.999990e-07	3.119921e-14	-9.999991e-07	-9.999991e-07	0.000000e+00
1.857948750000021e-07	9.857057e-01	9.999990e-01	9.891873e-01	1.000000e+00	1.000000e+00	-3.481635e-06	3.481635e-06	3.481635e-06	9.999990e-07	2.858664e-14	-9.999990e-07	-9.999990e-07	0.000000e+00
1.859901875000021e-07	9.853181e-01	9.999990e-01	9.778683e-01	1.000000e+00	1.000000e+00	7.449909e-06	-7.449909e-06	-7.449909e-06	9.999990e-07	2.936170e-14	-9.999990e-07	-9.999990e-07	0.000000e+00
1.861855000000021e-07	9.894304e-01	9.999990e-01	1.038989e+00	1.000000e+00	1.000000e+00	-4.955892e-05	4.955892e-05	4.955892e-05	9.999990e-07	2.113728e-14	-9.999990e-07	-9.999990e-07	0.000000e+00
1.863808125000021e-07	9.937708e-01	9.999990e-01	9.886581e-01	1.000000e+00	1.000000e+00	5.112754e-06	-5.112754e-06	-5.112754e-06	9.999990e-07	1.245639e-14	-9.999990e-07	-9.999990e-07	0.000000e+00
1.865761250000021e-07	9.894778e-01	9.999990e-01	9.506301e-01	1.000000e+00	1.000000e+00	3.884774e-05	-3.884774e-05	-3.884774e-05	9.999990e-07	2.104242e-14	-9.999990e-07	-9.999990e-07	0.000000e+00
1.867714375000021e-07	9.845299e-01	9.999990e-01	9.727115e-01	1.000000e+00	1.000000e+00	1.181843e-05	-1.181843e-05	-1.181843e-05	9.999990e-07	3.093816e-14	-9.999990e-07	-9.999990e-07	0.000000e+00
1.869667500000021e-07	9.848419e-01	9.999990e-01	9.998546e-01	1.000000e+00	1.000000e+00	-1.501269e-05	1.501269e-05	1.501269e-05	9.999990e-07	3.031428e-14	-9.999990e-07	-9.999990e-07	0.000000e+00
1.871620625000021e-07	9.923800e-01	9.999990e-01	1.054557e+00	1.000000e+00	1.000000e+00	-6.217741e-05	6.217741e-05	6.217741e-05	9.999990e-07	1.523809e-14	-9.999990e-07	-9.999990e-07	0.000000e+00
1.873573750000021e-07	1.000473e+00	9.999990e-01	1.021174e+00	1.000000e+00	1.000000e+00	-2.070048e-05	2.070048e-05	2.070048e-05	9.999990e-07	-9.490017e-16	-9.999990e-07	-9.999990e-07	0.000000e+00
1.875526875000021e-07	1.009172e+00	9.999990e-01	1.077543e+00	1.000000e+00	1.000000e+00	-6.837145e-05	6.837145e-05	6.837145e-05	9.999990e-07	-1.834586e-14	-9.999990e-07	-9.999990e-07	0.000000e+00
1.877480000000021e-07	1.015500e+00	9.999990e-01	1.011932e+00	1.000000e+00	1.000000e+00	3.568354e-06	-3.568354e-06	-3.568354e-06	9.999990e-07	-3.100272e-14	-9.999990e-07	-9.999990e-07	0.000000e+00
1.879433125000021e-07	1.020459e+00	9.999990e-01	1.074806e+00	1.000000e+00	1.000000e+00	-5.434644e-05	5.434644e-05	5.434644e-05	9.999990e-07	-4.092031e-14	-9.999990e-07	-9.999990e-07	0.000000e+00
1.881386250000021e-07	1.026406e+00	9.999990e-01	1.032956e+00	1.000000e+00	1.000000e+00	-6.550116e-06	6.550116e-06	6.550116e-06	9.999990e-07	-5.281417e-14	-9.999990e-07	-9.999990e-07	0.000000e+00
1.883339375000021e-07	1.024369e+00	9.999990e-01	9.969579e-01	1.000000e+00	1.000000e+00	2.741102e-05	-2.741102e-05	-2.741102e-05	9.999990e-07	-4.873977e-14	-9.999990e-07	-9.999990e-07	0.000000e+00
1.885292500000021e-07	1.016813e+00	9.999990e-01	9.668489e-01	1.000000e+00	1.000000e+00	4.996389e-05	-4.996389e-05	-4.996389e-05	9.999990e-07	-3.362749e-14	-9.999990e-07	-9.999990e-07	0.000000e+00
1.887245625000021e-07	1.008663e+00	9.999990e-01	9.751692e-01	1.000000e+00	1.000000e+00	3.349338e-05	-3.349338e-05	-3.349338e-05	9.999990e-07	-1.732724e-14	-9.999990e-07	-9.999990e-07	0.000000e+00
1.889198750000021e-07	1.001632e+00	9.999990e-01	9.631362e-01	1.000000e+00	1.000000e+00	3.849617e-05	-3.849617e-05	-3.849617e-05	9.999990e-07	-3.266777e-15	-9.999990e-07	-9.999990e-07	0.000000e+00
1.891151875000021e-07	9.942217e-01	9.999990e-01	9.568323e-01	1.000000e+00	1.000000e+00	3.738938e-05	-3.738938e-05	-3.738938e-05	9.999990e-07	1.155462e-14	-9.999990e-07	-9.999990e-07	0.000000e+00
1.893105000000022e-07	9.940507e-01	9.999990e-01	1.029689e+00	1.000000e+00	1.000000e+00	-3.563851e-05	3.563851e-05	3.563851e-05	9.999990e-07	1.189659e-14	-9.999990e-07	-9.999990e-07	0.000000e+00
1.895058125000022e-07	1.003755e+00	9.999990e-01	1.067484e+00	1.000000e+00	1.000000e+00	-6.372919e-05	6.372919e-05	6.372919e-05	9.999990e-07	-7.511166e-15	-9.999990e-07	-9.999990e-07	0.000000e+00
1.897011250000022e-07	1.014631e+00	9.999990e-01	1.062273e+00	1.000000e+00	1.000000e+00	-4.764204e-05	4.764204e-05	4.764204e-05	9.999990e-07	-2.926336e-14	-9.999990e-07	-9.999990e-07	0.000000e+00
1.898964375000022e-07	1.012284e+00	9.999990e-01	9.406074e-01	1.000000e+00	1.000000e+00	7.167614e-05	-7.167614e-05	-7.167614e-05	9.999990e-07	-2.456920e-14	-9.999990e-07	-9.999990e-07	0.000000e+00
1.900917500000022e-07	1.005691e+00	9.999990e-01	1.009854e+00	1.000000e+00	1.000000e+00	-4.163022e-06	4.163022e-06	4.163022e-06	9.999990e-07	-1.138304e-14	-9.999990e-07	-9.999990e-07	0.000000e+00
1.902870625000022e-07	1.005965e+00	9.999990e-01	1.004611e+00	1.000000e+00	1.000000e+00	1.353447e-06	-1.353447e-06	-1.353447e-06	9.999990e-07	-1.193178e-14	-9.999990e-07	-9.999990e-07	0.000000e+00
1.904823750000022e-07	1.001708e+00	9.999990e-01	9.594743e-01	1.000000e+00	1.000000e+00	4.223397e-05	-4.223397e-05	-4.223397e-05	9.999990e-07	-3.418617e-15	-9.999990e-07	-9.999990e-07	0.000000e+00
1.906776875000022e-07	1.000961e+00	9.999990e-01	1.035541e+00	1.000000e+00	1.000000e+00	-3.458024e-05	3.458024e-05	3.458024e-05	9.999990e-07	-1.923748e-15	-9.999990e-07	-9.999990e-07	0.000000e+00
1.908730000000022e-07	9.991590e-01	9.999990e-01	9.461277e-01	1.000000e+00	1.000000e+00	5.303133e-05	-5.303133e-05	-5.303133e-05	9.999990e-07	1.679979e-15	-9.999990e-07	-9.999990e-07	0.000000e+00
1.910683125000022e-07	9.974828e-01	9.999990e-01	1.033350e+00	1.000000e+00	1.000000e+00	-3.586676e-05	3.586676e-05	3.586676e-05	9.999990e-07	5.032432e-15	-9.999990e-07	-9.999990e-07	0.000000e+00
1.912636250000022e-07	9.968924e-01	9.999990e-01	9.549799e-01	1.000000e+00	1.000000e+00	4.191251e-05	-4.191251e-05	-4.191251e-05	9.999990e-07	6.213241e-15	-9.999990e-07	-9.999990e-07	0.000000e+00
1.914589375000022e-07	9.963977e-01	9.999990e-01	1.033245e+00	1.000000e+00	1.000000e+00	-3.684689e-05	3.684689e-05	3.684689e-05	9.999990e-07	7.202620e-15	-9.999990e-07	-9.999990e-07	0.000000e+00
1.916542500000022e-07	9.978691e-01	9.999990e-01	9.760889e-01	1.000000e+00	1.000000e+00	2.178015e-05	-2.178015e-05	-2.178015e-05	9.999990e-07	4.259898e-15	-9.999990e-07	-9.999990e-07	0.000000e+00
1.918495625000022e-07	9.944190e-01	9.999990e-01	9.808713e-01	1.000000e+00	1.000000e+00	1.354777e-05	-1.354777e-05	-1.354777e-05	9.999990e-07	1.115988e-14	-9.999990e-07	-9.999990e-07	0.000000e+00
1.920448750000022e-07	9.888707e-01	9.999990e-01	9.456035e-01	1.000000e+00	1.000000e+00	4.326722e-05	-4.326722e-05	-4.326722e-05	9.999990e-07	2.225656e-14	-9.999990e-07	-9.999990e-07	0.000000e+00
1.922401875000022e-07	9.934399e-01	9.999990e-01	1.083496e+00	1.000000e+00	1.000000e+00	-9.005574e-05	9.005574e-05	9.005574e-05	9.999990e-07	1.311818e-14	-9.999990e-07	-9.999990e-07	0.000000e+00
1.924355000000022e-07	1.000438e+00	9.999990e-01	9.820484e-01	1.000000e+00	1.000000e+00	1.839012e-05	-1.839012e-05	-1.839012e-05	9.999990e-07	-8.790112e-16	-9.999990e-07	-9.999990e-07	0.000000e+00
1.926308125000022e-07	1.004873e+00	9.999990e-01	1.068673e+00	1.000000e+00	1.000000e+00	-6.379986e-05	6.379986e-05	6.379986e-05	9.999990e-07	-9.748102e-15	-9.999990e-07	-9.999990e-07	0.000000e+00
1.928261250000022e-07	1.015470e+00	9.999990e-01	1.060181e+00	1.000000e+00	1.000000e+00	-4.471108e-05	4.471108e-05	4.471108e-05	9.999990e-07	-3.094165e-14	-9.999990e-07	-9.999990e-07	0.000000e+00
1.930214375000022e-07	1.014681e+00	9.999990e-01	9.618918e-01	1.000000e+00	1.000000e+00	5.278918e-05	-5.278918e-05	-5.278918e-05	9.999990e-07	-2.936389e-14	-9.999990e-07	-9.999990e-07	0.000000e+00
1.932167500000022e-07	1.011880e+00	9.999990e-01	1.035985e+00	1.000000e+00	1.000000e+00	-2.410507e-05	2.410507e-05	2.410507e-05	9.999990e-07	-2.376153e-14	-9.999990e-07	-9.999990e-07	0.000000e+00
1.934120625000023e-07	1.015990e+00	9.999990e-01	1.033969e+00	1.000000e+00	1.000000e+00	-1.797945e-05	1.797945e-05	1.797945e-05	9.999990e-07	-3.198116e-14	-9.999990e-07	-9.999990e-07	0.000000e+00
1.936073750000023e-07	1.009292e+00	9.999990e-01	9.227298e-01	1.000000e+00	1.000000e+00	8.656226e-05	-8.656226e-05	-8.656226e-05	9.999990e-07	-1.858608e-14	-9.999990e-07	-9.999990e-07	0.000000e+00
1.938026875000023e-07	9.972146e-01	9.999990e-01	9.601037e-01	1.000000e+00	1.000000e+00	3.711087e-05	-3.711087e-05	-3.711087e-05	9.999990e-07	5.568832e-15	-9.999990e-07	-9.999990e-07	0.000000e+00
1.939980000000023e-07	9.977668e-01	9.999990e-01	1.040532e+00	1.000000e+00	1.000000e+00	-4.276560e-05	4.276560e-05	4.276560e-05	9.999990e-07	4.464393e-15	-9.999990e-07	-9.999990e-07	0.000000e+00
1.941933125000023e-07	1.010171e+00	9.999990e-01	1.094429e+00	1.000000e+00	1.000000e+00	-8.425801e-05	8.425801e-05	8.425801e-05	9.999990e-07	-2.034491e-14	-9.999990e-07	-9.999990e-07	0.000000e+00
1.943886250000023e-07	1.021161e+00	9.999990e-01	1.049438e+00	1.000000e+00	1.000000e+00	-2.827693e-05	2.827693e-05	2.827693e-05	9.999990e-07	-4.232439e-14	-9.999990e-07	-9.999990e-07	0.000000e+00
1.945839375000023e-07	1.026856e+00	9.999990e-01	1.056897e+00	1.000000e+00	1.000000e+00	-3.004103e-05	3.004103e-05	3.004103e-05	9.999990e-07	-5.371461e-14	-9.999990e-07	-9.999990e-07	0.000000e+00
1.947792500000023e-07	1.032579e+00	9.999990e-01	1.061140e+00	1.000000e+00	1.000000e+00	-2.856128e-05	2.856128e-05	2.856128e-05	9.999990e-07	-6.516037e-14	-9.999990e-07	-9.999990e-07	0.000000e+00
1.949745625000023e-07	1.024180e+00	9.999990e-01	9.096093e-01	1.000000e+00	1.000000e+00	1.145705e-04	-1.145705e-04	-1.145705e-04	9.999990e-07	-4.836170e-14	-9.999990e-07	-9.999990e-07	0.000000e+00
1.951698750000023e-07	1.018557e+00	9.999990e-01	1.075554e+00	1.000000e+00	1.000000e+00	-5.699667e-05	5.699667e-05	5.699667e-05	9.999990e-07	-3.711681e-14	-9.999990e-07	-9.999990e-07	0.000000e+00
1.953651875000023e-07	1.025114e+00	9.999990e-01	1.035257e+00	1.000000e+00	1.000000e+00	-1.014322e-05	1.014322e-05	1.014322e-05	9.999990e-07	-5.023006e-14	-9.999990e-07	-9.999990e-07	0.000000e+00
1.955605000000023e-07	1.026134e+00	9.999990e-01	1.026439e+00	1.000000e+00	1.000000e+00	-3.049938e-07	3.049938e-07	3.049938e-07	9.999990e-07	-5.227073e-14	-9.999990e-07	-9.999990e-07	0.000000e+00
1.957558125000023e-07	1.024406e+00	9.999990e-01	1.006401e+00	1.000000e+00	1.000000e+00	1.800470e-05	-1.800470e-05	-1.800470e-05	9.999990e-07	-4.881376e-14	-9.999990e-07	-9.999990e-07	0.000000e+00
1.959511250000023e-07	1.024150e+00	9.999990e-01	1.039531e+00	1.000000e+00	1.000000e+00	-1.538162e-05	1.538162e-05	1.538162e-05	9.999990e-07	-4.830143e-14	-9.999990e-07	-9.999990e-07	0.000000e+00
1.961464375000023e-07	1.022058e+00	9.999990e-01	9.852586e-01	1.000000e+00	1.000000e+00	3.679951e-05	-3.679951e-05	-3.679951e-05	9.999990e-07	-4.411825e-14	-9.999990e-07	-9.999990e-07	0.000000e+00
1.963417500000023e-07	1.018480e+00	9.999990e-01	1.018643e+00	1.000000e+00	1.000000e+00	-1.628181e-07	1.628180e-07	1.628181e-07	9.999990e-07	-3.696265e-14	-9.999990e-07	-9.999990e-07	0.000000e+00
1.965370625000023e-07	1.012884e+00	9.999990e-01	9.554127e-01	1.000000e+00	1.000000e+00	5.747113e-05	-5.747113e-05	-5.747113e-05	9.999990e-07	-2.576962e-14	-9.999990e-07	-9.999990e-07	0.000000e+00
1.967323750000023e-07	1.006939e+00	9.999990e-01	1.003533e+00	1.000000e+00	1.000000e+00	3.405801e-06	-3.405801e-06	-3.405801e-06	9.999990e-07	-1.387960e-14	-9.999990e-07	-9.999990e-07	0.000000e+00
1.969276875000023e-07	1.009297e+00	9.999990e-01	1.036853e+00	1.000000e+00	1.000000e+00	-2.755548e-05	2.755548e-05	2.755548e-05	9.999990e-07	-1.859633e-14	-9.999990e-07	-9.999990e-07	0.000000e+00
1.971230000000023e-07	1.016138e+00	9.999990e-01	1.058630e+00	1.000000e+00	1.000000e+00	-4.249197e-05	4.249197e-05	4.249197e-05	9.999990e-07	-3.227747e-14	-9.999990e-07	-9.999990e-07	0.000000e+00
1.973183125000023e-07	1.020097e+00	9.999990e-01	1.018144e+00	1.000000e+00	1.000000e+00	1.952989e-06	-1.952989e-06	-1.952989e-06	9.999990e-07	-4.019524e-14	-9.999990e-07	-9.999990e-07	0.000000e+00
1.975136250000023e-07	1.013508e+00	9.999990e-01	9.479910e-01	1.000000e+00	1.000000e+00	6.551683e-05	-6.551683e-05	-6.551683e-05	9.999990e-07	-2.701754e-14	-9.999990e-07	-9.999990e-07	0.000000e+00
1.977089375000024e-07	1.012099e+00	9.999990e-01	1.063184e+00	1.000000e+00	1.000000e+00	-5.108603e-05	5.108603e-05	5.108603e-05	9.999990e-07	-2.419903e-14	-9.999990e-07	-9.999990e-07	0.000000e+00
1.979042500000024e-07	1.016239e+00	9.999990e-01	1.007551e+00	1.000000e+00	1.000000e+00	8.688133e-06	-8.688133e-06	-8.688133e-06	9.999990e-07	-3.247986e-14	-9.999990e-07	-9.999990e-07	0.000000e+00
1.980995625000024e-07	1.010044e+00	9.999990e-01	9.552911e-01	1.000000e+00	1.000000e+00	5.475249e-05	-5.475249e-05	-5.475249e-05	9.999990e-07	-2.008912e-14	-9.999990e-07	-9.999990e-07	0.000000e+00
1.982948750000024e-07	1.007169e+00	9.999990e-01	1.032483e+00	1.000000e+00	1.000000e+00	-2.531414e-05	2.531414e-05	2.531414e-05	9.999990e-07	-1.433944e-14	-9.999990e-07	-9.999990e-07	0.000000e+00
1.984901875000024e-07	1.013465e+00	9.999990e-01	1.052626e+00	1.000000e+00	1.000000e+00	-3.916074e-05	3.916074e-05	3.916074e-05	9.999990e-07	-2.693219e-14	-9.999990e-07	-9.999990e-07	0.000000e+00
1.986855000000024e-07	1.012654e+00	9.999990e-01	9.651834e-01	1.000000e+00	1.000000e+00	4.747021e-05	-4.747021e-05	-4.747021e-05	9.999990e-07	-2.530925e-14	-9.999990e-07	-9.999990e-07	0.000000e+00
1.988808125000024e-07	1.006690e+00	9.999990e-01	9.930897e-01	1.000000e+00	1.000000e+00	1.360001e-05	-1.360001e-05	-1.360001e-05	9.999990e-07	-1.338147e-14	-9.999990e-07	-9.999990e-07	0.000000e+00
1.990761250000024e-07	1.000606e+00	9.999990e-01	9.519121e-01	1.000000e+00	1.000000e+00	4.869422e-05	-4.869422e-05	-4.869422e-05	9.999990e-07	-1.214628e-15	-9.999990e-07	-9.999990e-07	0.000000e+00
1.992714375000024e-07	9.988493e-01	9.999990e-01	1.029552e+00	1.000000e+00	1.000000e+00	-3.070272e-05	3.070272e-05	3.070272e-05	9.999990e-07	2.299337e-15	-9.999990e-07	-9.999990e-07	0.000000e+00
1.994667500000024e-07	9.986339e-01	9.999990e-01	9.657254e-01	1.000000e+00	1.000000e+00	3.290856e-05	-3.290856e-05	-3.290856e-05	9.999990e-07	2.730166e-15	-9.999990e-07	-9.999990e-07	0.000000e+00
1.996620625000024e-07	1.000347e+00	9.999990e-01	1.050794e+00	1.000000e+00	1.000000e+00	-5.044705e-05	5.044705e-05	5.044705e-05	9.999990e-07	-6.953197e-16	-9.999990e-07	-9.999990e-07	0.000000e+00
1.998573750000024e-07	1.008507e+00	9.999990e-01	1.041617e+00	1.000000e+00	1.000000e+00	-3.311033e-05	3.311033e-05	3.311033e-05	9.999990e-07	-1.701512e-14	-9.999990e-07	-9.999990e-07	0.000000e+00
2.000000000000000e-07	1.003915e+00	9.999990e-01	9.064162e-01	1.000000e+00	1.000000e+00	9.749871e-05	-9.749871e-05	-9.749871e-05	9.999990e-07	-7.831729e-15	-9.999990e-07	-9.999990e-07	0.000000e+00
