time	V(in1)	V(in2)	V(in3)	V(in4)	V(out1)	V(out2)	V(out3)	V(out4)	I(L1)	I(L2)	I(L3)	I(L4)	I(R1)	I(R2)	I(R3)	I(R4)	I(R_in2)	I(R_in4)	I(Vsource)	I(Vsource2)	L1:flux	L2:flux	L3:flux	L4:flux
0.000000000000000e+00	0.000000e+00	0.000000e+00	0.000000e+00	0.000000e+00	0.000000e+00	0.000000e+00	0.000000e+00	0.000000e+00	0.000000e+00	0.000000e+00	0.000000e+00	0.000000e+00	0.000000e+00	0.000000e+00	0.000000e+00	0.000000e+00	0.000000e+00	0.000000e+00	0.000000e+00	0.000000e+00	0.000000e+00	0.000000e+00	0.000000e+00	0.000000e+00
4.882812480489244e-16	4.882813e-07	1.032148e-13	4.882813e-07	1.032045e-18	2.326230e-08	-1.032148e-13	2.326230e-08	-1.032045e-18	4.652460e-10	-2.064297e-15	4.652460e-10	-2.064090e-20	4.652460e-10	-2.064297e-15	4.652460e-10	-2.064090e-20	2.064297e-15	2.064090e-20	-4.652460e-10	-4.652460e-10	2.270600e-22	1.007957e-28	2.270600e-22	1.007857e-33
9.765624960978488e-16	9.765625e-07	3.096375e-13	9.765625e-07	3.096066e-18	4.653542e-08	-3.096375e-13	4.653541e-08	-3.096066e-18	9.307083e-10	-6.192751e-15	9.307082e-10	-6.192132e-20	9.307083e-10	-6.192751e-15	9.307082e-10	-6.192132e-20	6.192751e-15	6.192132e-20	-9.307083e-10	-9.307082e-10	6.811748e-22	4.031762e-28	6.811748e-22	4.031359e-33
1.953124992195698e-15	1.953125e-06	9.288847e-13	1.953125e-06	9.287919e-18	9.310327e-08	-9.288847e-13	9.310326e-08	-9.287919e-18	1.862065e-09	-1.857769e-14	1.862065e-09	-1.857584e-19	1.862065e-09	-1.857769e-14	1.862065e-09	-1.857584e-19	1.857769e-14	1.857584e-19	-1.862065e-09	-1.862065e-09	2.043503e-21	1.612671e-27	2.043503e-21	1.612509e-32
3.906249984391395e-15	3.906250e-06	3.405622e-12	3.906250e-06	3.405282e-17	1.863687e-07	-3.405622e-12	1.863687e-07	-3.405282e-17	3.727374e-09	-6.811244e-14	3.727374e-09	-6.810563e-19	3.727374e-09	-6.811244e-14	3.727374e-09	-6.810563e-19	6.811244e-14	6.810563e-19	-3.727374e-09	-3.727374e-09	7.492627e-21	1.007850e-26	7.492627e-21	1.007750e-31
7.812499968782791e-15	7.812500e-06	1.331039e-11	7.812500e-06	1.330906e-16	3.734186e-07	-1.331039e-11	3.734185e-07	-1.330906e-16	7.468372e-09	-2.662079e-13	7.468369e-09	-2.661813e-18	7.468372e-09	-2.662079e-13	7.468369e-09	-2.661813e-18	2.662079e-13	2.661813e-18	-7.468372e-09	-7.468369e-09	2.928748e-20	7.537544e-26	2.928748e-20	7.536791e-31
1.562499993756558e-14	1.562500e-05	5.291173e-11	1.562500e-05	5.290645e-16	7.495936e-07	-5.291173e-11	7.495930e-07	-5.290645e-16	1.499187e-08	-1.058235e-12	1.499186e-08	-1.058129e-17	1.499187e-08	-1.058235e-12	1.499186e-08	-1.058129e-17	1.058235e-12	1.058129e-17	-1.499187e-08	-1.499186e-08	1.164534e-19	5.927358e-25	1.164534e-19	5.926766e-30
3.124999987513116e-14	3.125000e-05	2.111745e-10	3.125000e-05	2.111535e-15	1.510241e-06	-2.111745e-10	1.510239e-06	-2.111535e-15	3.020482e-08	-4.223490e-12	3.020477e-08	-4.223069e-17	3.020482e-08	-4.223490e-12	3.020477e-08	-4.223069e-17	4.223490e-12	4.223069e-17	-3.020482e-08	-3.020477e-08	4.650094e-19	4.719084e-24	4.650095e-19	4.718612e-29
6.249999975026233e-14	6.250000e-05	8.430858e-10	6.250000e-05	8.430017e-15	3.064693e-06	-8.430858e-10	3.064684e-06	-8.430017e-15	6.129386e-08	-1.686172e-11	6.129368e-08	-1.686004e-16	6.129386e-08	-1.686172e-11	6.129368e-08	-1.686004e-16	1.686172e-11	1.686004e-16	-6.129386e-08	-6.129368e-08	1.858370e-18	3.766472e-23	1.858370e-18	3.766096e-28
1.249999995005247e-13	1.250000e-04	3.361639e-09	1.250000e-04	3.361305e-14	6.305983e-06	-3.361639e-09	6.305948e-06	-3.361305e-14	1.261197e-07	-6.723277e-11	1.261190e-07	-6.722609e-16	1.261197e-07	-6.723277e-11	1.261190e-07	-6.722609e-16	6.723277e-11	6.722609e-16	-1.261197e-07	-1.261190e-07	7.424911e-18	3.004600e-22	7.424913e-18	3.004301e-27
2.499999990010493e-13	2.500000e-04	1.336357e-08	2.500000e-04	1.336225e-13	1.331614e-05	-1.336357e-08	1.331600e-05	-1.336225e-13	2.663228e-07	-2.672714e-10	2.663200e-07	-2.672450e-15	2.663228e-07	-2.672714e-10	2.663200e-07	-2.672450e-15	2.672714e-10	2.672450e-15	-2.663228e-07	-2.663200e-07	2.963603e-17	2.391111e-21	2.963604e-17	2.390875e-26
4.999999980020986e-13	5.000000e-04	5.280046e-08	5.000000e-04	5.279531e-13	2.943115e-05	-5.280046e-08	2.943060e-05	-5.279531e-13	5.886231e-07	-1.056009e-09	5.886121e-07	-1.055906e-14	5.886231e-07	-1.056009e-09	5.886121e-07	-1.055906e-14	1.056009e-09	1.055906e-14	-5.886231e-07	-5.886121e-07	1.180426e-16	1.893212e-20	1.180427e-16	1.893027e-25
9.999999960041972e-13	1.000000e-03	2.060968e-07	1.000000e-03	2.060772e-12	6.991671e-05	-2.060968e-07	6.991459e-05	-2.060772e-12	1.398334e-06	-4.121936e-09	1.398292e-06	-4.121543e-14	1.398334e-06	-4.121936e-09	1.398292e-06	-4.121543e-14	4.121936e-09	4.121543e-14	-1.398334e-06	-1.398292e-06	4.682057e-16	1.483807e-19	4.682064e-16	1.483665e-24
1.999999992008394e-12	2.000000e-03	7.854337e-07	2.000000e-03	7.853626e-12	1.829498e-04	-7.854337e-07	1.829418e-04	-7.853626e-12	3.658995e-06	-1.570867e-08	3.658836e-06	-1.570725e-13	3.658995e-06	-1.570867e-08	3.658836e-06	-1.570725e-13	1.570867e-08	1.570725e-13	-3.658995e-06	-3.658836e-06	1.841772e-15	1.139911e-18	1.841778e-15	1.139806e-23
3.999999984016789e-12	4.000000e-03	2.857666e-06	4.000000e-03	2.857432e-11	5.299750e-04	-2.857666e-06	5.299471e-04	-2.857432e-11	1.059950e-05	-5.715332e-08	1.059894e-05	-5.714863e-13	1.059950e-05	-5.715332e-08	1.059894e-05	-5.714863e-13	5.715332e-08	5.714863e-13	-1.059950e-05	-1.059894e-05	7.128848e-15	8.426110e-18	7.128889e-15	8.425395e-23
7.999999968033578e-12	8.000000e-03	9.528767e-06	8.000000e-03	9.528129e-11	1.655261e-03	-9.528767e-06	1.655174e-03	-9.528129e-11	3.310521e-05	-1.905753e-07	3.310348e-05	-1.905626e-12	3.310521e-05	-1.905753e-07	3.310348e-05	-1.905626e-12	1.905753e-07	1.905626e-12	-3.310521e-05	-3.310348e-05	2.675838e-14	5.797184e-17	2.675865e-14	5.796763e-22
1.294196024739987e-11	1.294196e-02	2.030897e-05	1.294196e-02	2.030792e-10	3.722122e-03	-2.030897e-05	3.721952e-03	-2.030792e-10	7.444245e-05	-4.061794e-07	7.443905e-05	-4.061584e-12	7.444245e-05	-4.061794e-07	7.443905e-05	-4.061584e-12	4.061794e-07	4.061584e-12	-7.444245e-05	-7.443905e-05	6.521814e-14	2.054287e-16	6.521904e-14	2.054162e-21
2.082276578676102e-11	2.082277e-02	3.840600e-05	2.082277e-02	3.840476e-10	8.196712e-03	-3.840600e-05	8.196437e-03	-3.840476e-10	1.639343e-04	-7.681200e-07	1.639287e-04	-7.680951e-12	1.639343e-04	-7.681200e-07	1.639287e-04	-7.680951e-12	7.681200e-07	7.680951e-12	-1.639343e-04	-1.639287e-04	1.512997e-13	6.681500e-16	1.513024e-13	6.681194e-21
3.088356882160869e-11	3.088357e-02	5.839602e-05	3.088357e-02	5.839515e-10	1.540764e-02	-5.839602e-05	1.540730e-02	-5.839515e-10	3.081528e-04	-1.167920e-06	3.081460e-04	-1.167903e-11	3.081528e-04	-1.167920e-06	3.081460e-04	-1.167903e-11	1.167920e-06	1.167903e-11	-3.081528e-04	-3.081460e-04	2.926640e-13	1.642056e-15	2.926698e-13	1.642004e-20
4.592828431141741e-11	4.592828e-02	7.866198e-05	4.592828e-02	7.866194e-10	2.806620e-02	-7.866198e-05	2.806588e-02	-7.866194e-10	5.613239e-04	-1.573240e-06	5.613176e-04	-1.573239e-11	5.613239e-04	-1.573240e-06	5.613176e-04	-1.573239e-11	1.573240e-06	1.573239e-11	-5.613239e-04	-5.613176e-04	5.434445e-13	3.704055e-15	5.434552e-13	3.703989e-20
6.613049283100386e-11	6.613049e-02	9.218119e-05	6.613049e-02	9.218173e-10	4.687979e-02	-9.218119e-05	4.687958e-02	-9.218173e-10	9.375957e-04	-1.843624e-06	9.375916e-04	-1.843635e-11	9.375957e-04	-1.843624e-06	9.375916e-04	-1.843635e-11	1.843624e-06	1.843635e-11	-9.375957e-04	-9.375916e-04	9.183248e-13	7.155464e-15	9.183407e-13	7.155409e-20
9.501943353016178e-11	9.501943e-02	9.853844e-05	9.501943e-02	9.853890e-10	7.515806e-02	-9.853844e-05	7.515798e-02	-9.853890e-10	1.503161e-03	-1.970769e-06	1.503160e-03	-1.970778e-11	1.503161e-03	-1.970769e-06	1.503160e-03	-1.970778e-11	1.970769e-06	1.970778e-11	-1.503161e-03	-1.503160e-03	1.483278e-12	1.266515e-14	1.483298e-12	1.266513e-19
1.299320213278493e-10	1.299320e-01	9.986727e-05	1.299320e-01	9.986739e-10	1.099448e-01	-9.986727e-05	1.099448e-01	-9.986739e-10	2.198896e-03	-1.997345e-06	2.198896e-03	-1.997348e-11	2.198896e-03	-1.997345e-06	2.198896e-03	-1.997348e-11	1.997345e-06	1.997348e-11	-2.198896e-03	-2.198896e-03	2.178887e-12	1.959201e-14	2.178909e-12	1.959200e-19
1.787601463278493e-10	1.787601e-01	1.000095e-04	1.787601e-01	1.000095e-09	1.587592e-01	-1.000095e-04	1.587592e-01	-1.000095e-09	3.175184e-03	-2.000191e-06	3.175184e-03	-2.000191e-11	3.175184e-03	-2.000191e-06	3.175184e-03	-2.000191e-11	2.000191e-06	2.000191e-11	-3.175184e-03	-3.175184e-03	3.155161e-12	2.935162e-14	3.155183e-12	2.935162e-19
2.275882713278493e-10	2.275883e-01	9.999945e-05	2.275883e-01	9.999945e-10	2.075883e-01	-9.999945e-05	2.075883e-01	-9.999945e-10	4.151767e-03	-1.999989e-06	4.151767e-03	-1.999989e-11	4.151767e-03	-1.999989e-06	4.151767e-03	-1.999989e-11	1.999989e-06	1.999989e-11	-4.151767e-03	-4.151767e-03	4.131745e-12	3.911768e-14	4.131767e-12	3.911768e-19
2.764163963278493e-10	2.764164e-01	9.999998e-05	2.764164e-01	9.999997e-10	2.564164e-01	-9.999998e-05	2.564164e-01	-9.999997e-10	5.128328e-03	-2.000000e-06	5.128328e-03	-2.000000e-11	5.128328e-03	-2.000000e-06	5.128328e-03	-2.000000e-11	2.000000e-06	2.000000e-11	-5.128328e-03	-5.128328e-03	5.108306e-12	4.888328e-14	5.108328e-12	4.888328e-19
3.252445213278493e-10	3.252445e-01	1.000000e-04	3.252445e-01	1.000000e-09	3.052445e-01	-1.000000e-04	3.052445e-01	-1.000000e-09	6.104890e-03	-2.000000e-06	6.104890e-03	-2.000001e-11	6.104890e-03	-2.000000e-06	6.104890e-03	-2.000001e-11	2.000000e-06	2.000001e-11	-6.104890e-03	-6.104890e-03	6.084868e-12	5.864891e-14	6.084890e-12	5.864890e-19
3.740726463278493e-10	3.740726e-01	9.999999e-05	3.740726e-01	9.999999e-10	3.540727e-01	-9.999999e-05	3.540727e-01	-9.999999e-10	7.081453e-03	-2.000000e-06	7.081453e-03	-2.000000e-11	7.081453e-03	-2.000000e-06	7.081453e-03	-2.000000e-11	2.000000e-06	2.000000e-11	-7.081453e-03	-7.081453e-03	7.061431e-12	6.841453e-14	7.061453e-12	6.841453e-19
4.229007713278493e-10	4.229008e-01	1.000000e-04	4.229008e-01	1.000000e-09	4.029008e-01	-1.000000e-04	4.029008e-01	-1.000000e-09	8.058015e-03	-2.000000e-06	8.058015e-03	-2.000000e-11	8.058015e-03	-2.000000e-06	8.058015e-03	-2.000000e-11	2.000000e-06	2.000000e-11	-8.058015e-03	-8.058015e-03	8.037993e-12	7.818015e-14	8.038016e-12	7.818015e-19
4.717288963278493e-10	4.717289e-01	1.000000e-04	4.717289e-01	1.000000e-09	4.517289e-01	-1.000000e-04	4.517289e-01	-1.000000e-09	9.034578e-03	-2.000000e-06	9.034578e-03	-2.000000e-11	9.034578e-03	-2.000000e-06	9.034578e-03	-2.000000e-11	2.000000e-06	2.000000e-11	-9.034578e-03	-9.034578e-03	9.014556e-12	8.794578e-14	9.014578e-12	8.794578e-19
5.205570213278493e-10	5.205570e-01	1.000000e-04	5.205570e-01	1.000000e-09	5.005570e-01	-1.000000e-04	5.005570e-01	-1.000000e-09	1.001114e-02	-2.000000e-06	1.001114e-02	-2.000000e-11	1.001114e-02	-2.000000e-06	1.001114e-02	-2.000000e-11	2.000000e-06	2.000000e-11	-1.001114e-02	-1.001114e-02	9.991118e-12	9.771140e-14	9.991141e-12	9.771140e-19
5.693851463278494e-10	5.693852e-01	1.000000e-04	5.693852e-01	1.000000e-09	5.493851e-01	-1.000000e-04	5.493851e-01	-1.000000e-09	1.098770e-02	-2.000000e-06	1.098770e-02	-2.000000e-11	1.098770e-02	-2.000000e-06	1.098770e-02	-2.000000e-11	2.000000e-06	2.000000e-11	-1.098770e-02	-1.098770e-02	1.096768e-11	1.074770e-13	1.096770e-11	1.074770e-18
6.182132713278494e-10	6.182133e-01	1.000000e-04	6.182133e-01	1.000000e-09	5.982133e-01	-1.000000e-04	5.982133e-01	-1.000000e-09	1.196427e-02	-2.000000e-06	1.196427e-02	-2.000000e-11	1.196427e-02	-2.000000e-06	1.196427e-02	-2.000000e-11	2.000000e-06	2.000000e-11	-1.196427e-02	-1.196427e-02	1.194424e-11	1.172427e-13	1.194427e-11	1.172427e-18
6.670413963278495e-10	6.670414e-01	1.000000e-04	6.670414e-01	1.000000e-09	6.470414e-01	-1.000000e-04	6.470414e-01	-1.000000e-09	1.294083e-02	-2.000000e-06	1.294083e-02	-2.000000e-11	1.294083e-02	-2.000000e-06	1.294083e-02	-2.000000e-11	2.000000e-06	2.000000e-11	-1.294083e-02	-1.294083e-02	1.292081e-11	1.270083e-13	1.292083e-11	1.270083e-18
7.158695213278495e-10	7.158695e-01	1.000000e-04	7.158695e-01	1.000000e-09	6.958695e-01	-1.000000e-04	6.958695e-01	-1.000000e-09	1.391739e-02	-2.000000e-06	1.391739e-02	-2.000000e-11	1.391739e-02	-2.000000e-06	1.391739e-02	-2.000000e-11	2.000000e-06	2.000000e-11	-1.391739e-02	-1.391739e-02	1.389737e-11	1.367739e-13	1.389739e-11	1.367739e-18
7.646976463278496e-10	7.646977e-01	1.000000e-04	7.646977e-01	1.000000e-09	7.446976e-01	-1.000000e-04	7.446976e-01	-1.000000e-09	1.489395e-02	-2.000000e-06	1.489395e-02	-2.000000e-11	1.489395e-02	-2.000000e-06	1.489395e-02	-2.000000e-11	2.000000e-06	2.000000e-11	-1.489395e-02	-1.489395e-02	1.487393e-11	1.465395e-13	1.487395e-11	1.465395e-18
8.135257713278496e-10	8.135258e-01	1.000000e-04	8.135258e-01	1.000000e-09	7.935258e-01	-1.000000e-04	7.935258e-01	-1.000000e-09	1.587052e-02	-2.000000e-06	1.587052e-02	-2.000000e-11	1.587052e-02	-2.000000e-06	1.587052e-02	-2.000000e-11	2.000000e-06	2.000000e-11	-1.587052e-02	-1.587052e-02	1.585049e-11	1.563052e-13	1.585052e-11	1.563052e-18
8.623538963278497e-10	8.623539e-01	1.000000e-04	8.623539e-01	1.000000e-09	8.423539e-01	-1.000000e-04	8.423539e-01	-1.000000e-09	1.684708e-02	-2.000000e-06	1.684708e-02	-2.000000e-11	1.684708e-02	-2.000000e-06	1.684708e-02	-2.000000e-11	2.000000e-06	2.000000e-11	-1.684708e-02	-1.684708e-02	1.682706e-11	1.660708e-13	1.682708e-11	1.660708e-18
9.111820213278497e-10	9.111820e-01	1.000000e-04	9.111820e-01	1.000000e-09	8.911820e-01	-1.000000e-04	8.911820e-01	-1.000000e-09	1.782364e-02	-2.000000e-06	1.782364e-02	-2.000000e-11	1.782364e-02	-2.000000e-06	1.782364e-02	-2.000000e-11	2.000000e-06	2.000000e-11	-1.782364e-02	-1.782364e-02	1.780362e-11	1.758364e-13	1.780364e-11	1.758364e-18
9.600101463278497e-10	9.600102e-01	1.000000e-04	9.600102e-01	1.000000e-09	9.400101e-01	-1.000000e-04	9.400101e-01	-1.000000e-09	1.880020e-02	-2.000000e-06	1.880020e-02	-2.000000e-11	1.880020e-02	-2.000000e-06	1.880020e-02	-2.000000e-11	2.000000e-06	2.000000e-11	-1.880020e-02	-1.880020e-02	1.878018e-11	1.856020e-13	1.878020e-11	1.856020e-18
1.000000000000000e-09	1.000000e+00	1.000000e-04	1.000000e+00	1.000000e-09	9.800000e-01	-1.000000e-04	9.800000e-01	-1.000000e-09	1.960000e-02	-2.000000e-06	1.960000e-02	-2.000000e-11	1.960000e-02	-2.000000e-06	1.960000e-02	-2.000000e-11	2.000000e-06	2.000000e-11	-1.960000e-02	-1.960000e-02	1.957998e-11	1.936000e-13	1.958000e-11	1.936000e-18
1.048828125000000e-09	1.000000e+00	2.587747e-05	1.000000e+00	2.587854e-10	1.001503e+00	-2.587747e-05	1.001503e+00	-2.587854e-10	2.003006e-02	-5.175494e-07	2.003007e-02	-5.175707e-12	2.003006e-02	-5.175494e-07	2.003007e-02	-5.175707e-12	5.175494e-07	5.175707e-12	-2.003006e-02	-2.003007e-02	2.003156e-11	1.997464e-13	2.003157e-11	1.997464e-18
1.097656250000000e-09	1.000000e+00	-1.459421e-05	1.000000e+00	-1.459518e-10	9.998868e-01	1.459421e-05	9.998870e-01	1.459518e-10	1.999774e-02	2.918843e-07	1.999774e-02	2.919036e-12	1.999774e-02	2.918843e-07	1.999774e-02	2.919036e-12	-2.918843e-07	-2.919036e-12	-1.999774e-02	-1.999774e-02	1.999763e-11	2.002973e-13	1.999763e-11	2.002974e-18
1.146484375000000e-09	1.000000e+00	5.889116e-06	1.000000e+00	5.888649e-11	1.000009e+00	-5.889116e-06	1.000008e+00	-5.888649e-11	2.000017e-02	-1.177823e-07	2.000017e-02	-1.177730e-12	2.000017e-02	-1.177823e-07	2.000017e-02	-1.177730e-12	1.177823e-07	1.177730e-12	-2.000017e-02	-2.000017e-02	2.000018e-11	1.998723e-13	2.000018e-11	1.998722e-18
1.195312500000000e-09	1.000000e+00	-2.258228e-06	1.000000e+00	-2.257577e-11	9.999993e-01	2.258228e-06	9.999993e-01	2.257577e-11	1.999999e-02	4.516456e-08	1.999999e-02	4.515155e-13	1.999999e-02	4.516456e-08	1.999999e-02	4.515155e-13	-4.516456e-08	-4.515155e-13	-1.999999e-02	-1.999999e-02	1.999999e-11	2.000495e-13	1.999999e-11	2.000495e-18
1.244140625000000e-09	1.000000e+00	8.576005e-07	1.000000e+00	8.571566e-12	1.000000e+00	-8.576005e-07	1.000000e+00	-8.571566e-12	2.000000e-02	-1.715201e-08	2.000000e-02	-1.714313e-13	2.000000e-02	-1.715201e-08	2.000000e-02	-1.714313e-13	1.715201e-08	1.714313e-13	-2.000000e-02	-2.000000e-02	2.000000e-11	1.999811e-13	2.000000e-11	1.999811e-18
1.292968750000000e-09	1.000000e+00	-3.250697e-07	1.000000e+00	-3.248250e-12	1.000000e+00	3.250697e-07	1.000000e+00	3.248250e-12	2.000000e-02	6.501395e-09	2.000000e-02	6.496500e-14	2.000000e-02	6.501395e-09	2.000000e-02	6.496500e-14	-6.501395e-09	-6.496500e-14	-2.000000e-02	-2.000000e-02	2.000000e-11	2.000072e-13	2.000000e-11	2.000071e-18
1.341796875000000e-09	1.000000e+00	1.231699e-07	1.000000e+00	1.230480e-12	1.000000e+00	-1.231699e-07	1.000000e+00	-1.230480e-12	2.000000e-02	-2.463398e-09	2.000000e-02	-2.460961e-14	2.000000e-02	-2.463398e-09	2.000000e-02	-2.460961e-14	2.463398e-09	2.460961e-14	-2.000000e-02	-2.000000e-02	2.000000e-11	1.999973e-13	2.000000e-11	1.999973e-18
1.390625000000000e-09	1.000000e+00	-4.666597e-08	1.000000e+00	-4.660873e-13	1.000000e+00	4.666597e-08	1.000000e+00	4.660873e-13	2.000000e-02	9.333193e-10	2.000000e-02	9.321747e-15	2.000000e-02	9.333193e-10	2.000000e-02	9.321747e-15	-9.333193e-10	-9.321747e-15	-2.000000e-02	-2.000000e-02	2.000000e-11	2.000010e-13	2.000000e-11	2.000010e-18
1.439453125000000e-09	1.000000e+00	1.768030e-08	1.000000e+00	1.765442e-13	1.000000e+00	-1.768030e-08	1.000000e+00	-1.765442e-13	2.000000e-02	-3.536059e-10	2.000000e-02	-3.530884e-15	2.000000e-02	-3.536059e-10	2.000000e-02	-3.530884e-15	3.536059e-10	3.530884e-15	-2.000000e-02	-2.000000e-02	2.000000e-11	1.999996e-13	2.000000e-11	1.999996e-18
1.488281250000000e-09	1.000000e+00	-6.698499e-09	1.000000e+00	-6.687108e-14	1.000000e+00	6.698499e-09	1.000000e+00	6.687108e-14	2.000000e-02	1.339700e-10	2.000000e-02	1.337422e-15	2.000000e-02	1.339700e-10	2.000000e-02	1.337422e-15	-1.339700e-10	-1.337422e-15	-2.000000e-02	-2.000000e-02	2.000000e-11	2.000001e-13	2.000000e-11	2.000002e-18
1.537109374999999e-09	1.000000e+00	2.537846e-09	1.000000e+00	2.532929e-14	1.000000e+00	-2.537846e-09	1.000000e+00	-2.532929e-14	2.000000e-02	-5.075692e-11	2.000000e-02	-5.065858e-16	2.000000e-02	-5.075692e-11	2.000000e-02	-5.065858e-16	5.075692e-11	5.065858e-16	-2.000000e-02	-2.000000e-02	2.000000e-11	1.999999e-13	2.000000e-11	1.999999e-18
1.585937499999999e-09	1.000000e+00	-9.615080e-10	1.000000e+00	-9.594174e-15	1.000000e+00	9.615080e-10	1.000000e+00	9.594174e-15	2.000000e-02	1.923016e-11	2.000000e-02	1.918835e-16	2.000000e-02	1.923016e-11	2.000000e-02	1.918835e-16	-1.923016e-11	-1.918835e-16	-2.000000e-02	-2.000000e-02	2.000000e-11	2.000000e-13	2.000000e-11	2.000000e-18
1.634765624999999e-09	1.000000e+00	3.642844e-10	1.000000e+00	3.634061e-15	1.000000e+00	-3.642844e-10	1.000000e+00	-3.634061e-15	2.000000e-02	-7.285688e-12	2.000000e-02	-7.268121e-17	2.000000e-02	-7.285688e-12	2.000000e-02	-7.268121e-17	7.285688e-12	7.268121e-17	-2.000000e-02	-2.000000e-02	2.000000e-11	2.000000e-13	2.000000e-11	2.000000e-18
1.683593749999999e-09	1.000000e+00	-1.380156e-10	1.000000e+00	-1.376502e-15	1.000000e+00	1.380156e-10	1.000000e+00	1.376502e-15	2.000000e-02	2.760312e-12	2.000000e-02	2.753003e-17	2.000000e-02	2.760312e-12	2.000000e-02	2.753003e-17	-2.760312e-12	-2.753003e-17	-2.000000e-02	-2.000000e-02	2.000000e-11	2.000000e-13	2.000000e-11	2.000000e-18
1.732421874999999e-09	1.000000e+00	5.228967e-11	1.000000e+00	5.213884e-16	1.000000e+00	-5.228967e-11	1.000000e+00	-5.213884e-16	2.000000e-02	-1.045793e-12	2.000000e-02	-1.042777e-17	2.000000e-02	-1.045793e-12	2.000000e-02	-1.042777e-17	1.045793e-12	1.042777e-17	-2.000000e-02	-2.000000e-02	2.000000e-11	2.000000e-13	2.000000e-11	2.000000e-18
1.781249999999999e-09	1.000000e+00	-1.981087e-11	1.000000e+00	-1.974904e-16	1.000000e+00	1.981087e-11	1.000000e+00	1.974904e-16	2.000000e-02	3.962174e-13	2.000000e-02	3.949807e-18	2.000000e-02	3.962174e-13	2.000000e-02	3.949807e-18	-3.962174e-13	-3.949807e-18	-2.000000e-02	-2.000000e-02	2.000000e-11	2.000000e-13	2.000000e-11	2.000000e-18
1.830078124999999e-09	1.000000e+00	7.505701e-12	1.000000e+00	7.480497e-17	1.000000e+00	-7.505701e-12	1.000000e+00	-7.480497e-17	2.000000e-02	-1.501140e-13	2.000000e-02	-1.496099e-18	2.000000e-02	-1.501140e-13	2.000000e-02	-1.496099e-18	1.501140e-13	1.496099e-18	-2.000000e-02	-2.000000e-02	2.000000e-11	2.000000e-13	2.000000e-11	2.000000e-18
1.878906249999999e-09	1.000000e+00	-2.843667e-12	1.000000e+00	-2.833447e-17	1.000000e+00	2.843667e-12	1.000000e+00	2.833447e-17	2.000000e-02	5.687334e-14	2.000000e-02	5.666893e-19	2.000000e-02	5.687334e-14	2.000000e-02	5.666893e-19	-5.687334e-14	-5.666893e-19	-2.000000e-02	-2.000000e-02	2.000000e-11	2.000000e-13	2.000000e-11	2.000000e-18
1.927734374999999e-09	1.000000e+00	1.077372e-12	1.000000e+00	1.073246e-17	1.000000e+00	-1.077372e-12	1.000000e+00	-1.073246e-17	2.000000e-02	-2.154745e-14	2.000000e-02	-2.146493e-19	2.000000e-02	-2.154745e-14	2.000000e-02	-2.146493e-19	2.154745e-14	2.146493e-19	-2.000000e-02	-2.000000e-02	2.000000e-11	2.000000e-13	2.000000e-11	2.000000e-18
1.976562499999999e-09	1.000000e+00	-4.081824e-13	1.000000e+00	-4.065224e-18	1.000000e+00	4.081824e-13	1.000000e+00	4.065224e-18	2.000000e-02	8.163648e-15	2.000000e-02	8.130448e-20	2.000000e-02	8.163648e-15	2.000000e-02	8.130448e-20	-8.163648e-15	-8.130448e-20	-2.000000e-02	-2.000000e-02	2.000000e-11	2.000000e-13	2.000000e-11	2.000000e-18
2.025390624999999e-09	1.000000e+00	1.546457e-13	1.000000e+00	1.539823e-18	1.000000e+00	-1.546457e-13	1.000000e+00	-1.539823e-18	2.000000e-02	-3.092915e-15	2.000000e-02	-3.079646e-20	2.000000e-02	-3.092915e-15	2.000000e-02	-3.079646e-20	3.092915e-15	3.079646e-20	-2.000000e-02	-2.000000e-02	2.000000e-11	2.000000e-13	2.000000e-11	2.000000e-18
2.074218749999999e-09	1.000000e+00	-5.859213e-14	1.000000e+00	-5.832554e-19	1.000000e+00	5.859213e-14	1.000000e+00	5.832554e-19	2.000000e-02	1.171843e-15	2.000000e-02	1.166511e-20	2.000000e-02	1.171843e-15	2.000000e-02	1.166511e-20	-1.171843e-15	-1.166511e-20	-2.000000e-02	-2.000000e-02	2.000000e-11	2.000000e-13	2.000000e-11	2.000000e-18
2.123046874999999e-09	1.000000e+00	2.219740e-14	1.000000e+00	2.209237e-19	1.000000e+00	-2.219740e-14	1.000000e+00	-2.209237e-19	2.000000e-02	-4.439481e-16	2.000000e-02	-4.418473e-21	2.000000e-02	-4.439481e-16	2.000000e-02	-4.418473e-21	4.439481e-16	4.418473e-21	-2.000000e-02	-2.000000e-02	2.000000e-11	2.000000e-13	2.000000e-11	2.000000e-18
2.171874999999999e-09	1.000000e+00	-8.410282e-15	1.000000e+00	-8.368064e-20	1.000000e+00	8.410282e-15	1.000000e+00	8.368064e-20	2.000000e-02	1.682056e-16	2.000000e-02	1.673613e-21	2.000000e-02	1.682056e-16	2.000000e-02	1.673613e-21	-1.682056e-16	-1.673613e-21	-2.000000e-02	-2.000000e-02	2.000000e-11	2.000000e-13	2.000000e-11	2.000000e-18
2.220703124999999e-09	1.000000e+00	3.185323e-15	1.000000e+00	3.170129e-20	1.000000e+00	-3.185323e-15	1.000000e+00	-3.170129e-20	2.000000e-02	-6.370646e-17	2.000000e-02	-6.340258e-22	2.000000e-02	-6.370646e-17	2.000000e-02	-6.340258e-22	6.370646e-17	6.340258e-22	-2.000000e-02	-2.000000e-02	2.000000e-11	2.000000e-13	2.000000e-11	2.000000e-18
2.269531249999999e-09	1.000000e+00	-1.207278e-15	1.000000e+00	-1.200260e-20	1.000000e+00	1.207278e-15	1.000000e+00	1.200260e-20	2.000000e-02	2.414555e-17	2.000000e-02	2.400521e-22	2.000000e-02	2.414555e-17	2.000000e-02	2.400521e-22	-2.414555e-17	-2.400521e-22	-2.000000e-02	-2.000000e-02	2.000000e-11	2.000000e-13	2.000000e-11	2.000000e-18
2.318359374999999e-09	1.000000e+00	4.574380e-16	1.000000e+00	4.539183e-21	1.000000e+00	-4.574380e-16	1.000000e+00	-4.539183e-21	2.000000e-02	-9.148760e-18	2.000000e-02	-9.078367e-23	2.000000e-02	-9.148760e-18	2.000000e-02	-9.078367e-23	9.148760e-18	9.078367e-23	-2.000000e-02	-2.000000e-02	2.000000e-11	2.000000e-13	2.000000e-11	2.000000e-18
2.367187499999999e-09	1.000000e+00	-1.728099e-16	1.000000e+00	-1.724433e-21	1.000000e+00	1.728099e-16	1.000000e+00	1.724433e-21	2.000000e-02	3.456198e-18	2.000000e-02	3.448867e-23	2.000000e-02	3.456198e-18	2.000000e-02	3.448867e-23	-3.456198e-18	-3.448867e-23	-2.000000e-02	-2.000000e-02	2.000000e-11	2.000000e-13	2.000000e-11	2.000000e-18
2.416015624999999e-09	1.000000e+00	6.517744e-17	1.000000e+00	6.569270e-22	1.000000e+00	-6.517744e-17	1.000000e+00	-6.569270e-22	2.000000e-02	-1.303549e-18	2.000000e-02	-1.313854e-23	2.000000e-02	-1.303549e-18	2.000000e-02	-1.313854e-23	1.303549e-18	1.313854e-23	-2.000000e-02	-2.000000e-02	2.000000e-11	2.000000e-13	2.000000e-11	2.000000e-18
2.464843749999999e-09	1.000000e+00	-2.451629e-17	1.000000e+00	-2.463476e-22	1.000000e+00	2.451629e-17	1.000000e+00	2.463476e-22	2.000000e-02	4.903257e-19	2.000000e-02	4.926953e-24	2.000000e-02	4.903257e-19	2.000000e-02	4.926953e-24	-4.903257e-19	-4.926953e-24	-2.000000e-02	-2.000000e-02	2.000000e-11	2.000000e-13	2.000000e-11	2.000000e-18
2.513671874999999e-09	1.000000e+00	1.016529e-17	1.000000e+00	9.123987e-23	1.000000e+00	-1.016529e-17	1.000000e+00	-9.123987e-23	2.000000e-02	-2.033058e-19	2.000000e-02	-1.824797e-24	2.000000e-02	-2.033058e-19	2.000000e-02	-1.824797e-24	2.033058e-19	1.824797e-24	-2.000000e-02	-2.000000e-02	2.000000e-11	2.000000e-13	2.000000e-11	2.000000e-18
2.562499999999999e-09	1.000000e+00	-3.587749e-18	1.000000e+00	-3.649595e-23	1.000000e+00	3.587749e-18	1.000000e+00	3.649595e-23	2.000000e-02	7.175498e-20	2.000000e-02	7.299189e-25	2.000000e-02	7.175498e-20	2.000000e-02	7.299189e-25	-7.175498e-20	-7.299189e-25	-2.000000e-02	-2.000000e-02	2.000000e-11	2.000000e-13	2.000000e-11	2.000000e-18
2.611328124999998e-09	1.000000e+00	1.195916e-18	1.000000e+00	1.824797e-23	1.000000e+00	-1.195916e-18	1.000000e+00	-1.824797e-23	2.000000e-02	-2.391833e-20	2.000000e-02	-3.649594e-25	2.000000e-02	-2.391833e-20	2.000000e-02	-3.649594e-25	2.391833e-20	3.649594e-25	-2.000000e-02	-2.000000e-02	2.000000e-11	2.000000e-13	2.000000e-11	2.000000e-18
2.660156249999998e-09	1.000000e+00	-5.979582e-19	1.000000e+00	-4.561993e-24	1.000000e+00	5.979582e-19	1.000000e+00	4.561993e-24	2.000000e-02	1.195916e-20	2.000000e-02	9.123986e-26	2.000000e-02	1.195916e-20	2.000000e-02	9.123986e-26	-1.195916e-20	-9.123986e-26	-2.000000e-02	-2.000000e-02	2.000000e-11	2.000000e-13	2.000000e-11	2.000000e-18
2.708984374999998e-09	1.000000e+00	-5.979582e-19	1.000000e+00	4.561993e-24	1.000000e+00	5.979582e-19	1.000000e+00	-4.561993e-24	2.000000e-02	1.195916e-20	2.000000e-02	-9.123986e-26	2.000000e-02	1.195916e-20	2.000000e-02	-9.123986e-26	-1.195916e-20	9.123986e-26	-2.000000e-02	-2.000000e-02	2.000000e-11	2.000000e-13	2.000000e-11	2.000000e-18
2.757812499999998e-09	1.000000e+00	-5.979582e-19	1.000000e+00	-4.561993e-24	1.000000e+00	5.979582e-19	1.000000e+00	4.561993e-24	2.000000e-02	1.195916e-20	2.000000e-02	9.123986e-26	2.000000e-02	1.195916e-20	2.000000e-02	9.123986e-26	-1.195916e-20	-9.123986e-26	-2.000000e-02	-2.000000e-02	2.000000e-11	2.000000e-13	2.000000e-11	2.000000e-18
2.806640624999998e-09	1.000000e+00	-5.979582e-19	1.000000e+00	4.561993e-24	1.000000e+00	5.979582e-19	1.000000e+00	-4.561993e-24	2.000000e-02	1.195916e-20	2.000000e-02	-9.123986e-26	2.000000e-02	1.195916e-20	2.000000e-02	-9.123986e-26	-1.195916e-20	9.123986e-26	-2.000000e-02	-2.000000e-02	2.000000e-11	2.000000e-13	2.000000e-11	2.000000e-18
2.855468749999998e-09	1.000000e+00	-5.979582e-19	1.000000e+00	-4.561993e-24	1.000000e+00	5.979582e-19	1.000000e+00	4.561993e-24	2.000000e-02	1.195916e-20	2.000000e-02	9.123986e-26	2.000000e-02	1.195916e-20	2.000000e-02	9.123986e-26	-1.195916e-20	-9.123986e-26	-2.000000e-02	-2.000000e-02	2.000000e-11	2.000000e-13	2.000000e-11	2.000000e-18
2.904296874999998e-09	1.000000e+00	-5.979582e-19	1.000000e+00	4.561993e-24	1.000000e+00	5.979582e-19	1.000000e+00	-4.561993e-24	2.000000e-02	1.195916e-20	2.000000e-02	-9.123986e-26	2.000000e-02	1.195916e-20	2.000000e-02	-9.123986e-26	-1.195916e-20	9.123986e-26	-2.000000e-02	-2.000000e-02	2.000000e-11	2.000000e-13	2.000000e-11	2.000000e-18
2.953124999999998e-09	1.000000e+00	-5.979582e-19	1.000000e+00	-4.561993e-24	1.000000e+00	5.979582e-19	1.000000e+00	4.561993e-24	2.000000e-02	1.195916e-20	2.000000e-02	9.123986e-26	2.000000e-02	1.195916e-20	2.000000e-02	9.123986e-26	-1.195916e-20	-9.123986e-26	-2.000000e-02	-2.000000e-02	2.000000e-11	2.000000e-13	2.000000e-11	2.000000e-18
3.001953124999998e-09	1.000000e+00	-5.979582e-19	1.000000e+00	4.561993e-24	1.000000e+00	5.979582e-19	1.000000e+00	-4.561993e-24	2.000000e-02	1.195916e-20	2.000000e-02	-9.123986e-26	2.000000e-02	1.195916e-20	2.000000e-02	-9.123986e-26	-1.195916e-20	9.123986e-26	-2.000000e-02	-2.000000e-02	2.000000e-11	2.000000e-13	2.000000e-11	2.000000e-18
3.050781249999998e-09	1.000000e+00	-5.979582e-19	1.000000e+00	-4.561993e-24	1.000000e+00	5.979582e-19	1.000000e+00	4.561993e-24	2.000000e-02	1.195916e-20	2.000000e-02	9.123986e-26	2.000000e-02	1.195916e-20	2.000000e-02	9.123986e-26	-1.195916e-20	-9.123986e-26	-2.000000e-02	-2.000000e-02	2.000000e-11	2.000000e-13	2.000000e-11	2.000000e-18
3.099609374999998e-09	1.000000e+00	-5.979582e-19	1.000000e+00	4.561993e-24	1.000000e+00	5.979582e-19	1.000000e+00	-4.561993e-24	2.000000e-02	1.195916e-20	2.000000e-02	-9.123986e-26	2.000000e-02	1.195916e-20	2.000000e-02	-9.123986e-26	-1.195916e-20	9.123986e-26	-2.000000e-02	-2.000000e-02	2.000000e-11	2.000000e-13	2.000000e-11	2.000000e-18
3.148437499999998e-09	1.000000e+00	-5.979582e-19	1.000000e+00	-4.561993e-24	1.000000e+00	5.979582e-19	1.000000e+00	4.561993e-24	2.000000e-02	1.195916e-20	2.000000e-02	9.123986e-26	2.000000e-02	1.195916e-20	2.000000e-02	9.123986e-26	-1.195916e-20	-9.123986e-26	-2.000000e-02	-2.000000e-02	2.000000e-11	2.000000e-13	2.000000e-11	2.000000e-18
3.197265624999998e-09	1.000000e+00	-5.979582e-19	1.000000e+00	4.561993e-24	1.000000e+00	5.979582e-19	1.000000e+00	-4.561993e-24	2.000000e-02	1.195916e-20	2.000000e-02	-9.123986e-26	2.000000e-02	1.195916e-20	2.000000e-02	-9.123986e-26	-1.195916e-20	9.123986e-26	-2.000000e-02	-2.000000e-02	2.000000e-11	2.000000e-13	2.000000e-11	2.000000e-18
3.246093749999998e-09	1.000000e+00	-5.979582e-19	1.000000e+00	-4.561993e-24	1.000000e+00	5.979582e-19	1.000000e+00	4.561993e-24	2.000000e-02	1.195916e-20	2.000000e-02	9.123986e-26	2.000000e-02	1.195916e-20	2.000000e-02	9.123986e-26	-1.195916e-20	-9.123986e-26	-2.000000e-02	-2.000000e-02	2.000000e-11	2.000000e-13	2.000000e-11	2.000000e-18
3.294921874999998e-09	1.000000e+00	-5.979582e-19	1.000000e+00	4.561993e-24	1.000000e+00	5.979582e-19	1.000000e+00	-4.561993e-24	2.000000e-02	1.195916e-20	2.000000e-02	-9.123986e-26	2.000000e-02	1.195916e-20	2.000000e-02	-9.123986e-26	-1.195916e-20	9.123986e-26	-2.000000e-02	-2.000000e-02	2.000000e-11	2.000000e-13	2.000000e-11	2.000000e-18
3.343749999999998e-09	1.000000e+00	-5.979582e-19	1.000000e+00	-4.561993e-24	1.000000e+00	5.979582e-19	1.000000e+00	4.561993e-24	2.000000e-02	1.195916e-20	2.000000e-02	9.123986e-26	2.000000e-02	1.195916e-20	2.000000e-02	9.123986e-26	-1.195916e-20	-9.123986e-26	-2.000000e-02	-2.000000e-02	2.000000e-11	2.000000e-13	2.000000e-11	2.000000e-18
3.392578124999998e-09	1.000000e+00	-5.979582e-19	1.000000e+00	4.561993e-24	1.000000e+00	5.979582e-19	1.000000e+00	-4.561993e-24	2.000000e-02	1.195916e-20	2.000000e-02	-9.123986e-26	2.000000e-02	1.195916e-20	2.000000e-02	-9.123986e-26	-1.195916e-20	9.123986e-26	-2.000000e-02	-2.000000e-02	2.000000e-11	2.000000e-13	2.000000e-11	2.000000e-18
3.441406249999998e-09	1.000000e+00	-5.979582e-19	1.000000e+00	-4.561993e-24	1.000000e+00	5.979582e-19	1.000000e+00	4.561993e-24	2.000000e-02	1.195916e-20	2.000000e-02	9.123986e-26	2.000000e-02	1.195916e-20	2.000000e-02	9.123986e-26	-1.195916e-20	-9.123986e-26	-2.000000e-02	-2.000000e-02	2.000000e-11	2.000000e-13	2.000000e-11	2.000000e-18
3.490234374999998e-09	1.000000e+00	-5.979582e-19	1.000000e+00	4.561993e-24	1.000000e+00	5.979582e-19	1.000000e+00	-4.561993e-24	2.000000e-02	1.195916e-20	2.000000e-02	-9.123986e-26	2.000000e-02	1.195916e-20	2.000000e-02	-9.123986e-26	-1.195916e-20	9.123986e-26	-2.000000e-02	-2.000000e-02	2.000000e-11	2.000000e-13	2.000000e-11	2.000000e-18
3.539062499999997e-09	1.000000e+00	-5.979582e-19	1.000000e+00	-4.561993e-24	1.000000e+00	5.979582e-19	1.000000e+00	4.561993e-24	2.000000e-02	1.195916e-20	2.000000e-02	9.123986e-26	2.000000e-02	1.195916e-20	2.000000e-02	9.123986e-26	-1.195916e-20	-9.123986e-26	-2.000000e-02	-2.000000e-02	2.000000e-11	2.000000e-13	2.000000e-11	2.000000e-18
3.587890624999997e-09	1.000000e+00	-5.979582e-19	1.000000e+00	4.561993e-24	1.000000e+00	5.979582e-19	1.000000e+00	-4.561993e-24	2.000000e-02	1.195916e-20	2.000000e-02	-9.123986e-26	2.000000e-02	1.195916e-20	2.000000e-02	-9.123986e-26	-1.195916e-20	9.123986e-26	-2.000000e-02	-2.000000e-02	2.000000e-11	2.000000e-13	2.000000e-11	2.000000e-18
3.636718749999997e-09	1.000000e+00	-5.979582e-19	1.000000e+00	-4.561993e-24	1.000000e+00	5.979582e-19	1.000000e+00	4.561993e-24	2.000000e-02	1.195916e-20	2.000000e-02	9.123986e-26	2.000000e-02	1.195916e-20	2.000000e-02	9.123986e-26	-1.195916e-20	-9.123986e-26	-2.000000e-02	-2.000000e-02	2.000000e-11	2.000000e-13	2.000000e-11	2.000000e-18
3.685546874999997e-09	1.000000e+00	-5.979582e-19	1.000000e+00	4.561993e-24	1.000000e+00	5.979582e-19	1.000000e+00	-4.561993e-24	2.000000e-02	1.195916e-20	2.000000e-02	-9.123986e-26	2.000000e-02	1.195916e-20	2.000000e-02	-9.123986e-26	-1.195916e-20	9.123986e-26	-2.000000e-02	-2.000000e-02	2.000000e-11	2.000000e-13	2.000000e-11	2.000000e-18
3.734374999999998e-09	1.000000e+00	-5.979582e-19	1.000000e+00	-4.561993e-24	1.000000e+00	5.979582e-19	1.000000e+00	4.561993e-24	2.000000e-02	1.195916e-20	2.000000e-02	9.123986e-26	2.000000e-02	1.195916e-20	2.000000e-02	9.123986e-26	-1.195916e-20	-9.123986e-26	-2.000000e-02	-2.000000e-02	2.000000e-11	2.000000e-13	2.000000e-11	2.000000e-18
3.783203124999998e-09	1.000000e+00	-5.979582e-19	1.000000e+00	4.561993e-24	1.000000e+00	5.979582e-19	1.000000e+00	-4.561993e-24	2.000000e-02	1.195916e-20	2.000000e-02	-9.123986e-26	2.000000e-02	1.195916e-20	2.000000e-02	-9.123986e-26	-1.195916e-20	9.123986e-26	-2.000000e-02	-2.000000e-02	2.000000e-11	2.000000e-13	2.000000e-11	2.000000e-18
3.832031249999998e-09	1.000000e+00	-5.979582e-19	1.000000e+00	-4.561993e-24	1.000000e+00	5.979582e-19	1.000000e+00	4.561993e-24	2.000000e-02	1.195916e-20	2.000000e-02	9.123986e-26	2.000000e-02	1.195916e-20	2.000000e-02	9.123986e-26	-1.195916e-20	-9.123986e-26	-2.000000e-02	-2.000000e-02	2.000000e-11	2.000000e-13	2.000000e-11	2.000000e-18
3.880859374999999e-09	1.000000e+00	-5.979582e-19	1.000000e+00	4.561993e-24	1.000000e+00	5.979582e-19	1.000000e+00	-4.561993e-24	2.000000e-02	1.195916e-20	2.000000e-02	-9.123986e-26	2.000000e-02	1.195916e-20	2.000000e-02	-9.123986e-26	-1.195916e-20	9.123986e-26	-2.000000e-02	-2.000000e-02	2.000000e-11	2.000000e-13	2.000000e-11	2.000000e-18
3.929687499999999e-09	1.000000e+00	-5.979582e-19	1.000000e+00	-4.561993e-24	1.000000e+00	5.979582e-19	1.000000e+00	4.561993e-24	2.000000e-02	1.195916e-20	2.000000e-02	9.123986e-26	2.000000e-02	1.195916e-20	2.000000e-02	9.123986e-26	-1.195916e-20	-9.123986e-26	-2.000000e-02	-2.000000e-02	2.000000e-11	2.000000e-13	2.000000e-11	2.000000e-18
3.978515624999999e-09	1.000000e+00	-5.979582e-19	1.000000e+00	4.561993e-24	1.000000e+00	5.979582e-19	1.000000e+00	-4.561993e-24	2.000000e-02	1.195916e-20	2.000000e-02	-9.123986e-26	2.000000e-02	1.195916e-20	2.000000e-02	-9.123986e-26	-1.195916e-20	9.123986e-26	-2.000000e-02	-2.000000e-02	2.000000e-11	2.000000e-13	2.000000e-11	2.000000e-18
4.027343750000000e-09	1.000000e+00	-5.979582e-19	1.000000e+00	-4.561993e-24	1.000000e+00	5.979582e-19	1.000000e+00	4.561993e-24	2.000000e-02	1.195916e-20	2.000000e-02	9.123986e-26	2.000000e-02	1.195916e-20	2.000000e-02	9.123986e-26	-1.195916e-20	-9.123986e-26	-2.000000e-02	-2.000000e-02	2.000000e-11	2.000000e-13	2.000000e-11	2.000000e-18
4.076171875000000e-09	1.000000e+00	-5.979582e-19	1.000000e+00	4.561993e-24	1.000000e+00	5.979582e-19	1.000000e+00	-4.561993e-24	2.000000e-02	1.195916e-20	2.000000e-02	-9.123986e-26	2.000000e-02	1.195916e-20	2.000000e-02	-9.123986e-26	-1.195916e-20	9.123986e-26	-2.000000e-02	-2.000000e-02	2.000000e-11	2.000000e-13	2.000000e-11	2.000000e-18
4.125000000000001e-09	1.000000e+00	-5.979582e-19	1.000000e+00	-4.561993e-24	1.000000e+00	5.979582e-19	1.000000e+00	4.561993e-24	2.000000e-02	1.195916e-20	2.000000e-02	9.123986e-26	2.000000e-02	1.195916e-20	2.000000e-02	9.123986e-26	-1.195916e-20	-9.123986e-26	-2.000000e-02	-2.000000e-02	2.000000e-11	2.000000e-13	2.000000e-11	2.000000e-18
4.173828125000001e-09	1.000000e+00	-5.979582e-19	1.000000e+00	4.561993e-24	1.000000e+00	5.979582e-19	1.000000e+00	-4.561993e-24	2.000000e-02	1.195916e-20	2.000000e-02	-9.123986e-26	2.000000e-02	1.195916e-20	2.000000e-02	-9.123986e-26	-1.195916e-20	9.123986e-26	-2.000000e-02	-2.000000e-02	2.000000e-11	2.000000e-13	2.000000e-11	2.000000e-18
4.222656250000001e-09	1.000000e+00	-5.979582e-19	1.000000e+00	-4.561993e-24	1.000000e+00	5.979582e-19	1.000000e+00	4.561993e-24	2.000000e-02	1.195916e-20	2.000000e-02	9.123986e-26	2.000000e-02	1.195916e-20	2.000000e-02	9.123986e-26	-1.195916e-20	-9.123986e-26	-2.000000e-02	-2.000000e-02	2.000000e-11	2.000000e-13	2.000000e-11	2.000000e-18
4.271484375000002e-09	1.000000e+00	-5.979582e-19	1.000000e+00	4.561993e-24	1.000000e+00	5.979582e-19	1.000000e+00	-4.561993e-24	2.000000e-02	1.195916e-20	2.000000e-02	-9.123986e-26	2.000000e-02	1.195916e-20	2.000000e-02	-9.123986e-26	-1.195916e-20	9.123986e-26	-2.000000e-02	-2.000000e-02	2.000000e-11	2.000000e-13	2.000000e-11	2.000000e-18
4.320312500000002e-09	1.000000e+00	-5.979582e-19	1.000000e+00	-4.561993e-24	1.000000e+00	5.979582e-19	1.000000e+00	4.561993e-24	2.000000e-02	1.195916e-20	2.000000e-02	9.123986e-26	2.000000e-02	1.195916e-20	2.000000e-02	9.123986e-26	-1.195916e-20	-9.123986e-26	-2.000000e-02	-2.000000e-02	2.000000e-11	2.000000e-13	2.000000e-11	2.000000e-18
4.369140625000002e-09	1.000000e+00	-5.979582e-19	1.000000e+00	4.561993e-24	1.000000e+00	5.979582e-19	1.000000e+00	-4.561993e-24	2.000000e-02	1.195916e-20	2.000000e-02	-9.123986e-26	2.000000e-02	1.195916e-20	2.000000e-02	-9.123986e-26	-1.195916e-20	9.123986e-26	-2.000000e-02	-2.000000e-02	2.000000e-11	2.000000e-13	2.000000e-11	2.000000e-18
4.417968750000003e-09	1.000000e+00	-5.979582e-19	1.000000e+00	-4.561993e-24	1.000000e+00	5.979582e-19	1.000000e+00	4.561993e-24	2.000000e-02	1.195916e-20	2.000000e-02	9.123986e-26	2.000000e-02	1.195916e-20	2.000000e-02	9.123986e-26	-1.195916e-20	-9.123986e-26	-2.000000e-02	-2.000000e-02	2.000000e-11	2.000000e-13	2.000000e-11	2.000000e-18
4.466796875000003e-09	1.000000e+00	-5.979582e-19	1.000000e+00	4.561993e-24	1.000000e+00	5.979582e-19	1.000000e+00	-4.561993e-24	2.000000e-02	1.195916e-20	2.000000e-02	-9.123986e-26	2.000000e-02	1.195916e-20	2.000000e-02	-9.123986e-26	-1.195916e-20	9.123986e-26	-2.000000e-02	-2.000000e-02	2.000000e-11	2.000000e-13	2.000000e-11	2.000000e-18
4.515625000000003e-09	1.000000e+00	-5.979582e-19	1.000000e+00	-4.561993e-24	1.000000e+00	5.979582e-19	1.000000e+00	4.561993e-24	2.000000e-02	1.195916e-20	2.000000e-02	9.123986e-26	2.000000e-02	1.195916e-20	2.000000e-02	9.123986e-26	-1.195916e-20	-9.123986e-26	-2.000000e-02	-2.000000e-02	2.000000e-11	2.000000e-13	2.000000e-11	2.000000e-18
4.564453125000004e-09	1.000000e+00	-5.979582e-19	1.000000e+00	4.561993e-24	1.000000e+00	5.979582e-19	1.000000e+00	-4.561993e-24	2.000000e-02	1.195916e-20	2.000000e-02	-9.123986e-26	2.000000e-02	1.195916e-20	2.000000e-02	-9.123986e-26	-1.195916e-20	9.123986e-26	-2.000000e-02	-2.000000e-02	2.000000e-11	2.000000e-13	2.000000e-11	2.000000e-18
4.613281250000004e-09	1.000000e+00	-5.979582e-19	1.000000e+00	-4.561993e-24	1.000000e+00	5.979582e-19	1.000000e+00	4.561993e-24	2.000000e-02	1.195916e-20	2.000000e-02	9.123986e-26	2.000000e-02	1.195916e-20	2.000000e-02	9.123986e-26	-1.195916e-20	-9.123986e-26	-2.000000e-02	-2.000000e-02	2.000000e-11	2.000000e-13	2.000000e-11	2.000000e-18
4.662109375000004e-09	1.000000e+00	-5.979582e-19	1.000000e+00	4.561993e-24	1.000000e+00	5.979582e-19	1.000000e+00	-4.561993e-24	2.000000e-02	1.195916e-20	2.000000e-02	-9.123986e-26	2.000000e-02	1.195916e-20	2.000000e-02	-9.123986e-26	-1.195916e-20	9.123986e-26	-2.000000e-02	-2.000000e-02	2.000000e-11	2.000000e-13	2.000000e-11	2.000000e-18
4.710937500000005e-09	1.000000e+00	-5.979582e-19	1.000000e+00	-4.561993e-24	1.000000e+00	5.979582e-19	1.000000e+00	4.561993e-24	2.000000e-02	1.195916e-20	2.000000e-02	9.123986e-26	2.000000e-02	1.195916e-20	2.000000e-02	9.123986e-26	-1.195916e-20	-9.123986e-26	-2.000000e-02	-2.000000e-02	2.000000e-11	2.000000e-13	2.000000e-11	2.000000e-18
4.759765625000005e-09	1.000000e+00	-5.979582e-19	1.000000e+00	4.561993e-24	1.000000e+00	5.979582e-19	1.000000e+00	-4.561993e-24	2.000000e-02	1.195916e-20	2.000000e-02	-9.123986e-26	2.000000e-02	1.195916e-20	2.000000e-02	-9.123986e-26	-1.195916e-20	9.123986e-26	-2.000000e-02	-2.000000e-02	2.000000e-11	2.000000e-13	2.000000e-11	2.000000e-18
4.808593750000006e-09	1.000000e+00	-5.979582e-19	1.000000e+00	-4.561993e-24	1.000000e+00	5.979582e-19	1.000000e+00	4.561993e-24	2.000000e-02	1.195916e-20	2.000000e-02	9.123986e-26	2.000000e-02	1.195916e-20	2.000000e-02	9.123986e-26	-1.195916e-20	-9.123986e-26	-2.000000e-02	-2.000000e-02	2.000000e-11	2.000000e-13	2.000000e-11	2.000000e-18
4.857421875000006e-09	1.000000e+00	-5.979582e-19	1.000000e+00	4.561993e-24	1.000000e+00	5.979582e-19	1.000000e+00	-4.561993e-24	2.000000e-02	1.195916e-20	2.000000e-02	-9.123986e-26	2.000000e-02	1.195916e-20	2.000000e-02	-9.123986e-26	-1.195916e-20	9.123986e-26	-2.000000e-02	-2.000000e-02	2.000000e-11	2.000000e-13	2.000000e-11	2.000000e-18
4.906250000000006e-09	1.000000e+00	-5.979582e-19	1.000000e+00	-4.561993e-24	1.000000e+00	5.979582e-19	1.000000e+00	4.561993e-24	2.000000e-02	1.195916e-20	2.000000e-02	9.123986e-26	2.000000e-02	1.195916e-20	2.000000e-02	9.123986e-26	-1.195916e-20	-9.123986e-26	-2.000000e-02	-2.000000e-02	2.000000e-11	2.000000e-13	2.000000e-11	2.000000e-18
4.955078125000007e-09	1.000000e+00	-5.979582e-19	1.000000e+00	4.561993e-24	1.000000e+00	5.979582e-19	1.000000e+00	-4.561993e-24	2.000000e-02	1.195916e-20	2.000000e-02	-9.123986e-26	2.000000e-02	1.195916e-20	2.000000e-02	-9.123986e-26	-1.195916e-20	9.123986e-26	-2.000000e-02	-2.000000e-02	2.000000e-11	2.000000e-13	2.000000e-11	2.000000e-18
5.003906250000007e-09	1.000000e+00	-5.979582e-19	1.000000e+00	-4.561993e-24	1.000000e+00	5.979582e-19	1.000000e+00	4.561993e-24	2.000000e-02	1.195916e-20	2.000000e-02	9.123986e-26	2.000000e-02	1.195916e-20	2.000000e-02	9.123986e-26	-1.195916e-20	-9.123986e-26	-2.000000e-02	-2.000000e-02	2.000000e-11	2.000000e-13	2.000000e-11	2.000000e-18
5.052734375000007e-09	1.000000e+00	-5.979582e-19	1.000000e+00	4.561993e-24	1.000000e+00	5.979582e-19	1.000000e+00	-4.561993e-24	2.000000e-02	1.195916e-20	2.000000e-02	-9.123986e-26	2.000000e-02	1.195916e-20	2.000000e-02	-9.123986e-26	-1.195916e-20	9.123986e-26	-2.000000e-02	-2.000000e-02	2.000000e-11	2.000000e-13	2.000000e-11	2.000000e-18
5.101562500000008e-09	1.000000e+00	-5.979582e-19	1.000000e+00	-4.561993e-24	1.000000e+00	5.979582e-19	1.000000e+00	4.561993e-24	2.000000e-02	1.195916e-20	2.000000e-02	9.123986e-26	2.000000e-02	1.195916e-20	2.000000e-02	9.123986e-26	-1.195916e-20	-9.123986e-26	-2.000000e-02	-2.000000e-02	2.000000e-11	2.000000e-13	2.000000e-11	2.000000e-18
5.150390625000008e-09	1.000000e+00	-5.979582e-19	1.000000e+00	4.561993e-24	1.000000e+00	5.979582e-19	1.000000e+00	-4.561993e-24	2.000000e-02	1.195916e-20	2.000000e-02	-9.123986e-26	2.000000e-02	1.195916e-20	2.000000e-02	-9.123986e-26	-1.195916e-20	9.123986e-26	-2.000000e-02	-2.000000e-02	2.000000e-11	2.000000e-13	2.000000e-11	2.000000e-18
5.199218750000008e-09	1.000000e+00	-5.979582e-19	1.000000e+00	-4.561993e-24	1.000000e+00	5.979582e-19	1.000000e+00	4.561993e-24	2.000000e-02	1.195916e-20	2.000000e-02	9.123986e-26	2.000000e-02	1.195916e-20	2.000000e-02	9.123986e-26	-1.195916e-20	-9.123986e-26	-2.000000e-02	-2.000000e-02	2.000000e-11	2.000000e-13	2.000000e-11	2.000000e-18
5.248046875000009e-09	1.000000e+00	-5.979582e-19	1.000000e+00	4.561993e-24	1.000000e+00	5.979582e-19	1.000000e+00	-4.561993e-24	2.000000e-02	1.195916e-20	2.000000e-02	-9.123986e-26	2.000000e-02	1.195916e-20	2.000000e-02	-9.123986e-26	-1.195916e-20	9.123986e-26	-2.000000e-02	-2.000000e-02	2.000000e-11	2.000000e-13	2.000000e-11	2.000000e-18
5.296875000000009e-09	1.000000e+00	-5.979582e-19	1.000000e+00	-4.561993e-24	1.000000e+00	5.979582e-19	1.000000e+00	4.561993e-24	2.000000e-02	1.195916e-20	2.000000e-02	9.123986e-26	2.000000e-02	1.195916e-20	2.000000e-02	9.123986e-26	-1.195916e-20	-9.123986e-26	-2.000000e-02	-2.000000e-02	2.000000e-11	2.000000e-13	2.000000e-11	2.000000e-18
5.345703125000010e-09	1.000000e+00	-5.979582e-19	1.000000e+00	4.561993e-24	1.000000e+00	5.979582e-19	1.000000e+00	-4.561993e-24	2.000000e-02	1.195916e-20	2.000000e-02	-9.123986e-26	2.000000e-02	1.195916e-20	2.000000e-02	-9.123986e-26	-1.195916e-20	9.123986e-26	-2.000000e-02	-2.000000e-02	2.000000e-11	2.000000e-13	2.000000e-11	2.000000e-18
5.394531250000010e-09	1.000000e+00	-5.979582e-19	1.000000e+00	-4.561993e-24	1.000000e+00	5.979582e-19	1.000000e+00	4.561993e-24	2.000000e-02	1.195916e-20	2.000000e-02	9.123986e-26	2.000000e-02	1.195916e-20	2.000000e-02	9.123986e-26	-1.195916e-20	-9.123986e-26	-2.000000e-02	-2.000000e-02	2.000000e-11	2.000000e-13	2.000000e-11	2.000000e-18
5.443359375000010e-09	1.000000e+00	-5.979582e-19	1.000000e+00	4.561993e-24	1.000000e+00	5.979582e-19	1.000000e+00	-4.561993e-24	2.000000e-02	1.195916e-20	2.000000e-02	-9.123986e-26	2.000000e-02	1.195916e-20	2.000000e-02	-9.123986e-26	-1.195916e-20	9.123986e-26	-2.000000e-02	-2.000000e-02	2.000000e-11	2.000000e-13	2.000000e-11	2.000000e-18
5.492187500000011e-09	1.000000e+00	-5.979582e-19	1.000000e+00	-4.561993e-24	1.000000e+00	5.979582e-19	1.000000e+00	4.561993e-24	2.000000e-02	1.195916e-20	2.000000e-02	9.123986e-26	2.000000e-02	1.195916e-20	2.000000e-02	9.123986e-26	-1.195916e-20	-9.123986e-26	-2.000000e-02	-2.000000e-02	2.000000e-11	2.000000e-13	2.000000e-11	2.000000e-18
5.541015625000011e-09	1.000000e+00	-5.979582e-19	1.000000e+00	4.561993e-24	1.000000e+00	5.979582e-19	1.000000e+00	-4.561993e-24	2.000000e-02	1.195916e-20	2.000000e-02	-9.123986e-26	2.000000e-02	1.195916e-20	2.000000e-02	-9.123986e-26	-1.195916e-20	9.123986e-26	-2.000000e-02	-2.000000e-02	2.000000e-11	2.000000e-13	2.000000e-11	2.000000e-18
5.589843750000011e-09	1.000000e+00	-5.979582e-19	1.000000e+00	-4.561993e-24	1.000000e+00	5.979582e-19	1.000000e+00	4.561993e-24	2.000000e-02	1.195916e-20	2.000000e-02	9.123986e-26	2.000000e-02	1.195916e-20	2.000000e-02	9.123986e-26	-1.195916e-20	-9.123986e-26	-2.000000e-02	-2.000000e-02	2.000000e-11	2.000000e-13	2.000000e-11	2.000000e-18
5.638671875000012e-09	1.000000e+00	-5.979582e-19	1.000000e+00	4.561993e-24	1.000000e+00	5.979582e-19	1.000000e+00	-4.561993e-24	2.000000e-02	1.195916e-20	2.000000e-02	-9.123986e-26	2.000000e-02	1.195916e-20	2.000000e-02	-9.123986e-26	-1.195916e-20	9.123986e-26	-2.000000e-02	-2.000000e-02	2.000000e-11	2.000000e-13	2.000000e-11	2.000000e-18
5.687500000000012e-09	1.000000e+00	-5.979582e-19	1.000000e+00	-4.561993e-24	1.000000e+00	5.979582e-19	1.000000e+00	4.561993e-24	2.000000e-02	1.195916e-20	2.000000e-02	9.123986e-26	2.000000e-02	1.195916e-20	2.000000e-02	9.123986e-26	-1.195916e-20	-9.123986e-26	-2.000000e-02	-2.000000e-02	2.000000e-11	2.000000e-13	2.000000e-11	2.000000e-18
5.736328125000012e-09	1.000000e+00	-5.979582e-19	1.000000e+00	4.561993e-24	1.000000e+00	5.979582e-19	1.000000e+00	-4.561993e-24	2.000000e-02	1.195916e-20	2.000000e-02	-9.123986e-26	2.000000e-02	1.195916e-20	2.000000e-02	-9.123986e-26	-1.195916e-20	9.123986e-26	-2.000000e-02	-2.000000e-02	2.000000e-11	2.000000e-13	2.000000e-11	2.000000e-18
5.785156250000013e-09	1.000000e+00	-5.979582e-19	1.000000e+00	-4.561993e-24	1.000000e+00	5.979582e-19	1.000000e+00	4.561993e-24	2.000000e-02	1.195916e-20	2.000000e-02	9.123986e-26	2.000000e-02	1.195916e-20	2.000000e-02	9.123986e-26	-1.195916e-20	-9.123986e-26	-2.000000e-02	-2.000000e-02	2.000000e-11	2.000000e-13	2.000000e-11	2.000000e-18
5.833984375000013e-09	1.000000e+00	-5.979582e-19	1.000000e+00	4.561993e-24	1.000000e+00	5.979582e-19	1.000000e+00	-4.561993e-24	2.000000e-02	1.195916e-20	2.000000e-02	-9.123986e-26	2.000000e-02	1.195916e-20	2.000000e-02	-9.123986e-26	-1.195916e-20	9.123986e-26	-2.000000e-02	-2.000000e-02	2.000000e-11	2.000000e-13	2.000000e-11	2.000000e-18
5.882812500000013e-09	1.000000e+00	-5.979582e-19	1.000000e+00	-4.561993e-24	1.000000e+00	5.979582e-19	1.000000e+00	4.561993e-24	2.000000e-02	1.195916e-20	2.000000e-02	9.123986e-26	2.000000e-02	1.195916e-20	2.000000e-02	9.123986e-26	-1.195916e-20	-9.123986e-26	-2.000000e-02	-2.000000e-02	2.000000e-11	2.000000e-13	2.000000e-11	2.000000e-18
5.931640625000014e-09	1.000000e+00	-5.979582e-19	1.000000e+00	4.561993e-24	1.000000e+00	5.979582e-19	1.000000e+00	-4.561993e-24	2.000000e-02	1.195916e-20	2.000000e-02	-9.123986e-26	2.000000e-02	1.195916e-20	2.000000e-02	-9.123986e-26	-1.195916e-20	9.123986e-26	-2.000000e-02	-2.000000e-02	2.000000e-11	2.000000e-13	2.000000e-11	2.000000e-18
5.980468750000014e-09	1.000000e+00	-5.979582e-19	1.000000e+00	-4.561993e-24	1.000000e+00	5.979582e-19	1.000000e+00	4.561993e-24	2.000000e-02	1.195916e-20	2.000000e-02	9.123986e-26	2.000000e-02	1.195916e-20	2.000000e-02	9.123986e-26	-1.195916e-20	-9.123986e-26	-2.000000e-02	-2.000000e-02	2.000000e-11	2.000000e-13	2.000000e-11	2.000000e-18
6.000000000000000e-09	1.000000e+00	0.000000e+00	1.000000e+00	1.323489e-23	1.000000e+00	0.000000e+00	1.000000e+00	-1.323489e-23	2.000000e-02	0.000000e+00	2.000000e-02	-2.067952e-25	2.000000e-02	0.000000e+00	2.000000e-02	-2.067952e-25	0.000000e+00	2.067952e-25	-2.000000e-02	-2.000000e-02	2.000000e-11	2.000000e-13	2.000000e-11	2.000000e-18
6.048828125000000e-09	9.511719e-01	-7.412253e-05	9.511719e-01	-7.412146e-10	9.726750e-01	7.412253e-05	9.726754e-01	7.412146e-10	1.945350e-02	1.482451e-06	1.945351e-02	1.482429e-11	1.945350e-02	1.482451e-06	1.945351e-02	1.482429e-11	-1.482451e-06	-1.482429e-11	-1.945350e-02	-1.945351e-02	1.947502e-11	1.963807e-13	1.947501e-11	1.963808e-18
6.097656250000001e-09	9.023438e-01	-1.145942e-04	9.023438e-01	-1.145952e-09	9.222305e-01	1.145942e-04	9.222307e-01	1.145952e-09	1.844461e-02	2.291884e-06	1.844461e-02	2.291904e-11	1.844461e-02	2.291884e-06	1.844461e-02	2.291904e-11	-2.291884e-06	-2.291904e-11	-1.844461e-02	-1.844461e-02	1.846452e-11	1.871661e-13	1.846450e-11	1.871661e-18
6.146484375000001e-09	8.535156e-01	-9.411088e-05	8.535156e-01	-9.411135e-10	8.735242e-01	9.411088e-05	8.735241e-01	9.411135e-10	1.747048e-02	1.882218e-06	1.747048e-02	1.882227e-11	1.747048e-02	1.882218e-06	1.747048e-02	1.882227e-11	-1.882218e-06	-1.882227e-11	-1.747048e-02	-1.747048e-02	1.749051e-11	1.769754e-13	1.749049e-11	1.769754e-18
6.195312500000001e-09	8.046875e-01	-1.022582e-04	8.046875e-01	-1.022576e-09	8.246868e-01	1.022582e-04	8.246869e-01	1.022576e-09	1.649374e-02	2.045165e-06	1.649374e-02	2.045152e-11	1.649374e-02	2.045165e-06	1.649374e-02	2.045152e-11	-2.045165e-06	-2.045152e-11	-1.649374e-02	-1.649374e-02	1.651376e-11	1.673870e-13	1.651374e-11	1.673870e-18
6.244140625000002e-09	7.558594e-01	-9.914240e-05	7.558594e-01	-9.914284e-10	7.758594e-01	9.914240e-05	7.758594e-01	9.914284e-10	1.551719e-02	1.982848e-06	1.551719e-02	1.982857e-11	1.551719e-02	1.982848e-06	1.551719e-02	1.982857e-11	-1.982848e-06	-1.982857e-11	-1.551719e-02	-1.551719e-02	1.553721e-11	1.575530e-13	1.553719e-11	1.575530e-18
6.292968750000002e-09	7.070312e-01	-1.003251e-04	7.070312e-01	-1.003248e-09	7.270312e-01	1.003251e-04	7.270312e-01	1.003248e-09	1.454062e-02	2.006501e-06	1.454062e-02	2.006497e-11	1.454062e-02	2.006501e-06	1.454062e-02	2.006497e-11	-2.006501e-06	-2.006497e-11	-1.454062e-02	-1.454062e-02	1.456065e-11	1.478134e-13	1.456063e-11	1.478134e-18
6.341796875000002e-09	6.582031e-01	-9.987683e-05	6.582031e-01	-9.987695e-10	6.782031e-01	9.987683e-05	6.782031e-01	9.987695e-10	1.356406e-02	1.997537e-06	1.356406e-02	1.997539e-11	1.356406e-02	1.997537e-06	1.356406e-02	1.997539e-11	-1.997537e-06	-1.997539e-11	-1.356406e-02	-1.356406e-02	1.358408e-11	1.380379e-13	1.358406e-11	1.380379e-18
6.390625000000003e-09	6.093750e-01	-1.000467e-04	6.093750e-01	-1.000466e-09	6.293750e-01	1.000467e-04	6.293750e-01	1.000466e-09	1.258750e-02	2.000933e-06	1.258750e-02	2.000932e-11	1.258750e-02	2.000933e-06	1.258750e-02	2.000932e-11	-2.000933e-06	-2.000932e-11	-1.258750e-02	-1.258750e-02	1.260752e-11	1.282760e-13	1.260750e-11	1.282760e-18
6.439453125000003e-09	5.605469e-01	-9.998232e-05	5.605469e-01	-9.998234e-10	5.805469e-01	9.998232e-05	5.805469e-01	9.998234e-10	1.161094e-02	1.999646e-06	1.161094e-02	1.999647e-11	1.161094e-02	1.999646e-06	1.161094e-02	1.999647e-11	-1.999646e-06	-1.999647e-11	-1.161094e-02	-1.161094e-02	1.163096e-11	1.185090e-13	1.163094e-11	1.185090e-18
6.488281250000004e-09	5.117188e-01	-1.000067e-04	5.117188e-01	-1.000067e-09	5.317187e-01	1.000067e-04	5.317187e-01	1.000067e-09	1.063437e-02	2.000134e-06	1.063437e-02	2.000134e-11	1.063437e-02	2.000134e-06	1.063437e-02	2.000134e-11	-2.000134e-06	-2.000134e-11	-1.063437e-02	-1.063437e-02	1.065440e-11	1.087439e-13	1.065437e-11	1.087439e-18
6.537109375000004e-09	4.628906e-01	-9.999747e-05	4.628906e-01	-9.999747e-10	4.828906e-01	9.999747e-05	4.828906e-01	9.999747e-10	9.657812e-03	1.999949e-06	9.657812e-03	1.999949e-11	9.657812e-03	1.999949e-06	9.657812e-03	1.999949e-11	-1.999949e-06	-1.999949e-11	-9.657812e-03	-9.657812e-03	9.677835e-12	9.897807e-14	9.677812e-12	9.897806e-19
6.585937500000004e-09	4.140625e-01	-1.000010e-04	4.140625e-01	-1.000010e-09	4.340625e-01	1.000010e-04	4.340625e-01	1.000010e-09	8.681250e-03	2.000019e-06	8.681250e-03	2.000019e-11	8.681250e-03	2.000019e-06	8.681250e-03	2.000019e-11	-2.000019e-06	-2.000019e-11	-8.681250e-03	-8.681250e-03	8.701272e-12	8.921252e-14	8.701250e-12	8.921253e-19
6.634765625000005e-09	3.652344e-01	-9.999963e-05	3.652344e-01	-9.999964e-10	3.852344e-01	9.999963e-05	3.852344e-01	9.999964e-10	7.704687e-03	1.999993e-06	7.704687e-03	1.999993e-11	7.704687e-03	1.999993e-06	7.704687e-03	1.999993e-11	-1.999993e-06	-1.999993e-11	-7.704687e-03	-7.704687e-03	7.724710e-12	7.944687e-14	7.724687e-12	7.944687e-19
6.683593750000005e-09	3.164062e-01	-1.000001e-04	3.164062e-01	-1.000001e-09	3.364063e-01	1.000001e-04	3.364063e-01	1.000001e-09	6.728125e-03	2.000003e-06	6.728125e-03	2.000003e-11	6.728125e-03	2.000003e-06	6.728125e-03	2.000003e-11	-2.000003e-06	-2.000003e-11	-6.728125e-03	-6.728125e-03	6.748147e-12	6.968125e-14	6.748125e-12	6.968126e-19
6.732421875000005e-09	2.675781e-01	-9.999995e-05	2.675781e-01	-9.999995e-10	2.875781e-01	9.999995e-05	2.875781e-01	9.999995e-10	5.751562e-03	1.999999e-06	5.751562e-03	1.999999e-11	5.751562e-03	1.999999e-06	5.751562e-03	1.999999e-11	-1.999999e-06	-1.999999e-11	-5.751562e-03	-5.751562e-03	5.771585e-12	5.991562e-14	5.771562e-12	5.991562e-19
6.781250000000006e-09	2.187500e-01	-1.000000e-04	2.187500e-01	-1.000000e-09	2.387500e-01	1.000000e-04	2.387500e-01	1.000000e-09	4.775000e-03	2.000000e-06	4.775000e-03	2.000000e-11	4.775000e-03	2.000000e-06	4.775000e-03	2.000000e-11	-2.000000e-06	-2.000000e-11	-4.775000e-03	-4.775000e-03	4.795022e-12	5.015000e-14	4.795000e-12	5.015000e-19
6.830078125000006e-09	1.699219e-01	-9.999999e-05	1.699219e-01	-1.000000e-09	1.899219e-01	9.999999e-05	1.899219e-01	1.000000e-09	3.798438e-03	2.000000e-06	3.798438e-03	2.000000e-11	3.798438e-03	2.000000e-06	3.798438e-03	2.000000e-11	-2.000000e-06	-2.000000e-11	-3.798438e-03	-3.798438e-03	3.818459e-12	4.038438e-14	3.818437e-12	4.038437e-19
6.878906250000006e-09	1.210938e-01	-1.000000e-04	1.210938e-01	-1.000000e-09	1.410937e-01	1.000000e-04	1.410937e-01	1.000000e-09	2.821875e-03	2.000000e-06	2.821875e-03	2.000000e-11	2.821875e-03	2.000000e-06	2.821875e-03	2.000000e-11	-2.000000e-06	-2.000000e-11	-2.821875e-03	-2.821875e-03	2.841897e-12	3.061875e-14	2.841875e-12	3.061875e-19
6.927734375000007e-09	7.226562e-02	-1.000000e-04	7.226562e-02	-1.000000e-09	9.226563e-02	1.000000e-04	9.226563e-02	1.000000e-09	1.845313e-03	2.000000e-06	1.845313e-03	2.000000e-11	1.845313e-03	2.000000e-06	1.845313e-03	2.000000e-11	-2.000000e-06	-2.000000e-11	-1.845313e-03	-1.845313e-03	1.865334e-12	2.085312e-14	1.865313e-12	2.085313e-19
6.976562500000007e-09	2.343750e-02	-1.000000e-04	2.343750e-02	-1.000000e-09	4.343750e-02	1.000000e-04	4.343750e-02	1.000000e-09	8.687500e-04	2.000000e-06	8.687500e-04	2.000000e-11	8.687500e-04	2.000000e-06	8.687500e-04	2.000000e-11	-2.000000e-06	-2.000000e-11	-8.687500e-04	-8.687500e-04	8.887720e-13	1.108750e-14	8.887500e-13	1.108750e-19
7.000000000000000e-09	0.000000e+00	-1.000000e-04	0.000000e+00	-1.000000e-09	2.000000e-02	1.000000e-04	2.000000e-02	1.000000e-09	4.000000e-04	2.000000e-06	4.000000e-04	2.000000e-11	4.000000e-04	2.000000e-06	4.000000e-04	2.000000e-11	-2.000000e-06	-2.000000e-11	-4.000000e-04	-4.000000e-04	4.200220e-13	6.400000e-15	4.200000e-13	6.400000e-20
7.019765487400768e-09	0.000000e+00	-6.971015e-05	0.000000e+00	-6.971123e-10	7.199872e-03	6.971015e-05	7.199656e-03	6.971123e-10	1.439974e-04	1.394203e-06	1.439931e-04	1.394225e-11	1.439974e-04	1.394203e-06	1.439931e-04	1.394225e-11	-1.394203e-06	-1.394225e-11	-1.439974e-04	-1.439931e-04	1.512126e-13	3.045596e-15	1.511928e-13	3.045575e-20
7.032289797419253e-09	0.000000e+00	-3.925074e-05	0.000000e+00	-3.925193e-10	3.892476e-03	3.925074e-05	3.892114e-03	3.925193e-10	7.784952e-05	7.850148e-07	7.784228e-05	7.850386e-12	7.784952e-05	7.850148e-07	7.784228e-05	7.850386e-12	-7.850148e-07	-7.850386e-12	-7.784952e-05	-7.784228e-05	8.175064e-14	1.680936e-15	8.173439e-14	1.680886e-20
7.039158769738090e-09	0.000000e+00	-2.853150e-05	0.000000e+00	-2.853209e-10	2.798328e-03	2.853150e-05	2.797971e-03	2.853209e-10	5.596656e-05	5.706301e-07	5.595942e-05	5.706418e-12	5.596656e-05	5.706301e-07	5.595942e-05	5.706418e-12	-5.706301e-07	-5.706418e-12	-5.596656e-05	-5.595942e-05	5.877116e-14	1.215342e-15	5.875739e-14	1.215280e-20
7.048228611573106e-09	0.000000e+00	-1.859128e-05	0.000000e+00	-1.859124e-10	1.804465e-03	1.859128e-05	1.804149e-03	1.859124e-10	3.608931e-05	3.718255e-07	3.608299e-05	3.718248e-12	3.608931e-05	3.718255e-07	3.608299e-05	3.718248e-12	-3.718255e-07	-3.718248e-12	-3.608931e-05	-3.608299e-05	3.789786e-14	7.879458e-16	3.788714e-14	7.878787e-21
7.057831981268787e-09	0.000000e+00	-1.175499e-05	0.000000e+00	-1.175458e-10	1.132903e-03	1.175499e-05	1.132646e-03	1.175458e-10	2.265806e-05	2.350998e-07	2.265292e-05	2.350917e-12	2.265806e-05	2.350998e-07	2.265292e-05	2.350917e-12	-2.350998e-07	-2.350917e-12	-2.265806e-05	-2.265292e-05	2.379355e-14	4.965194e-16	2.378557e-14	4.964565e-21
7.067486721582702e-09	0.000000e+00	-7.393696e-06	0.000000e+00	-7.393147e-11	7.094403e-04	7.393696e-06	7.092425e-04	7.393147e-11	1.418881e-05	1.478739e-07	1.418485e-05	1.478630e-12	1.418881e-05	1.478739e-07	1.418485e-05	1.478630e-12	-1.478739e-07	-1.478630e-12	-1.418881e-05	-1.418485e-05	1.489987e-14	3.116438e-16	1.489409e-14	3.115902e-21
7.077666158712004e-09	0.000000e+00	-4.522177e-06	0.000000e+00	-4.521630e-11	4.326619e-04	4.522177e-06	4.325170e-04	4.521630e-11	8.653237e-06	9.044354e-08	8.650341e-06	9.043260e-13	8.653237e-06	9.044354e-08	8.650341e-06	9.043260e-13	-9.044354e-08	-9.043260e-13	-8.653237e-06	-8.650341e-06	9.086894e-15	1.903469e-16	9.082857e-15	1.903044e-21
7.087459717435405e-09	0.000000e+00	-2.816841e-06	0.000000e+00	-2.816365e-11	2.690537e-04	2.816841e-06	2.689492e-04	2.816365e-11	5.381075e-06	5.633682e-08	5.378983e-06	5.632730e-13	5.381075e-06	5.633682e-08	5.378983e-06	5.632730e-13	-5.633682e-08	-5.632730e-13	-5.381075e-06	-5.378983e-06	5.650748e-15	1.184718e-16	5.647932e-15	1.184393e-21
7.097926154415857e-09	0.000000e+00	-1.694948e-06	0.000000e+00	-1.694570e-11	1.617170e-04	1.694948e-06	1.616448e-04	1.694570e-11	3.234341e-06	3.389896e-08	3.232895e-06	3.389140e-13	3.234341e-06	3.389896e-08	3.232895e-06	3.389140e-13	-3.389896e-08	-3.389140e-13	-3.234341e-06	-3.232895e-06	3.396430e-15	7.124943e-17	3.394540e-15	7.122594e-22
7.110611052795893e-09	0.000000e+00	-9.094018e-07	0.000000e+00	-9.091356e-12	8.669846e-05	9.094018e-07	8.665341e-05	9.091356e-12	1.733969e-06	1.818804e-08	1.733068e-06	1.818271e-13	1.733969e-06	1.818804e-08	1.733068e-06	1.818271e-13	-1.818804e-08	-1.818271e-13	-1.733969e-06	-1.733068e-06	1.820868e-15	3.821352e-17	1.819722e-15	3.819820e-22
7.125670846727650e-09	0.000000e+00	-4.296094e-07	0.000000e+00	-4.294458e-12	4.093750e-05	4.296094e-07	4.091253e-05	4.294458e-12	8.187501e-07	8.592189e-09	8.182507e-07	8.588915e-14	8.187501e-07	8.592189e-09	8.182507e-07	8.588915e-14	-8.592189e-09	-8.588915e-14	-8.187501e-07	-8.182507e-07	8.597821e-16	1.804828e-17	8.591632e-16	1.803944e-22
7.144262763046616e-09	0.000000e+00	-1.660292e-07	0.000000e+00	-1.659461e-12	1.581704e-05	1.660292e-07	1.580547e-05	1.659461e-12	3.163407e-07	3.320584e-09	3.161095e-07	3.318922e-14	3.163407e-07	3.320584e-09	3.161095e-07	3.318922e-14	-3.320584e-09	-3.318922e-14	-3.163407e-07	-3.161095e-07	3.321943e-16	6.974219e-18	3.319150e-16	6.969963e-23
7.167336958203328e-09	0.000000e+00	-4.829890e-08	0.000000e+00	-4.826639e-13	4.600932e-06	4.829890e-08	4.596773e-06	4.826639e-13	9.201863e-08	9.659780e-10	9.193547e-08	9.653279e-15	9.201863e-08	9.659780e-10	9.193547e-08	9.653279e-15	-9.659780e-10	-9.653279e-15	-9.201863e-08	-9.193547e-08	9.663019e-17	2.028772e-18	9.653224e-17	2.027183e-23
7.198257641147836e-09	0.000000e+00	-7.340875e-09	0.000000e+00	-7.333342e-14	6.992968e-07	7.340875e-09	6.984179e-07	7.333342e-14	1.398594e-08	1.468175e-10	1.396836e-08	1.466668e-15	1.398594e-08	1.468175e-10	1.396836e-08	1.466668e-15	-1.468175e-10	-1.466668e-15	-1.398594e-08	-1.396836e-08	1.468685e-17	3.083516e-19	1.466678e-17	3.080013e-24
7.241881657225700e-09	0.000000e+00	1.388154e-10	0.000000e+00	1.390760e-15	-1.322501e-08	-1.388154e-10	-1.324677e-08	-1.390760e-15	-2.645001e-10	-2.776309e-12	-2.649355e-10	-2.781521e-17	-2.645001e-10	-2.776309e-12	-2.649355e-10	-2.781521e-17	2.776309e-12	2.781521e-17	2.645001e-10	2.649355e-10	-2.777557e-19	-5.831191e-21	-2.781822e-19	-5.841495e-26
7.290709782225700e-09	0.000000e+00	-1.042347e-11	0.000000e+00	-1.045064e-16	9.934845e-10	1.042347e-11	9.958437e-10	1.045064e-16	1.986969e-11	2.084693e-13	1.991688e-11	2.090128e-18	1.986969e-11	2.084693e-13	1.991688e-11	2.090128e-18	-2.084693e-13	-2.090128e-18	-1.986969e-11	-1.991688e-11	2.086547e-20	4.379480e-22	2.091272e-20	4.390413e-27
7.339537907225700e-09	0.000000e+00	7.812935e-13	0.000000e+00	7.839051e-18	-7.463224e-11	-7.812935e-13	-7.486388e-11	-7.839051e-18	-1.492645e-12	-1.562587e-14	-1.497278e-12	-1.567810e-19	-1.492645e-12	-1.562587e-14	-1.497278e-12	-1.567810e-19	1.562587e-14	1.567810e-19	1.492645e-12	1.497278e-12	-1.567449e-21	-3.286123e-23	-1.572141e-21	-3.296733e-28
7.388366032225701e-09	0.000000e+00	-5.803488e-14	0.000000e+00	-5.827364e-19	5.606512e-12	5.803488e-14	5.627992e-12	5.827364e-19	1.121302e-13	1.160698e-15	1.125598e-13	1.165473e-20	1.121302e-13	1.160698e-15	1.125598e-13	1.165473e-20	-1.160698e-15	-1.165473e-20	-1.121302e-13	-1.125598e-13	1.177495e-22	2.454135e-24	1.181878e-22	2.463898e-29
7.437194157225701e-09	0.000000e+00	4.110692e-15	0.000000e+00	4.131762e-20	-4.211759e-13	-4.110692e-15	-4.230917e-13	-4.131762e-20	-8.423519e-15	-8.221384e-17	-8.461835e-15	-8.263524e-22	-8.423519e-15	-8.221384e-17	-8.461835e-15	-8.263524e-22	8.221384e-17	8.263524e-22	8.423519e-15	8.461835e-15	-8.845599e-24	-1.788822e-25	-8.884926e-24	-1.797480e-30
7.486022282225701e-09	0.000000e+00	-2.144698e-16	0.000000e+00	-2.162814e-21	3.164151e-14	2.144698e-16	3.180648e-14	2.162814e-21	6.328302e-16	4.289397e-18	6.361297e-16	4.325627e-23	6.328302e-16	4.289397e-18	6.361297e-16	4.325627e-23	-4.289397e-18	-4.325627e-23	-6.328302e-16	-6.361297e-16	6.645189e-25	1.136305e-26	6.679362e-25	1.143755e-31
7.534850407225700e-09	0.000000e+00	-1.962808e-17	0.000000e+00	-1.947063e-22	-2.377749e-15	1.962808e-17	-2.391095e-15	1.947063e-22	-4.755497e-17	3.925616e-19	-4.782189e-17	3.894125e-24	-4.755497e-17	3.925616e-19	-4.782189e-17	3.894125e-24	-3.925616e-19	-3.894125e-24	4.755497e-17	4.782189e-17	-4.992840e-26	-6.750939e-29	-5.021299e-26	-7.377607e-34
7.583678532225700e-09	0.000000e+00	1.501501e-17	0.000000e+00	1.499741e-22	1.789182e-16	-1.501501e-17	1.797537e-16	-1.499741e-22	3.578365e-18	-3.003001e-19	3.595074e-18	-2.999482e-24	3.578365e-18	-3.003001e-19	3.595074e-18	-2.999482e-24	3.003001e-19	2.999482e-24	-3.578365e-18	-3.595074e-18	3.753980e-27	-2.927573e-28	3.774828e-27	-2.921948e-33
7.632506657225699e-09	0.000000e+00	-6.258015e-18	0.000000e+00	-6.253709e-23	-1.355347e-17	6.258015e-18	-1.351322e-17	6.253709e-23	-2.710694e-19	1.251603e-19	-2.702645e-19	1.250742e-24	-2.710694e-19	1.251603e-19	-2.702645e-19	1.250742e-24	-1.251603e-19	-1.250742e-24	2.710694e-19	2.702645e-19	-2.832461e-28	1.348301e-28	-2.837777e-28	1.347438e-33
7.681334782225699e-09	0.000000e+00	2.413728e-18	0.000000e+00	2.411844e-23	1.060909e-18	-2.413728e-18	1.015875e-18	-2.411844e-23	2.121817e-20	-4.827456e-20	2.031749e-20	-4.823689e-25	2.121817e-20	-4.827456e-20	2.031749e-20	-4.823689e-25	4.827456e-20	4.823689e-25	-2.121817e-20	-2.031749e-20	2.174806e-29	-5.287923e-29	2.133337e-29	-5.284724e-34
7.730162907225698e-09	0.000000e+00	-9.176966e-19	0.000000e+00	-9.167916e-24	-9.589369e-20	9.176966e-19	-7.636972e-20	9.167916e-24	-1.917874e-21	1.835393e-20	-1.527394e-21	1.833583e-25	-1.917874e-21	1.835393e-20	-1.527394e-21	1.833583e-25	-1.835393e-20	-1.833583e-25	1.917874e-21	1.527394e-21	-1.811874e-30	2.016919e-29	-1.603764e-30	2.015338e-34
7.778991032225698e-09	0.000000e+00	3.479270e-19	0.000000e+00	3.475038e-24	1.334001e-20	-3.479270e-19	5.741196e-21	-3.475038e-24	2.668003e-22	-6.958540e-21	1.148239e-22	-6.950076e-26	2.668003e-22	-6.958540e-21	1.148239e-22	-6.950076e-26	6.958540e-21	6.950076e-26	-2.668003e-22	-1.148239e-22	2.035964e-31	-7.651593e-30	1.205651e-31	-7.643878e-35
7.827819157225697e-09	0.000000e+00	-1.318365e-19	0.000000e+00	-1.316450e-24	-3.326978e-21	1.318365e-19	-4.316020e-22	1.316450e-24	-6.653957e-23	2.636729e-21	-8.632040e-24	2.632901e-26	-6.653957e-23	2.636729e-21	-8.632040e-24	2.632901e-26	-2.636729e-21	-2.632901e-26	6.653957e-23	8.632040e-24	-4.086253e-32	2.899703e-30	-9.063642e-33	2.896100e-35
7.876647282225697e-09	0.000000e+00	4.994995e-20	0.000000e+00	4.986560e-25	1.130741e-21	-4.994995e-20	3.244625e-23	-4.986560e-25	2.261481e-23	-9.989989e-22	6.489251e-25	-9.973121e-27	2.261481e-23	-9.989989e-22	6.489251e-25	-9.973121e-27	9.989989e-22	9.973121e-27	-2.261481e-23	-6.489251e-25	1.275656e-32	-1.098661e-30	6.813714e-34	-1.097036e-35
7.925475407225696e-09	0.000000e+00	-1.892453e-20	0.000000e+00	-1.888809e-25	-4.186545e-22	1.892453e-20	-2.439190e-24	1.888809e-25	-8.373091e-24	3.784906e-22	-4.878381e-26	3.777618e-27	-8.373091e-24	3.784906e-22	-4.878381e-26	3.777618e-27	-3.784906e-22	-3.777618e-27	8.373091e-24	4.878381e-26	-4.628349e-33	4.162517e-31	-5.122300e-35	4.155375e-36
7.974303532225696e-09	0.000000e+00	7.169901e-21	0.000000e+00	7.154398e-26	1.578825e-22	-7.169901e-21	1.833694e-25	-7.154398e-26	3.157651e-24	-1.433980e-22	3.667388e-27	-1.430880e-27	3.157651e-24	-1.433980e-22	3.667388e-27	-1.430880e-27	1.433980e-22	1.430880e-27	-3.157651e-24	-3.667388e-27	1.738155e-33	-1.577047e-31	3.850757e-36	-1.573967e-36
8.023131657225696e-09	0.000000e+00	-2.716445e-21	0.000000e+00	-2.709928e-26	-5.976160e-23	2.716445e-21	-1.378504e-26	2.709928e-26	-1.195232e-24	5.432890e-23	-2.757008e-28	5.419856e-28	-1.195232e-24	5.432890e-23	-2.757008e-28	5.419856e-28	-5.432890e-23	-5.419856e-28	1.195232e-24	2.757008e-28	-6.573757e-34	5.974924e-32	-2.894858e-37	5.961841e-37
8.071959782225695e-09	0.000000e+00	1.029174e-21	0.000000e+00	1.026461e-26	2.263761e-23	-1.029174e-21	1.036311e-27	-1.026461e-26	4.527523e-25	-2.058347e-23	2.072621e-29	-2.052921e-28	4.527523e-25	-2.058347e-23	2.072621e-29	-2.052921e-28	2.058347e-23	2.052921e-28	-4.527523e-25	-2.072621e-29	2.489717e-34	-2.263706e-32	2.176250e-38	-2.258214e-37
8.120787907225695e-09	0.000000e+00	-3.899207e-22	0.000000e+00	-3.888006e-27	-8.576351e-24	3.899207e-22	-7.790672e-29	3.888006e-27	-1.715270e-25	7.798414e-24	-1.558134e-30	7.776012e-29	-1.715270e-25	7.798414e-24	-1.558134e-30	7.776012e-29	-7.798414e-24	-7.776012e-29	1.715270e-25	1.558134e-30	-9.432083e-35	8.576455e-33	-1.636033e-39	8.553613e-38
8.169616032225694e-09	0.000000e+00	1.477284e-22	0.000000e+00	1.472691e-27	3.249280e-24	-1.477284e-22	5.857001e-30	-1.472691e-27	6.498560e-26	-2.954568e-24	1.171400e-31	-2.945381e-29	6.498560e-26	-2.954568e-24	1.171400e-31	-2.945381e-29	2.954568e-24	2.945381e-29	-6.498560e-26	-1.171400e-31	3.573463e-35	-3.249342e-33	1.229934e-40	-3.239919e-38
8.218444157225694e-09	0.000000e+00	-5.596952e-23	0.000000e+00	-5.578226e-28	-1.231046e-24	5.596952e-23	-4.404062e-31	5.578226e-28	-2.462091e-26	1.119390e-24	-8.808123e-33	1.115645e-29	-2.462091e-26	1.119390e-24	-8.808123e-33	1.115645e-29	-1.119390e-24	-1.115645e-29	2.462091e-26	8.808123e-33	-1.353866e-35	1.231071e-33	-9.247169e-42	1.227210e-38
8.267272282225693e-09	0.000000e+00	2.120505e-23	0.000000e+00	2.112908e-28	4.664034e-25	-2.120505e-23	3.314538e-32	-2.112908e-28	9.328068e-27	-4.241010e-25	6.629075e-34	-4.225817e-30	9.328068e-27	-4.241010e-25	6.629075e-34	-4.225817e-30	4.241010e-25	4.225817e-30	-9.328068e-27	-6.629075e-34	5.129360e-36	-4.664132e-34	6.950440e-43	-4.648398e-39
8.316100407225693e-09	0.000000e+00	-8.033909e-24	0.000000e+00	-8.003229e-29	-1.767052e-25	8.033909e-24	-2.505860e-33	8.003229e-29	-3.534104e-27	1.606782e-25	-5.011721e-35	1.600646e-30	-3.534104e-27	1.606782e-25	-5.011721e-35	1.600646e-30	-1.606782e-25	-1.600646e-30	3.534104e-27	5.011721e-35	-1.943349e-36	1.767089e-34	-5.184804e-44	1.760711e-39
8.364928532225692e-09	0.000000e+00	3.043789e-24	0.000000e+00	3.031446e-29	6.694791e-26	-3.043789e-24	1.937269e-34	-3.031446e-29	1.338958e-27	-6.087579e-26	3.874539e-36	-6.062891e-31	1.338958e-27	-6.087579e-26	3.874539e-36	-6.062891e-31	6.087579e-26	6.062891e-31	-1.338958e-27	-3.874539e-36	7.362723e-37	-6.694931e-35	4.203895e-45	-6.669186e-40
8.413756657225692e-09	0.000000e+00	-1.153194e-24	0.000000e+00	-1.148245e-29	-2.536440e-26	1.153194e-24	-1.658845e-35	1.148245e-29	-5.072881e-28	2.306387e-26	-3.317690e-37	2.296489e-31	-5.072881e-28	2.306387e-26	-3.317690e-37	2.296489e-31	-2.306387e-26	-2.296489e-31	5.072881e-28	3.317690e-37	-2.789499e-37	2.536494e-35	0.000000e+00	2.526135e-40
8.462584782225691e-09	0.000000e+00	4.369079e-25	0.000000e+00	4.349296e-30	9.609756e-27	-4.369079e-25	2.013998e-36	-4.349296e-30	1.921951e-28	-8.738159e-27	4.027997e-38	-8.698592e-32	1.921951e-28	-8.738159e-27	4.027997e-38	-8.698592e-32	8.738159e-27	8.698592e-32	-1.921951e-28	-4.027997e-38	1.056851e-37	-9.609957e-36	0.000000e+00	-9.568486e-41
8.511412907225691e-09	0.000000e+00	-1.655303e-25	0.000000e+00	-1.647417e-30	-3.640827e-27	1.655303e-25	-4.419046e-37	1.647417e-30	-7.281653e-29	3.310607e-27	-8.838093e-39	3.294834e-32	-7.281653e-29	3.310607e-27	-8.838093e-39	3.294834e-32	-3.310607e-27	-3.294834e-32	7.281653e-29	8.838093e-39	-4.004068e-38	3.640903e-36	0.000000e+00	3.624318e-41
8.560241032225690e-09	0.000000e+00	6.271411e-26	0.000000e+00	6.240051e-31	1.379392e-27	-6.271411e-26	1.432556e-37	-6.240051e-31	2.758784e-29	-1.254282e-27	2.865112e-39	-1.248010e-32	2.758784e-29	-1.254282e-27	2.865112e-39	-1.248010e-32	1.254282e-27	1.248010e-32	-2.758784e-29	-2.865112e-39	1.517013e-38	-1.379421e-36	0.000000e+00	-1.372852e-41
8.609069157225690e-09	0.000000e+00	-2.376035e-26	0.000000e+00	-2.363593e-31	-5.226071e-28	2.376035e-26	-5.244819e-38	2.363593e-31	-1.045214e-29	4.752071e-28	-1.048964e-39	4.727186e-33	-1.045214e-29	4.752071e-28	-1.048964e-39	4.727186e-33	-4.752071e-28	-4.727186e-33	1.045214e-29	1.048964e-39	-5.747472e-39	5.226181e-37	0.000000e+00	5.200219e-42
8.657897282225689e-09	0.000000e+00	9.002033e-27	0.000000e+00	8.952767e-32	1.979990e-28	-9.002033e-27	1.972985e-38	-8.952767e-32	3.959980e-30	-1.800406e-28	3.945972e-40	-1.790553e-33	3.959980e-30	-1.800406e-28	3.945972e-40	-1.790553e-33	1.800406e-28	1.790553e-33	-3.959980e-30	-3.945972e-40	2.177532e-39	-1.980031e-37	0.000000e+00	-1.970226e-42
8.706725407225689e-09	0.000000e+00	-3.410580e-27	0.000000e+00	-3.391110e-32	-7.501543e-29	3.410580e-27	-7.462979e-39	3.391110e-32	-1.500309e-30	6.821160e-29	-1.492593e-40	6.782219e-34	-1.500309e-30	6.821160e-29	-1.492593e-40	6.782219e-34	-6.821160e-29	-6.782219e-34	1.500309e-30	1.492593e-40	-8.249963e-40	7.501701e-38	0.000000e+00	7.454908e-43
8.755553532225688e-09	0.000000e+00	1.292159e-27	0.000000e+00	1.284477e-32	2.842093e-29	-1.292159e-27	2.826041e-39	-1.284477e-32	5.684186e-31	-2.584318e-29	5.652137e-41	-2.568955e-34	5.684186e-31	-2.584318e-29	5.652137e-41	-2.568955e-34	2.584318e-29	2.568955e-34	-5.684186e-31	-5.652137e-41	3.125652e-40	-2.842153e-38	0.000000e+00	-2.830623e-43
8.804381657225688e-09	0.000000e+00	-4.895573e-28	0.000000e+00	-4.865315e-33	-1.076778e-29	4.895573e-28	-1.070383e-39	4.865315e-33	-2.153555e-31	9.791147e-30	-2.140764e-41	9.730631e-35	-2.153555e-31	9.791147e-30	-2.140764e-41	9.730631e-35	-9.791147e-30	-9.730631e-35	2.153555e-31	2.140764e-41	-1.184209e-40	1.076800e-38	0.000000e+00	1.064987e-43
8.853209782225688e-09	0.000000e+00	1.854775e-28	0.000000e+00	1.842874e-33	4.079563e-30	-1.854775e-28	4.054335e-40	-1.842874e-33	8.159126e-32	-3.709550e-30	8.109314e-42	-3.685747e-35	8.159126e-32	-3.709550e-30	8.109314e-42	-3.685747e-35	3.709550e-30	3.685747e-35	-8.159126e-32	-8.109314e-42	4.486537e-41	-4.079648e-39	0.000000e+00	-4.063766e-44
8.902037907225687e-09	0.000000e+00	-7.027145e-29	0.000000e+00	-6.980397e-34	-1.545615e-30	7.027145e-29	-1.535683e-40	6.980397e-34	-3.091230e-32	1.405429e-30	-3.071646e-42	1.396079e-35	-3.091230e-32	1.405429e-30	-3.071646e-42	1.396079e-35	-1.405429e-30	-1.396079e-35	3.091230e-32	3.071646e-42	-1.699775e-41	1.545648e-39	0.000000e+00	1.541428e-44
8.950866032225687e-09	0.000000e+00	2.662359e-29	0.000000e+00	2.644020e-34	5.855837e-31	-2.662359e-29	5.816790e-41	-2.644020e-34	1.171167e-32	-5.324718e-31	1.163078e-42	-5.288040e-36	1.171167e-32	-5.324718e-31	1.163078e-42	-5.288040e-36	5.324718e-31	5.288040e-36	-1.171167e-32	-1.163078e-42	6.440368e-42	-5.855956e-40	0.000000e+00	-5.605194e-45
8.999694157225686e-09	0.000000e+00	-1.008682e-29	0.000000e+00	-1.001496e-34	-2.218588e-31	1.008682e-29	-2.203262e-41	1.001496e-34	-4.437176e-33	2.017364e-31	-4.400077e-43	2.002992e-36	-4.437176e-33	2.017364e-31	-4.400077e-43	2.002992e-36	-2.017364e-31	-2.002992e-36	4.437176e-33	4.400077e-43	-2.439661e-42	2.218634e-40	0.000000e+00	2.802597e-45
9.048522282225686e-09	0.000000e+00	3.821571e-30	0.000000e+00	3.793446e-35	8.405515e-32	-3.821571e-30	8.346134e-42	-3.793446e-35	1.681103e-33	-7.643141e-32	1.667545e-43	-7.586892e-37	1.681103e-33	-7.643141e-32	1.667545e-43	-7.586892e-37	7.643141e-32	7.586892e-37	-1.681103e-33	-1.667545e-43	9.248570e-43	-8.405689e-41	0.000000e+00	-1.401298e-45
9.097350407225685e-09	0.000000e+00	-1.447870e-30	0.000000e+00	-1.436873e-35	-3.184578e-32	1.447870e-30	-3.161329e-42	1.436873e-35	-6.369157e-34	2.895740e-32	-6.305843e-44	2.873746e-37	-6.369157e-34	2.895740e-32	-6.305843e-44	2.873746e-37	-2.895740e-32	-2.873746e-37	6.369157e-34	6.305843e-44	-3.503246e-43	3.184591e-41	0.000000e+00	0.000000e+00
9.146178532225685e-09	0.000000e+00	5.485513e-31	0.000000e+00	5.442557e-36	1.206534e-32	-5.485513e-31	1.196709e-42	-5.442557e-36	2.413068e-34	-1.097103e-32	2.382207e-44	-1.088511e-37	2.413068e-34	-1.097103e-32	2.382207e-44	-1.088511e-37	1.097103e-32	1.088511e-37	-2.413068e-34	-2.382207e-44	1.331234e-43	-1.206518e-41	0.000000e+00	0.000000e+00
9.195006657225684e-09	0.000000e+00	-2.078284e-31	0.000000e+00	-2.061520e-36	-4.571169e-33	2.078284e-31	-4.540207e-43	2.061520e-36	-9.142338e-35	4.156568e-33	-8.407791e-45	4.123040e-38	-9.142338e-35	4.156568e-33	-8.407791e-45	4.123040e-38	-4.156568e-33	-4.123040e-38	9.142338e-35	8.407791e-45	-5.044674e-44	4.571036e-42	0.000000e+00	0.000000e+00
9.243834782225684e-09	0.000000e+00	7.873948e-32	0.000000e+00	7.808582e-37	1.731869e-33	-7.873948e-32	1.723597e-43	-7.808582e-37	3.463737e-35	-1.574790e-33	2.802597e-45	-1.561716e-38	3.463737e-35	-1.574790e-33	2.802597e-45	-1.561716e-38	1.574790e-33	1.561716e-38	-3.463737e-35	-2.802597e-45	1.961818e-44	-1.732005e-42	0.000000e+00	0.000000e+00
9.292662907225683e-09	0.000000e+00	-2.983185e-32	0.000000e+00	-2.957718e-37	-6.561492e-34	2.983185e-32	-6.445973e-44	2.957718e-37	-1.312298e-35	5.966370e-34	-1.401298e-45	5.915436e-39	-1.312298e-35	5.966370e-34	-1.401298e-45	5.915436e-39	-5.966370e-34	-5.915436e-39	1.312298e-35	1.401298e-45	-7.006492e-45	6.558077e-43	0.000000e+00	0.000000e+00
9.341491032225683e-09	0.000000e+00	1.130233e-32	0.000000e+00	1.120318e-37	2.485938e-34	-1.130233e-32	2.522337e-44	-1.120318e-37	4.971876e-36	-2.260466e-34	0.000000e+00	-2.240636e-39	4.971876e-36	-2.260466e-34	0.000000e+00	-2.240636e-39	2.260466e-34	2.240636e-39	-4.971876e-36	0.000000e+00	2.802597e-45	-2.480298e-43	0.000000e+00	0.000000e+00
9.390319157225682e-09	0.000000e+00	-4.282088e-33	0.000000e+00	-4.243517e-38	-9.418418e-35	4.282088e-33	-9.809089e-45	4.243517e-38	-1.883683e-36	8.564175e-35	0.000000e+00	8.487034e-40	-1.883683e-36	8.564175e-35	0.000000e+00	8.487034e-40	-8.564175e-35	-8.487034e-40	1.883683e-36	0.000000e+00	-1.401298e-45	9.388700e-44	0.000000e+00	0.000000e+00
9.439147282225682e-09	0.000000e+00	1.622345e-33	0.000000e+00	1.607350e-38	3.568335e-35	-1.622345e-33	4.203895e-45	-1.607350e-38	7.136670e-37	-3.244690e-35	0.000000e+00	-3.214705e-40	7.136670e-37	-3.244690e-35	0.000000e+00	-3.214705e-40	3.244690e-35	3.214705e-40	-7.136670e-37	0.000000e+00	0.000000e+00	-3.503246e-44	0.000000e+00	0.000000e+00
9.487975407225681e-09	0.000000e+00	-6.146542e-34	0.000000e+00	-6.088286e-39	-1.351927e-35	6.146542e-34	-1.401298e-45	6.088286e-39	-2.703854e-37	1.229309e-35	0.000000e+00	1.217658e-40	-2.703854e-37	1.229309e-35	0.000000e+00	1.217658e-40	-1.229309e-35	-1.217658e-40	2.703854e-37	0.000000e+00	0.000000e+00	1.401298e-44	0.000000e+00	0.000000e+00
9.536803532225681e-09	0.000000e+00	2.328727e-34	0.000000e+00	2.306108e-39	5.122016e-36	-2.328727e-34	0.000000e+00	-2.306108e-39	1.024403e-37	-4.657454e-36	0.000000e+00	-4.612234e-41	1.024403e-37	-4.657454e-36	0.000000e+00	-4.612234e-41	4.657454e-36	4.612234e-41	-1.024403e-37	0.000000e+00	0.000000e+00	-5.605194e-45	0.000000e+00	0.000000e+00
9.585631657225681e-09	0.000000e+00	-8.822795e-35	0.000000e+00	-8.735022e-40	-1.940567e-36	8.822795e-35	0.000000e+00	8.735022e-40	-3.881133e-38	1.764559e-36	0.000000e+00	1.746999e-41	-3.881133e-38	1.764559e-36	0.000000e+00	1.746999e-41	-1.764559e-36	-1.746999e-41	3.881133e-38	0.000000e+00	0.000000e+00	1.401298e-45	0.000000e+00	0.000000e+00
9.634459782225680e-09	0.000000e+00	3.342673e-35	0.000000e+00	3.308634e-40	7.352182e-37	-3.342673e-35	0.000000e+00	-3.308634e-40	1.470436e-38	-6.685346e-37	0.000000e+00	-6.616931e-42	1.470436e-38	-6.685346e-37	0.000000e+00	-6.616931e-42	6.685346e-37	6.616931e-42	-1.470436e-38	0.000000e+00	0.000000e+00	-1.401298e-45	0.000000e+00	0.000000e+00
9.683287907225680e-09	0.000000e+00	-1.266431e-35	0.000000e+00	-1.253237e-40	-2.785505e-37	1.266431e-35	0.000000e+00	1.253237e-40	-5.571009e-39	2.532862e-37	0.000000e+00	2.506923e-42	-5.571009e-39	2.532862e-37	0.000000e+00	2.506923e-42	-2.532862e-37	-2.506923e-42	5.571009e-39	0.000000e+00	0.000000e+00	0.000000e+00	0.000000e+00	0.000000e+00
9.732116032225679e-09	0.000000e+00	4.798099e-36	0.000000e+00	4.747039e-41	1.055338e-37	-4.798099e-36	0.000000e+00	-4.747039e-41	2.110676e-39	-9.596197e-38	0.000000e+00	-9.500804e-43	2.110676e-39	-9.596197e-38	0.000000e+00	-9.500804e-43	9.596197e-38	9.500804e-43	-2.110676e-39	0.000000e+00	0.000000e+00	0.000000e+00	0.000000e+00	0.000000e+00
9.780944157225679e-09	0.000000e+00	-1.817845e-36	0.000000e+00	-1.798006e-41	-3.998336e-38	1.817845e-36	0.000000e+00	1.798006e-41	-7.996678e-40	3.635690e-38	0.000000e+00	3.601337e-43	-7.996678e-40	3.635690e-38	0.000000e+00	3.601337e-43	-3.635690e-38	-3.601337e-43	7.996678e-40	0.000000e+00	0.000000e+00	0.000000e+00	0.000000e+00	0.000000e+00
9.829772282225678e-09	0.000000e+00	6.887229e-37	0.000000e+00	6.810311e-42	1.514840e-38	-6.887229e-37	0.000000e+00	-6.810311e-42	3.029677e-40	-1.377446e-38	0.000000e+00	-1.359260e-43	3.029677e-40	-1.377446e-38	0.000000e+00	-1.359260e-43	1.377446e-38	1.359260e-43	-3.029677e-40	0.000000e+00	0.000000e+00	0.000000e+00	0.000000e+00	0.000000e+00
9.878600407225678e-09	0.000000e+00	-2.609349e-37	0.000000e+00	-2.579790e-42	-5.739242e-39	2.609349e-37	0.000000e+00	2.579790e-42	-1.147846e-40	5.218698e-39	0.000000e+00	5.184804e-44	-1.147846e-40	5.218698e-39	0.000000e+00	5.184804e-44	-5.218698e-39	-5.184804e-44	1.147846e-40	0.000000e+00	0.000000e+00	0.000000e+00	0.000000e+00	0.000000e+00
9.927428532225677e-09	0.000000e+00	9.885982e-38	0.000000e+00	9.767050e-43	2.174414e-39	-9.885982e-38	0.000000e+00	-9.767050e-43	4.348790e-41	-1.977197e-39	0.000000e+00	-1.961818e-44	4.348790e-41	-1.977197e-39	0.000000e+00	-1.961818e-44	1.977197e-39	1.961818e-44	-4.348790e-41	0.000000e+00	0.000000e+00	0.000000e+00	0.000000e+00	0.000000e+00
9.976256657225677e-09	0.000000e+00	-3.745480e-38	0.000000e+00	-3.699428e-43	-8.238150e-40	3.745480e-38	0.000000e+00	3.699428e-43	-1.647647e-41	7.490963e-40	0.000000e+00	7.006492e-45	-1.647647e-41	7.490963e-40	0.000000e+00	7.006492e-45	-7.490963e-40	-7.006492e-45	1.647647e-41	0.000000e+00	0.000000e+00	0.000000e+00	0.000000e+00	0.000000e+00
1.000000000000000e-08	0.000000e+00	0.000000e+00	0.000000e+00	0.000000e+00	0.000000e+00	0.000000e+00	0.000000e+00	0.000000e+00	0.000000e+00	0.000000e+00	0.000000e+00	0.000000e+00	0.000000e+00	0.000000e+00	0.000000e+00	0.000000e+00	0.000000e+00	0.000000e+00	0.000000e+00	0.000000e+00	0.000000e+00	0.000000e+00	0.000000e+00	0.000000e+00
1.001254119985026e-08	1.254120e-02	1.669811e-05	1.254120e-02	1.669729e-10	3.343737e-03	-1.669811e-05	3.343602e-03	-1.669729e-10	6.687475e-05	-3.339622e-07	6.687205e-05	-3.339458e-12	6.687475e-05	-3.339622e-07	6.687205e-05	-3.339458e-12	3.339622e-07	3.339458e-12	-6.687475e-05	-6.687205e-05	5.767361e-14	2.094144e-16	5.767445e-14	2.094041e-21
1.002471646898487e-08	2.471647e-02	4.621778e-05	2.471647e-02	4.621645e-10	1.066375e-02	-4.621778e-05	1.066344e-02	-4.621645e-10	2.132751e-04	-9.243557e-07	2.132688e-04	-9.243290e-12	2.132751e-04	-9.243557e-07	2.132688e-04	-9.243290e-12	9.243557e-07	9.243290e-12	-2.132751e-04	-2.132688e-04	1.992122e-13	9.754323e-16	1.992158e-13	9.753958e-21
1.003570705277174e-08	3.570705e-02	6.634956e-05	3.570705e-02	6.634888e-10	1.918750e-02	-6.634956e-05	1.918714e-02	-6.634888e-10	3.837499e-04	-1.326991e-06	3.837429e-04	-1.326978e-11	3.837499e-04	-1.326991e-06	3.837429e-04	-1.326978e-11	1.326991e-06	1.326978e-11	-3.837499e-04	-3.837429e-04	3.672158e-13	2.212613e-15	3.672230e-13	2.212554e-20
1.005076726050693e-08	5.076726e-02	8.328891e-05	5.076726e-02	8.328909e-10	3.241061e-02	-8.328891e-05	3.241031e-02	-8.328909e-10	6.482122e-04	-1.665778e-06	6.482063e-04	-1.665782e-11	6.482122e-04	-1.665778e-06	6.482063e-04	-1.665782e-11	1.665778e-06	1.665782e-11	-6.482122e-04	-6.482063e-04	6.298372e-13	4.466200e-15	6.298493e-13	4.466133e-20
1.007332016563606e-08	7.332017e-02	9.479536e-05	7.332017e-02	9.479596e-10	5.381532e-02	-9.479536e-05	5.381515e-02	-9.479596e-10	1.076306e-03	-1.895907e-06	1.076303e-03	-1.895919e-11	1.076306e-03	-1.895907e-06	1.076303e-03	-1.895919e-11	1.895907e-06	1.895919e-11	-1.076306e-03	-1.076303e-03	1.056781e-12	8.482517e-15	1.056798e-12	8.482468e-20
1.010117204994266e-08	1.011721e-01	9.894772e-05	1.011721e-01	9.894809e-10	8.127236e-02	-9.894772e-05	8.127230e-02	-9.894809e-10	1.625447e-03	-1.978954e-06	1.625446e-03	-1.978962e-11	1.625447e-03	-1.978954e-06	1.625446e-03	-1.978962e-11	1.978954e-06	1.978962e-11	-1.625447e-03	-1.625446e-03	1.605526e-12	1.387863e-14	1.605546e-12	1.387861e-19
1.014308783710353e-08	1.430878e-01	9.999864e-05	1.430878e-01	9.999870e-10	1.230879e-01	-9.999864e-05	1.230879e-01	-9.999870e-10	2.461759e-03	-1.999973e-06	2.461759e-03	-1.999974e-11	2.461759e-03	-1.999973e-06	2.461759e-03	-1.999974e-11	1.999973e-06	1.999974e-11	-2.461759e-03	-2.461759e-03	2.441737e-12	2.221762e-14	2.441759e-12	2.221762e-19
1.019191596210353e-08	1.919160e-01	1.000002e-04	1.919160e-01	1.000002e-09	1.719159e-01	-1.000002e-04	1.719159e-01	-1.000002e-09	3.438319e-03	-2.000004e-06	3.438319e-03	-2.000003e-11	3.438319e-03	-2.000004e-06	3.438319e-03	-2.000003e-11	2.000004e-06	2.000003e-11	-3.438319e-03	-3.438319e-03	3.418297e-12	3.198319e-14	3.418319e-12	3.198319e-19
1.024074408710353e-08	2.407441e-01	9.999996e-05	2.407441e-01	9.999996e-10	2.207441e-01	-9.999996e-05	2.207441e-01	-9.999996e-10	4.414882e-03	-1.999999e-06	4.414882e-03	-1.999999e-11	4.414882e-03	-1.999999e-06	4.414882e-03	-1.999999e-11	1.999999e-06	1.999999e-11	-4.414882e-03	-4.414882e-03	4.394860e-12	4.174882e-14	4.394882e-12	4.174882e-19
1.028957221210353e-08	2.895722e-01	1.000000e-04	2.895722e-01	1.000000e-09	2.695722e-01	-1.000000e-04	2.695722e-01	-1.000000e-09	5.391444e-03	-2.000000e-06	5.391444e-03	-2.000000e-11	5.391444e-03	-2.000000e-06	5.391444e-03	-2.000000e-11	2.000000e-06	2.000000e-11	-5.391444e-03	-5.391444e-03	5.371422e-12	5.151444e-14	5.371444e-12	5.151444e-19
1.033840033710353e-08	3.384003e-01	1.000000e-04	3.384003e-01	1.000000e-09	3.184003e-01	-1.000000e-04	3.184003e-01	-1.000000e-09	6.368007e-03	-2.000000e-06	6.368007e-03	-2.000000e-11	6.368007e-03	-2.000000e-06	6.368007e-03	-2.000000e-11	2.000000e-06	2.000000e-11	-6.368007e-03	-6.368007e-03	6.347985e-12	6.128007e-14	6.348007e-12	6.128007e-19
1.038722846210352e-08	3.872285e-01	1.000000e-04	3.872285e-01	1.000000e-09	3.672284e-01	-1.000000e-04	3.672284e-01	-1.000000e-09	7.344569e-03	-2.000000e-06	7.344569e-03	-2.000000e-11	7.344569e-03	-2.000000e-06	7.344569e-03	-2.000000e-11	2.000000e-06	2.000000e-11	-7.344569e-03	-7.344569e-03	7.324547e-12	7.104569e-14	7.324569e-12	7.104569e-19
1.043605658710352e-08	4.360566e-01	1.000000e-04	4.360566e-01	1.000000e-09	4.160566e-01	-1.000000e-04	4.160566e-01	-1.000000e-09	8.321132e-03	-2.000000e-06	8.321132e-03	-2.000000e-11	8.321132e-03	-2.000000e-06	8.321132e-03	-2.000000e-11	2.000000e-06	2.000000e-11	-8.321132e-03	-8.321132e-03	8.301110e-12	8.081132e-14	8.301131e-12	8.081132e-19
1.048488471210352e-08	4.848847e-01	1.000000e-04	4.848847e-01	1.000000e-09	4.648847e-01	-1.000000e-04	4.648847e-01	-1.000000e-09	9.297694e-03	-2.000000e-06	9.297694e-03	-2.000000e-11	9.297694e-03	-2.000000e-06	9.297694e-03	-2.000000e-11	2.000000e-06	2.000000e-11	-9.297694e-03	-9.297694e-03	9.277672e-12	9.057694e-14	9.277694e-12	9.057694e-19
1.053371283710352e-08	5.337129e-01	1.000000e-04	5.337129e-01	1.000000e-09	5.137128e-01	-1.000000e-04	5.137128e-01	-1.000000e-09	1.027426e-02	-2.000000e-06	1.027426e-02	-2.000000e-11	1.027426e-02	-2.000000e-06	1.027426e-02	-2.000000e-11	2.000000e-06	2.000000e-11	-1.027426e-02	-1.027426e-02	1.025423e-11	1.003426e-13	1.025426e-11	1.003426e-18
1.058254096210352e-08	5.825410e-01	1.000000e-04	5.825410e-01	1.000000e-09	5.625409e-01	-1.000000e-04	5.625409e-01	-1.000000e-09	1.125082e-02	-2.000000e-06	1.125082e-02	-2.000000e-11	1.125082e-02	-2.000000e-06	1.125082e-02	-2.000000e-11	2.000000e-06	2.000000e-11	-1.125082e-02	-1.125082e-02	1.123080e-11	1.101082e-13	1.123082e-11	1.101082e-18
1.063136908710352e-08	6.313691e-01	1.000000e-04	6.313691e-01	1.000000e-09	6.113691e-01	-1.000000e-04	6.113691e-01	-1.000000e-09	1.222738e-02	-2.000000e-06	1.222738e-02	-2.000000e-11	1.222738e-02	-2.000000e-06	1.222738e-02	-2.000000e-11	2.000000e-06	2.000000e-11	-1.222738e-02	-1.222738e-02	1.220736e-11	1.198738e-13	1.220738e-11	1.198738e-18
1.068019721210352e-08	6.801972e-01	1.000000e-04	6.801972e-01	1.000000e-09	6.601972e-01	-1.000000e-04	6.601972e-01	-1.000000e-09	1.320394e-02	-2.000000e-06	1.320394e-02	-2.000000e-11	1.320394e-02	-2.000000e-06	1.320394e-02	-2.000000e-11	2.000000e-06	2.000000e-11	-1.320394e-02	-1.320394e-02	1.318392e-11	1.296394e-13	1.318394e-11	1.296394e-18
1.072902533710352e-08	7.290254e-01	1.000000e-04	7.290254e-01	1.000000e-09	7.090253e-01	-1.000000e-04	7.090253e-01	-1.000000e-09	1.418051e-02	-2.000000e-06	1.418051e-02	-2.000000e-11	1.418051e-02	-2.000000e-06	1.418051e-02	-2.000000e-11	2.000000e-06	2.000000e-11	-1.418051e-02	-1.418051e-02	1.416048e-11	1.394051e-13	1.416051e-11	1.394051e-18
1.077785346210352e-08	7.778535e-01	1.000000e-04	7.778535e-01	1.000000e-09	7.578534e-01	-1.000000e-04	7.578534e-01	-1.000000e-09	1.515707e-02	-2.000000e-06	1.515707e-02	-2.000000e-11	1.515707e-02	-2.000000e-06	1.515707e-02	-2.000000e-11	2.000000e-06	2.000000e-11	-1.515707e-02	-1.515707e-02	1.513705e-11	1.491707e-13	1.513707e-11	1.491707e-18
1.082668158710352e-08	8.266816e-01	1.000000e-04	8.266816e-01	1.000000e-09	8.066816e-01	-1.000000e-04	8.066816e-01	-1.000000e-09	1.613363e-02	-2.000000e-06	1.613363e-02	-2.000000e-11	1.613363e-02	-2.000000e-06	1.613363e-02	-2.000000e-11	2.000000e-06	2.000000e-11	-1.613363e-02	-1.613363e-02	1.611361e-11	1.589363e-13	1.611363e-11	1.589363e-18
1.087550971210352e-08	8.755097e-01	1.000000e-04	8.755097e-01	1.000000e-09	8.555097e-01	-1.000000e-04	8.555097e-01	-1.000000e-09	1.711020e-02	-2.000000e-06	1.711020e-02	-2.000000e-11	1.711020e-02	-2.000000e-06	1.711020e-02	-2.000000e-11	2.000000e-06	2.000000e-11	-1.711020e-02	-1.711020e-02	1.709017e-11	1.687019e-13	1.709019e-11	1.687019e-18
1.092433783710352e-08	9.243379e-01	1.000000e-04	9.243379e-01	1.000000e-09	9.043378e-01	-1.000000e-04	9.043378e-01	-1.000000e-09	1.808676e-02	-2.000000e-06	1.808676e-02	-2.000000e-11	1.808676e-02	-2.000000e-06	1.808676e-02	-2.000000e-11	2.000000e-06	2.000000e-11	-1.808676e-02	-1.808676e-02	1.806674e-11	1.784676e-13	1.806676e-11	1.784676e-18
1.097316596210352e-08	9.731660e-01	1.000000e-04	9.731660e-01	1.000000e-09	9.531659e-01	-1.000000e-04	9.531659e-01	-1.000000e-09	1.906332e-02	-2.000000e-06	1.906332e-02	-2.000000e-11	1.906332e-02	-2.000000e-06	1.906332e-02	-2.000000e-11	2.000000e-06	2.000000e-11	-1.906332e-02	-1.906332e-02	1.904330e-11	1.882332e-13	1.904332e-11	1.882332e-18
1.100000000000000e-08	1.000000e+00	1.000000e-04	1.000000e+00	1.000000e-09	9.800000e-01	-1.000000e-04	9.800000e-01	-1.000000e-09	1.960000e-02	-2.000000e-06	1.960000e-02	-2.000000e-11	1.960000e-02	-2.000000e-06	1.960000e-02	-2.000000e-11	2.000000e-06	2.000000e-11	-1.960000e-02	-1.960000e-02	1.957998e-11	1.936000e-13	1.958000e-11	1.936000e-18
1.104882812500000e-08	1.000000e+00	2.587747e-05	1.000000e+00	2.587854e-10	1.001503e+00	-2.587747e-05	1.001503e+00	-2.587854e-10	2.003006e-02	-5.175494e-07	2.003007e-02	-5.175707e-12	2.003006e-02	-5.175494e-07	2.003007e-02	-5.175707e-12	5.175494e-07	5.175707e-12	-2.003006e-02	-2.003007e-02	2.003156e-11	1.997464e-13	2.003157e-11	1.997464e-18
1.109765625000000e-08	1.000000e+00	-1.459421e-05	1.000000e+00	-1.459518e-10	9.998868e-01	1.459421e-05	9.998870e-01	1.459518e-10	1.999774e-02	2.918843e-07	1.999774e-02	2.919036e-12	1.999774e-02	2.918843e-07	1.999774e-02	2.919036e-12	-2.918843e-07	-2.919036e-12	-1.999774e-02	-1.999774e-02	1.999763e-11	2.002973e-13	1.999763e-11	2.002974e-18
1.114648437500000e-08	1.000000e+00	5.889116e-06	1.000000e+00	5.888649e-11	1.000009e+00	-5.889116e-06	1.000008e+00	-5.888649e-11	2.000017e-02	-1.177823e-07	2.000017e-02	-1.177730e-12	2.000017e-02	-1.177823e-07	2.000017e-02	-1.177730e-12	1.177823e-07	1.177730e-12	-2.000017e-02	-2.000017e-02	2.000018e-11	1.998723e-13	2.000018e-11	1.998722e-18
1.119531250000000e-08	1.000000e+00	-2.258228e-06	1.000000e+00	-2.257577e-11	9.999993e-01	2.258228e-06	9.999993e-01	2.257577e-11	1.999999e-02	4.516456e-08	1.999999e-02	4.515155e-13	1.999999e-02	4.516456e-08	1.999999e-02	4.515155e-13	-4.516456e-08	-4.515155e-13	-1.999999e-02	-1.999999e-02	1.999999e-11	2.000495e-13	1.999999e-11	2.000495e-18
1.124414062500000e-08	1.000000e+00	8.576005e-07	1.000000e+00	8.571566e-12	1.000000e+00	-8.576005e-07	1.000000e+00	-8.571566e-12	2.000000e-02	-1.715201e-08	2.000000e-02	-1.714313e-13	2.000000e-02	-1.715201e-08	2.000000e-02	-1.714313e-13	1.715201e-08	1.714313e-13	-2.000000e-02	-2.000000e-02	2.000000e-11	1.999811e-13	2.000000e-11	1.999811e-18
1.129296875000000e-08	1.000000e+00	-3.250697e-07	1.000000e+00	-3.248250e-12	1.000000e+00	3.250697e-07	1.000000e+00	3.248250e-12	2.000000e-02	6.501395e-09	2.000000e-02	6.496500e-14	2.000000e-02	6.501395e-09	2.000000e-02	6.496500e-14	-6.501395e-09	-6.496500e-14	-2.000000e-02	-2.000000e-02	2.000000e-11	2.000072e-13	2.000000e-11	2.000071e-18
1.134179687500000e-08	1.000000e+00	1.231699e-07	1.000000e+00	1.230480e-12	1.000000e+00	-1.231699e-07	1.000000e+00	-1.230480e-12	2.000000e-02	-2.463398e-09	2.000000e-02	-2.460961e-14	2.000000e-02	-2.463398e-09	2.000000e-02	-2.460961e-14	2.463398e-09	2.460961e-14	-2.000000e-02	-2.000000e-02	2.000000e-11	1.999973e-13	2.000000e-11	1.999973e-18
1.139062500000000e-08	1.000000e+00	-4.666597e-08	1.000000e+00	-4.660873e-13	1.000000e+00	4.666597e-08	1.000000e+00	4.660873e-13	2.000000e-02	9.333193e-10	2.000000e-02	9.321747e-15	2.000000e-02	9.333193e-10	2.000000e-02	9.321747e-15	-9.333193e-10	-9.321747e-15	-2.000000e-02	-2.000000e-02	2.000000e-11	2.000010e-13	2.000000e-11	2.000010e-18
1.143945312500000e-08	1.000000e+00	1.768030e-08	1.000000e+00	1.765442e-13	1.000000e+00	-1.768030e-08	1.000000e+00	-1.765442e-13	2.000000e-02	-3.536059e-10	2.000000e-02	-3.530884e-15	2.000000e-02	-3.536059e-10	2.000000e-02	-3.530884e-15	3.536059e-10	3.530884e-15	-2.000000e-02	-2.000000e-02	2.000000e-11	1.999996e-13	2.000000e-11	1.999996e-18
1.148828125000000e-08	1.000000e+00	-6.698499e-09	1.000000e+00	-6.687108e-14	1.000000e+00	6.698499e-09	1.000000e+00	6.687108e-14	2.000000e-02	1.339700e-10	2.000000e-02	1.337422e-15	2.000000e-02	1.339700e-10	2.000000e-02	1.337422e-15	-1.339700e-10	-1.337422e-15	-2.000000e-02	-2.000000e-02	2.000000e-11	2.000001e-13	2.000000e-11	2.000002e-18
1.153710937500000e-08	1.000000e+00	2.537846e-09	1.000000e+00	2.532929e-14	1.000000e+00	-2.537846e-09	1.000000e+00	-2.532929e-14	2.000000e-02	-5.075692e-11	2.000000e-02	-5.065858e-16	2.000000e-02	-5.075692e-11	2.000000e-02	-5.065858e-16	5.075692e-11	5.065858e-16	-2.000000e-02	-2.000000e-02	2.000000e-11	1.999999e-13	2.000000e-11	1.999999e-18
1.158593750000000e-08	1.000000e+00	-9.615080e-10	1.000000e+00	-9.594174e-15	1.000000e+00	9.615080e-10	1.000000e+00	9.594174e-15	2.000000e-02	1.923016e-11	2.000000e-02	1.918835e-16	2.000000e-02	1.923016e-11	2.000000e-02	1.918835e-16	-1.923016e-11	-1.918835e-16	-2.000000e-02	-2.000000e-02	2.000000e-11	2.000000e-13	2.000000e-11	2.000000e-18
1.163476562499999e-08	1.000000e+00	3.642844e-10	1.000000e+00	3.634061e-15	1.000000e+00	-3.642844e-10	1.000000e+00	-3.634061e-15	2.000000e-02	-7.285688e-12	2.000000e-02	-7.268121e-17	2.000000e-02	-7.285688e-12	2.000000e-02	-7.268121e-17	7.285688e-12	7.268121e-17	-2.000000e-02	-2.000000e-02	2.000000e-11	2.000000e-13	2.000000e-11	2.000000e-18
1.168359374999999e-08	1.000000e+00	-1.380156e-10	1.000000e+00	-1.376502e-15	1.000000e+00	1.380156e-10	1.000000e+00	1.376502e-15	2.000000e-02	2.760312e-12	2.000000e-02	2.753003e-17	2.000000e-02	2.760312e-12	2.000000e-02	2.753003e-17	-2.760312e-12	-2.753003e-17	-2.000000e-02	-2.000000e-02	2.000000e-11	2.000000e-13	2.000000e-11	2.000000e-18
1.173242187499999e-08	1.000000e+00	5.228967e-11	1.000000e+00	5.213884e-16	1.000000e+00	-5.228967e-11	1.000000e+00	-5.213884e-16	2.000000e-02	-1.045793e-12	2.000000e-02	-1.042777e-17	2.000000e-02	-1.045793e-12	2.000000e-02	-1.042777e-17	1.045793e-12	1.042777e-17	-2.000000e-02	-2.000000e-02	2.000000e-11	2.000000e-13	2.000000e-11	2.000000e-18
1.178124999999999e-08	1.000000e+00	-1.981087e-11	1.000000e+00	-1.974904e-16	1.000000e+00	1.981087e-11	1.000000e+00	1.974904e-16	2.000000e-02	3.962174e-13	2.000000e-02	3.949807e-18	2.000000e-02	3.962174e-13	2.000000e-02	3.949807e-18	-3.962174e-13	-3.949807e-18	-2.000000e-02	-2.000000e-02	2.000000e-11	2.000000e-13	2.000000e-11	2.000000e-18
1.183007812499999e-08	1.000000e+00	7.505701e-12	1.000000e+00	7.480497e-17	1.000000e+00	-7.505701e-12	1.000000e+00	-7.480497e-17	2.000000e-02	-1.501140e-13	2.000000e-02	-1.496099e-18	2.000000e-02	-1.501140e-13	2.000000e-02	-1.496099e-18	1.501140e-13	1.496099e-18	-2.000000e-02	-2.000000e-02	2.000000e-11	2.000000e-13	2.000000e-11	2.000000e-18
1.187890624999999e-08	1.000000e+00	-2.843667e-12	1.000000e+00	-2.833446e-17	1.000000e+00	2.843667e-12	1.000000e+00	2.833446e-17	2.000000e-02	5.687334e-14	2.000000e-02	5.666892e-19	2.000000e-02	5.687334e-14	2.000000e-02	5.666892e-19	-5.687334e-14	-5.666892e-19	-2.000000e-02	-2.000000e-02	2.000000e-11	2.000000e-13	2.000000e-11	2.000000e-18
1.192773437499999e-08	1.000000e+00	1.077372e-12	1.000000e+00	1.073247e-17	1.000000e+00	-1.077372e-12	1.000000e+00	-1.073247e-17	2.000000e-02	-2.154745e-14	2.000000e-02	-2.146493e-19	2.000000e-02	-2.154745e-14	2.000000e-02	-2.146493e-19	2.154745e-14	2.146493e-19	-2.000000e-02	-2.000000e-02	2.000000e-11	2.000000e-13	2.000000e-11	2.000000e-18
1.197656249999999e-08	1.000000e+00	-4.081824e-13	1.000000e+00	-4.065220e-18	1.000000e+00	4.081824e-13	1.000000e+00	4.065220e-18	2.000000e-02	8.163648e-15	2.000000e-02	8.130439e-20	2.000000e-02	8.163648e-15	2.000000e-02	8.130439e-20	-8.163648e-15	-8.130439e-20	-2.000000e-02	-2.000000e-02	2.000000e-11	2.000000e-13	2.000000e-11	2.000000e-18
1.202539062499999e-08	1.000000e+00	1.546457e-13	1.000000e+00	1.539819e-18	1.000000e+00	-1.546457e-13	1.000000e+00	-1.539819e-18	2.000000e-02	-3.092915e-15	2.000000e-02	-3.079637e-20	2.000000e-02	-3.092915e-15	2.000000e-02	-3.079637e-20	3.092915e-15	3.079637e-20	-2.000000e-02	-2.000000e-02	2.000000e-11	2.000000e-13	2.000000e-11	2.000000e-18
1.207421874999999e-08	1.000000e+00	-5.859213e-14	1.000000e+00	-5.832508e-19	1.000000e+00	5.859213e-14	1.000000e+00	5.832508e-19	2.000000e-02	1.171843e-15	2.000000e-02	1.166502e-20	2.000000e-02	1.171843e-15	2.000000e-02	1.166502e-20	-1.171843e-15	-1.166502e-20	-2.000000e-02	-2.000000e-02	2.000000e-11	2.000000e-13	2.000000e-11	2.000000e-18
1.212304687499999e-08	1.000000e+00	2.219740e-14	1.000000e+00	2.209191e-19	1.000000e+00	-2.219740e-14	1.000000e+00	-2.209191e-19	2.000000e-02	-4.439481e-16	2.000000e-02	-4.418382e-21	2.000000e-02	-4.439481e-16	2.000000e-02	-4.418382e-21	4.439481e-16	4.418382e-21	-2.000000e-02	-2.000000e-02	2.000000e-11	2.000000e-13	2.000000e-11	2.000000e-18
1.217187499999999e-08	1.000000e+00	-8.410282e-15	1.000000e+00	-8.367608e-20	1.000000e+00	8.410282e-15	1.000000e+00	8.367608e-20	2.000000e-02	1.682056e-16	2.000000e-02	1.673522e-21	2.000000e-02	1.682056e-16	2.000000e-02	1.673522e-21	-1.682056e-16	-1.673522e-21	-2.000000e-02	-2.000000e-02	2.000000e-11	2.000000e-13	2.000000e-11	2.000000e-18
1.222070312499999e-08	1.000000e+00	3.185323e-15	1.000000e+00	3.169673e-20	1.000000e+00	-3.185323e-15	1.000000e+00	-3.169673e-20	2.000000e-02	-6.370646e-17	2.000000e-02	-6.339346e-22	2.000000e-02	-6.370646e-17	2.000000e-02	-6.339346e-22	6.370646e-17	6.339346e-22	-2.000000e-02	-2.000000e-02	2.000000e-11	2.000000e-13	2.000000e-11	2.000000e-18
1.226953124999999e-08	1.000000e+00	-1.207278e-15	1.000000e+00	-1.200717e-20	1.000000e+00	1.207278e-15	1.000000e+00	1.200717e-20	2.000000e-02	2.414555e-17	2.000000e-02	2.401433e-22	2.000000e-02	2.414555e-17	2.000000e-02	2.401433e-22	-2.414555e-17	-2.401433e-22	-2.000000e-02	-2.000000e-02	2.000000e-11	2.000000e-13	2.000000e-11	2.000000e-18
1.231835937499999e-08	1.000000e+00	4.574380e-16	1.000000e+00	4.548307e-21	1.000000e+00	-4.574380e-16	1.000000e+00	-4.548307e-21	2.000000e-02	-9.148760e-18	2.000000e-02	-9.096614e-23	2.000000e-02	-9.148760e-18	2.000000e-02	-9.096614e-23	9.148760e-18	9.096614e-23	-2.000000e-02	-2.000000e-02	2.000000e-11	2.000000e-13	2.000000e-11	2.000000e-18
1.236718749999999e-08	1.000000e+00	-1.728099e-16	1.000000e+00	-1.719871e-21	1.000000e+00	1.728099e-16	1.000000e+00	1.719871e-21	2.000000e-02	3.456198e-18	2.000000e-02	3.439743e-23	2.000000e-02	3.456198e-18	2.000000e-02	3.439743e-23	-3.456198e-18	-3.439743e-23	-2.000000e-02	-2.000000e-02	2.000000e-11	2.000000e-13	2.000000e-11	2.000000e-18
1.241601562499999e-08	1.000000e+00	6.577540e-17	1.000000e+00	6.523650e-22	1.000000e+00	-6.577540e-17	1.000000e+00	-6.523650e-22	2.000000e-02	-1.315508e-18	2.000000e-02	-1.304730e-23	2.000000e-02	-1.315508e-18	2.000000e-02	-1.304730e-23	1.315508e-18	1.304730e-23	-2.000000e-02	-2.000000e-02	2.000000e-11	2.000000e-13	2.000000e-11	2.000000e-18
1.246484374999999e-08	1.000000e+00	-2.511424e-17	1.000000e+00	-2.509096e-22	1.000000e+00	2.511424e-17	1.000000e+00	2.509096e-22	2.000000e-02	5.022849e-19	2.000000e-02	5.018193e-24	2.000000e-02	5.022849e-19	2.000000e-02	5.018193e-24	-5.022849e-19	-5.018193e-24	-2.000000e-02	-2.000000e-02	2.000000e-11	2.000000e-13	2.000000e-11	2.000000e-18
1.251367187499999e-08	1.000000e+00	9.567331e-18	1.000000e+00	9.580186e-23	1.000000e+00	-9.567331e-18	1.000000e+00	-9.580186e-23	2.000000e-02	-1.913466e-19	2.000000e-02	-1.916037e-24	2.000000e-02	-1.913466e-19	2.000000e-02	-1.916037e-24	1.913466e-19	1.916037e-24	-2.000000e-02	-2.000000e-02	2.000000e-11	2.000000e-13	2.000000e-11	2.000000e-18
1.256249999999999e-08	1.000000e+00	-3.587749e-18	1.000000e+00	-4.561993e-23	1.000000e+00	3.587749e-18	1.000000e+00	4.561993e-23	2.000000e-02	7.175498e-20	2.000000e-02	9.123987e-25	2.000000e-02	7.175498e-20	2.000000e-02	9.123987e-25	-7.175498e-20	-9.123987e-25	-2.000000e-02	-2.000000e-02	2.000000e-11	2.000000e-13	2.000000e-11	2.000000e-18
1.261132812499999e-08	1.000000e+00	1.195916e-18	1.000000e+00	1.368598e-23	1.000000e+00	-1.195916e-18	1.000000e+00	-1.368598e-23	2.000000e-02	-2.391833e-20	2.000000e-02	-2.737196e-25	2.000000e-02	-2.391833e-20	2.000000e-02	-2.737196e-25	2.391833e-20	2.737196e-25	-2.000000e-02	-2.000000e-02	2.000000e-11	2.000000e-13	2.000000e-11	2.000000e-18
1.266015624999998e-08	1.000000e+00	-5.979582e-19	1.000000e+00	0.000000e+00	1.000000e+00	5.979582e-19	1.000000e+00	0.000000e+00	2.000000e-02	1.195916e-20	2.000000e-02	0.000000e+00	2.000000e-02	1.195916e-20	2.000000e-02	0.000000e+00	-1.195916e-20	0.000000e+00	-2.000000e-02	-2.000000e-02	2.000000e-11	2.000000e-13	2.000000e-11	2.000000e-18
1.270898437499998e-08	1.000000e+00	0.000000e+00	1.000000e+00	0.000000e+00	1.000000e+00	0.000000e+00	1.000000e+00	0.000000e+00	2.000000e-02	0.000000e+00	2.000000e-02	0.000000e+00	2.000000e-02	0.000000e+00	2.000000e-02	0.000000e+00	0.000000e+00	0.000000e+00	-2.000000e-02	-2.000000e-02	2.000000e-11	2.000000e-13	2.000000e-11	2.000000e-18
1.275781249999998e-08	1.000000e+00	0.000000e+00	1.000000e+00	0.000000e+00	1.000000e+00	0.000000e+00	1.000000e+00	0.000000e+00	2.000000e-02	0.000000e+00	2.000000e-02	0.000000e+00	2.000000e-02	0.000000e+00	2.000000e-02	0.000000e+00	0.000000e+00	0.000000e+00	-2.000000e-02	-2.000000e-02	2.000000e-11	2.000000e-13	2.000000e-11	2.000000e-18
1.280664062499998e-08	1.000000e+00	0.000000e+00	1.000000e+00	0.000000e+00	1.000000e+00	0.000000e+00	1.000000e+00	0.000000e+00	2.000000e-02	0.000000e+00	2.000000e-02	0.000000e+00	2.000000e-02	0.000000e+00	2.000000e-02	0.000000e+00	0.000000e+00	0.000000e+00	-2.000000e-02	-2.000000e-02	2.000000e-11	2.000000e-13	2.000000e-11	2.000000e-18
1.285546874999998e-08	1.000000e+00	0.000000e+00	1.000000e+00	0.000000e+00	1.000000e+00	0.000000e+00	1.000000e+00	0.000000e+00	2.000000e-02	0.000000e+00	2.000000e-02	0.000000e+00	2.000000e-02	0.000000e+00	2.000000e-02	0.000000e+00	0.000000e+00	0.000000e+00	-2.000000e-02	-2.000000e-02	2.000000e-11	2.000000e-13	2.000000e-11	2.000000e-18
1.290429687499998e-08	1.000000e+00	0.000000e+00	1.000000e+00	0.000000e+00	1.000000e+00	0.000000e+00	1.000000e+00	0.000000e+00	2.000000e-02	0.000000e+00	2.000000e-02	0.000000e+00	2.000000e-02	0.000000e+00	2.000000e-02	0.000000e+00	0.000000e+00	0.000000e+00	-2.000000e-02	-2.000000e-02	2.000000e-11	2.000000e-13	2.000000e-11	2.000000e-18
1.295312499999998e-08	1.000000e+00	0.000000e+00	1.000000e+00	0.000000e+00	1.000000e+00	0.000000e+00	1.000000e+00	0.000000e+00	2.000000e-02	0.000000e+00	2.000000e-02	0.000000e+00	2.000000e-02	0.000000e+00	2.000000e-02	0.000000e+00	0.000000e+00	0.000000e+00	-2.000000e-02	-2.000000e-02	2.000000e-11	2.000000e-13	2.000000e-11	2.000000e-18
1.300195312499998e-08	1.000000e+00	0.000000e+00	1.000000e+00	0.000000e+00	1.000000e+00	0.000000e+00	1.000000e+00	0.000000e+00	2.000000e-02	0.000000e+00	2.000000e-02	0.000000e+00	2.000000e-02	0.000000e+00	2.000000e-02	0.000000e+00	0.000000e+00	0.000000e+00	-2.000000e-02	-2.000000e-02	2.000000e-11	2.000000e-13	2.000000e-11	2.000000e-18
1.305078124999998e-08	1.000000e+00	0.000000e+00	1.000000e+00	0.000000e+00	1.000000e+00	0.000000e+00	1.000000e+00	0.000000e+00	2.000000e-02	0.000000e+00	2.000000e-02	0.000000e+00	2.000000e-02	0.000000e+00	2.000000e-02	0.000000e+00	0.000000e+00	0.000000e+00	-2.000000e-02	-2.000000e-02	2.000000e-11	2.000000e-13	2.000000e-11	2.000000e-18
1.309960937499998e-08	1.000000e+00	0.000000e+00	1.000000e+00	0.000000e+00	1.000000e+00	0.000000e+00	1.000000e+00	0.000000e+00	2.000000e-02	0.000000e+00	2.000000e-02	0.000000e+00	2.000000e-02	0.000000e+00	2.000000e-02	0.000000e+00	0.000000e+00	0.000000e+00	-2.000000e-02	-2.000000e-02	2.000000e-11	2.000000e-13	2.000000e-11	2.000000e-18
1.314843749999998e-08	1.000000e+00	0.000000e+00	1.000000e+00	0.000000e+00	1.000000e+00	0.000000e+00	1.000000e+00	0.000000e+00	2.000000e-02	0.000000e+00	2.000000e-02	0.000000e+00	2.000000e-02	0.000000e+00	2.000000e-02	0.000000e+00	0.000000e+00	0.000000e+00	-2.000000e-02	-2.000000e-02	2.000000e-11	2.000000e-13	2.000000e-11	2.000000e-18
1.319726562499998e-08	1.000000e+00	0.000000e+00	1.000000e+00	0.000000e+00	1.000000e+00	0.000000e+00	1.000000e+00	0.000000e+00	2.000000e-02	0.000000e+00	2.000000e-02	0.000000e+00	2.000000e-02	0.000000e+00	2.000000e-02	0.000000e+00	0.000000e+00	0.000000e+00	-2.000000e-02	-2.000000e-02	2.000000e-11	2.000000e-13	2.000000e-11	2.000000e-18
1.324609374999998e-08	1.000000e+00	0.000000e+00	1.000000e+00	0.000000e+00	1.000000e+00	0.000000e+00	1.000000e+00	0.000000e+00	2.000000e-02	0.000000e+00	2.000000e-02	0.000000e+00	2.000000e-02	0.000000e+00	2.000000e-02	0.000000e+00	0.000000e+00	0.000000e+00	-2.000000e-02	-2.000000e-02	2.000000e-11	2.000000e-13	2.000000e-11	2.000000e-18
1.329492187499998e-08	1.000000e+00	0.000000e+00	1.000000e+00	0.000000e+00	1.000000e+00	0.000000e+00	1.000000e+00	0.000000e+00	2.000000e-02	0.000000e+00	2.000000e-02	0.000000e+00	2.000000e-02	0.000000e+00	2.000000e-02	0.000000e+00	0.000000e+00	0.000000e+00	-2.000000e-02	-2.000000e-02	2.000000e-11	2.000000e-13	2.000000e-11	2.000000e-18
1.334374999999998e-08	1.000000e+00	0.000000e+00	1.000000e+00	0.000000e+00	1.000000e+00	0.000000e+00	1.000000e+00	0.000000e+00	2.000000e-02	0.000000e+00	2.000000e-02	0.000000e+00	2.000000e-02	0.000000e+00	2.000000e-02	0.000000e+00	0.000000e+00	0.000000e+00	-2.000000e-02	-2.000000e-02	2.000000e-11	2.000000e-13	2.000000e-11	2.000000e-18
1.339257812499998e-08	1.000000e+00	0.000000e+00	1.000000e+00	0.000000e+00	1.000000e+00	0.000000e+00	1.000000e+00	0.000000e+00	2.000000e-02	0.000000e+00	2.000000e-02	0.000000e+00	2.000000e-02	0.000000e+00	2.000000e-02	0.000000e+00	0.000000e+00	0.000000e+00	-2.000000e-02	-2.000000e-02	2.000000e-11	2.000000e-13	2.000000e-11	2.000000e-18
1.344140624999998e-08	1.000000e+00	0.000000e+00	1.000000e+00	0.000000e+00	1.000000e+00	0.000000e+00	1.000000e+00	0.000000e+00	2.000000e-02	0.000000e+00	2.000000e-02	0.000000e+00	2.000000e-02	0.000000e+00	2.000000e-02	0.000000e+00	0.000000e+00	0.000000e+00	-2.000000e-02	-2.000000e-02	2.000000e-11	2.000000e-13	2.000000e-11	2.000000e-18
1.349023437499998e-08	1.000000e+00	0.000000e+00	1.000000e+00	0.000000e+00	1.000000e+00	0.000000e+00	1.000000e+00	0.000000e+00	2.000000e-02	0.000000e+00	2.000000e-02	0.000000e+00	2.000000e-02	0.000000e+00	2.000000e-02	0.000000e+00	0.000000e+00	0.000000e+00	-2.000000e-02	-2.000000e-02	2.000000e-11	2.000000e-13	2.000000e-11	2.000000e-18
1.353906249999998e-08	1.000000e+00	0.000000e+00	1.000000e+00	0.000000e+00	1.000000e+00	0.000000e+00	1.000000e+00	0.000000e+00	2.000000e-02	0.000000e+00	2.000000e-02	0.000000e+00	2.000000e-02	0.000000e+00	2.000000e-02	0.000000e+00	0.000000e+00	0.000000e+00	-2.000000e-02	-2.000000e-02	2.000000e-11	2.000000e-13	2.000000e-11	2.000000e-18
1.358789062499998e-08	1.000000e+00	0.000000e+00	1.000000e+00	0.000000e+00	1.000000e+00	0.000000e+00	1.000000e+00	0.000000e+00	2.000000e-02	0.000000e+00	2.000000e-02	0.000000e+00	2.000000e-02	0.000000e+00	2.000000e-02	0.000000e+00	0.000000e+00	0.000000e+00	-2.000000e-02	-2.000000e-02	2.000000e-11	2.000000e-13	2.000000e-11	2.000000e-18
1.363671874999998e-08	1.000000e+00	0.000000e+00	1.000000e+00	0.000000e+00	1.000000e+00	0.000000e+00	1.000000e+00	0.000000e+00	2.000000e-02	0.000000e+00	2.000000e-02	0.000000e+00	2.000000e-02	0.000000e+00	2.000000e-02	0.000000e+00	0.000000e+00	0.000000e+00	-2.000000e-02	-2.000000e-02	2.000000e-11	2.000000e-13	2.000000e-11	2.000000e-18
1.368554687499998e-08	1.000000e+00	0.000000e+00	1.000000e+00	0.000000e+00	1.000000e+00	0.000000e+00	1.000000e+00	0.000000e+00	2.000000e-02	0.000000e+00	2.000000e-02	0.000000e+00	2.000000e-02	0.000000e+00	2.000000e-02	0.000000e+00	0.000000e+00	0.000000e+00	-2.000000e-02	-2.000000e-02	2.000000e-11	2.000000e-13	2.000000e-11	2.000000e-18
1.373437499999997e-08	1.000000e+00	0.000000e+00	1.000000e+00	0.000000e+00	1.000000e+00	0.000000e+00	1.000000e+00	0.000000e+00	2.000000e-02	0.000000e+00	2.000000e-02	0.000000e+00	2.000000e-02	0.000000e+00	2.000000e-02	0.000000e+00	0.000000e+00	0.000000e+00	-2.000000e-02	-2.000000e-02	2.000000e-11	2.000000e-13	2.000000e-11	2.000000e-18
1.378320312499997e-08	1.000000e+00	0.000000e+00	1.000000e+00	0.000000e+00	1.000000e+00	0.000000e+00	1.000000e+00	0.000000e+00	2.000000e-02	0.000000e+00	2.000000e-02	0.000000e+00	2.000000e-02	0.000000e+00	2.000000e-02	0.000000e+00	0.000000e+00	0.000000e+00	-2.000000e-02	-2.000000e-02	2.000000e-11	2.000000e-13	2.000000e-11	2.000000e-18
1.383203124999997e-08	1.000000e+00	0.000000e+00	1.000000e+00	0.000000e+00	1.000000e+00	0.000000e+00	1.000000e+00	0.000000e+00	2.000000e-02	0.000000e+00	2.000000e-02	0.000000e+00	2.000000e-02	0.000000e+00	2.000000e-02	0.000000e+00	0.000000e+00	0.000000e+00	-2.000000e-02	-2.000000e-02	2.000000e-11	2.000000e-13	2.000000e-11	2.000000e-18
1.388085937499997e-08	1.000000e+00	0.000000e+00	1.000000e+00	0.000000e+00	1.000000e+00	0.000000e+00	1.000000e+00	0.000000e+00	2.000000e-02	0.000000e+00	2.000000e-02	0.000000e+00	2.000000e-02	0.000000e+00	2.000000e-02	0.000000e+00	0.000000e+00	0.000000e+00	-2.000000e-02	-2.000000e-02	2.000000e-11	2.000000e-13	2.000000e-11	2.000000e-18
1.392968749999997e-08	1.000000e+00	0.000000e+00	1.000000e+00	0.000000e+00	1.000000e+00	0.000000e+00	1.000000e+00	0.000000e+00	2.000000e-02	0.000000e+00	2.000000e-02	0.000000e+00	2.000000e-02	0.000000e+00	2.000000e-02	0.000000e+00	0.000000e+00	0.000000e+00	-2.000000e-02	-2.000000e-02	2.000000e-11	2.000000e-13	2.000000e-11	2.000000e-18
1.397851562499997e-08	1.000000e+00	0.000000e+00	1.000000e+00	0.000000e+00	1.000000e+00	0.000000e+00	1.000000e+00	0.000000e+00	2.000000e-02	0.000000e+00	2.000000e-02	0.000000e+00	2.000000e-02	0.000000e+00	2.000000e-02	0.000000e+00	0.000000e+00	0.000000e+00	-2.000000e-02	-2.000000e-02	2.000000e-11	2.000000e-13	2.000000e-11	2.000000e-18
1.402734374999997e-08	1.000000e+00	0.000000e+00	1.000000e+00	0.000000e+00	1.000000e+00	0.000000e+00	1.000000e+00	0.000000e+00	2.000000e-02	0.000000e+00	2.000000e-02	0.000000e+00	2.000000e-02	0.000000e+00	2.000000e-02	0.000000e+00	0.000000e+00	0.000000e+00	-2.000000e-02	-2.000000e-02	2.000000e-11	2.000000e-13	2.000000e-11	2.000000e-18
1.407617187499997e-08	1.000000e+00	0.000000e+00	1.000000e+00	0.000000e+00	1.000000e+00	0.000000e+00	1.000000e+00	0.000000e+00	2.000000e-02	0.000000e+00	2.000000e-02	0.000000e+00	2.000000e-02	0.000000e+00	2.000000e-02	0.000000e+00	0.000000e+00	0.000000e+00	-2.000000e-02	-2.000000e-02	2.000000e-11	2.000000e-13	2.000000e-11	2.000000e-18
1.412499999999997e-08	1.000000e+00	0.000000e+00	1.000000e+00	0.000000e+00	1.000000e+00	0.000000e+00	1.000000e+00	0.000000e+00	2.000000e-02	0.000000e+00	2.000000e-02	0.000000e+00	2.000000e-02	0.000000e+00	2.000000e-02	0.000000e+00	0.000000e+00	0.000000e+00	-2.000000e-02	-2.000000e-02	2.000000e-11	2.000000e-13	2.000000e-11	2.000000e-18
1.417382812499997e-08	1.000000e+00	0.000000e+00	1.000000e+00	0.000000e+00	1.000000e+00	0.000000e+00	1.000000e+00	0.000000e+00	2.000000e-02	0.000000e+00	2.000000e-02	0.000000e+00	2.000000e-02	0.000000e+00	2.000000e-02	0.000000e+00	0.000000e+00	0.000000e+00	-2.000000e-02	-2.000000e-02	2.000000e-11	2.000000e-13	2.000000e-11	2.000000e-18
1.422265624999997e-08	1.000000e+00	0.000000e+00	1.000000e+00	0.000000e+00	1.000000e+00	0.000000e+00	1.000000e+00	0.000000e+00	2.000000e-02	0.000000e+00	2.000000e-02	0.000000e+00	2.000000e-02	0.000000e+00	2.000000e-02	0.000000e+00	0.000000e+00	0.000000e+00	-2.000000e-02	-2.000000e-02	2.000000e-11	2.000000e-13	2.000000e-11	2.000000e-18
1.427148437499997e-08	1.000000e+00	0.000000e+00	1.000000e+00	0.000000e+00	1.000000e+00	0.000000e+00	1.000000e+00	0.000000e+00	2.000000e-02	0.000000e+00	2.000000e-02	0.000000e+00	2.000000e-02	0.000000e+00	2.000000e-02	0.000000e+00	0.000000e+00	0.000000e+00	-2.000000e-02	-2.000000e-02	2.000000e-11	2.000000e-13	2.000000e-11	2.000000e-18
1.432031249999997e-08	1.000000e+00	0.000000e+00	1.000000e+00	0.000000e+00	1.000000e+00	0.000000e+00	1.000000e+00	0.000000e+00	2.000000e-02	0.000000e+00	2.000000e-02	0.000000e+00	2.000000e-02	0.000000e+00	2.000000e-02	0.000000e+00	0.000000e+00	0.000000e+00	-2.000000e-02	-2.000000e-02	2.000000e-11	2.000000e-13	2.000000e-11	2.000000e-18
1.436914062499997e-08	1.000000e+00	0.000000e+00	1.000000e+00	0.000000e+00	1.000000e+00	0.000000e+00	1.000000e+00	0.000000e+00	2.000000e-02	0.000000e+00	2.000000e-02	0.000000e+00	2.000000e-02	0.000000e+00	2.000000e-02	0.000000e+00	0.000000e+00	0.000000e+00	-2.000000e-02	-2.000000e-02	2.000000e-11	2.000000e-13	2.000000e-11	2.000000e-18
1.441796874999997e-08	1.000000e+00	0.000000e+00	1.000000e+00	0.000000e+00	1.000000e+00	0.000000e+00	1.000000e+00	0.000000e+00	2.000000e-02	0.000000e+00	2.000000e-02	0.000000e+00	2.000000e-02	0.000000e+00	2.000000e-02	0.000000e+00	0.000000e+00	0.000000e+00	-2.000000e-02	-2.000000e-02	2.000000e-11	2.000000e-13	2.000000e-11	2.000000e-18
1.446679687499997e-08	1.000000e+00	0.000000e+00	1.000000e+00	0.000000e+00	1.000000e+00	0.000000e+00	1.000000e+00	0.000000e+00	2.000000e-02	0.000000e+00	2.000000e-02	0.000000e+00	2.000000e-02	0.000000e+00	2.000000e-02	0.000000e+00	0.000000e+00	0.000000e+00	-2.000000e-02	-2.000000e-02	2.000000e-11	2.000000e-13	2.000000e-11	2.000000e-18
1.451562499999997e-08	1.000000e+00	0.000000e+00	1.000000e+00	0.000000e+00	1.000000e+00	0.000000e+00	1.000000e+00	0.000000e+00	2.000000e-02	0.000000e+00	2.000000e-02	0.000000e+00	2.000000e-02	0.000000e+00	2.000000e-02	0.000000e+00	0.000000e+00	0.000000e+00	-2.000000e-02	-2.000000e-02	2.000000e-11	2.000000e-13	2.000000e-11	2.000000e-18
1.456445312499997e-08	1.000000e+00	0.000000e+00	1.000000e+00	0.000000e+00	1.000000e+00	0.000000e+00	1.000000e+00	0.000000e+00	2.000000e-02	0.000000e+00	2.000000e-02	0.000000e+00	2.000000e-02	0.000000e+00	2.000000e-02	0.000000e+00	0.000000e+00	0.000000e+00	-2.000000e-02	-2.000000e-02	2.000000e-11	2.000000e-13	2.000000e-11	2.000000e-18
1.461328124999997e-08	1.000000e+00	0.000000e+00	1.000000e+00	0.000000e+00	1.000000e+00	0.000000e+00	1.000000e+00	0.000000e+00	2.000000e-02	0.000000e+00	2.000000e-02	0.000000e+00	2.000000e-02	0.000000e+00	2.000000e-02	0.000000e+00	0.000000e+00	0.000000e+00	-2.000000e-02	-2.000000e-02	2.000000e-11	2.000000e-13	2.000000e-11	2.000000e-18
1.466210937499997e-08	1.000000e+00	0.000000e+00	1.000000e+00	0.000000e+00	1.000000e+00	0.000000e+00	1.000000e+00	0.000000e+00	2.000000e-02	0.000000e+00	2.000000e-02	0.000000e+00	2.000000e-02	0.000000e+00	2.000000e-02	0.000000e+00	0.000000e+00	0.000000e+00	-2.000000e-02	-2.000000e-02	2.000000e-11	2.000000e-13	2.000000e-11	2.000000e-18
1.471093749999997e-08	1.000000e+00	0.000000e+00	1.000000e+00	0.000000e+00	1.000000e+00	0.000000e+00	1.000000e+00	0.000000e+00	2.000000e-02	0.000000e+00	2.000000e-02	0.000000e+00	2.000000e-02	0.000000e+00	2.000000e-02	0.000000e+00	0.000000e+00	0.000000e+00	-2.000000e-02	-2.000000e-02	2.000000e-11	2.000000e-13	2.000000e-11	2.000000e-18
1.475976562499996e-08	1.000000e+00	0.000000e+00	1.000000e+00	0.000000e+00	1.000000e+00	0.000000e+00	1.000000e+00	0.000000e+00	2.000000e-02	0.000000e+00	2.000000e-02	0.000000e+00	2.000000e-02	0.000000e+00	2.000000e-02	0.000000e+00	0.000000e+00	0.000000e+00	-2.000000e-02	-2.000000e-02	2.000000e-11	2.000000e-13	2.000000e-11	2.000000e-18
1.480859374999996e-08	1.000000e+00	0.000000e+00	1.000000e+00	0.000000e+00	1.000000e+00	0.000000e+00	1.000000e+00	0.000000e+00	2.000000e-02	0.000000e+00	2.000000e-02	0.000000e+00	2.000000e-02	0.000000e+00	2.000000e-02	0.000000e+00	0.000000e+00	0.000000e+00	-2.000000e-02	-2.000000e-02	2.000000e-11	2.000000e-13	2.000000e-11	2.000000e-18
1.485742187499996e-08	1.000000e+00	0.000000e+00	1.000000e+00	0.000000e+00	1.000000e+00	0.000000e+00	1.000000e+00	0.000000e+00	2.000000e-02	0.000000e+00	2.000000e-02	0.000000e+00	2.000000e-02	0.000000e+00	2.000000e-02	0.000000e+00	0.000000e+00	0.000000e+00	-2.000000e-02	-2.000000e-02	2.000000e-11	2.000000e-13	2.000000e-11	2.000000e-18
1.490624999999997e-08	1.000000e+00	0.000000e+00	1.000000e+00	0.000000e+00	1.000000e+00	0.000000e+00	1.000000e+00	0.000000e+00	2.000000e-02	0.000000e+00	2.000000e-02	0.000000e+00	2.000000e-02	0.000000e+00	2.000000e-02	0.000000e+00	0.000000e+00	0.000000e+00	-2.000000e-02	-2.000000e-02	2.000000e-11	2.000000e-13	2.000000e-11	2.000000e-18
1.495507812499997e-08	1.000000e+00	0.000000e+00	1.000000e+00	0.000000e+00	1.000000e+00	0.000000e+00	1.000000e+00	0.000000e+00	2.000000e-02	0.000000e+00	2.000000e-02	0.000000e+00	2.000000e-02	0.000000e+00	2.000000e-02	0.000000e+00	0.000000e+00	0.000000e+00	-2.000000e-02	-2.000000e-02	2.000000e-11	2.000000e-13	2.000000e-11	2.000000e-18
1.500390624999997e-08	1.000000e+00	0.000000e+00	1.000000e+00	0.000000e+00	1.000000e+00	0.000000e+00	1.000000e+00	0.000000e+00	2.000000e-02	0.000000e+00	2.000000e-02	0.000000e+00	2.000000e-02	0.000000e+00	2.000000e-02	0.000000e+00	0.000000e+00	0.000000e+00	-2.000000e-02	-2.000000e-02	2.000000e-11	2.000000e-13	2.000000e-11	2.000000e-18
1.505273437499997e-08	1.000000e+00	0.000000e+00	1.000000e+00	0.000000e+00	1.000000e+00	0.000000e+00	1.000000e+00	0.000000e+00	2.000000e-02	0.000000e+00	2.000000e-02	0.000000e+00	2.000000e-02	0.000000e+00	2.000000e-02	0.000000e+00	0.000000e+00	0.000000e+00	-2.000000e-02	-2.000000e-02	2.000000e-11	2.000000e-13	2.000000e-11	2.000000e-18
1.510156249999997e-08	1.000000e+00	0.000000e+00	1.000000e+00	0.000000e+00	1.000000e+00	0.000000e+00	1.000000e+00	0.000000e+00	2.000000e-02	0.000000e+00	2.000000e-02	0.000000e+00	2.000000e-02	0.000000e+00	2.000000e-02	0.000000e+00	0.000000e+00	0.000000e+00	-2.000000e-02	-2.000000e-02	2.000000e-11	2.000000e-13	2.000000e-11	2.000000e-18
1.515039062499997e-08	1.000000e+00	0.000000e+00	1.000000e+00	0.000000e+00	1.000000e+00	0.000000e+00	1.000000e+00	0.000000e+00	2.000000e-02	0.000000e+00	2.000000e-02	0.000000e+00	2.000000e-02	0.000000e+00	2.000000e-02	0.000000e+00	0.000000e+00	0.000000e+00	-2.000000e-02	-2.000000e-02	2.000000e-11	2.000000e-13	2.000000e-11	2.000000e-18
1.519921874999997e-08	1.000000e+00	0.000000e+00	1.000000e+00	0.000000e+00	1.000000e+00	0.000000e+00	1.000000e+00	0.000000e+00	2.000000e-02	0.000000e+00	2.000000e-02	0.000000e+00	2.000000e-02	0.000000e+00	2.000000e-02	0.000000e+00	0.000000e+00	0.000000e+00	-2.000000e-02	-2.000000e-02	2.000000e-11	2.000000e-13	2.000000e-11	2.000000e-18
1.524804687499997e-08	1.000000e+00	0.000000e+00	1.000000e+00	0.000000e+00	1.000000e+00	0.000000e+00	1.000000e+00	0.000000e+00	2.000000e-02	0.000000e+00	2.000000e-02	0.000000e+00	2.000000e-02	0.000000e+00	2.000000e-02	0.000000e+00	0.000000e+00	0.000000e+00	-2.000000e-02	-2.000000e-02	2.000000e-11	2.000000e-13	2.000000e-11	2.000000e-18
1.529687499999997e-08	1.000000e+00	0.000000e+00	1.000000e+00	0.000000e+00	1.000000e+00	0.000000e+00	1.000000e+00	0.000000e+00	2.000000e-02	0.000000e+00	2.000000e-02	0.000000e+00	2.000000e-02	0.000000e+00	2.000000e-02	0.000000e+00	0.000000e+00	0.000000e+00	-2.000000e-02	-2.000000e-02	2.000000e-11	2.000000e-13	2.000000e-11	2.000000e-18
1.534570312499998e-08	1.000000e+00	0.000000e+00	1.000000e+00	0.000000e+00	1.000000e+00	0.000000e+00	1.000000e+00	0.000000e+00	2.000000e-02	0.000000e+00	2.000000e-02	0.000000e+00	2.000000e-02	0.000000e+00	2.000000e-02	0.000000e+00	0.000000e+00	0.000000e+00	-2.000000e-02	-2.000000e-02	2.000000e-11	2.000000e-13	2.000000e-11	2.000000e-18
1.539453124999998e-08	1.000000e+00	0.000000e+00	1.000000e+00	0.000000e+00	1.000000e+00	0.000000e+00	1.000000e+00	0.000000e+00	2.000000e-02	0.000000e+00	2.000000e-02	0.000000e+00	2.000000e-02	0.000000e+00	2.000000e-02	0.000000e+00	0.000000e+00	0.000000e+00	-2.000000e-02	-2.000000e-02	2.000000e-11	2.000000e-13	2.000000e-11	2.000000e-18
1.544335937499998e-08	1.000000e+00	0.000000e+00	1.000000e+00	0.000000e+00	1.000000e+00	0.000000e+00	1.000000e+00	0.000000e+00	2.000000e-02	0.000000e+00	2.000000e-02	0.000000e+00	2.000000e-02	0.000000e+00	2.000000e-02	0.000000e+00	0.000000e+00	0.000000e+00	-2.000000e-02	-2.000000e-02	2.000000e-11	2.000000e-13	2.000000e-11	2.000000e-18
1.549218749999998e-08	1.000000e+00	0.000000e+00	1.000000e+00	0.000000e+00	1.000000e+00	0.000000e+00	1.000000e+00	0.000000e+00	2.000000e-02	0.000000e+00	2.000000e-02	0.000000e+00	2.000000e-02	0.000000e+00	2.000000e-02	0.000000e+00	0.000000e+00	0.000000e+00	-2.000000e-02	-2.000000e-02	2.000000e-11	2.000000e-13	2.000000e-11	2.000000e-18
1.554101562499998e-08	1.000000e+00	0.000000e+00	1.000000e+00	0.000000e+00	1.000000e+00	0.000000e+00	1.000000e+00	0.000000e+00	2.000000e-02	0.000000e+00	2.000000e-02	0.000000e+00	2.000000e-02	0.000000e+00	2.000000e-02	0.000000e+00	0.000000e+00	0.000000e+00	-2.000000e-02	-2.000000e-02	2.000000e-11	2.000000e-13	2.000000e-11	2.000000e-18
1.558984374999998e-08	1.000000e+00	0.000000e+00	1.000000e+00	0.000000e+00	1.000000e+00	0.000000e+00	1.000000e+00	0.000000e+00	2.000000e-02	0.000000e+00	2.000000e-02	0.000000e+00	2.000000e-02	0.000000e+00	2.000000e-02	0.000000e+00	0.000000e+00	0.000000e+00	-2.000000e-02	-2.000000e-02	2.000000e-11	2.000000e-13	2.000000e-11	2.000000e-18
1.563867187499998e-08	1.000000e+00	0.000000e+00	1.000000e+00	0.000000e+00	1.000000e+00	0.000000e+00	1.000000e+00	0.000000e+00	2.000000e-02	0.000000e+00	2.000000e-02	0.000000e+00	2.000000e-02	0.000000e+00	2.000000e-02	0.000000e+00	0.000000e+00	0.000000e+00	-2.000000e-02	-2.000000e-02	2.000000e-11	2.000000e-13	2.000000e-11	2.000000e-18
1.568749999999998e-08	1.000000e+00	0.000000e+00	1.000000e+00	0.000000e+00	1.000000e+00	0.000000e+00	1.000000e+00	0.000000e+00	2.000000e-02	0.000000e+00	2.000000e-02	0.000000e+00	2.000000e-02	0.000000e+00	2.000000e-02	0.000000e+00	0.000000e+00	0.000000e+00	-2.000000e-02	-2.000000e-02	2.000000e-11	2.000000e-13	2.000000e-11	2.000000e-18
1.573632812499999e-08	1.000000e+00	0.000000e+00	1.000000e+00	0.000000e+00	1.000000e+00	0.000000e+00	1.000000e+00	0.000000e+00	2.000000e-02	0.000000e+00	2.000000e-02	0.000000e+00	2.000000e-02	0.000000e+00	2.000000e-02	0.000000e+00	0.000000e+00	0.000000e+00	-2.000000e-02	-2.000000e-02	2.000000e-11	2.000000e-13	2.000000e-11	2.000000e-18
1.578515624999999e-08	1.000000e+00	0.000000e+00	1.000000e+00	0.000000e+00	1.000000e+00	0.000000e+00	1.000000e+00	0.000000e+00	2.000000e-02	0.000000e+00	2.000000e-02	0.000000e+00	2.000000e-02	0.000000e+00	2.000000e-02	0.000000e+00	0.000000e+00	0.000000e+00	-2.000000e-02	-2.000000e-02	2.000000e-11	2.000000e-13	2.000000e-11	2.000000e-18
1.583398437499999e-08	1.000000e+00	0.000000e+00	1.000000e+00	0.000000e+00	1.000000e+00	0.000000e+00	1.000000e+00	0.000000e+00	2.000000e-02	0.000000e+00	2.000000e-02	0.000000e+00	2.000000e-02	0.000000e+00	2.000000e-02	0.000000e+00	0.000000e+00	0.000000e+00	-2.000000e-02	-2.000000e-02	2.000000e-11	2.000000e-13	2.000000e-11	2.000000e-18
1.588281249999999e-08	1.000000e+00	0.000000e+00	1.000000e+00	0.000000e+00	1.000000e+00	0.000000e+00	1.000000e+00	0.000000e+00	2.000000e-02	0.000000e+00	2.000000e-02	0.000000e+00	2.000000e-02	0.000000e+00	2.000000e-02	0.000000e+00	0.000000e+00	0.000000e+00	-2.000000e-02	-2.000000e-02	2.000000e-11	2.000000e-13	2.000000e-11	2.000000e-18
1.593164062499999e-08	1.000000e+00	0.000000e+00	1.000000e+00	0.000000e+00	1.000000e+00	0.000000e+00	1.000000e+00	0.000000e+00	2.000000e-02	0.000000e+00	2.000000e-02	0.000000e+00	2.000000e-02	0.000000e+00	2.000000e-02	0.000000e+00	0.000000e+00	0.000000e+00	-2.000000e-02	-2.000000e-02	2.000000e-11	2.000000e-13	2.000000e-11	2.000000e-18
1.598046874999999e-08	1.000000e+00	0.000000e+00	1.000000e+00	0.000000e+00	1.000000e+00	0.000000e+00	1.000000e+00	0.000000e+00	2.000000e-02	0.000000e+00	2.000000e-02	0.000000e+00	2.000000e-02	0.000000e+00	2.000000e-02	0.000000e+00	0.000000e+00	0.000000e+00	-2.000000e-02	-2.000000e-02	2.000000e-11	2.000000e-13	2.000000e-11	2.000000e-18
1.600000000000000e-08	1.000000e+00	0.000000e+00	1.000000e+00	0.000000e+00	1.000000e+00	0.000000e+00	1.000000e+00	0.000000e+00	2.000000e-02	0.000000e+00	2.000000e-02	0.000000e+00	2.000000e-02	0.000000e+00	2.000000e-02	0.000000e+00	0.000000e+00	0.000000e+00	-2.000000e-02	-2.000000e-02	2.000000e-11	2.000000e-13	2.000000e-11	2.000000e-18
1.604882812500000e-08	9.511719e-01	-7.412253e-05	9.511719e-01	-7.412146e-10	9.726750e-01	7.412253e-05	9.726754e-01	7.412146e-10	1.945350e-02	1.482451e-06	1.945351e-02	1.482429e-11	1.945350e-02	1.482451e-06	1.945351e-02	1.482429e-11	-1.482451e-06	-1.482429e-11	-1.945350e-02	-1.945351e-02	1.947502e-11	1.963807e-13	1.947501e-11	1.963808e-18
1.609765625000000e-08	9.023438e-01	-1.145942e-04	9.023438e-01	-1.145952e-09	9.222305e-01	1.145942e-04	9.222307e-01	1.145952e-09	1.844461e-02	2.291884e-06	1.844461e-02	2.291904e-11	1.844461e-02	2.291884e-06	1.844461e-02	2.291904e-11	-2.291884e-06	-2.291904e-11	-1.844461e-02	-1.844461e-02	1.846452e-11	1.871661e-13	1.846450e-11	1.871661e-18
1.614648437500000e-08	8.535156e-01	-9.411088e-05	8.535156e-01	-9.411135e-10	8.735242e-01	9.411088e-05	8.735241e-01	9.411135e-10	1.747048e-02	1.882218e-06	1.747048e-02	1.882227e-11	1.747048e-02	1.882218e-06	1.747048e-02	1.882227e-11	-1.882218e-06	-1.882227e-11	-1.747048e-02	-1.747048e-02	1.749051e-11	1.769754e-13	1.749049e-11	1.769754e-18
1.619531250000001e-08	8.046875e-01	-1.022582e-04	8.046875e-01	-1.022576e-09	8.246868e-01	1.022582e-04	8.246869e-01	1.022576e-09	1.649374e-02	2.045165e-06	1.649374e-02	2.045152e-11	1.649374e-02	2.045165e-06	1.649374e-02	2.045152e-11	-2.045165e-06	-2.045152e-11	-1.649374e-02	-1.649374e-02	1.651376e-11	1.673870e-13	1.651374e-11	1.673870e-18
1.624414062500001e-08	7.558594e-01	-9.914240e-05	7.558594e-01	-9.914284e-10	7.758594e-01	9.914240e-05	7.758594e-01	9.914284e-10	1.551719e-02	1.982848e-06	1.551719e-02	1.982857e-11	1.551719e-02	1.982848e-06	1.551719e-02	1.982857e-11	-1.982848e-06	-1.982857e-11	-1.551719e-02	-1.551719e-02	1.553721e-11	1.575530e-13	1.553719e-11	1.575530e-18
1.629296875000001e-08	7.070312e-01	-1.003251e-04	7.070312e-01	-1.003248e-09	7.270312e-01	1.003251e-04	7.270312e-01	1.003248e-09	1.454062e-02	2.006501e-06	1.454062e-02	2.006497e-11	1.454062e-02	2.006501e-06	1.454062e-02	2.006497e-11	-2.006501e-06	-2.006497e-11	-1.454062e-02	-1.454062e-02	1.456065e-11	1.478134e-13	1.456063e-11	1.478134e-18
1.634179687500001e-08	6.582031e-01	-9.987683e-05	6.582031e-01	-9.987695e-10	6.782031e-01	9.987683e-05	6.782031e-01	9.987695e-10	1.356406e-02	1.997537e-06	1.356406e-02	1.997539e-11	1.356406e-02	1.997537e-06	1.356406e-02	1.997539e-11	-1.997537e-06	-1.997539e-11	-1.356406e-02	-1.356406e-02	1.358408e-11	1.380379e-13	1.358406e-11	1.380379e-18
1.639062500000001e-08	6.093750e-01	-1.000467e-04	6.093750e-01	-1.000466e-09	6.293750e-01	1.000467e-04	6.293750e-01	1.000466e-09	1.258750e-02	2.000933e-06	1.258750e-02	2.000932e-11	1.258750e-02	2.000933e-06	1.258750e-02	2.000932e-11	-2.000933e-06	-2.000932e-11	-1.258750e-02	-1.258750e-02	1.260752e-11	1.282760e-13	1.260750e-11	1.282760e-18
1.643945312500001e-08	5.605469e-01	-9.998232e-05	5.605469e-01	-9.998234e-10	5.805469e-01	9.998232e-05	5.805469e-01	9.998234e-10	1.161094e-02	1.999646e-06	1.161094e-02	1.999647e-11	1.161094e-02	1.999646e-06	1.161094e-02	1.999647e-11	-1.999646e-06	-1.999647e-11	-1.161094e-02	-1.161094e-02	1.163096e-11	1.185090e-13	1.163094e-11	1.185090e-18
1.648828125000001e-08	5.117188e-01	-1.000067e-04	5.117188e-01	-1.000067e-09	5.317187e-01	1.000067e-04	5.317187e-01	1.000067e-09	1.063437e-02	2.000134e-06	1.063437e-02	2.000134e-11	1.063437e-02	2.000134e-06	1.063437e-02	2.000134e-11	-2.000134e-06	-2.000134e-11	-1.063437e-02	-1.063437e-02	1.065440e-11	1.087439e-13	1.065437e-11	1.087439e-18
1.653710937500001e-08	4.628906e-01	-9.999747e-05	4.628906e-01	-9.999747e-10	4.828906e-01	9.999747e-05	4.828906e-01	9.999747e-10	9.657812e-03	1.999949e-06	9.657812e-03	1.999949e-11	9.657812e-03	1.999949e-06	9.657812e-03	1.999949e-11	-1.999949e-06	-1.999949e-11	-9.657812e-03	-9.657812e-03	9.677835e-12	9.897807e-14	9.677812e-12	9.897806e-19
1.658593750000002e-08	4.140625e-01	-1.000010e-04	4.140625e-01	-1.000010e-09	4.340625e-01	1.000010e-04	4.340625e-01	1.000010e-09	8.681250e-03	2.000019e-06	8.681250e-03	2.000019e-11	8.681250e-03	2.000019e-06	8.681250e-03	2.000019e-11	-2.000019e-06	-2.000019e-11	-8.681250e-03	-8.681250e-03	8.701272e-12	8.921252e-14	8.701250e-12	8.921253e-19
1.663476562500002e-08	3.652344e-01	-9.999963e-05	3.652344e-01	-9.999964e-10	3.852344e-01	9.999963e-05	3.852344e-01	9.999964e-10	7.704687e-03	1.999993e-06	7.704687e-03	1.999993e-11	7.704687e-03	1.999993e-06	7.704687e-03	1.999993e-11	-1.999993e-06	-1.999993e-11	-7.704687e-03	-7.704687e-03	7.724710e-12	7.944687e-14	7.724687e-12	7.944687e-19
1.668359375000002e-08	3.164062e-01	-1.000001e-04	3.164062e-01	-1.000001e-09	3.364063e-01	1.000001e-04	3.364063e-01	1.000001e-09	6.728125e-03	2.000003e-06	6.728125e-03	2.000003e-11	6.728125e-03	2.000003e-06	6.728125e-03	2.000003e-11	-2.000003e-06	-2.000003e-11	-6.728125e-03	-6.728125e-03	6.748147e-12	6.968125e-14	6.748125e-12	6.968126e-19
1.673242187500002e-08	2.675781e-01	-9.999995e-05	2.675781e-01	-9.999995e-10	2.875781e-01	9.999995e-05	2.875781e-01	9.999995e-10	5.751562e-03	1.999999e-06	5.751562e-03	1.999999e-11	5.751562e-03	1.999999e-06	5.751562e-03	1.999999e-11	-1.999999e-06	-1.999999e-11	-5.751562e-03	-5.751562e-03	5.771585e-12	5.991562e-14	5.771562e-12	5.991562e-19
1.678125000000002e-08	2.187500e-01	-1.000000e-04	2.187500e-01	-1.000000e-09	2.387500e-01	1.000000e-04	2.387500e-01	1.000000e-09	4.775000e-03	2.000000e-06	4.775000e-03	2.000000e-11	4.775000e-03	2.000000e-06	4.775000e-03	2.000000e-11	-2.000000e-06	-2.000000e-11	-4.775000e-03	-4.775000e-03	4.795022e-12	5.015000e-14	4.795000e-12	5.015000e-19
1.683007812500002e-08	1.699219e-01	-9.999999e-05	1.699219e-01	-1.000000e-09	1.899219e-01	9.999999e-05	1.899219e-01	1.000000e-09	3.798438e-03	2.000000e-06	3.798438e-03	2.000000e-11	3.798438e-03	2.000000e-06	3.798438e-03	2.000000e-11	-2.000000e-06	-2.000000e-11	-3.798438e-03	-3.798438e-03	3.818459e-12	4.038438e-14	3.818437e-12	4.038437e-19
1.687890625000002e-08	1.210938e-01	-1.000000e-04	1.210938e-01	-1.000000e-09	1.410937e-01	1.000000e-04	1.410937e-01	1.000000e-09	2.821875e-03	2.000000e-06	2.821875e-03	2.000000e-11	2.821875e-03	2.000000e-06	2.821875e-03	2.000000e-11	-2.000000e-06	-2.000000e-11	-2.821875e-03	-2.821875e-03	2.841897e-12	3.061875e-14	2.841875e-12	3.061875e-19
1.692773437500002e-08	7.226562e-02	-1.000000e-04	7.226562e-02	-1.000000e-09	9.226563e-02	1.000000e-04	9.226563e-02	1.000000e-09	1.845313e-03	2.000000e-06	1.845313e-03	2.000000e-11	1.845313e-03	2.000000e-06	1.845313e-03	2.000000e-11	-2.000000e-06	-2.000000e-11	-1.845313e-03	-1.845313e-03	1.865334e-12	2.085312e-14	1.865313e-12	2.085313e-19
1.697656250000002e-08	2.343750e-02	-1.000000e-04	2.343750e-02	-1.000000e-09	4.343750e-02	1.000000e-04	4.343750e-02	1.000000e-09	8.687500e-04	2.000000e-06	8.687500e-04	2.000000e-11	8.687500e-04	2.000000e-06	8.687500e-04	2.000000e-11	-2.000000e-06	-2.000000e-11	-8.687500e-04	-8.687500e-04	8.887720e-13	1.108750e-14	8.887500e-13	1.108750e-19
1.700000000000000e-08	0.000000e+00	-1.000000e-04	0.000000e+00	-1.000000e-09	2.000000e-02	1.000000e-04	2.000000e-02	1.000000e-09	4.000000e-04	2.000000e-06	4.000000e-04	2.000000e-11	4.000000e-04	2.000000e-06	4.000000e-04	2.000000e-11	-2.000000e-06	-2.000000e-11	-4.000000e-04	-4.000000e-04	4.200220e-13	6.400000e-15	4.200000e-13	6.400000e-20
1.701976548740076e-08	0.000000e+00	-6.971015e-05	0.000000e+00	-6.971123e-10	7.199872e-03	6.971015e-05	7.199656e-03	6.971123e-10	1.439974e-04	1.394203e-06	1.439931e-04	1.394225e-11	1.439974e-04	1.394203e-06	1.439931e-04	1.394225e-11	-1.394203e-06	-1.394225e-11	-1.439974e-04	-1.439931e-04	1.512126e-13	3.045596e-15	1.511928e-13	3.045575e-20
1.703228979741925e-08	0.000000e+00	-3.925074e-05	0.000000e+00	-3.925193e-10	3.892476e-03	3.925074e-05	3.892114e-03	3.925193e-10	7.784952e-05	7.850148e-07	7.784228e-05	7.850386e-12	7.784952e-05	7.850148e-07	7.784228e-05	7.850386e-12	-7.850148e-07	-7.850386e-12	-7.784952e-05	-7.784228e-05	8.175064e-14	1.680936e-15	8.173439e-14	1.680886e-20
1.703915876973809e-08	0.000000e+00	-2.853150e-05	0.000000e+00	-2.853209e-10	2.798328e-03	2.853150e-05	2.797971e-03	2.853209e-10	5.596656e-05	5.706301e-07	5.595942e-05	5.706418e-12	5.596656e-05	5.706301e-07	5.595942e-05	5.706418e-12	-5.706301e-07	-5.706418e-12	-5.596656e-05	-5.595942e-05	5.877116e-14	1.215342e-15	5.875739e-14	1.215280e-20
1.704822861157311e-08	0.000000e+00	-1.859128e-05	0.000000e+00	-1.859124e-10	1.804465e-03	1.859128e-05	1.804149e-03	1.859124e-10	3.608931e-05	3.718255e-07	3.608299e-05	3.718248e-12	3.608931e-05	3.718255e-07	3.608299e-05	3.718248e-12	-3.718255e-07	-3.718248e-12	-3.608931e-05	-3.608299e-05	3.789786e-14	7.879458e-16	3.788714e-14	7.878787e-21
1.705783198126879e-08	0.000000e+00	-1.175499e-05	0.000000e+00	-1.175458e-10	1.132903e-03	1.175499e-05	1.132646e-03	1.175458e-10	2.265806e-05	2.350998e-07	2.265292e-05	2.350917e-12	2.265806e-05	2.350998e-07	2.265292e-05	2.350917e-12	-2.350998e-07	-2.350917e-12	-2.265806e-05	-2.265292e-05	2.379355e-14	4.965194e-16	2.378557e-14	4.964565e-21
1.706748672158270e-08	0.000000e+00	-7.393696e-06	0.000000e+00	-7.393147e-11	7.094403e-04	7.393696e-06	7.092425e-04	7.393147e-11	1.418881e-05	1.478739e-07	1.418485e-05	1.478630e-12	1.418881e-05	1.478739e-07	1.418485e-05	1.478630e-12	-1.478739e-07	-1.478630e-12	-1.418881e-05	-1.418485e-05	1.489987e-14	3.116438e-16	1.489409e-14	3.115902e-21
1.707766615871200e-08	0.000000e+00	-4.522177e-06	0.000000e+00	-4.521630e-11	4.326619e-04	4.522177e-06	4.325170e-04	4.521630e-11	8.653237e-06	9.044354e-08	8.650341e-06	9.043260e-13	8.653237e-06	9.044354e-08	8.650341e-06	9.043260e-13	-9.044354e-08	-9.043260e-13	-8.653237e-06	-8.650341e-06	9.086894e-15	1.903469e-16	9.082857e-15	1.903044e-21
1.708745971743540e-08	0.000000e+00	-2.816841e-06	0.000000e+00	-2.816365e-11	2.690537e-04	2.816841e-06	2.689492e-04	2.816365e-11	5.381075e-06	5.633682e-08	5.378983e-06	5.632730e-13	5.381075e-06	5.633682e-08	5.378983e-06	5.632730e-13	-5.633682e-08	-5.632730e-13	-5.381075e-06	-5.378983e-06	5.650748e-15	1.184718e-16	5.647932e-15	1.184393e-21
1.709792615441585e-08	0.000000e+00	-1.694948e-06	0.000000e+00	-1.694570e-11	1.617170e-04	1.694948e-06	1.616448e-04	1.694570e-11	3.234341e-06	3.389896e-08	3.232895e-06	3.389140e-13	3.234341e-06	3.389896e-08	3.232895e-06	3.389140e-13	-3.389896e-08	-3.389140e-13	-3.234341e-06	-3.232895e-06	3.396430e-15	7.124943e-17	3.394540e-15	7.122594e-22
1.711061105279589e-08	0.000000e+00	-9.094018e-07	0.000000e+00	-9.091356e-12	8.669846e-05	9.094018e-07	8.665341e-05	9.091356e-12	1.733969e-06	1.818804e-08	1.733068e-06	1.818271e-13	1.733969e-06	1.818804e-08	1.733068e-06	1.818271e-13	-1.818804e-08	-1.818271e-13	-1.733969e-06	-1.733068e-06	1.820868e-15	3.821352e-17	1.819722e-15	3.819820e-22
1.712567084672764e-08	0.000000e+00	-4.296094e-07	0.000000e+00	-4.294458e-12	4.093750e-05	4.296094e-07	4.091253e-05	4.294458e-12	8.187501e-07	8.592189e-09	8.182507e-07	8.588915e-14	8.187501e-07	8.592189e-09	8.182507e-07	8.588915e-14	-8.592189e-09	-8.588915e-14	-8.187501e-07	-8.182507e-07	8.597821e-16	1.804828e-17	8.591632e-16	1.803944e-22
1.714426276304661e-08	0.000000e+00	-1.660292e-07	0.000000e+00	-1.659461e-12	1.581704e-05	1.660292e-07	1.580547e-05	1.659461e-12	3.163407e-07	3.320584e-09	3.161095e-07	3.318922e-14	3.163407e-07	3.320584e-09	3.161095e-07	3.318922e-14	-3.320584e-09	-3.318922e-14	-3.163407e-07	-3.161095e-07	3.321943e-16	6.974219e-18	3.319150e-16	6.969963e-23
1.716733695820332e-08	0.000000e+00	-4.829890e-08	0.000000e+00	-4.826639e-13	4.600932e-06	4.829890e-08	4.596773e-06	4.826639e-13	9.201863e-08	9.659780e-10	9.193547e-08	9.653279e-15	9.201863e-08	9.659780e-10	9.193547e-08	9.653279e-15	-9.659780e-10	-9.653279e-15	-9.201863e-08	-9.193547e-08	9.663019e-17	2.028772e-18	9.653224e-17	2.027183e-23
1.719825764114783e-08	0.000000e+00	-7.340875e-09	0.000000e+00	-7.333342e-14	6.992968e-07	7.340875e-09	6.984179e-07	7.333342e-14	1.398594e-08	1.468175e-10	1.396836e-08	1.466668e-15	1.398594e-08	1.468175e-10	1.396836e-08	1.466668e-15	-1.468175e-10	-1.466668e-15	-1.398594e-08	-1.396836e-08	1.468685e-17	3.083516e-19	1.466678e-17	3.080013e-24
1.724188165722569e-08	0.000000e+00	1.388154e-10	0.000000e+00	1.390760e-15	-1.322501e-08	-1.388154e-10	-1.324677e-08	-1.390760e-15	-2.645001e-10	-2.776309e-12	-2.649355e-10	-2.781521e-17	-2.645001e-10	-2.776309e-12	-2.649355e-10	-2.781521e-17	2.776309e-12	2.781521e-17	2.645001e-10	2.649355e-10	-2.777557e-19	-5.831191e-21	-2.781822e-19	-5.841495e-26
1.729070978222569e-08	0.000000e+00	-1.042347e-11	0.000000e+00	-1.045064e-16	9.934845e-10	1.042347e-11	9.958437e-10	1.045064e-16	1.986969e-11	2.084693e-13	1.991688e-11	2.090128e-18	1.986969e-11	2.084693e-13	1.991688e-11	2.090128e-18	-2.084693e-13	-2.090128e-18	-1.986969e-11	-1.991688e-11	2.086547e-20	4.379480e-22	2.091272e-20	4.390413e-27
1.733953790722569e-08	0.000000e+00	7.812935e-13	0.000000e+00	7.839051e-18	-7.463224e-11	-7.812935e-13	-7.486388e-11	-7.839051e-18	-1.492645e-12	-1.562587e-14	-1.497278e-12	-1.567810e-19	-1.492645e-12	-1.562587e-14	-1.497278e-12	-1.567810e-19	1.562587e-14	1.567810e-19	1.492645e-12	1.497278e-12	-1.567449e-21	-3.286123e-23	-1.572141e-21	-3.296733e-28
1.738836603222569e-08	0.000000e+00	-5.803488e-14	0.000000e+00	-5.827364e-19	5.606512e-12	5.803488e-14	5.627992e-12	5.827364e-19	1.121302e-13	1.160698e-15	1.125598e-13	1.165473e-20	1.121302e-13	1.160698e-15	1.125598e-13	1.165473e-20	-1.160698e-15	-1.165473e-20	-1.121302e-13	-1.125598e-13	1.177495e-22	2.454135e-24	1.181878e-22	2.463898e-29
1.743719415722569e-08	0.000000e+00	4.110692e-15	0.000000e+00	4.131762e-20	-4.211759e-13	-4.110692e-15	-4.230917e-13	-4.131762e-20	-8.423519e-15	-8.221384e-17	-8.461835e-15	-8.263524e-22	-8.423519e-15	-8.221384e-17	-8.461835e-15	-8.263524e-22	8.221384e-17	8.263524e-22	8.423519e-15	8.461835e-15	-8.845599e-24	-1.788822e-25	-8.884926e-24	-1.797480e-30
1.748602228222569e-08	0.000000e+00	-2.144698e-16	0.000000e+00	-2.162814e-21	3.164151e-14	2.144698e-16	3.180648e-14	2.162814e-21	6.328302e-16	4.289397e-18	6.361297e-16	4.325627e-23	6.328302e-16	4.289397e-18	6.361297e-16	4.325627e-23	-4.289397e-18	-4.325627e-23	-6.328302e-16	-6.361297e-16	6.645189e-25	1.136305e-26	6.679362e-25	1.143755e-31
1.753485040722569e-08	0.000000e+00	-1.962808e-17	0.000000e+00	-1.947063e-22	-2.377749e-15	1.962808e-17	-2.391095e-15	1.947063e-22	-4.755497e-17	3.925616e-19	-4.782189e-17	3.894125e-24	-4.755497e-17	3.925616e-19	-4.782189e-17	3.894125e-24	-3.925616e-19	-3.894125e-24	4.755497e-17	4.782189e-17	-4.992840e-26	-6.750939e-29	-5.021299e-26	-7.377608e-34
1.758367853222569e-08	0.000000e+00	1.501501e-17	0.000000e+00	1.499741e-22	1.789182e-16	-1.501501e-17	1.797537e-16	-1.499741e-22	3.578365e-18	-3.003001e-19	3.595074e-18	-2.999482e-24	3.578365e-18	-3.003001e-19	3.595074e-18	-2.999482e-24	3.003001e-19	2.999482e-24	-3.578365e-18	-3.595074e-18	3.753980e-27	-2.927573e-28	3.774828e-27	-2.921948e-33
1.763250665722570e-08	0.000000e+00	-6.258015e-18	0.000000e+00	-6.253709e-23	-1.355347e-17	6.258015e-18	-1.351322e-17	6.253709e-23	-2.710694e-19	1.251603e-19	-2.702645e-19	1.250742e-24	-2.710694e-19	1.251603e-19	-2.702645e-19	1.250742e-24	-1.251603e-19	-1.250742e-24	2.710694e-19	2.702645e-19	-2.832461e-28	1.348301e-28	-2.837777e-28	1.347438e-33
1.768133478222570e-08	0.000000e+00	2.413728e-18	0.000000e+00	2.411844e-23	1.060909e-18	-2.413728e-18	1.015875e-18	-2.411844e-23	2.121817e-20	-4.827456e-20	2.031749e-20	-4.823689e-25	2.121817e-20	-4.827456e-20	2.031749e-20	-4.823689e-25	4.827456e-20	4.823689e-25	-2.121817e-20	-2.031749e-20	2.174806e-29	-5.287923e-29	2.133337e-29	-5.284724e-34
1.773016290722570e-08	0.000000e+00	-9.176966e-19	0.000000e+00	-9.167916e-24	-9.589369e-20	9.176966e-19	-7.636972e-20	9.167916e-24	-1.917874e-21	1.835393e-20	-1.527394e-21	1.833583e-25	-1.917874e-21	1.835393e-20	-1.527394e-21	1.833583e-25	-1.835393e-20	-1.833583e-25	1.917874e-21	1.527394e-21	-1.811874e-30	2.016919e-29	-1.603764e-30	2.015338e-34
1.777899103222570e-08	0.000000e+00	3.479270e-19	0.000000e+00	3.475038e-24	1.334001e-20	-3.479270e-19	5.741196e-21	-3.475038e-24	2.668003e-22	-6.958540e-21	1.148239e-22	-6.950076e-26	2.668003e-22	-6.958540e-21	1.148239e-22	-6.950076e-26	6.958540e-21	6.950076e-26	-2.668003e-22	-1.148239e-22	2.035964e-31	-7.651593e-30	1.205651e-31	-7.643878e-35
1.782781915722570e-08	0.000000e+00	-1.318365e-19	0.000000e+00	-1.316450e-24	-3.326978e-21	1.318365e-19	-4.316020e-22	1.316450e-24	-6.653957e-23	2.636729e-21	-8.632040e-24	2.632901e-26	-6.653957e-23	2.636729e-21	-8.632040e-24	2.632901e-26	-2.636729e-21	-2.632901e-26	6.653957e-23	8.632040e-24	-4.086253e-32	2.899703e-30	-9.063642e-33	2.896100e-35
1.787664728222570e-08	0.000000e+00	4.994995e-20	0.000000e+00	4.986560e-25	1.130741e-21	-4.994995e-20	3.244625e-23	-4.986560e-25	2.261481e-23	-9.989989e-22	6.489251e-25	-9.973121e-27	2.261481e-23	-9.989989e-22	6.489251e-25	-9.973121e-27	9.989989e-22	9.973121e-27	-2.261481e-23	-6.489251e-25	1.275656e-32	-1.098661e-30	6.813714e-34	-1.097036e-35
1.792547540722570e-08	0.000000e+00	-1.892453e-20	0.000000e+00	-1.888809e-25	-4.186545e-22	1.892453e-20	-2.439190e-24	1.888809e-25	-8.373091e-24	3.784906e-22	-4.878381e-26	3.777618e-27	-8.373091e-24	3.784906e-22	-4.878381e-26	3.777618e-27	-3.784906e-22	-3.777618e-27	8.373091e-24	4.878381e-26	-4.628349e-33	4.162517e-31	-5.122300e-35	4.155375e-36
1.797430353222570e-08	0.000000e+00	7.169901e-21	0.000000e+00	7.154398e-26	1.578825e-22	-7.169901e-21	1.833694e-25	-7.154398e-26	3.157651e-24	-1.433980e-22	3.667388e-27	-1.430880e-27	3.157651e-24	-1.433980e-22	3.667388e-27	-1.430880e-27	1.433980e-22	1.430880e-27	-3.157651e-24	-3.667388e-27	1.738155e-33	-1.577047e-31	3.850757e-36	-1.573967e-36
1.802313165722571e-08	0.000000e+00	-2.716445e-21	0.000000e+00	-2.709928e-26	-5.976160e-23	2.716445e-21	-1.378504e-26	2.709928e-26	-1.195232e-24	5.432890e-23	-2.757008e-28	5.419856e-28	-1.195232e-24	5.432890e-23	-2.757008e-28	5.419856e-28	-5.432890e-23	-5.419856e-28	1.195232e-24	2.757008e-28	-6.573757e-34	5.974924e-32	-2.894858e-37	5.961841e-37
1.807195978222571e-08	0.000000e+00	1.029174e-21	0.000000e+00	1.026461e-26	2.263761e-23	-1.029174e-21	1.036311e-27	-1.026461e-26	4.527523e-25	-2.058347e-23	2.072621e-29	-2.052921e-28	4.527523e-25	-2.058347e-23	2.072621e-29	-2.052921e-28	2.058347e-23	2.052921e-28	-4.527523e-25	-2.072621e-29	2.489717e-34	-2.263706e-32	2.176250e-38	-2.258214e-37
1.812078790722571e-08	0.000000e+00	-3.899207e-22	0.000000e+00	-3.888006e-27	-8.576351e-24	3.899207e-22	-7.790672e-29	3.888006e-27	-1.715270e-25	7.798414e-24	-1.558134e-30	7.776012e-29	-1.715270e-25	7.798414e-24	-1.558134e-30	7.776012e-29	-7.798414e-24	-7.776012e-29	1.715270e-25	1.558134e-30	-9.432083e-35	8.576455e-33	-1.636033e-39	8.553613e-38
1.816961603222571e-08	0.000000e+00	1.477284e-22	0.000000e+00	1.472691e-27	3.249280e-24	-1.477284e-22	5.857001e-30	-1.472691e-27	6.498560e-26	-2.954568e-24	1.171400e-31	-2.945381e-29	6.498560e-26	-2.954568e-24	1.171400e-31	-2.945381e-29	2.954568e-24	2.945381e-29	-6.498560e-26	-1.171400e-31	3.573463e-35	-3.249342e-33	1.229934e-40	-3.239919e-38
1.821844415722571e-08	0.000000e+00	-5.596952e-23	0.000000e+00	-5.578226e-28	-1.231046e-24	5.596952e-23	-4.404062e-31	5.578226e-28	-2.462091e-26	1.119390e-24	-8.808123e-33	1.115645e-29	-2.462091e-26	1.119390e-24	-8.808123e-33	1.115645e-29	-1.119390e-24	-1.115645e-29	2.462091e-26	8.808123e-33	-1.353866e-35	1.231071e-33	-9.247169e-42	1.227210e-38
1.826727228222571e-08	0.000000e+00	2.120505e-23	0.000000e+00	2.112908e-28	4.664034e-25	-2.120505e-23	3.314538e-32	-2.112908e-28	9.328068e-27	-4.241010e-25	6.629075e-34	-4.225817e-30	9.328068e-27	-4.241010e-25	6.629075e-34	-4.225817e-30	4.241010e-25	4.225817e-30	-9.328068e-27	-6.629075e-34	5.129360e-36	-4.664132e-34	6.950440e-43	-4.648398e-39
1.831610040722571e-08	0.000000e+00	-8.033909e-24	0.000000e+00	-8.003229e-29	-1.767052e-25	8.033909e-24	-2.505860e-33	8.003229e-29	-3.534104e-27	1.606782e-25	-5.011721e-35	1.600646e-30	-3.534104e-27	1.606782e-25	-5.011721e-35	1.600646e-30	-1.606782e-25	-1.600646e-30	3.534104e-27	5.011721e-35	-1.943349e-36	1.767089e-34	-5.184804e-44	1.760711e-39
1.836492853222571e-08	0.000000e+00	3.043789e-24	0.000000e+00	3.031446e-29	6.694791e-26	-3.043789e-24	1.937269e-34	-3.031446e-29	1.338958e-27	-6.087579e-26	3.874539e-36	-6.062891e-31	1.338958e-27	-6.087579e-26	3.874539e-36	-6.062891e-31	6.087579e-26	6.062891e-31	-1.338958e-27	-3.874539e-36	7.362723e-37	-6.694931e-35	4.203895e-45	-6.669186e-40
1.841375665722572e-08	0.000000e+00	-1.153194e-24	0.000000e+00	-1.148245e-29	-2.536440e-26	1.153194e-24	-1.658845e-35	1.148245e-29	-5.072881e-28	2.306387e-26	-3.317690e-37	2.296489e-31	-5.072881e-28	2.306387e-26	-3.317690e-37	2.296489e-31	-2.306387e-26	-2.296489e-31	5.072881e-28	3.317690e-37	-2.789499e-37	2.536494e-35	0.000000e+00	2.526135e-40
1.846258478222572e-08	0.000000e+00	4.369079e-25	0.000000e+00	4.349296e-30	9.609756e-27	-4.369079e-25	2.013998e-36	-4.349296e-30	1.921951e-28	-8.738159e-27	4.027997e-38	-8.698592e-32	1.921951e-28	-8.738159e-27	4.027997e-38	-8.698592e-32	8.738159e-27	8.698592e-32	-1.921951e-28	-4.027997e-38	1.056851e-37	-9.609957e-36	0.000000e+00	-9.568486e-41
1.851141290722572e-08	0.000000e+00	-1.655303e-25	0.000000e+00	-1.647417e-30	-3.640827e-27	1.655303e-25	-4.419046e-37	1.647417e-30	-7.281653e-29	3.310607e-27	-8.838093e-39	3.294834e-32	-7.281653e-29	3.310607e-27	-8.838093e-39	3.294834e-32	-3.310607e-27	-3.294834e-32	7.281653e-29	8.838093e-39	-4.004068e-38	3.640903e-36	0.000000e+00	3.624318e-41
1.856024103222572e-08	0.000000e+00	6.271411e-26	0.000000e+00	6.240051e-31	1.379392e-27	-6.271411e-26	1.432556e-37	-6.240051e-31	2.758784e-29	-1.254282e-27	2.865112e-39	-1.248010e-32	2.758784e-29	-1.254282e-27	2.865112e-39	-1.248010e-32	1.254282e-27	1.248010e-32	-2.758784e-29	-2.865112e-39	1.517013e-38	-1.379421e-36	0.000000e+00	-1.372852e-41
1.860906915722572e-08	0.000000e+00	-2.376035e-26	0.000000e+00	-2.363593e-31	-5.226071e-28	2.376035e-26	-5.244819e-38	2.363593e-31	-1.045214e-29	4.752071e-28	-1.048964e-39	4.727186e-33	-1.045214e-29	4.752071e-28	-1.048964e-39	4.727186e-33	-4.752071e-28	-4.727186e-33	1.045214e-29	1.048964e-39	-5.747472e-39	5.226181e-37	0.000000e+00	5.200219e-42
1.865789728222572e-08	0.000000e+00	9.002033e-27	0.000000e+00	8.952767e-32	1.979990e-28	-9.002033e-27	1.972985e-38	-8.952767e-32	3.959980e-30	-1.800406e-28	3.945972e-40	-1.790553e-33	3.959980e-30	-1.800406e-28	3.945972e-40	-1.790553e-33	1.800406e-28	1.790553e-33	-3.959980e-30	-3.945972e-40	2.177532e-39	-1.980031e-37	0.000000e+00	-1.970226e-42
1.870672540722572e-08	0.000000e+00	-3.410580e-27	0.000000e+00	-3.391110e-32	-7.501543e-29	3.410580e-27	-7.462979e-39	3.391110e-32	-1.500309e-30	6.821160e-29	-1.492593e-40	6.782219e-34	-1.500309e-30	6.821160e-29	-1.492593e-40	6.782219e-34	-6.821160e-29	-6.782219e-34	1.500309e-30	1.492593e-40	-8.249963e-40	7.501701e-38	0.000000e+00	7.454908e-43
1.875555353222572e-08	0.000000e+00	1.292159e-27	0.000000e+00	1.284477e-32	2.842093e-29	-1.292159e-27	2.826041e-39	-1.284477e-32	5.684186e-31	-2.584318e-29	5.652137e-41	-2.568955e-34	5.684186e-31	-2.584318e-29	5.652137e-41	-2.568955e-34	2.584318e-29	2.568955e-34	-5.684186e-31	-5.652137e-41	3.125652e-40	-2.842153e-38	0.000000e+00	-2.830623e-43
1.880438165722572e-08	0.000000e+00	-4.895573e-28	0.000000e+00	-4.865315e-33	-1.076778e-29	4.895573e-28	-1.070383e-39	4.865315e-33	-2.153555e-31	9.791147e-30	-2.140764e-41	9.730631e-35	-2.153555e-31	9.791147e-30	-2.140764e-41	9.730631e-35	-9.791147e-30	-9.730631e-35	2.153555e-31	2.140764e-41	-1.184209e-40	1.076800e-38	0.000000e+00	1.064987e-43
1.885320978222573e-08	0.000000e+00	1.854775e-28	0.000000e+00	1.842874e-33	4.079563e-30	-1.854775e-28	4.054335e-40	-1.842874e-33	8.159126e-32	-3.709550e-30	8.109314e-42	-3.685747e-35	8.159126e-32	-3.709550e-30	8.109314e-42	-3.685747e-35	3.709550e-30	3.685747e-35	-8.159126e-32	-8.109314e-42	4.486537e-41	-4.079648e-39	0.000000e+00	-4.063766e-44
1.890203790722573e-08	0.000000e+00	-7.027145e-29	0.000000e+00	-6.980397e-34	-1.545615e-30	7.027145e-29	-1.535683e-40	6.980397e-34	-3.091230e-32	1.405429e-30	-3.071646e-42	1.396079e-35	-3.091230e-32	1.405429e-30	-3.071646e-42	1.396079e-35	-1.405429e-30	-1.396079e-35	3.091230e-32	3.071646e-42	-1.699775e-41	1.545648e-39	0.000000e+00	1.541428e-44
1.895086603222573e-08	0.000000e+00	2.662359e-29	0.000000e+00	2.644020e-34	5.855837e-31	-2.662359e-29	5.816790e-41	-2.644020e-34	1.171167e-32	-5.324718e-31	1.163078e-42	-5.288040e-36	1.171167e-32	-5.324718e-31	1.163078e-42	-5.288040e-36	5.324718e-31	5.288040e-36	-1.171167e-32	-1.163078e-42	6.440368e-42	-5.855956e-40	0.000000e+00	-5.605194e-45
1.899969415722573e-08	0.000000e+00	-1.008682e-29	0.000000e+00	-1.001496e-34	-2.218588e-31	1.008682e-29	-2.203262e-41	1.001496e-34	-4.437176e-33	2.017364e-31	-4.400077e-43	2.002992e-36	-4.437176e-33	2.017364e-31	-4.400077e-43	2.002992e-36	-2.017364e-31	-2.002992e-36	4.437176e-33	4.400077e-43	-2.439661e-42	2.218634e-40	0.000000e+00	2.802597e-45
1.904852228222573e-08	0.000000e+00	3.821571e-30	0.000000e+00	3.793446e-35	8.405515e-32	-3.821571e-30	8.346134e-42	-3.793446e-35	1.681103e-33	-7.643141e-32	1.667545e-43	-7.586892e-37	1.681103e-33	-7.643141e-32	1.667545e-43	-7.586892e-37	7.643141e-32	7.586892e-37	-1.681103e-33	-1.667545e-43	9.248570e-43	-8.405689e-41	0.000000e+00	-1.401298e-45
1.909735040722573e-08	0.000000e+00	-1.447870e-30	0.000000e+00	-1.436873e-35	-3.184578e-32	1.447870e-30	-3.161329e-42	1.436873e-35	-6.369157e-34	2.895740e-32	-6.305843e-44	2.873746e-37	-6.369157e-34	2.895740e-32	-6.305843e-44	2.873746e-37	-2.895740e-32	-2.873746e-37	6.369157e-34	6.305843e-44	-3.503246e-43	3.184591e-41	0.000000e+00	0.000000e+00
1.914617853222573e-08	0.000000e+00	5.485513e-31	0.000000e+00	5.442557e-36	1.206534e-32	-5.485513e-31	1.196709e-42	-5.442557e-36	2.413068e-34	-1.097103e-32	2.382207e-44	-1.088511e-37	2.413068e-34	-1.097103e-32	2.382207e-44	-1.088511e-37	1.097103e-32	1.088511e-37	-2.413068e-34	-2.382207e-44	1.331234e-43	-1.206518e-41	0.000000e+00	0.000000e+00
1.919500665722573e-08	0.000000e+00	-2.078284e-31	0.000000e+00	-2.061520e-36	-4.571169e-33	2.078284e-31	-4.540207e-43	2.061520e-36	-9.142338e-35	4.156568e-33	-8.407791e-45	4.123040e-38	-9.142338e-35	4.156568e-33	-8.407791e-45	4.123040e-38	-4.156568e-33	-4.123040e-38	9.142338e-35	8.407791e-45	-5.044674e-44	4.571036e-42	0.000000e+00	0.000000e+00
1.924383478222574e-08	0.000000e+00	7.873948e-32	0.000000e+00	7.808582e-37	1.731869e-33	-7.873948e-32	1.723597e-43	-7.808582e-37	3.463737e-35	-1.574790e-33	2.802597e-45	-1.561716e-38	3.463737e-35	-1.574790e-33	2.802597e-45	-1.561716e-38	1.574790e-33	1.561716e-38	-3.463737e-35	-2.802597e-45	1.961818e-44	-1.732005e-42	0.000000e+00	0.000000e+00
1.929266290722574e-08	0.000000e+00	-2.983185e-32	0.000000e+00	-2.957718e-37	-6.561492e-34	2.983185e-32	-6.445973e-44	2.957718e-37	-1.312298e-35	5.966370e-34	-1.401298e-45	5.915436e-39	-1.312298e-35	5.966370e-34	-1.401298e-45	5.915436e-39	-5.966370e-34	-5.915436e-39	1.312298e-35	1.401298e-45	-7.006492e-45	6.558077e-43	0.000000e+00	0.000000e+00
1.934149103222574e-08	0.000000e+00	1.130233e-32	0.000000e+00	1.120318e-37	2.485938e-34	-1.130233e-32	2.522337e-44	-1.120318e-37	4.971876e-36	-2.260466e-34	0.000000e+00	-2.240636e-39	4.971876e-36	-2.260466e-34	0.000000e+00	-2.240636e-39	2.260466e-34	2.240636e-39	-4.971876e-36	0.000000e+00	2.802597e-45	-2.480298e-43	0.000000e+00	0.000000e+00
1.939031915722574e-08	0.000000e+00	-4.282088e-33	0.000000e+00	-4.243517e-38	-9.418418e-35	4.282088e-33	-9.809089e-45	4.243517e-38	-1.883683e-36	8.564175e-35	0.000000e+00	8.487034e-40	-1.883683e-36	8.564175e-35	0.000000e+00	8.487034e-40	-8.564175e-35	-8.487034e-40	1.883683e-36	0.000000e+00	-1.401298e-45	9.388700e-44	0.000000e+00	0.000000e+00
1.943914728222574e-08	0.000000e+00	1.622345e-33	0.000000e+00	1.607350e-38	3.568335e-35	-1.622345e-33	4.203895e-45	-1.607350e-38	7.136670e-37	-3.244690e-35	0.000000e+00	-3.214705e-40	7.136670e-37	-3.244690e-35	0.000000e+00	-3.214705e-40	3.244690e-35	3.214705e-40	-7.136670e-37	0.000000e+00	0.000000e+00	-3.503246e-44	0.000000e+00	0.000000e+00
1.948797540722574e-08	0.000000e+00	-6.146542e-34	0.000000e+00	-6.088286e-39	-1.351927e-35	6.146542e-34	-1.401298e-45	6.088286e-39	-2.703854e-37	1.229309e-35	0.000000e+00	1.217658e-40	-2.703854e-37	1.229309e-35	0.000000e+00	1.217658e-40	-1.229309e-35	-1.217658e-40	2.703854e-37	0.000000e+00	0.000000e+00	1.401298e-44	0.000000e+00	0.000000e+00
1.953680353222574e-08	0.000000e+00	2.328727e-34	0.000000e+00	2.306108e-39	5.122016e-36	-2.328727e-34	0.000000e+00	-2.306108e-39	1.024403e-37	-4.657454e-36	0.000000e+00	-4.612234e-41	1.024403e-37	-4.657454e-36	0.000000e+00	-4.612234e-41	4.657454e-36	4.612234e-41	-1.024403e-37	0.000000e+00	0.000000e+00	-5.605194e-45	0.000000e+00	0.000000e+00
1.958563165722574e-08	0.000000e+00	-8.822795e-35	0.000000e+00	-8.735022e-40	-1.940567e-36	8.822795e-35	0.000000e+00	8.735022e-40	-3.881133e-38	1.764559e-36	0.000000e+00	1.746999e-41	-3.881133e-38	1.764559e-36	0.000000e+00	1.746999e-41	-1.764559e-36	-1.746999e-41	3.881133e-38	0.000000e+00	0.000000e+00	1.401298e-45	0.000000e+00	0.000000e+00
1.963445978222574e-08	0.000000e+00	3.342673e-35	0.000000e+00	3.308634e-40	7.352182e-37	-3.342673e-35	0.000000e+00	-3.308634e-40	1.470436e-38	-6.685346e-37	0.000000e+00	-6.616931e-42	1.470436e-38	-6.685346e-37	0.000000e+00	-6.616931e-42	6.685346e-37	6.616931e-42	-1.470436e-38	0.000000e+00	0.000000e+00	-1.401298e-45	0.000000e+00	0.000000e+00
1.968328790722575e-08	0.000000e+00	-1.266431e-35	0.000000e+00	-1.253237e-40	-2.785505e-37	1.266431e-35	0.000000e+00	1.253237e-40	-5.571009e-39	2.532862e-37	0.000000e+00	2.506923e-42	-5.571009e-39	2.532862e-37	0.000000e+00	2.506923e-42	-2.532862e-37	-2.506923e-42	5.571009e-39	0.000000e+00	0.000000e+00	0.000000e+00	0.000000e+00	0.000000e+00
1.973211603222575e-08	0.000000e+00	4.798099e-36	0.000000e+00	4.747039e-41	1.055338e-37	-4.798099e-36	0.000000e+00	-4.747039e-41	2.110676e-39	-9.596197e-38	0.000000e+00	-9.500804e-43	2.110676e-39	-9.596197e-38	0.000000e+00	-9.500804e-43	9.596197e-38	9.500804e-43	-2.110676e-39	0.000000e+00	0.000000e+00	0.000000e+00	0.000000e+00	0.000000e+00
1.978094415722575e-08	0.000000e+00	-1.817845e-36	0.000000e+00	-1.798006e-41	-3.998336e-38	1.817845e-36	0.000000e+00	1.798006e-41	-7.996678e-40	3.635690e-38	0.000000e+00	3.601337e-43	-7.996678e-40	3.635690e-38	0.000000e+00	3.601337e-43	-3.635690e-38	-3.601337e-43	7.996678e-40	0.000000e+00	0.000000e+00	0.000000e+00	0.000000e+00	0.000000e+00
1.982977228222575e-08	0.000000e+00	6.887229e-37	0.000000e+00	6.810311e-42	1.514840e-38	-6.887229e-37	0.000000e+00	-6.810311e-42	3.029677e-40	-1.377446e-38	0.000000e+00	-1.359260e-43	3.029677e-40	-1.377446e-38	0.000000e+00	-1.359260e-43	1.377446e-38	1.359260e-43	-3.029677e-40	0.000000e+00	0.000000e+00	0.000000e+00	0.000000e+00	0.000000e+00
1.987860040722575e-08	0.000000e+00	-2.609349e-37	0.000000e+00	-2.579790e-42	-5.739242e-39	2.609349e-37	0.000000e+00	2.579790e-42	-1.147846e-40	5.218698e-39	0.000000e+00	5.184804e-44	-1.147846e-40	5.218698e-39	0.000000e+00	5.184804e-44	-5.218698e-39	-5.184804e-44	1.147846e-40	0.000000e+00	0.000000e+00	0.000000e+00	0.000000e+00	0.000000e+00
1.992742853222575e-08	0.000000e+00	9.885982e-38	0.000000e+00	9.767050e-43	2.174414e-39	-9.885982e-38	0.000000e+00	-9.767050e-43	4.348790e-41	-1.977197e-39	0.000000e+00	-1.961818e-44	4.348790e-41	-1.977197e-39	0.000000e+00	-1.961818e-44	1.977197e-39	1.961818e-44	-4.348790e-41	0.000000e+00	0.000000e+00	0.000000e+00	0.000000e+00	0.000000e+00
1.997625665722575e-08	0.000000e+00	-3.745480e-38	0.000000e+00	-3.699428e-43	-8.238150e-40	3.745480e-38	0.000000e+00	3.699428e-43	-1.647647e-41	7.490963e-40	0.000000e+00	7.006492e-45	-1.647647e-41	7.490963e-40	0.000000e+00	7.006492e-45	-7.490963e-40	-7.006492e-45	1.647647e-41	0.000000e+00	0.000000e+00	0.000000e+00	0.000000e+00	0.000000e+00
2.000000000000000e-08	0.000000e+00	0.000000e+00	0.000000e+00	0.000000e+00	0.000000e+00	0.000000e+00	0.000000e+00	0.000000e+00	0.000000e+00	0.000000e+00	0.000000e+00	0.000000e+00	0.000000e+00	0.000000e+00	0.000000e+00	0.000000e+00	0.000000e+00	0.000000e+00	0.000000e+00	0.000000e+00	0.000000e+00	0.000000e+00	0.000000e+00	0.000000e+00
2.001254119985024e-08	1.254120e-02	1.669811e-05	1.254120e-02	1.669729e-10	3.343737e-03	-1.669811e-05	3.343602e-03	-1.669729e-10	6.687475e-05	-3.339622e-07	6.687205e-05	-3.339458e-12	6.687475e-05	-3.339622e-07	6.687205e-05	-3.339458e-12	3.339622e-07	3.339458e-12	-6.687475e-05	-6.687205e-05	5.767361e-14	2.094144e-16	5.767445e-14	2.094041e-21
2.002471646898483e-08	2.471647e-02	4.621778e-05	2.471647e-02	4.621645e-10	1.066375e-02	-4.621778e-05	1.066344e-02	-4.621645e-10	2.132751e-04	-9.243557e-07	2.132688e-04	-9.243290e-12	2.132751e-04	-9.243557e-07	2.132688e-04	-9.243290e-12	9.243557e-07	9.243290e-12	-2.132751e-04	-2.132688e-04	1.992122e-13	9.754323e-16	1.992158e-13	9.753958e-21
2.003570705277167e-08	3.570705e-02	6.634956e-05	3.570705e-02	6.634888e-10	1.918750e-02	-6.634956e-05	1.918714e-02	-6.634888e-10	3.837499e-04	-1.326991e-06	3.837429e-04	-1.326978e-11	3.837499e-04	-1.326991e-06	3.837429e-04	-1.326978e-11	1.326991e-06	1.326978e-11	-3.837499e-04	-3.837429e-04	3.672158e-13	2.212613e-15	3.672230e-13	2.212554e-20
2.005076726050684e-08	5.076726e-02	8.328891e-05	5.076726e-02	8.328909e-10	3.241061e-02	-8.328891e-05	3.241031e-02	-8.328909e-10	6.482122e-04	-1.665778e-06	6.482063e-04	-1.665782e-11	6.482122e-04	-1.665778e-06	6.482063e-04	-1.665782e-11	1.665778e-06	1.665782e-11	-6.482122e-04	-6.482063e-04	6.298372e-13	4.466200e-15	6.298493e-13	4.466133e-20
2.007332016563593e-08	7.332017e-02	9.479536e-05	7.332017e-02	9.479596e-10	5.381532e-02	-9.479536e-05	5.381515e-02	-9.479596e-10	1.076306e-03	-1.895907e-06	1.076303e-03	-1.895919e-11	1.076306e-03	-1.895907e-06	1.076303e-03	-1.895919e-11	1.895907e-06	1.895919e-11	-1.076306e-03	-1.076303e-03	1.056781e-12	8.482517e-15	1.056798e-12	8.482468e-20
2.010117204994252e-08	1.011721e-01	9.894772e-05	1.011721e-01	9.894809e-10	8.127236e-02	-9.894772e-05	8.127230e-02	-9.894809e-10	1.625447e-03	-1.978954e-06	1.625446e-03	-1.978962e-11	1.625447e-03	-1.978954e-06	1.625446e-03	-1.978962e-11	1.978954e-06	1.978962e-11	-1.625447e-03	-1.625446e-03	1.605526e-12	1.387863e-14	1.605546e-12	1.387861e-19
2.014308783710327e-08	1.430878e-01	9.999864e-05	1.430878e-01	9.999870e-10	1.230879e-01	-9.999864e-05	1.230879e-01	-9.999870e-10	2.461759e-03	-1.999973e-06	2.461759e-03	-1.999974e-11	2.461759e-03	-1.999973e-06	2.461759e-03	-1.999974e-11	1.999973e-06	1.999974e-11	-2.461759e-03	-2.461759e-03	2.441737e-12	2.221762e-14	2.441759e-12	2.221762e-19
2.019191596210327e-08	1.919160e-01	1.000002e-04	1.919160e-01	1.000002e-09	1.719159e-01	-1.000002e-04	1.719159e-01	-1.000002e-09	3.438319e-03	-2.000004e-06	3.438319e-03	-2.000003e-11	3.438319e-03	-2.000004e-06	3.438319e-03	-2.000003e-11	2.000004e-06	2.000003e-11	-3.438319e-03	-3.438319e-03	3.418297e-12	3.198319e-14	3.418319e-12	3.198319e-19
2.024074408710327e-08	2.407441e-01	9.999996e-05	2.407441e-01	9.999996e-10	2.207441e-01	-9.999996e-05	2.207441e-01	-9.999996e-10	4.414882e-03	-1.999999e-06	4.414882e-03	-1.999999e-11	4.414882e-03	-1.999999e-06	4.414882e-03	-1.999999e-11	1.999999e-06	1.999999e-11	-4.414882e-03	-4.414882e-03	4.394860e-12	4.174882e-14	4.394882e-12	4.174882e-19
2.028957221210327e-08	2.895722e-01	1.000000e-04	2.895722e-01	1.000000e-09	2.695722e-01	-1.000000e-04	2.695722e-01	-1.000000e-09	5.391444e-03	-2.000000e-06	5.391444e-03	-2.000000e-11	5.391444e-03	-2.000000e-06	5.391444e-03	-2.000000e-11	2.000000e-06	2.000000e-11	-5.391444e-03	-5.391444e-03	5.371422e-12	5.151444e-14	5.371444e-12	5.151444e-19
2.033840033710327e-08	3.384003e-01	1.000000e-04	3.384003e-01	1.000000e-09	3.184003e-01	-1.000000e-04	3.184003e-01	-1.000000e-09	6.368007e-03	-2.000000e-06	6.368007e-03	-2.000000e-11	6.368007e-03	-2.000000e-06	6.368007e-03	-2.000000e-11	2.000000e-06	2.000000e-11	-6.368007e-03	-6.368007e-03	6.347985e-12	6.128007e-14	6.348007e-12	6.128007e-19
2.038722846210327e-08	3.872285e-01	1.000000e-04	3.872285e-01	1.000000e-09	3.672284e-01	-1.000000e-04	3.672284e-01	-1.000000e-09	7.344569e-03	-2.000000e-06	7.344569e-03	-2.000000e-11	7.344569e-03	-2.000000e-06	7.344569e-03	-2.000000e-11	2.000000e-06	2.000000e-11	-7.344569e-03	-7.344569e-03	7.324547e-12	7.104569e-14	7.324569e-12	7.104569e-19
2.043605658710327e-08	4.360566e-01	1.000000e-04	4.360566e-01	1.000000e-09	4.160566e-01	-1.000000e-04	4.160566e-01	-1.000000e-09	8.321132e-03	-2.000000e-06	8.321132e-03	-2.000000e-11	8.321132e-03	-2.000000e-06	8.321132e-03	-2.000000e-11	2.000000e-06	2.000000e-11	-8.321132e-03	-8.321132e-03	8.301110e-12	8.081132e-14	8.301131e-12	8.081132e-19
2.048488471210328e-08	4.848847e-01	1.000000e-04	4.848847e-01	1.000000e-09	4.648847e-01	-1.000000e-04	4.648847e-01	-1.000000e-09	9.297694e-03	-2.000000e-06	9.297694e-03	-2.000000e-11	9.297694e-03	-2.000000e-06	9.297694e-03	-2.000000e-11	2.000000e-06	2.000000e-11	-9.297694e-03	-9.297694e-03	9.277672e-12	9.057694e-14	9.277694e-12	9.057694e-19
2.053371283710328e-08	5.337129e-01	1.000000e-04	5.337129e-01	1.000000e-09	5.137128e-01	-1.000000e-04	5.137128e-01	-1.000000e-09	1.027426e-02	-2.000000e-06	1.027426e-02	-2.000000e-11	1.027426e-02	-2.000000e-06	1.027426e-02	-2.000000e-11	2.000000e-06	2.000000e-11	-1.027426e-02	-1.027426e-02	1.025423e-11	1.003426e-13	1.025426e-11	1.003426e-18
2.058254096210328e-08	5.825410e-01	1.000000e-04	5.825410e-01	1.000000e-09	5.625409e-01	-1.000000e-04	5.625409e-01	-1.000000e-09	1.125082e-02	-2.000000e-06	1.125082e-02	-2.000000e-11	1.125082e-02	-2.000000e-06	1.125082e-02	-2.000000e-11	2.000000e-06	2.000000e-11	-1.125082e-02	-1.125082e-02	1.123080e-11	1.101082e-13	1.123082e-11	1.101082e-18
2.063136908710328e-08	6.313691e-01	1.000000e-04	6.313691e-01	1.000000e-09	6.113691e-01	-1.000000e-04	6.113691e-01	-1.000000e-09	1.222738e-02	-2.000000e-06	1.222738e-02	-2.000000e-11	1.222738e-02	-2.000000e-06	1.222738e-02	-2.000000e-11	2.000000e-06	2.000000e-11	-1.222738e-02	-1.222738e-02	1.220736e-11	1.198738e-13	1.220738e-11	1.198738e-18
2.068019721210328e-08	6.801972e-01	1.000000e-04	6.801972e-01	1.000000e-09	6.601972e-01	-1.000000e-04	6.601972e-01	-1.000000e-09	1.320394e-02	-2.000000e-06	1.320394e-02	-2.000000e-11	1.320394e-02	-2.000000e-06	1.320394e-02	-2.000000e-11	2.000000e-06	2.000000e-11	-1.320394e-02	-1.320394e-02	1.318392e-11	1.296394e-13	1.318394e-11	1.296394e-18
2.072902533710328e-08	7.290254e-01	1.000000e-04	7.290254e-01	1.000000e-09	7.090253e-01	-1.000000e-04	7.090253e-01	-1.000000e-09	1.418051e-02	-2.000000e-06	1.418051e-02	-2.000000e-11	1.418051e-02	-2.000000e-06	1.418051e-02	-2.000000e-11	2.000000e-06	2.000000e-11	-1.418051e-02	-1.418051e-02	1.416048e-11	1.394051e-13	1.416051e-11	1.394051e-18
2.077785346210328e-08	7.778535e-01	1.000000e-04	7.778535e-01	1.000000e-09	7.578534e-01	-1.000000e-04	7.578534e-01	-1.000000e-09	1.515707e-02	-2.000000e-06	1.515707e-02	-2.000000e-11	1.515707e-02	-2.000000e-06	1.515707e-02	-2.000000e-11	2.000000e-06	2.000000e-11	-1.515707e-02	-1.515707e-02	1.513705e-11	1.491707e-13	1.513707e-11	1.491707e-18
2.082668158710328e-08	8.266816e-01	1.000000e-04	8.266816e-01	1.000000e-09	8.066816e-01	-1.000000e-04	8.066816e-01	-1.000000e-09	1.613363e-02	-2.000000e-06	1.613363e-02	-2.000000e-11	1.613363e-02	-2.000000e-06	1.613363e-02	-2.000000e-11	2.000000e-06	2.000000e-11	-1.613363e-02	-1.613363e-02	1.611361e-11	1.589363e-13	1.611363e-11	1.589363e-18
2.087550971210329e-08	8.755097e-01	1.000000e-04	8.755097e-01	1.000000e-09	8.555097e-01	-1.000000e-04	8.555097e-01	-1.000000e-09	1.711020e-02	-2.000000e-06	1.711020e-02	-2.000000e-11	1.711020e-02	-2.000000e-06	1.711020e-02	-2.000000e-11	2.000000e-06	2.000000e-11	-1.711020e-02	-1.711020e-02	1.709017e-11	1.687019e-13	1.709019e-11	1.687019e-18
2.092433783710329e-08	9.243379e-01	1.000000e-04	9.243379e-01	1.000000e-09	9.043378e-01	-1.000000e-04	9.043378e-01	-1.000000e-09	1.808676e-02	-2.000000e-06	1.808676e-02	-2.000000e-11	1.808676e-02	-2.000000e-06	1.808676e-02	-2.000000e-11	2.000000e-06	2.000000e-11	-1.808676e-02	-1.808676e-02	1.806674e-11	1.784676e-13	1.806676e-11	1.784676e-18
2.097316596210329e-08	9.731660e-01	1.000000e-04	9.731660e-01	1.000000e-09	9.531659e-01	-1.000000e-04	9.531659e-01	-1.000000e-09	1.906332e-02	-2.000000e-06	1.906332e-02	-2.000000e-11	1.906332e-02	-2.000000e-06	1.906332e-02	-2.000000e-11	2.000000e-06	2.000000e-11	-1.906332e-02	-1.906332e-02	1.904330e-11	1.882332e-13	1.904332e-11	1.882332e-18
2.100000000000000e-08	1.000000e+00	1.000000e-04	1.000000e+00	1.000000e-09	9.800000e-01	-1.000000e-04	9.800000e-01	-1.000000e-09	1.960000e-02	-2.000000e-06	1.960000e-02	-2.000000e-11	1.960000e-02	-2.000000e-06	1.960000e-02	-2.000000e-11	2.000000e-06	2.000000e-11	-1.960000e-02	-1.960000e-02	1.957998e-11	1.936000e-13	1.958000e-11	1.936000e-18
2.104882812500000e-08	1.000000e+00	2.587747e-05	1.000000e+00	2.587854e-10	1.001503e+00	-2.587747e-05	1.001503e+00	-2.587854e-10	2.003006e-02	-5.175494e-07	2.003007e-02	-5.175707e-12	2.003006e-02	-5.175494e-07	2.003007e-02	-5.175707e-12	5.175494e-07	5.175707e-12	-2.003006e-02	-2.003007e-02	2.003156e-11	1.997464e-13	2.003157e-11	1.997464e-18
2.109765625000000e-08	1.000000e+00	-1.459421e-05	1.000000e+00	-1.459518e-10	9.998868e-01	1.459421e-05	9.998870e-01	1.459518e-10	1.999774e-02	2.918843e-07	1.999774e-02	2.919036e-12	1.999774e-02	2.918843e-07	1.999774e-02	2.919036e-12	-2.918843e-07	-2.919036e-12	-1.999774e-02	-1.999774e-02	1.999763e-11	2.002973e-13	1.999763e-11	2.002974e-18
2.114648437500000e-08	1.000000e+00	5.889116e-06	1.000000e+00	5.888649e-11	1.000009e+00	-5.889116e-06	1.000008e+00	-5.888649e-11	2.000017e-02	-1.177823e-07	2.000017e-02	-1.177730e-12	2.000017e-02	-1.177823e-07	2.000017e-02	-1.177730e-12	1.177823e-07	1.177730e-12	-2.000017e-02	-2.000017e-02	2.000018e-11	1.998723e-13	2.000018e-11	1.998722e-18
2.119531250000000e-08	1.000000e+00	-2.258228e-06	1.000000e+00	-2.257577e-11	9.999993e-01	2.258228e-06	9.999993e-01	2.257577e-11	1.999999e-02	4.516456e-08	1.999999e-02	4.515155e-13	1.999999e-02	4.516456e-08	1.999999e-02	4.515155e-13	-4.516456e-08	-4.515155e-13	-1.999999e-02	-1.999999e-02	1.999999e-11	2.000495e-13	1.999999e-11	2.000495e-18
2.124414062500001e-08	1.000000e+00	8.576005e-07	1.000000e+00	8.571566e-12	1.000000e+00	-8.576005e-07	1.000000e+00	-8.571566e-12	2.000000e-02	-1.715201e-08	2.000000e-02	-1.714313e-13	2.000000e-02	-1.715201e-08	2.000000e-02	-1.714313e-13	1.715201e-08	1.714313e-13	-2.000000e-02	-2.000000e-02	2.000000e-11	1.999811e-13	2.000000e-11	1.999811e-18
2.129296875000001e-08	1.000000e+00	-3.250697e-07	1.000000e+00	-3.248250e-12	1.000000e+00	3.250697e-07	1.000000e+00	3.248250e-12	2.000000e-02	6.501395e-09	2.000000e-02	6.496500e-14	2.000000e-02	6.501395e-09	2.000000e-02	6.496500e-14	-6.501395e-09	-6.496500e-14	-2.000000e-02	-2.000000e-02	2.000000e-11	2.000072e-13	2.000000e-11	2.000071e-18
2.134179687500001e-08	1.000000e+00	1.231699e-07	1.000000e+00	1.230480e-12	1.000000e+00	-1.231699e-07	1.000000e+00	-1.230480e-12	2.000000e-02	-2.463398e-09	2.000000e-02	-2.460961e-14	2.000000e-02	-2.463398e-09	2.000000e-02	-2.460961e-14	2.463398e-09	2.460961e-14	-2.000000e-02	-2.000000e-02	2.000000e-11	1.999973e-13	2.000000e-11	1.999973e-18
2.139062500000001e-08	1.000000e+00	-4.666597e-08	1.000000e+00	-4.660873e-13	1.000000e+00	4.666597e-08	1.000000e+00	4.660873e-13	2.000000e-02	9.333193e-10	2.000000e-02	9.321747e-15	2.000000e-02	9.333193e-10	2.000000e-02	9.321747e-15	-9.333193e-10	-9.321747e-15	-2.000000e-02	-2.000000e-02	2.000000e-11	2.000010e-13	2.000000e-11	2.000010e-18
2.143945312500001e-08	1.000000e+00	1.768030e-08	1.000000e+00	1.765442e-13	1.000000e+00	-1.768030e-08	1.000000e+00	-1.765442e-13	2.000000e-02	-3.536059e-10	2.000000e-02	-3.530884e-15	2.000000e-02	-3.536059e-10	2.000000e-02	-3.530884e-15	3.536059e-10	3.530884e-15	-2.000000e-02	-2.000000e-02	2.000000e-11	1.999996e-13	2.000000e-11	1.999996e-18
2.148828125000001e-08	1.000000e+00	-6.698499e-09	1.000000e+00	-6.687108e-14	1.000000e+00	6.698499e-09	1.000000e+00	6.687108e-14	2.000000e-02	1.339700e-10	2.000000e-02	1.337422e-15	2.000000e-02	1.339700e-10	2.000000e-02	1.337422e-15	-1.339700e-10	-1.337422e-15	-2.000000e-02	-2.000000e-02	2.000000e-11	2.000001e-13	2.000000e-11	2.000002e-18
2.153710937500001e-08	1.000000e+00	2.537846e-09	1.000000e+00	2.532929e-14	1.000000e+00	-2.537846e-09	1.000000e+00	-2.532929e-14	2.000000e-02	-5.075692e-11	2.000000e-02	-5.065858e-16	2.000000e-02	-5.075692e-11	2.000000e-02	-5.065858e-16	5.075692e-11	5.065858e-16	-2.000000e-02	-2.000000e-02	2.000000e-11	1.999999e-13	2.000000e-11	1.999999e-18
2.158593750000001e-08	1.000000e+00	-9.615080e-10	1.000000e+00	-9.594174e-15	1.000000e+00	9.615080e-10	1.000000e+00	9.594174e-15	2.000000e-02	1.923016e-11	2.000000e-02	1.918835e-16	2.000000e-02	1.923016e-11	2.000000e-02	1.918835e-16	-1.923016e-11	-1.918835e-16	-2.000000e-02	-2.000000e-02	2.000000e-11	2.000000e-13	2.000000e-11	2.000000e-18
2.163476562500001e-08	1.000000e+00	3.642844e-10	1.000000e+00	3.634061e-15	1.000000e+00	-3.642844e-10	1.000000e+00	-3.634061e-15	2.000000e-02	-7.285688e-12	2.000000e-02	-7.268121e-17	2.000000e-02	-7.285688e-12	2.000000e-02	-7.268121e-17	7.285688e-12	7.268121e-17	-2.000000e-02	-2.000000e-02	2.000000e-11	2.000000e-13	2.000000e-11	2.000000e-18
2.168359375000002e-08	1.000000e+00	-1.380156e-10	1.000000e+00	-1.376502e-15	1.000000e+00	1.380156e-10	1.000000e+00	1.376502e-15	2.000000e-02	2.760312e-12	2.000000e-02	2.753003e-17	2.000000e-02	2.760312e-12	2.000000e-02	2.753003e-17	-2.760312e-12	-2.753003e-17	-2.000000e-02	-2.000000e-02	2.000000e-11	2.000000e-13	2.000000e-11	2.000000e-18
2.173242187500002e-08	1.000000e+00	5.228967e-11	1.000000e+00	5.213884e-16	1.000000e+00	-5.228967e-11	1.000000e+00	-5.213884e-16	2.000000e-02	-1.045793e-12	2.000000e-02	-1.042777e-17	2.000000e-02	-1.045793e-12	2.000000e-02	-1.042777e-17	1.045793e-12	1.042777e-17	-2.000000e-02	-2.000000e-02	2.000000e-11	2.000000e-13	2.000000e-11	2.000000e-18
2.178125000000002e-08	1.000000e+00	-1.981087e-11	1.000000e+00	-1.974904e-16	1.000000e+00	1.981087e-11	1.000000e+00	1.974904e-16	2.000000e-02	3.962174e-13	2.000000e-02	3.949807e-18	2.000000e-02	3.962174e-13	2.000000e-02	3.949807e-18	-3.962174e-13	-3.949807e-18	-2.000000e-02	-2.000000e-02	2.000000e-11	2.000000e-13	2.000000e-11	2.000000e-18
2.183007812500002e-08	1.000000e+00	7.505700e-12	1.000000e+00	7.480497e-17	1.000000e+00	-7.505700e-12	1.000000e+00	-7.480497e-17	2.000000e-02	-1.501140e-13	2.000000e-02	-1.496099e-18	2.000000e-02	-1.501140e-13	2.000000e-02	-1.496099e-18	1.501140e-13	1.496099e-18	-2.000000e-02	-2.000000e-02	2.000000e-11	2.000000e-13	2.000000e-11	2.000000e-18
2.187890625000002e-08	1.000000e+00	-2.843668e-12	1.000000e+00	-2.833446e-17	1.000000e+00	2.843668e-12	1.000000e+00	2.833446e-17	2.000000e-02	5.687336e-14	2.000000e-02	5.666892e-19	2.000000e-02	5.687336e-14	2.000000e-02	5.666892e-19	-5.687336e-14	-5.666892e-19	-2.000000e-02	-2.000000e-02	2.000000e-11	2.000000e-13	2.000000e-11	2.000000e-18
2.192773437500002e-08	1.000000e+00	1.077372e-12	1.000000e+00	1.073247e-17	1.000000e+00	-1.077372e-12	1.000000e+00	-1.073247e-17	2.000000e-02	-2.154745e-14	2.000000e-02	-2.146494e-19	2.000000e-02	-2.154745e-14	2.000000e-02	-2.146494e-19	2.154745e-14	2.146494e-19	-2.000000e-02	-2.000000e-02	2.000000e-11	2.000000e-13	2.000000e-11	2.000000e-18
2.197656250000002e-08	1.000000e+00	-4.081824e-13	1.000000e+00	-4.065220e-18	1.000000e+00	4.081824e-13	1.000000e+00	4.065220e-18	2.000000e-02	8.163648e-15	2.000000e-02	8.130439e-20	2.000000e-02	8.163648e-15	2.000000e-02	8.130439e-20	-8.163648e-15	-8.130439e-20	-2.000000e-02	-2.000000e-02	2.000000e-11	2.000000e-13	2.000000e-11	2.000000e-18
2.202539062500002e-08	1.000000e+00	1.546463e-13	1.000000e+00	1.539819e-18	1.000000e+00	-1.546463e-13	1.000000e+00	-1.539819e-18	2.000000e-02	-3.092927e-15	2.000000e-02	-3.079637e-20	2.000000e-02	-3.092927e-15	2.000000e-02	-3.079637e-20	3.092927e-15	3.079637e-20	-2.000000e-02	-2.000000e-02	2.000000e-11	2.000000e-13	2.000000e-11	2.000000e-18
2.207421875000003e-08	1.000000e+00	-5.859153e-14	1.000000e+00	-5.832508e-19	1.000000e+00	5.859153e-14	1.000000e+00	5.832508e-19	2.000000e-02	1.171831e-15	2.000000e-02	1.166502e-20	2.000000e-02	1.171831e-15	2.000000e-02	1.166502e-20	-1.171831e-15	-1.166502e-20	-2.000000e-02	-2.000000e-02	2.000000e-11	2.000000e-13	2.000000e-11	2.000000e-18
2.212304687500003e-08	1.000000e+00	2.219800e-14	1.000000e+00	2.209191e-19	1.000000e+00	-2.219800e-14	1.000000e+00	-2.209191e-19	2.000000e-02	-4.439600e-16	2.000000e-02	-4.418382e-21	2.000000e-02	-4.439600e-16	2.000000e-02	-4.418382e-21	4.439600e-16	4.418382e-21	-2.000000e-02	-2.000000e-02	2.000000e-11	2.000000e-13	2.000000e-11	2.000000e-18
2.217187500000003e-08	1.000000e+00	-8.410282e-15	1.000000e+00	-8.367608e-20	1.000000e+00	8.410282e-15	1.000000e+00	8.367608e-20	2.000000e-02	1.682056e-16	2.000000e-02	1.673522e-21	2.000000e-02	1.682056e-16	2.000000e-02	1.673522e-21	-1.682056e-16	-1.673522e-21	-2.000000e-02	-2.000000e-02	2.000000e-11	2.000000e-13	2.000000e-11	2.000000e-18
2.222070312500003e-08	1.000000e+00	3.185323e-15	1.000000e+00	3.169673e-20	1.000000e+00	-3.185323e-15	1.000000e+00	-3.169673e-20	2.000000e-02	-6.370646e-17	2.000000e-02	-6.339346e-22	2.000000e-02	-6.370646e-17	2.000000e-02	-6.339346e-22	6.370646e-17	6.339346e-22	-2.000000e-02	-2.000000e-02	2.000000e-11	2.000000e-13	2.000000e-11	2.000000e-18
2.226953125000003e-08	1.000000e+00	-1.207278e-15	1.000000e+00	-1.200717e-20	1.000000e+00	1.207278e-15	1.000000e+00	1.200717e-20	2.000000e-02	2.414555e-17	2.000000e-02	2.401433e-22	2.000000e-02	2.414555e-17	2.000000e-02	2.401433e-22	-2.414555e-17	-2.401433e-22	-2.000000e-02	-2.000000e-02	2.000000e-11	2.000000e-13	2.000000e-11	2.000000e-18
2.231835937500003e-08	1.000000e+00	4.574380e-16	1.000000e+00	4.548307e-21	1.000000e+00	-4.574380e-16	1.000000e+00	-4.548307e-21	2.000000e-02	-9.148760e-18	2.000000e-02	-9.096614e-23	2.000000e-02	-9.148760e-18	2.000000e-02	-9.096614e-23	9.148760e-18	9.096614e-23	-2.000000e-02	-2.000000e-02	2.000000e-11	2.000000e-13	2.000000e-11	2.000000e-18
2.236718750000003e-08	1.000000e+00	-1.728099e-16	1.000000e+00	-1.719871e-21	1.000000e+00	1.728099e-16	1.000000e+00	1.719871e-21	2.000000e-02	3.456198e-18	2.000000e-02	3.439743e-23	2.000000e-02	3.456198e-18	2.000000e-02	3.439743e-23	-3.456198e-18	-3.439743e-23	-2.000000e-02	-2.000000e-02	2.000000e-11	2.000000e-13	2.000000e-11	2.000000e-18
2.241601562500003e-08	1.000000e+00	6.517744e-17	1.000000e+00	6.523650e-22	1.000000e+00	-6.517744e-17	1.000000e+00	-6.523650e-22	2.000000e-02	-1.303549e-18	2.000000e-02	-1.304730e-23	2.000000e-02	-1.303549e-18	2.000000e-02	-1.304730e-23	1.303549e-18	1.304730e-23	-2.000000e-02	-2.000000e-02	2.000000e-11	2.000000e-13	2.000000e-11	2.000000e-18
2.246484375000004e-08	1.000000e+00	-2.451629e-17	1.000000e+00	-2.554716e-22	1.000000e+00	2.451629e-17	1.000000e+00	2.554716e-22	2.000000e-02	4.903257e-19	2.000000e-02	5.109432e-24	2.000000e-02	4.903257e-19	2.000000e-02	5.109432e-24	-4.903257e-19	-5.109432e-24	-2.000000e-02	-2.000000e-02	2.000000e-11	2.000000e-13	2.000000e-11	2.000000e-18
2.251367187500004e-08	1.000000e+00	1.016529e-17	1.000000e+00	9.123987e-23	1.000000e+00	-1.016529e-17	1.000000e+00	-9.123987e-23	2.000000e-02	-2.033058e-19	2.000000e-02	-1.824797e-24	2.000000e-02	-2.033058e-19	2.000000e-02	-1.824797e-24	2.033058e-19	1.824797e-24	-2.000000e-02	-2.000000e-02	2.000000e-11	2.000000e-13	2.000000e-11	2.000000e-18
2.256250000000004e-08	1.000000e+00	-3.587749e-18	1.000000e+00	-3.649595e-23	1.000000e+00	3.587749e-18	1.000000e+00	3.649595e-23	2.000000e-02	7.175498e-20	2.000000e-02	7.299189e-25	2.000000e-02	7.175498e-20	2.000000e-02	7.299189e-25	-7.175498e-20	-7.299189e-25	-2.000000e-02	-2.000000e-02	2.000000e-11	2.000000e-13	2.000000e-11	2.000000e-18
2.261132812500004e-08	1.000000e+00	1.195916e-18	1.000000e+00	1.368598e-23	1.000000e+00	-1.195916e-18	1.000000e+00	-1.368598e-23	2.000000e-02	-2.391833e-20	2.000000e-02	-2.737196e-25	2.000000e-02	-2.391833e-20	2.000000e-02	-2.737196e-25	2.391833e-20	2.737196e-25	-2.000000e-02	-2.000000e-02	2.000000e-11	2.000000e-13	2.000000e-11	2.000000e-18
2.266015625000004e-08	1.000000e+00	0.000000e+00	1.000000e+00	-4.561993e-24	1.000000e+00	0.000000e+00	1.000000e+00	4.561993e-24	2.000000e-02	0.000000e+00	2.000000e-02	9.123986e-26	2.000000e-02	0.000000e+00	2.000000e-02	9.123986e-26	0.000000e+00	-9.123986e-26	-2.000000e-02	-2.000000e-02	2.000000e-11	2.000000e-13	2.000000e-11	2.000000e-18
2.270898437500004e-08	1.000000e+00	5.979582e-19	1.000000e+00	4.561993e-24	1.000000e+00	-5.979582e-19	1.000000e+00	-4.561993e-24	2.000000e-02	-1.195916e-20	2.000000e-02	-9.123986e-26	2.000000e-02	-1.195916e-20	2.000000e-02	-9.123986e-26	1.195916e-20	9.123986e-26	-2.000000e-02	-2.000000e-02	2.000000e-11	2.000000e-13	2.000000e-11	2.000000e-18
2.275781250000004e-08	1.000000e+00	5.979582e-19	1.000000e+00	-4.561993e-24	1.000000e+00	-5.979582e-19	1.000000e+00	4.561993e-24	2.000000e-02	-1.195916e-20	2.000000e-02	9.123986e-26	2.000000e-02	-1.195916e-20	2.000000e-02	9.123986e-26	1.195916e-20	-9.123986e-26	-2.000000e-02	-2.000000e-02	2.000000e-11	2.000000e-13	2.000000e-11	2.000000e-18
2.280664062500004e-08	1.000000e+00	5.979582e-19	1.000000e+00	4.561993e-24	1.000000e+00	-5.979582e-19	1.000000e+00	-4.561993e-24	2.000000e-02	-1.195916e-20	2.000000e-02	-9.123986e-26	2.000000e-02	-1.195916e-20	2.000000e-02	-9.123986e-26	1.195916e-20	9.123986e-26	-2.000000e-02	-2.000000e-02	2.000000e-11	2.000000e-13	2.000000e-11	2.000000e-18
2.285546875000004e-08	1.000000e+00	5.979582e-19	1.000000e+00	-4.561993e-24	1.000000e+00	-5.979582e-19	1.000000e+00	4.561993e-24	2.000000e-02	-1.195916e-20	2.000000e-02	9.123986e-26	2.000000e-02	-1.195916e-20	2.000000e-02	9.123986e-26	1.195916e-20	-9.123986e-26	-2.000000e-02	-2.000000e-02	2.000000e-11	2.000000e-13	2.000000e-11	2.000000e-18
2.290429687500005e-08	1.000000e+00	5.979582e-19	1.000000e+00	4.561993e-24	1.000000e+00	-5.979582e-19	1.000000e+00	-4.561993e-24	2.000000e-02	-1.195916e-20	2.000000e-02	-9.123986e-26	2.000000e-02	-1.195916e-20	2.000000e-02	-9.123986e-26	1.195916e-20	9.123986e-26	-2.000000e-02	-2.000000e-02	2.000000e-11	2.000000e-13	2.000000e-11	2.000000e-18
2.295312500000005e-08	1.000000e+00	5.979582e-19	1.000000e+00	-4.561993e-24	1.000000e+00	-5.979582e-19	1.000000e+00	4.561993e-24	2.000000e-02	-1.195916e-20	2.000000e-02	9.123986e-26	2.000000e-02	-1.195916e-20	2.000000e-02	9.123986e-26	1.195916e-20	-9.123986e-26	-2.000000e-02	-2.000000e-02	2.000000e-11	2.000000e-13	2.000000e-11	2.000000e-18
2.300195312500005e-08	1.000000e+00	5.979582e-19	1.000000e+00	4.561993e-24	1.000000e+00	-5.979582e-19	1.000000e+00	-4.561993e-24	2.000000e-02	-1.195916e-20	2.000000e-02	-9.123986e-26	2.000000e-02	-1.195916e-20	2.000000e-02	-9.123986e-26	1.195916e-20	9.123986e-26	-2.000000e-02	-2.000000e-02	2.000000e-11	2.000000e-13	2.000000e-11	2.000000e-18
2.305078125000005e-08	1.000000e+00	5.979582e-19	1.000000e+00	-4.561993e-24	1.000000e+00	-5.979582e-19	1.000000e+00	4.561993e-24	2.000000e-02	-1.195916e-20	2.000000e-02	9.123986e-26	2.000000e-02	-1.195916e-20	2.000000e-02	9.123986e-26	1.195916e-20	-9.123986e-26	-2.000000e-02	-2.000000e-02	2.000000e-11	2.000000e-13	2.000000e-11	2.000000e-18
2.309960937500005e-08	1.000000e+00	5.979582e-19	1.000000e+00	4.561993e-24	1.000000e+00	-5.979582e-19	1.000000e+00	-4.561993e-24	2.000000e-02	-1.195916e-20	2.000000e-02	-9.123986e-26	2.000000e-02	-1.195916e-20	2.000000e-02	-9.123986e-26	1.195916e-20	9.123986e-26	-2.000000e-02	-2.000000e-02	2.000000e-11	2.000000e-13	2.000000e-11	2.000000e-18
2.314843750000005e-08	1.000000e+00	5.979582e-19	1.000000e+00	-4.561993e-24	1.000000e+00	-5.979582e-19	1.000000e+00	4.561993e-24	2.000000e-02	-1.195916e-20	2.000000e-02	9.123986e-26	2.000000e-02	-1.195916e-20	2.000000e-02	9.123986e-26	1.195916e-20	-9.123986e-26	-2.000000e-02	-2.000000e-02	2.000000e-11	2.000000e-13	2.000000e-11	2.000000e-18
2.319726562500005e-08	1.000000e+00	5.979582e-19	1.000000e+00	4.561993e-24	1.000000e+00	-5.979582e-19	1.000000e+00	-4.561993e-24	2.000000e-02	-1.195916e-20	2.000000e-02	-9.123986e-26	2.000000e-02	-1.195916e-20	2.000000e-02	-9.123986e-26	1.195916e-20	9.123986e-26	-2.000000e-02	-2.000000e-02	2.000000e-11	2.000000e-13	2.000000e-11	2.000000e-18
2.324609375000005e-08	1.000000e+00	5.979582e-19	1.000000e+00	-4.561993e-24	1.000000e+00	-5.979582e-19	1.000000e+00	4.561993e-24	2.000000e-02	-1.195916e-20	2.000000e-02	9.123986e-26	2.000000e-02	-1.195916e-20	2.000000e-02	9.123986e-26	1.195916e-20	-9.123986e-26	-2.000000e-02	-2.000000e-02	2.000000e-11	2.000000e-13	2.000000e-11	2.000000e-18
2.329492187500006e-08	1.000000e+00	5.979582e-19	1.000000e+00	4.561993e-24	1.000000e+00	-5.979582e-19	1.000000e+00	-4.561993e-24	2.000000e-02	-1.195916e-20	2.000000e-02	-9.123986e-26	2.000000e-02	-1.195916e-20	2.000000e-02	-9.123986e-26	1.195916e-20	9.123986e-26	-2.000000e-02	-2.000000e-02	2.000000e-11	2.000000e-13	2.000000e-11	2.000000e-18
2.334375000000006e-08	1.000000e+00	5.979582e-19	1.000000e+00	-4.561993e-24	1.000000e+00	-5.979582e-19	1.000000e+00	4.561993e-24	2.000000e-02	-1.195916e-20	2.000000e-02	9.123986e-26	2.000000e-02	-1.195916e-20	2.000000e-02	9.123986e-26	1.195916e-20	-9.123986e-26	-2.000000e-02	-2.000000e-02	2.000000e-11	2.000000e-13	2.000000e-11	2.000000e-18
2.339257812500006e-08	1.000000e+00	5.979582e-19	1.000000e+00	4.561993e-24	1.000000e+00	-5.979582e-19	1.000000e+00	-4.561993e-24	2.000000e-02	-1.195916e-20	2.000000e-02	-9.123986e-26	2.000000e-02	-1.195916e-20	2.000000e-02	-9.123986e-26	1.195916e-20	9.123986e-26	-2.000000e-02	-2.000000e-02	2.000000e-11	2.000000e-13	2.000000e-11	2.000000e-18
2.344140625000006e-08	1.000000e+00	5.979582e-19	1.000000e+00	-4.561993e-24	1.000000e+00	-5.979582e-19	1.000000e+00	4.561993e-24	2.000000e-02	-1.195916e-20	2.000000e-02	9.123986e-26	2.000000e-02	-1.195916e-20	2.000000e-02	9.123986e-26	1.195916e-20	-9.123986e-26	-2.000000e-02	-2.000000e-02	2.000000e-11	2.000000e-13	2.000000e-11	2.000000e-18
2.349023437500006e-08	1.000000e+00	5.979582e-19	1.000000e+00	4.561993e-24	1.000000e+00	-5.979582e-19	1.000000e+00	-4.561993e-24	2.000000e-02	-1.195916e-20	2.000000e-02	-9.123986e-26	2.000000e-02	-1.195916e-20	2.000000e-02	-9.123986e-26	1.195916e-20	9.123986e-26	-2.000000e-02	-2.000000e-02	2.000000e-11	2.000000e-13	2.000000e-11	2.000000e-18
2.353906250000006e-08	1.000000e+00	5.979582e-19	1.000000e+00	-4.561993e-24	1.000000e+00	-5.979582e-19	1.000000e+00	4.561993e-24	2.000000e-02	-1.195916e-20	2.000000e-02	9.123986e-26	2.000000e-02	-1.195916e-20	2.000000e-02	9.123986e-26	1.195916e-20	-9.123986e-26	-2.000000e-02	-2.000000e-02	2.000000e-11	2.000000e-13	2.000000e-11	2.000000e-18
2.358789062500006e-08	1.000000e+00	5.979582e-19	1.000000e+00	4.561993e-24	1.000000e+00	-5.979582e-19	1.000000e+00	-4.561993e-24	2.000000e-02	-1.195916e-20	2.000000e-02	-9.123986e-26	2.000000e-02	-1.195916e-20	2.000000e-02	-9.123986e-26	1.195916e-20	9.123986e-26	-2.000000e-02	-2.000000e-02	2.000000e-11	2.000000e-13	2.000000e-11	2.000000e-18
2.363671875000006e-08	1.000000e+00	5.979582e-19	1.000000e+00	-4.561993e-24	1.000000e+00	-5.979582e-19	1.000000e+00	4.561993e-24	2.000000e-02	-1.195916e-20	2.000000e-02	9.123986e-26	2.000000e-02	-1.195916e-20	2.000000e-02	9.123986e-26	1.195916e-20	-9.123986e-26	-2.000000e-02	-2.000000e-02	2.000000e-11	2.000000e-13	2.000000e-11	2.000000e-18
2.368554687500006e-08	1.000000e+00	5.979582e-19	1.000000e+00	4.561993e-24	1.000000e+00	-5.979582e-19	1.000000e+00	-4.561993e-24	2.000000e-02	-1.195916e-20	2.000000e-02	-9.123986e-26	2.000000e-02	-1.195916e-20	2.000000e-02	-9.123986e-26	1.195916e-20	9.123986e-26	-2.000000e-02	-2.000000e-02	2.000000e-11	2.000000e-13	2.000000e-11	2.000000e-18
2.373437500000007e-08	1.000000e+00	5.979582e-19	1.000000e+00	-4.561993e-24	1.000000e+00	-5.979582e-19	1.000000e+00	4.561993e-24	2.000000e-02	-1.195916e-20	2.000000e-02	9.123986e-26	2.000000e-02	-1.195916e-20	2.000000e-02	9.123986e-26	1.195916e-20	-9.123986e-26	-2.000000e-02	-2.000000e-02	2.000000e-11	2.000000e-13	2.000000e-11	2.000000e-18
2.378320312500007e-08	1.000000e+00	5.979582e-19	1.000000e+00	4.561993e-24	1.000000e+00	-5.979582e-19	1.000000e+00	-4.561993e-24	2.000000e-02	-1.195916e-20	2.000000e-02	-9.123986e-26	2.000000e-02	-1.195916e-20	2.000000e-02	-9.123986e-26	1.195916e-20	9.123986e-26	-2.000000e-02	-2.000000e-02	2.000000e-11	2.000000e-13	2.000000e-11	2.000000e-18
2.383203125000007e-08	1.000000e+00	5.979582e-19	1.000000e+00	-4.561993e-24	1.000000e+00	-5.979582e-19	1.000000e+00	4.561993e-24	2.000000e-02	-1.195916e-20	2.000000e-02	9.123986e-26	2.000000e-02	-1.195916e-20	2.000000e-02	9.123986e-26	1.195916e-20	-9.123986e-26	-2.000000e-02	-2.000000e-02	2.000000e-11	2.000000e-13	2.000000e-11	2.000000e-18
2.388085937500007e-08	1.000000e+00	5.979582e-19	1.000000e+00	4.561993e-24	1.000000e+00	-5.979582e-19	1.000000e+00	-4.561993e-24	2.000000e-02	-1.195916e-20	2.000000e-02	-9.123986e-26	2.000000e-02	-1.195916e-20	2.000000e-02	-9.123986e-26	1.195916e-20	9.123986e-26	-2.000000e-02	-2.000000e-02	2.000000e-11	2.000000e-13	2.000000e-11	2.000000e-18
2.392968750000007e-08	1.000000e+00	5.979582e-19	1.000000e+00	-4.561993e-24	1.000000e+00	-5.979582e-19	1.000000e+00	4.561993e-24	2.000000e-02	-1.195916e-20	2.000000e-02	9.123986e-26	2.000000e-02	-1.195916e-20	2.000000e-02	9.123986e-26	1.195916e-20	-9.123986e-26	-2.000000e-02	-2.000000e-02	2.000000e-11	2.000000e-13	2.000000e-11	2.000000e-18
2.397851562500007e-08	1.000000e+00	5.979582e-19	1.000000e+00	4.561993e-24	1.000000e+00	-5.979582e-19	1.000000e+00	-4.561993e-24	2.000000e-02	-1.195916e-20	2.000000e-02	-9.123986e-26	2.000000e-02	-1.195916e-20	2.000000e-02	-9.123986e-26	1.195916e-20	9.123986e-26	-2.000000e-02	-2.000000e-02	2.000000e-11	2.000000e-13	2.000000e-11	2.000000e-18
2.402734375000007e-08	1.000000e+00	5.979582e-19	1.000000e+00	-4.561993e-24	1.000000e+00	-5.979582e-19	1.000000e+00	4.561993e-24	2.000000e-02	-1.195916e-20	2.000000e-02	9.123986e-26	2.000000e-02	-1.195916e-20	2.000000e-02	9.123986e-26	1.195916e-20	-9.123986e-26	-2.000000e-02	-2.000000e-02	2.000000e-11	2.000000e-13	2.000000e-11	2.000000e-18
2.407617187500007e-08	1.000000e+00	5.979582e-19	1.000000e+00	4.561993e-24	1.000000e+00	-5.979582e-19	1.000000e+00	-4.561993e-24	2.000000e-02	-1.195916e-20	2.000000e-02	-9.123986e-26	2.000000e-02	-1.195916e-20	2.000000e-02	-9.123986e-26	1.195916e-20	9.123986e-26	-2.000000e-02	-2.000000e-02	2.000000e-11	2.000000e-13	2.000000e-11	2.000000e-18
2.412500000000008e-08	1.000000e+00	5.979582e-19	1.000000e+00	-4.561993e-24	1.000000e+00	-5.979582e-19	1.000000e+00	4.561993e-24	2.000000e-02	-1.195916e-20	2.000000e-02	9.123986e-26	2.000000e-02	-1.195916e-20	2.000000e-02	9.123986e-26	1.195916e-20	-9.123986e-26	-2.000000e-02	-2.000000e-02	2.000000e-11	2.000000e-13	2.000000e-11	2.000000e-18
2.417382812500008e-08	1.000000e+00	5.979582e-19	1.000000e+00	4.561993e-24	1.000000e+00	-5.979582e-19	1.000000e+00	-4.561993e-24	2.000000e-02	-1.195916e-20	2.000000e-02	-9.123986e-26	2.000000e-02	-1.195916e-20	2.000000e-02	-9.123986e-26	1.195916e-20	9.123986e-26	-2.000000e-02	-2.000000e-02	2.000000e-11	2.000000e-13	2.000000e-11	2.000000e-18
2.422265625000008e-08	1.000000e+00	5.979582e-19	1.000000e+00	-4.561993e-24	1.000000e+00	-5.979582e-19	1.000000e+00	4.561993e-24	2.000000e-02	-1.195916e-20	2.000000e-02	9.123986e-26	2.000000e-02	-1.195916e-20	2.000000e-02	9.123986e-26	1.195916e-20	-9.123986e-26	-2.000000e-02	-2.000000e-02	2.000000e-11	2.000000e-13	2.000000e-11	2.000000e-18
2.427148437500008e-08	1.000000e+00	5.979582e-19	1.000000e+00	4.561993e-24	1.000000e+00	-5.979582e-19	1.000000e+00	-4.561993e-24	2.000000e-02	-1.195916e-20	2.000000e-02	-9.123986e-26	2.000000e-02	-1.195916e-20	2.000000e-02	-9.123986e-26	1.195916e-20	9.123986e-26	-2.000000e-02	-2.000000e-02	2.000000e-11	2.000000e-13	2.000000e-11	2.000000e-18
2.432031250000008e-08	1.000000e+00	5.979582e-19	1.000000e+00	-4.561993e-24	1.000000e+00	-5.979582e-19	1.000000e+00	4.561993e-24	2.000000e-02	-1.195916e-20	2.000000e-02	9.123986e-26	2.000000e-02	-1.195916e-20	2.000000e-02	9.123986e-26	1.195916e-20	-9.123986e-26	-2.000000e-02	-2.000000e-02	2.000000e-11	2.000000e-13	2.000000e-11	2.000000e-18
2.436914062500008e-08	1.000000e+00	5.979582e-19	1.000000e+00	4.561993e-24	1.000000e+00	-5.979582e-19	1.000000e+00	-4.561993e-24	2.000000e-02	-1.195916e-20	2.000000e-02	-9.123986e-26	2.000000e-02	-1.195916e-20	2.000000e-02	-9.123986e-26	1.195916e-20	9.123986e-26	-2.000000e-02	-2.000000e-02	2.000000e-11	2.000000e-13	2.000000e-11	2.000000e-18
2.441796875000008e-08	1.000000e+00	5.979582e-19	1.000000e+00	-4.561993e-24	1.000000e+00	-5.979582e-19	1.000000e+00	4.561993e-24	2.000000e-02	-1.195916e-20	2.000000e-02	9.123986e-26	2.000000e-02	-1.195916e-20	2.000000e-02	9.123986e-26	1.195916e-20	-9.123986e-26	-2.000000e-02	-2.000000e-02	2.000000e-11	2.000000e-13	2.000000e-11	2.000000e-18
2.446679687500008e-08	1.000000e+00	5.979582e-19	1.000000e+00	4.561993e-24	1.000000e+00	-5.979582e-19	1.000000e+00	-4.561993e-24	2.000000e-02	-1.195916e-20	2.000000e-02	-9.123986e-26	2.000000e-02	-1.195916e-20	2.000000e-02	-9.123986e-26	1.195916e-20	9.123986e-26	-2.000000e-02	-2.000000e-02	2.000000e-11	2.000000e-13	2.000000e-11	2.000000e-18
2.451562500000008e-08	1.000000e+00	5.979582e-19	1.000000e+00	-4.561993e-24	1.000000e+00	-5.979582e-19	1.000000e+00	4.561993e-24	2.000000e-02	-1.195916e-20	2.000000e-02	9.123986e-26	2.000000e-02	-1.195916e-20	2.000000e-02	9.123986e-26	1.195916e-20	-9.123986e-26	-2.000000e-02	-2.000000e-02	2.000000e-11	2.000000e-13	2.000000e-11	2.000000e-18
2.456445312500009e-08	1.000000e+00	5.979582e-19	1.000000e+00	4.561993e-24	1.000000e+00	-5.979582e-19	1.000000e+00	-4.561993e-24	2.000000e-02	-1.195916e-20	2.000000e-02	-9.123986e-26	2.000000e-02	-1.195916e-20	2.000000e-02	-9.123986e-26	1.195916e-20	9.123986e-26	-2.000000e-02	-2.000000e-02	2.000000e-11	2.000000e-13	2.000000e-11	2.000000e-18
2.461328125000009e-08	1.000000e+00	5.979582e-19	1.000000e+00	-4.561993e-24	1.000000e+00	-5.979582e-19	1.000000e+00	4.561993e-24	2.000000e-02	-1.195916e-20	2.000000e-02	9.123986e-26	2.000000e-02	-1.195916e-20	2.000000e-02	9.123986e-26	1.195916e-20	-9.123986e-26	-2.000000e-02	-2.000000e-02	2.000000e-11	2.000000e-13	2.000000e-11	2.000000e-18
2.466210937500009e-08	1.000000e+00	5.979582e-19	1.000000e+00	4.561993e-24	1.000000e+00	-5.979582e-19	1.000000e+00	-4.561993e-24	2.000000e-02	-1.195916e-20	2.000000e-02	-9.123986e-26	2.000000e-02	-1.195916e-20	2.000000e-02	-9.123986e-26	1.195916e-20	9.123986e-26	-2.000000e-02	-2.000000e-02	2.000000e-11	2.000000e-13	2.000000e-11	2.000000e-18
2.471093750000009e-08	1.000000e+00	5.979582e-19	1.000000e+00	-4.561993e-24	1.000000e+00	-5.979582e-19	1.000000e+00	4.561993e-24	2.000000e-02	-1.195916e-20	2.000000e-02	9.123986e-26	2.000000e-02	-1.195916e-20	2.000000e-02	9.123986e-26	1.195916e-20	-9.123986e-26	-2.000000e-02	-2.000000e-02	2.000000e-11	2.000000e-13	2.000000e-11	2.000000e-18
2.475976562500009e-08	1.000000e+00	5.979582e-19	1.000000e+00	4.561993e-24	1.000000e+00	-5.979582e-19	1.000000e+00	-4.561993e-24	2.000000e-02	-1.195916e-20	2.000000e-02	-9.123986e-26	2.000000e-02	-1.195916e-20	2.000000e-02	-9.123986e-26	1.195916e-20	9.123986e-26	-2.000000e-02	-2.000000e-02	2.000000e-11	2.000000e-13	2.000000e-11	2.000000e-18
2.480859375000009e-08	1.000000e+00	5.979582e-19	1.000000e+00	-4.561993e-24	1.000000e+00	-5.979582e-19	1.000000e+00	4.561993e-24	2.000000e-02	-1.195916e-20	2.000000e-02	9.123986e-26	2.000000e-02	-1.195916e-20	2.000000e-02	9.123986e-26	1.195916e-20	-9.123986e-26	-2.000000e-02	-2.000000e-02	2.000000e-11	2.000000e-13	2.000000e-11	2.000000e-18
2.485742187500009e-08	1.000000e+00	5.979582e-19	1.000000e+00	4.561993e-24	1.000000e+00	-5.979582e-19	1.000000e+00	-4.561993e-24	2.000000e-02	-1.195916e-20	2.000000e-02	-9.123986e-26	2.000000e-02	-1.195916e-20	2.000000e-02	-9.123986e-26	1.195916e-20	9.123986e-26	-2.000000e-02	-2.000000e-02	2.000000e-11	2.000000e-13	2.000000e-11	2.000000e-18
2.490625000000009e-08	1.000000e+00	5.979582e-19	1.000000e+00	-4.561993e-24	1.000000e+00	-5.979582e-19	1.000000e+00	4.561993e-24	2.000000e-02	-1.195916e-20	2.000000e-02	9.123986e-26	2.000000e-02	-1.195916e-20	2.000000e-02	9.123986e-26	1.195916e-20	-9.123986e-26	-2.000000e-02	-2.000000e-02	2.000000e-11	2.000000e-13	2.000000e-11	2.000000e-18
2.495507812500010e-08	1.000000e+00	5.979582e-19	1.000000e+00	4.561993e-24	1.000000e+00	-5.979582e-19	1.000000e+00	-4.561993e-24	2.000000e-02	-1.195916e-20	2.000000e-02	-9.123986e-26	2.000000e-02	-1.195916e-20	2.000000e-02	-9.123986e-26	1.195916e-20	9.123986e-26	-2.000000e-02	-2.000000e-02	2.000000e-11	2.000000e-13	2.000000e-11	2.000000e-18
2.500390625000010e-08	1.000000e+00	5.979582e-19	1.000000e+00	-4.561993e-24	1.000000e+00	-5.979582e-19	1.000000e+00	4.561993e-24	2.000000e-02	-1.195916e-20	2.000000e-02	9.123986e-26	2.000000e-02	-1.195916e-20	2.000000e-02	9.123986e-26	1.195916e-20	-9.123986e-26	-2.000000e-02	-2.000000e-02	2.000000e-11	2.000000e-13	2.000000e-11	2.000000e-18
2.505273437500010e-08	1.000000e+00	5.979582e-19	1.000000e+00	4.561993e-24	1.000000e+00	-5.979582e-19	1.000000e+00	-4.561993e-24	2.000000e-02	-1.195916e-20	2.000000e-02	-9.123986e-26	2.000000e-02	-1.195916e-20	2.000000e-02	-9.123986e-26	1.195916e-20	9.123986e-26	-2.000000e-02	-2.000000e-02	2.000000e-11	2.000000e-13	2.000000e-11	2.000000e-18
2.510156250000010e-08	1.000000e+00	5.979582e-19	1.000000e+00	-4.561993e-24	1.000000e+00	-5.979582e-19	1.000000e+00	4.561993e-24	2.000000e-02	-1.195916e-20	2.000000e-02	9.123986e-26	2.000000e-02	-1.195916e-20	2.000000e-02	9.123986e-26	1.195916e-20	-9.123986e-26	-2.000000e-02	-2.000000e-02	2.000000e-11	2.000000e-13	2.000000e-11	2.000000e-18
2.515039062500010e-08	1.000000e+00	5.979582e-19	1.000000e+00	4.561993e-24	1.000000e+00	-5.979582e-19	1.000000e+00	-4.561993e-24	2.000000e-02	-1.195916e-20	2.000000e-02	-9.123986e-26	2.000000e-02	-1.195916e-20	2.000000e-02	-9.123986e-26	1.195916e-20	9.123986e-26	-2.000000e-02	-2.000000e-02	2.000000e-11	2.000000e-13	2.000000e-11	2.000000e-18
2.519921875000010e-08	1.000000e+00	5.979582e-19	1.000000e+00	-4.561993e-24	1.000000e+00	-5.979582e-19	1.000000e+00	4.561993e-24	2.000000e-02	-1.195916e-20	2.000000e-02	9.123986e-26	2.000000e-02	-1.195916e-20	2.000000e-02	9.123986e-26	1.195916e-20	-9.123986e-26	-2.000000e-02	-2.000000e-02	2.000000e-11	2.000000e-13	2.000000e-11	2.000000e-18
2.524804687500010e-08	1.000000e+00	5.979582e-19	1.000000e+00	4.561993e-24	1.000000e+00	-5.979582e-19	1.000000e+00	-4.561993e-24	2.000000e-02	-1.195916e-20	2.000000e-02	-9.123986e-26	2.000000e-02	-1.195916e-20	2.000000e-02	-9.123986e-26	1.195916e-20	9.123986e-26	-2.000000e-02	-2.000000e-02	2.000000e-11	2.000000e-13	2.000000e-11	2.000000e-18
2.529687500000010e-08	1.000000e+00	5.979582e-19	1.000000e+00	-4.561993e-24	1.000000e+00	-5.979582e-19	1.000000e+00	4.561993e-24	2.000000e-02	-1.195916e-20	2.000000e-02	9.123986e-26	2.000000e-02	-1.195916e-20	2.000000e-02	9.123986e-26	1.195916e-20	-9.123986e-26	-2.000000e-02	-2.000000e-02	2.000000e-11	2.000000e-13	2.000000e-11	2.000000e-18
2.534570312500011e-08	1.000000e+00	5.979582e-19	1.000000e+00	4.561993e-24	1.000000e+00	-5.979582e-19	1.000000e+00	-4.561993e-24	2.000000e-02	-1.195916e-20	2.000000e-02	-9.123986e-26	2.000000e-02	-1.195916e-20	2.000000e-02	-9.123986e-26	1.195916e-20	9.123986e-26	-2.000000e-02	-2.000000e-02	2.000000e-11	2.000000e-13	2.000000e-11	2.000000e-18
2.539453125000011e-08	1.000000e+00	5.979582e-19	1.000000e+00	-4.561993e-24	1.000000e+00	-5.979582e-19	1.000000e+00	4.561993e-24	2.000000e-02	-1.195916e-20	2.000000e-02	9.123986e-26	2.000000e-02	-1.195916e-20	2.000000e-02	9.123986e-26	1.195916e-20	-9.123986e-26	-2.000000e-02	-2.000000e-02	2.000000e-11	2.000000e-13	2.000000e-11	2.000000e-18
2.544335937500011e-08	1.000000e+00	5.979582e-19	1.000000e+00	4.561993e-24	1.000000e+00	-5.979582e-19	1.000000e+00	-4.561993e-24	2.000000e-02	-1.195916e-20	2.000000e-02	-9.123986e-26	2.000000e-02	-1.195916e-20	2.000000e-02	-9.123986e-26	1.195916e-20	9.123986e-26	-2.000000e-02	-2.000000e-02	2.000000e-11	2.000000e-13	2.000000e-11	2.000000e-18
2.549218750000011e-08	1.000000e+00	5.979582e-19	1.000000e+00	-4.561993e-24	1.000000e+00	-5.979582e-19	1.000000e+00	4.561993e-24	2.000000e-02	-1.195916e-20	2.000000e-02	9.123986e-26	2.000000e-02	-1.195916e-20	2.000000e-02	9.123986e-26	1.195916e-20	-9.123986e-26	-2.000000e-02	-2.000000e-02	2.000000e-11	2.000000e-13	2.000000e-11	2.000000e-18
2.554101562500011e-08	1.000000e+00	5.979582e-19	1.000000e+00	4.561993e-24	1.000000e+00	-5.979582e-19	1.000000e+00	-4.561993e-24	2.000000e-02	-1.195916e-20	2.000000e-02	-9.123986e-26	2.000000e-02	-1.195916e-20	2.000000e-02	-9.123986e-26	1.195916e-20	9.123986e-26	-2.000000e-02	-2.000000e-02	2.000000e-11	2.000000e-13	2.000000e-11	2.000000e-18
2.558984375000011e-08	1.000000e+00	5.979582e-19	1.000000e+00	-4.561993e-24	1.000000e+00	-5.979582e-19	1.000000e+00	4.561993e-24	2.000000e-02	-1.195916e-20	2.000000e-02	9.123986e-26	2.000000e-02	-1.195916e-20	2.000000e-02	9.123986e-26	1.195916e-20	-9.123986e-26	-2.000000e-02	-2.000000e-02	2.000000e-11	2.000000e-13	2.000000e-11	2.000000e-18
2.563867187500011e-08	1.000000e+00	5.979582e-19	1.000000e+00	4.561993e-24	1.000000e+00	-5.979582e-19	1.000000e+00	-4.561993e-24	2.000000e-02	-1.195916e-20	2.000000e-02	-9.123986e-26	2.000000e-02	-1.195916e-20	2.000000e-02	-9.123986e-26	1.195916e-20	9.123986e-26	-2.000000e-02	-2.000000e-02	2.000000e-11	2.000000e-13	2.000000e-11	2.000000e-18
2.568750000000011e-08	1.000000e+00	5.979582e-19	1.000000e+00	-4.561993e-24	1.000000e+00	-5.979582e-19	1.000000e+00	4.561993e-24	2.000000e-02	-1.195916e-20	2.000000e-02	9.123986e-26	2.000000e-02	-1.195916e-20	2.000000e-02	9.123986e-26	1.195916e-20	-9.123986e-26	-2.000000e-02	-2.000000e-02	2.000000e-11	2.000000e-13	2.000000e-11	2.000000e-18
2.573632812500011e-08	1.000000e+00	5.979582e-19	1.000000e+00	4.561993e-24	1.000000e+00	-5.979582e-19	1.000000e+00	-4.561993e-24	2.000000e-02	-1.195916e-20	2.000000e-02	-9.123986e-26	2.000000e-02	-1.195916e-20	2.000000e-02	-9.123986e-26	1.195916e-20	9.123986e-26	-2.000000e-02	-2.000000e-02	2.000000e-11	2.000000e-13	2.000000e-11	2.000000e-18
2.578515625000012e-08	1.000000e+00	5.979582e-19	1.000000e+00	-4.561993e-24	1.000000e+00	-5.979582e-19	1.000000e+00	4.561993e-24	2.000000e-02	-1.195916e-20	2.000000e-02	9.123986e-26	2.000000e-02	-1.195916e-20	2.000000e-02	9.123986e-26	1.195916e-20	-9.123986e-26	-2.000000e-02	-2.000000e-02	2.000000e-11	2.000000e-13	2.000000e-11	2.000000e-18
2.583398437500012e-08	1.000000e+00	5.979582e-19	1.000000e+00	4.561993e-24	1.000000e+00	-5.979582e-19	1.000000e+00	-4.561993e-24	2.000000e-02	-1.195916e-20	2.000000e-02	-9.123986e-26	2.000000e-02	-1.195916e-20	2.000000e-02	-9.123986e-26	1.195916e-20	9.123986e-26	-2.000000e-02	-2.000000e-02	2.000000e-11	2.000000e-13	2.000000e-11	2.000000e-18
2.588281250000012e-08	1.000000e+00	5.979582e-19	1.000000e+00	-4.561993e-24	1.000000e+00	-5.979582e-19	1.000000e+00	4.561993e-24	2.000000e-02	-1.195916e-20	2.000000e-02	9.123986e-26	2.000000e-02	-1.195916e-20	2.000000e-02	9.123986e-26	1.195916e-20	-9.123986e-26	-2.000000e-02	-2.000000e-02	2.000000e-11	2.000000e-13	2.000000e-11	2.000000e-18
2.593164062500012e-08	1.000000e+00	5.979582e-19	1.000000e+00	4.561993e-24	1.000000e+00	-5.979582e-19	1.000000e+00	-4.561993e-24	2.000000e-02	-1.195916e-20	2.000000e-02	-9.123986e-26	2.000000e-02	-1.195916e-20	2.000000e-02	-9.123986e-26	1.195916e-20	9.123986e-26	-2.000000e-02	-2.000000e-02	2.000000e-11	2.000000e-13	2.000000e-11	2.000000e-18
2.598046875000012e-08	1.000000e+00	5.979582e-19	1.000000e+00	-4.561993e-24	1.000000e+00	-5.979582e-19	1.000000e+00	4.561993e-24	2.000000e-02	-1.195916e-20	2.000000e-02	9.123986e-26	2.000000e-02	-1.195916e-20	2.000000e-02	9.123986e-26	1.195916e-20	-9.123986e-26	-2.000000e-02	-2.000000e-02	2.000000e-11	2.000000e-13	2.000000e-11	2.000000e-18
2.600000000000000e-08	1.000000e+00	0.000000e+00	1.000000e+00	0.000000e+00	1.000000e+00	0.000000e+00	1.000000e+00	0.000000e+00	2.000000e-02	0.000000e+00	2.000000e-02	0.000000e+00	2.000000e-02	0.000000e+00	2.000000e-02	0.000000e+00	0.000000e+00	0.000000e+00	-2.000000e-02	-2.000000e-02	2.000000e-11	2.000000e-13	2.000000e-11	2.000000e-18
2.604882812500000e-08	9.511719e-01	-7.412253e-05	9.511719e-01	-7.412146e-10	9.726750e-01	7.412253e-05	9.726754e-01	7.412146e-10	1.945350e-02	1.482451e-06	1.945351e-02	1.482429e-11	1.945350e-02	1.482451e-06	1.945351e-02	1.482429e-11	-1.482451e-06	-1.482429e-11	-1.945350e-02	-1.945351e-02	1.947502e-11	1.963807e-13	1.947501e-11	1.963808e-18
2.609765625000000e-08	9.023438e-01	-1.145942e-04	9.023438e-01	-1.145952e-09	9.222305e-01	1.145942e-04	9.222307e-01	1.145952e-09	1.844461e-02	2.291884e-06	1.844461e-02	2.291904e-11	1.844461e-02	2.291884e-06	1.844461e-02	2.291904e-11	-2.291884e-06	-2.291904e-11	-1.844461e-02	-1.844461e-02	1.846452e-11	1.871661e-13	1.846450e-11	1.871661e-18
2.614648437500000e-08	8.535156e-01	-9.411088e-05	8.535156e-01	-9.411135e-10	8.735242e-01	9.411088e-05	8.735241e-01	9.411135e-10	1.747048e-02	1.882218e-06	1.747048e-02	1.882227e-11	1.747048e-02	1.882218e-06	1.747048e-02	1.882227e-11	-1.882218e-06	-1.882227e-11	-1.747048e-02	-1.747048e-02	1.749051e-11	1.769754e-13	1.749049e-11	1.769754e-18
2.619531250000001e-08	8.046875e-01	-1.022582e-04	8.046875e-01	-1.022576e-09	8.246868e-01	1.022582e-04	8.246869e-01	1.022576e-09	1.649374e-02	2.045165e-06	1.649374e-02	2.045152e-11	1.649374e-02	2.045165e-06	1.649374e-02	2.045152e-11	-2.045165e-06	-2.045152e-11	-1.649374e-02	-1.649374e-02	1.651376e-11	1.673870e-13	1.651374e-11	1.673870e-18
2.624414062500001e-08	7.558594e-01	-9.914240e-05	7.558594e-01	-9.914284e-10	7.758594e-01	9.914240e-05	7.758594e-01	9.914284e-10	1.551719e-02	1.982848e-06	1.551719e-02	1.982857e-11	1.551719e-02	1.982848e-06	1.551719e-02	1.982857e-11	-1.982848e-06	-1.982857e-11	-1.551719e-02	-1.551719e-02	1.553721e-11	1.575530e-13	1.553719e-11	1.575530e-18
2.629296875000001e-08	7.070312e-01	-1.003251e-04	7.070312e-01	-1.003248e-09	7.270312e-01	1.003251e-04	7.270312e-01	1.003248e-09	1.454062e-02	2.006501e-06	1.454062e-02	2.006497e-11	1.454062e-02	2.006501e-06	1.454062e-02	2.006497e-11	-2.006501e-06	-2.006497e-11	-1.454062e-02	-1.454062e-02	1.456065e-11	1.478134e-13	1.456063e-11	1.478134e-18
2.634179687500001e-08	6.582031e-01	-9.987683e-05	6.582031e-01	-9.987695e-10	6.782031e-01	9.987683e-05	6.782031e-01	9.987695e-10	1.356406e-02	1.997537e-06	1.356406e-02	1.997539e-11	1.356406e-02	1.997537e-06	1.356406e-02	1.997539e-11	-1.997537e-06	-1.997539e-11	-1.356406e-02	-1.356406e-02	1.358408e-11	1.380379e-13	1.358406e-11	1.380379e-18
2.639062500000001e-08	6.093750e-01	-1.000467e-04	6.093750e-01	-1.000466e-09	6.293750e-01	1.000467e-04	6.293750e-01	1.000466e-09	1.258750e-02	2.000933e-06	1.258750e-02	2.000932e-11	1.258750e-02	2.000933e-06	1.258750e-02	2.000932e-11	-2.000933e-06	-2.000932e-11	-1.258750e-02	-1.258750e-02	1.260752e-11	1.282760e-13	1.260750e-11	1.282760e-18
2.643945312500001e-08	5.605469e-01	-9.998232e-05	5.605469e-01	-9.998234e-10	5.805469e-01	9.998232e-05	5.805469e-01	9.998234e-10	1.161094e-02	1.999646e-06	1.161094e-02	1.999647e-11	1.161094e-02	1.999646e-06	1.161094e-02	1.999647e-11	-1.999646e-06	-1.999647e-11	-1.161094e-02	-1.161094e-02	1.163096e-11	1.185090e-13	1.163094e-11	1.185090e-18
2.648828125000001e-08	5.117188e-01	-1.000067e-04	5.117188e-01	-1.000067e-09	5.317187e-01	1.000067e-04	5.317187e-01	1.000067e-09	1.063437e-02	2.000134e-06	1.063437e-02	2.000134e-11	1.063437e-02	2.000134e-06	1.063437e-02	2.000134e-11	-2.000134e-06	-2.000134e-11	-1.063437e-02	-1.063437e-02	1.065440e-11	1.087439e-13	1.065437e-11	1.087439e-18
2.653710937500001e-08	4.628906e-01	-9.999747e-05	4.628906e-01	-9.999747e-10	4.828906e-01	9.999747e-05	4.828906e-01	9.999747e-10	9.657812e-03	1.999949e-06	9.657812e-03	1.999949e-11	9.657812e-03	1.999949e-06	9.657812e-03	1.999949e-11	-1.999949e-06	-1.999949e-11	-9.657812e-03	-9.657812e-03	9.677835e-12	9.897807e-14	9.677812e-12	9.897806e-19
2.658593750000002e-08	4.140625e-01	-1.000010e-04	4.140625e-01	-1.000010e-09	4.340625e-01	1.000010e-04	4.340625e-01	1.000010e-09	8.681250e-03	2.000019e-06	8.681250e-03	2.000019e-11	8.681250e-03	2.000019e-06	8.681250e-03	2.000019e-11	-2.000019e-06	-2.000019e-11	-8.681250e-03	-8.681250e-03	8.701272e-12	8.921252e-14	8.701250e-12	8.921253e-19
2.663476562500002e-08	3.652344e-01	-9.999963e-05	3.652344e-01	-9.999964e-10	3.852344e-01	9.999963e-05	3.852344e-01	9.999964e-10	7.704687e-03	1.999993e-06	7.704687e-03	1.999993e-11	7.704687e-03	1.999993e-06	7.704687e-03	1.999993e-11	-1.999993e-06	-1.999993e-11	-7.704687e-03	-7.704687e-03	7.724710e-12	7.944687e-14	7.724687e-12	7.944687e-19
2.668359375000002e-08	3.164062e-01	-1.000001e-04	3.164062e-01	-1.000001e-09	3.364063e-01	1.000001e-04	3.364063e-01	1.000001e-09	6.728125e-03	2.000003e-06	6.728125e-03	2.000003e-11	6.728125e-03	2.000003e-06	6.728125e-03	2.000003e-11	-2.000003e-06	-2.000003e-11	-6.728125e-03	-6.728125e-03	6.748147e-12	6.968125e-14	6.748125e-12	6.968126e-19
2.673242187500002e-08	2.675781e-01	-9.999995e-05	2.675781e-01	-9.999995e-10	2.875781e-01	9.999995e-05	2.875781e-01	9.999995e-10	5.751562e-03	1.999999e-06	5.751562e-03	1.999999e-11	5.751562e-03	1.999999e-06	5.751562e-03	1.999999e-11	-1.999999e-06	-1.999999e-11	-5.751562e-03	-5.751562e-03	5.771585e-12	5.991562e-14	5.771562e-12	5.991562e-19
2.678125000000002e-08	2.187500e-01	-1.000000e-04	2.187500e-01	-1.000000e-09	2.387500e-01	1.000000e-04	2.387500e-01	1.000000e-09	4.775000e-03	2.000000e-06	4.775000e-03	2.000000e-11	4.775000e-03	2.000000e-06	4.775000e-03	2.000000e-11	-2.000000e-06	-2.000000e-11	-4.775000e-03	-4.775000e-03	4.795022e-12	5.015000e-14	4.795000e-12	5.015000e-19
2.683007812500002e-08	1.699219e-01	-9.999999e-05	1.699219e-01	-1.000000e-09	1.899219e-01	9.999999e-05	1.899219e-01	1.000000e-09	3.798438e-03	2.000000e-06	3.798438e-03	2.000000e-11	3.798438e-03	2.000000e-06	3.798438e-03	2.000000e-11	-2.000000e-06	-2.000000e-11	-3.798438e-03	-3.798438e-03	3.818459e-12	4.038438e-14	3.818437e-12	4.038437e-19
2.687890625000002e-08	1.210938e-01	-1.000000e-04	1.210938e-01	-1.000000e-09	1.410937e-01	1.000000e-04	1.410937e-01	1.000000e-09	2.821875e-03	2.000000e-06	2.821875e-03	2.000000e-11	2.821875e-03	2.000000e-06	2.821875e-03	2.000000e-11	-2.000000e-06	-2.000000e-11	-2.821875e-03	-2.821875e-03	2.841897e-12	3.061875e-14	2.841875e-12	3.061875e-19
2.692773437500002e-08	7.226562e-02	-1.000000e-04	7.226562e-02	-1.000000e-09	9.226563e-02	1.000000e-04	9.226563e-02	1.000000e-09	1.845313e-03	2.000000e-06	1.845313e-03	2.000000e-11	1.845313e-03	2.000000e-06	1.845313e-03	2.000000e-11	-2.000000e-06	-2.000000e-11	-1.845313e-03	-1.845313e-03	1.865334e-12	2.085312e-14	1.865313e-12	2.085313e-19
2.697656250000002e-08	2.343750e-02	-1.000000e-04	2.343750e-02	-1.000000e-09	4.343750e-02	1.000000e-04	4.343750e-02	1.000000e-09	8.687500e-04	2.000000e-06	8.687500e-04	2.000000e-11	8.687500e-04	2.000000e-06	8.687500e-04	2.000000e-11	-2.000000e-06	-2.000000e-11	-8.687500e-04	-8.687500e-04	8.887720e-13	1.108750e-14	8.887500e-13	1.108750e-19
2.700000000000000e-08	0.000000e+00	-1.000000e-04	0.000000e+00	-1.000000e-09	2.000000e-02	1.000000e-04	2.000000e-02	1.000000e-09	4.000000e-04	2.000000e-06	4.000000e-04	2.000000e-11	4.000000e-04	2.000000e-06	4.000000e-04	2.000000e-11	-2.000000e-06	-2.000000e-11	-4.000000e-04	-4.000000e-04	4.200220e-13	6.400000e-15	4.200000e-13	6.400000e-20
2.701976548740076e-08	0.000000e+00	-6.971015e-05	0.000000e+00	-6.971123e-10	7.199872e-03	6.971015e-05	7.199656e-03	6.971123e-10	1.439974e-04	1.394203e-06	1.439931e-04	1.394225e-11	1.439974e-04	1.394203e-06	1.439931e-04	1.394225e-11	-1.394203e-06	-1.394225e-11	-1.439974e-04	-1.439931e-04	1.512126e-13	3.045596e-15	1.511928e-13	3.045575e-20
2.703228979741925e-08	0.000000e+00	-3.925074e-05	0.000000e+00	-3.925193e-10	3.892476e-03	3.925074e-05	3.892114e-03	3.925193e-10	7.784952e-05	7.850148e-07	7.784228e-05	7.850386e-12	7.784952e-05	7.850148e-07	7.784228e-05	7.850386e-12	-7.850148e-07	-7.850386e-12	-7.784952e-05	-7.784228e-05	8.175064e-14	1.680936e-15	8.173439e-14	1.680886e-20
2.703915876973809e-08	0.000000e+00	-2.853150e-05	0.000000e+00	-2.853209e-10	2.798328e-03	2.853150e-05	2.797971e-03	2.853209e-10	5.596656e-05	5.706301e-07	5.595942e-05	5.706418e-12	5.596656e-05	5.706301e-07	5.595942e-05	5.706418e-12	-5.706301e-07	-5.706418e-12	-5.596656e-05	-5.595942e-05	5.877116e-14	1.215342e-15	5.875739e-14	1.215280e-20
2.704822861157311e-08	0.000000e+00	-1.859128e-05	0.000000e+00	-1.859124e-10	1.804465e-03	1.859128e-05	1.804149e-03	1.859124e-10	3.608931e-05	3.718255e-07	3.608299e-05	3.718248e-12	3.608931e-05	3.718255e-07	3.608299e-05	3.718248e-12	-3.718255e-07	-3.718248e-12	-3.608931e-05	-3.608299e-05	3.789786e-14	7.879458e-16	3.788714e-14	7.878787e-21
2.705783198126879e-08	0.000000e+00	-1.175499e-05	0.000000e+00	-1.175458e-10	1.132903e-03	1.175499e-05	1.132646e-03	1.175458e-10	2.265806e-05	2.350998e-07	2.265292e-05	2.350917e-12	2.265806e-05	2.350998e-07	2.265292e-05	2.350917e-12	-2.350998e-07	-2.350917e-12	-2.265806e-05	-2.265292e-05	2.379355e-14	4.965194e-16	2.378557e-14	4.964565e-21
2.706748672158270e-08	0.000000e+00	-7.393696e-06	0.000000e+00	-7.393147e-11	7.094403e-04	7.393696e-06	7.092425e-04	7.393147e-11	1.418881e-05	1.478739e-07	1.418485e-05	1.478630e-12	1.418881e-05	1.478739e-07	1.418485e-05	1.478630e-12	-1.478739e-07	-1.478630e-12	-1.418881e-05	-1.418485e-05	1.489987e-14	3.116438e-16	1.489409e-14	3.115902e-21
2.707766615871200e-08	0.000000e+00	-4.522177e-06	0.000000e+00	-4.521630e-11	4.326619e-04	4.522177e-06	4.325170e-04	4.521630e-11	8.653237e-06	9.044354e-08	8.650341e-06	9.043260e-13	8.653237e-06	9.044354e-08	8.650341e-06	9.043260e-13	-9.044354e-08	-9.043260e-13	-8.653237e-06	-8.650341e-06	9.086894e-15	1.903469e-16	9.082857e-15	1.903044e-21
2.708745971743540e-08	0.000000e+00	-2.816841e-06	0.000000e+00	-2.816365e-11	2.690537e-04	2.816841e-06	2.689492e-04	2.816365e-11	5.381075e-06	5.633682e-08	5.378983e-06	5.632730e-13	5.381075e-06	5.633682e-08	5.378983e-06	5.632730e-13	-5.633682e-08	-5.632730e-13	-5.381075e-06	-5.378983e-06	5.650748e-15	1.184718e-16	5.647932e-15	1.184393e-21
2.709792615441585e-08	0.000000e+00	-1.694948e-06	0.000000e+00	-1.694570e-11	1.617170e-04	1.694948e-06	1.616448e-04	1.694570e-11	3.234341e-06	3.389896e-08	3.232895e-06	3.389140e-13	3.234341e-06	3.389896e-08	3.232895e-06	3.389140e-13	-3.389896e-08	-3.389140e-13	-3.234341e-06	-3.232895e-06	3.396430e-15	7.124943e-17	3.394540e-15	7.122594e-22
2.711061105279589e-08	0.000000e+00	-9.094018e-07	0.000000e+00	-9.091356e-12	8.669846e-05	9.094018e-07	8.665341e-05	9.091356e-12	1.733969e-06	1.818804e-08	1.733068e-06	1.818271e-13	1.733969e-06	1.818804e-08	1.733068e-06	1.818271e-13	-1.818804e-08	-1.818271e-13	-1.733969e-06	-1.733068e-06	1.820868e-15	3.821352e-17	1.819722e-15	3.819820e-22
2.712567084672764e-08	0.000000e+00	-4.296094e-07	0.000000e+00	-4.294458e-12	4.093750e-05	4.296094e-07	4.091253e-05	4.294458e-12	8.187501e-07	8.592189e-09	8.182507e-07	8.588915e-14	8.187501e-07	8.592189e-09	8.182507e-07	8.588915e-14	-8.592189e-09	-8.588915e-14	-8.187501e-07	-8.182507e-07	8.597821e-16	1.804828e-17	8.591632e-16	1.803944e-22
2.714426276304661e-08	0.000000e+00	-1.660292e-07	0.000000e+00	-1.659461e-12	1.581704e-05	1.660292e-07	1.580547e-05	1.659461e-12	3.163407e-07	3.320584e-09	3.161095e-07	3.318922e-14	3.163407e-07	3.320584e-09	3.161095e-07	3.318922e-14	-3.320584e-09	-3.318922e-14	-3.163407e-07	-3.161095e-07	3.321943e-16	6.974219e-18	3.319150e-16	6.969963e-23
2.716733695820332e-08	0.000000e+00	-4.829890e-08	0.000000e+00	-4.826639e-13	4.600932e-06	4.829890e-08	4.596773e-06	4.826639e-13	9.201863e-08	9.659780e-10	9.193547e-08	9.653279e-15	9.201863e-08	9.659780e-10	9.193547e-08	9.653279e-15	-9.659780e-10	-9.653279e-15	-9.201863e-08	-9.193547e-08	9.663019e-17	2.028772e-18	9.653224e-17	2.027183e-23
2.719825764114782e-08	0.000000e+00	-7.340875e-09	0.000000e+00	-7.333342e-14	6.992968e-07	7.340875e-09	6.984179e-07	7.333342e-14	1.398594e-08	1.468175e-10	1.396836e-08	1.466668e-15	1.398594e-08	1.468175e-10	1.396836e-08	1.466668e-15	-1.468175e-10	-1.466668e-15	-1.398594e-08	-1.396836e-08	1.468685e-17	3.083516e-19	1.466678e-17	3.080013e-24
2.724188165722568e-08	0.000000e+00	1.388154e-10	0.000000e+00	1.390760e-15	-1.322501e-08	-1.388154e-10	-1.324677e-08	-1.390760e-15	-2.645001e-10	-2.776309e-12	-2.649355e-10	-2.781521e-17	-2.645001e-10	-2.776309e-12	-2.649355e-10	-2.781521e-17	2.776309e-12	2.781521e-17	2.645001e-10	2.649355e-10	-2.777557e-19	-5.831191e-21	-2.781822e-19	-5.841495e-26
2.729070978222568e-08	0.000000e+00	-1.042347e-11	0.000000e+00	-1.045064e-16	9.934845e-10	1.042347e-11	9.958437e-10	1.045064e-16	1.986969e-11	2.084693e-13	1.991688e-11	2.090128e-18	1.986969e-11	2.084693e-13	1.991688e-11	2.090128e-18	-2.084693e-13	-2.090128e-18	-1.986969e-11	-1.991688e-11	2.086547e-20	4.379480e-22	2.091272e-20	4.390413e-27
2.733953790722569e-08	0.000000e+00	7.812935e-13	0.000000e+00	7.839051e-18	-7.463224e-11	-7.812935e-13	-7.486388e-11	-7.839051e-18	-1.492645e-12	-1.562587e-14	-1.497278e-12	-1.567810e-19	-1.492645e-12	-1.562587e-14	-1.497278e-12	-1.567810e-19	1.562587e-14	1.567810e-19	1.492645e-12	1.497278e-12	-1.567449e-21	-3.286123e-23	-1.572141e-21	-3.296733e-28
2.738836603222569e-08	0.000000e+00	-5.803488e-14	0.000000e+00	-5.827364e-19	5.606512e-12	5.803488e-14	5.627992e-12	5.827364e-19	1.121302e-13	1.160698e-15	1.125598e-13	1.165473e-20	1.121302e-13	1.160698e-15	1.125598e-13	1.165473e-20	-1.160698e-15	-1.165473e-20	-1.121302e-13	-1.125598e-13	1.177495e-22	2.454135e-24	1.181878e-22	2.463898e-29
2.743719415722569e-08	0.000000e+00	4.110692e-15	0.000000e+00	4.131762e-20	-4.211759e-13	-4.110692e-15	-4.230917e-13	-4.131762e-20	-8.423519e-15	-8.221384e-17	-8.461835e-15	-8.263524e-22	-8.423519e-15	-8.221384e-17	-8.461835e-15	-8.263524e-22	8.221384e-17	8.263524e-22	8.423519e-15	8.461835e-15	-8.845599e-24	-1.788822e-25	-8.884926e-24	-1.797480e-30
2.748602228222569e-08	0.000000e+00	-2.144698e-16	0.000000e+00	-2.162814e-21	3.164151e-14	2.144698e-16	3.180648e-14	2.162814e-21	6.328302e-16	4.289397e-18	6.361297e-16	4.325627e-23	6.328302e-16	4.289397e-18	6.361297e-16	4.325627e-23	-4.289397e-18	-4.325627e-23	-6.328302e-16	-6.361297e-16	6.645189e-25	1.136305e-26	6.679362e-25	1.143755e-31
2.753485040722569e-08	0.000000e+00	-1.962808e-17	0.000000e+00	-1.947063e-22	-2.377749e-15	1.962808e-17	-2.391095e-15	1.947063e-22	-4.755497e-17	3.925616e-19	-4.782189e-17	3.894125e-24	-4.755497e-17	3.925616e-19	-4.782189e-17	3.894125e-24	-3.925616e-19	-3.894125e-24	4.755497e-17	4.782189e-17	-4.992840e-26	-6.750939e-29	-5.021299e-26	-7.377608e-34
2.758367853222569e-08	0.000000e+00	1.501501e-17	0.000000e+00	1.499741e-22	1.789182e-16	-1.501501e-17	1.797537e-16	-1.499741e-22	3.578365e-18	-3.003001e-19	3.595074e-18	-2.999482e-24	3.578365e-18	-3.003001e-19	3.595074e-18	-2.999482e-24	3.003001e-19	2.999482e-24	-3.578365e-18	-3.595074e-18	3.753980e-27	-2.927573e-28	3.774828e-27	-2.921948e-33
2.763250665722569e-08	0.000000e+00	-6.258015e-18	0.000000e+00	-6.253709e-23	-1.355347e-17	6.258015e-18	-1.351322e-17	6.253709e-23	-2.710694e-19	1.251603e-19	-2.702645e-19	1.250742e-24	-2.710694e-19	1.251603e-19	-2.702645e-19	1.250742e-24	-1.251603e-19	-1.250742e-24	2.710694e-19	2.702645e-19	-2.832461e-28	1.348301e-28	-2.837777e-28	1.347438e-33
2.768133478222569e-08	0.000000e+00	2.413728e-18	0.000000e+00	2.411844e-23	1.060909e-18	-2.413728e-18	1.015875e-18	-2.411844e-23	2.121817e-20	-4.827456e-20	2.031749e-20	-4.823689e-25	2.121817e-20	-4.827456e-20	2.031749e-20	-4.823689e-25	4.827456e-20	4.823689e-25	-2.121817e-20	-2.031749e-20	2.174806e-29	-5.287923e-29	2.133337e-29	-5.284724e-34
2.773016290722570e-08	0.000000e+00	-9.176966e-19	0.000000e+00	-9.167916e-24	-9.589369e-20	9.176966e-19	-7.636972e-20	9.167916e-24	-1.917874e-21	1.835393e-20	-1.527394e-21	1.833583e-25	-1.917874e-21	1.835393e-20	-1.527394e-21	1.833583e-25	-1.835393e-20	-1.833583e-25	1.917874e-21	1.527394e-21	-1.811874e-30	2.016919e-29	-1.603764e-30	2.015338e-34
2.777899103222570e-08	0.000000e+00	3.479270e-19	0.000000e+00	3.475038e-24	1.334001e-20	-3.479270e-19	5.741196e-21	-3.475038e-24	2.668003e-22	-6.958540e-21	1.148239e-22	-6.950076e-26	2.668003e-22	-6.958540e-21	1.148239e-22	-6.950076e-26	6.958540e-21	6.950076e-26	-2.668003e-22	-1.148239e-22	2.035964e-31	-7.651593e-30	1.205651e-31	-7.643878e-35
2.782781915722570e-08	0.000000e+00	-1.318365e-19	0.000000e+00	-1.316450e-24	-3.326978e-21	1.318365e-19	-4.316020e-22	1.316450e-24	-6.653957e-23	2.636729e-21	-8.632040e-24	2.632901e-26	-6.653957e-23	2.636729e-21	-8.632040e-24	2.632901e-26	-2.636729e-21	-2.632901e-26	6.653957e-23	8.632040e-24	-4.086253e-32	2.899703e-30	-9.063642e-33	2.896100e-35
2.787664728222570e-08	0.000000e+00	4.994995e-20	0.000000e+00	4.986560e-25	1.130741e-21	-4.994995e-20	3.244625e-23	-4.986560e-25	2.261481e-23	-9.989989e-22	6.489251e-25	-9.973121e-27	2.261481e-23	-9.989989e-22	6.489251e-25	-9.973121e-27	9.989989e-22	9.973121e-27	-2.261481e-23	-6.489251e-25	1.275656e-32	-1.098661e-30	6.813714e-34	-1.097036e-35
2.792547540722570e-08	0.000000e+00	-1.892453e-20	0.000000e+00	-1.888809e-25	-4.186545e-22	1.892453e-20	-2.439190e-24	1.888809e-25	-8.373091e-24	3.784906e-22	-4.878381e-26	3.777618e-27	-8.373091e-24	3.784906e-22	-4.878381e-26	3.777618e-27	-3.784906e-22	-3.777618e-27	8.373091e-24	4.878381e-26	-4.628349e-33	4.162517e-31	-5.122300e-35	4.155375e-36
2.797430353222570e-08	0.000000e+00	7.169901e-21	0.000000e+00	7.154398e-26	1.578825e-22	-7.169901e-21	1.833694e-25	-7.154398e-26	3.157651e-24	-1.433980e-22	3.667388e-27	-1.430880e-27	3.157651e-24	-1.433980e-22	3.667388e-27	-1.430880e-27	1.433980e-22	1.430880e-27	-3.157651e-24	-3.667388e-27	1.738155e-33	-1.577047e-31	3.850757e-36	-1.573967e-36
2.802313165722570e-08	0.000000e+00	-2.716445e-21	0.000000e+00	-2.709928e-26	-5.976160e-23	2.716445e-21	-1.378504e-26	2.709928e-26	-1.195232e-24	5.432890e-23	-2.757008e-28	5.419856e-28	-1.195232e-24	5.432890e-23	-2.757008e-28	5.419856e-28	-5.432890e-23	-5.419856e-28	1.195232e-24	2.757008e-28	-6.573757e-34	5.974924e-32	-2.894858e-37	5.961841e-37
2.807195978222570e-08	0.000000e+00	1.029174e-21	0.000000e+00	1.026461e-26	2.263761e-23	-1.029174e-21	1.036311e-27	-1.026461e-26	4.527523e-25	-2.058347e-23	2.072621e-29	-2.052921e-28	4.527523e-25	-2.058347e-23	2.072621e-29	-2.052921e-28	2.058347e-23	2.052921e-28	-4.527523e-25	-2.072621e-29	2.489717e-34	-2.263706e-32	2.176250e-38	-2.258214e-37
2.812078790722570e-08	0.000000e+00	-3.899207e-22	0.000000e+00	-3.888006e-27	-8.576351e-24	3.899207e-22	-7.790672e-29	3.888006e-27	-1.715270e-25	7.798414e-24	-1.558134e-30	7.776012e-29	-1.715270e-25	7.798414e-24	-1.558134e-30	7.776012e-29	-7.798414e-24	-7.776012e-29	1.715270e-25	1.558134e-30	-9.432083e-35	8.576455e-33	-1.636033e-39	8.553613e-38
2.816961603222571e-08	0.000000e+00	1.477284e-22	0.000000e+00	1.472691e-27	3.249280e-24	-1.477284e-22	5.857001e-30	-1.472691e-27	6.498560e-26	-2.954568e-24	1.171400e-31	-2.945381e-29	6.498560e-26	-2.954568e-24	1.171400e-31	-2.945381e-29	2.954568e-24	2.945381e-29	-6.498560e-26	-1.171400e-31	3.573463e-35	-3.249342e-33	1.229934e-40	-3.239919e-38
2.821844415722571e-08	0.000000e+00	-5.596952e-23	0.000000e+00	-5.578226e-28	-1.231046e-24	5.596952e-23	-4.404062e-31	5.578226e-28	-2.462091e-26	1.119390e-24	-8.808123e-33	1.115645e-29	-2.462091e-26	1.119390e-24	-8.808123e-33	1.115645e-29	-1.119390e-24	-1.115645e-29	2.462091e-26	8.808123e-33	-1.353866e-35	1.231071e-33	-9.247169e-42	1.227210e-38
2.826727228222571e-08	0.000000e+00	2.120505e-23	0.000000e+00	2.112908e-28	4.664034e-25	-2.120505e-23	3.314538e-32	-2.112908e-28	9.328068e-27	-4.241010e-25	6.629075e-34	-4.225817e-30	9.328068e-27	-4.241010e-25	6.629075e-34	-4.225817e-30	4.241010e-25	4.225817e-30	-9.328068e-27	-6.629075e-34	5.129360e-36	-4.664132e-34	6.950440e-43	-4.648398e-39
2.831610040722571e-08	0.000000e+00	-8.033909e-24	0.000000e+00	-8.003229e-29	-1.767052e-25	8.033909e-24	-2.505860e-33	8.003229e-29	-3.534104e-27	1.606782e-25	-5.011721e-35	1.600646e-30	-3.534104e-27	1.606782e-25	-5.011721e-35	1.600646e-30	-1.606782e-25	-1.600646e-30	3.534104e-27	5.011721e-35	-1.943349e-36	1.767089e-34	-5.184804e-44	1.760711e-39
2.836492853222571e-08	0.000000e+00	3.043789e-24	0.000000e+00	3.031446e-29	6.694791e-26	-3.043789e-24	1.937269e-34	-3.031446e-29	1.338958e-27	-6.087579e-26	3.874539e-36	-6.062891e-31	1.338958e-27	-6.087579e-26	3.874539e-36	-6.062891e-31	6.087579e-26	6.062891e-31	-1.338958e-27	-3.874539e-36	7.362723e-37	-6.694931e-35	4.203895e-45	-6.669186e-40
2.841375665722571e-08	0.000000e+00	-1.153194e-24	0.000000e+00	-1.148245e-29	-2.536440e-26	1.153194e-24	-1.658845e-35	1.148245e-29	-5.072881e-28	2.306387e-26	-3.317690e-37	2.296489e-31	-5.072881e-28	2.306387e-26	-3.317690e-37	2.296489e-31	-2.306387e-26	-2.296489e-31	5.072881e-28	3.317690e-37	-2.789499e-37	2.536494e-35	0.000000e+00	2.526135e-40
2.846258478222571e-08	0.000000e+00	4.369079e-25	0.000000e+00	4.349296e-30	9.609756e-27	-4.369079e-25	2.013998e-36	-4.349296e-30	1.921951e-28	-8.738159e-27	4.027997e-38	-8.698592e-32	1.921951e-28	-8.738159e-27	4.027997e-38	-8.698592e-32	8.738159e-27	8.698592e-32	-1.921951e-28	-4.027997e-38	1.056851e-37	-9.609957e-36	0.000000e+00	-9.568486e-41
2.851141290722571e-08	0.000000e+00	-1.655303e-25	0.000000e+00	-1.647417e-30	-3.640827e-27	1.655303e-25	-4.419046e-37	1.647417e-30	-7.281653e-29	3.310607e-27	-8.838093e-39	3.294834e-32	-7.281653e-29	3.310607e-27	-8.838093e-39	3.294834e-32	-3.310607e-27	-3.294834e-32	7.281653e-29	8.838093e-39	-4.004068e-38	3.640903e-36	0.000000e+00	3.624318e-41
2.856024103222572e-08	0.000000e+00	6.271411e-26	0.000000e+00	6.240051e-31	1.379392e-27	-6.271411e-26	1.432556e-37	-6.240051e-31	2.758784e-29	-1.254282e-27	2.865112e-39	-1.248010e-32	2.758784e-29	-1.254282e-27	2.865112e-39	-1.248010e-32	1.254282e-27	1.248010e-32	-2.758784e-29	-2.865112e-39	1.517013e-38	-1.379421e-36	0.000000e+00	-1.372852e-41
2.860906915722572e-08	0.000000e+00	-2.376035e-26	0.000000e+00	-2.363593e-31	-5.226071e-28	2.376035e-26	-5.244819e-38	2.363593e-31	-1.045214e-29	4.752071e-28	-1.048964e-39	4.727186e-33	-1.045214e-29	4.752071e-28	-1.048964e-39	4.727186e-33	-4.752071e-28	-4.727186e-33	1.045214e-29	1.048964e-39	-5.747472e-39	5.226181e-37	0.000000e+00	5.200219e-42
2.865789728222572e-08	0.000000e+00	9.002033e-27	0.000000e+00	8.952767e-32	1.979990e-28	-9.002033e-27	1.972985e-38	-8.952767e-32	3.959980e-30	-1.800406e-28	3.945972e-40	-1.790553e-33	3.959980e-30	-1.800406e-28	3.945972e-40	-1.790553e-33	1.800406e-28	1.790553e-33	-3.959980e-30	-3.945972e-40	2.177532e-39	-1.980031e-37	0.000000e+00	-1.970226e-42
2.870672540722572e-08	0.000000e+00	-3.410580e-27	0.000000e+00	-3.391110e-32	-7.501543e-29	3.410580e-27	-7.462979e-39	3.391110e-32	-1.500309e-30	6.821160e-29	-1.492593e-40	6.782219e-34	-1.500309e-30	6.821160e-29	-1.492593e-40	6.782219e-34	-6.821160e-29	-6.782219e-34	1.500309e-30	1.492593e-40	-8.249963e-40	7.501701e-38	0.000000e+00	7.454908e-43
2.875555353222572e-08	0.000000e+00	1.292159e-27	0.000000e+00	1.284477e-32	2.842093e-29	-1.292159e-27	2.826041e-39	-1.284477e-32	5.684186e-31	-2.584318e-29	5.652137e-41	-2.568955e-34	5.684186e-31	-2.584318e-29	5.652137e-41	-2.568955e-34	2.584318e-29	2.568955e-34	-5.684186e-31	-5.652137e-41	3.125652e-40	-2.842153e-38	0.000000e+00	-2.830623e-43
2.880438165722572e-08	0.000000e+00	-4.895573e-28	0.000000e+00	-4.865315e-33	-1.076778e-29	4.895573e-28	-1.070383e-39	4.865315e-33	-2.153555e-31	9.791147e-30	-2.140764e-41	9.730631e-35	-2.153555e-31	9.791147e-30	-2.140764e-41	9.730631e-35	-9.791147e-30	-9.730631e-35	2.153555e-31	2.140764e-41	-1.184209e-40	1.076800e-38	0.000000e+00	1.064987e-43
2.885320978222572e-08	0.000000e+00	1.854775e-28	0.000000e+00	1.842874e-33	4.079563e-30	-1.854775e-28	4.054335e-40	-1.842874e-33	8.159126e-32	-3.709550e-30	8.109314e-42	-3.685747e-35	8.159126e-32	-3.709550e-30	8.109314e-42	-3.685747e-35	3.709550e-30	3.685747e-35	-8.159126e-32	-8.109314e-42	4.486537e-41	-4.079648e-39	0.000000e+00	-4.063766e-44
2.890203790722572e-08	0.000000e+00	-7.027145e-29	0.000000e+00	-6.980397e-34	-1.545615e-30	7.027145e-29	-1.535683e-40	6.980397e-34	-3.091230e-32	1.405429e-30	-3.071646e-42	1.396079e-35	-3.091230e-32	1.405429e-30	-3.071646e-42	1.396079e-35	-1.405429e-30	-1.396079e-35	3.091230e-32	3.071646e-42	-1.699775e-41	1.545648e-39	0.000000e+00	1.541428e-44
2.895086603222573e-08	0.000000e+00	2.662359e-29	0.000000e+00	2.644020e-34	5.855837e-31	-2.662359e-29	5.816790e-41	-2.644020e-34	1.171167e-32	-5.324718e-31	1.163078e-42	-5.288040e-36	1.171167e-32	-5.324718e-31	1.163078e-42	-5.288040e-36	5.324718e-31	5.288040e-36	-1.171167e-32	-1.163078e-42	6.440368e-42	-5.855956e-40	0.000000e+00	-5.605194e-45
2.899969415722573e-08	0.000000e+00	-1.008682e-29	0.000000e+00	-1.001496e-34	-2.218588e-31	1.008682e-29	-2.203262e-41	1.001496e-34	-4.437176e-33	2.017364e-31	-4.400077e-43	2.002992e-36	-4.437176e-33	2.017364e-31	-4.400077e-43	2.002992e-36	-2.017364e-31	-2.002992e-36	4.437176e-33	4.400077e-43	-2.439661e-42	2.218634e-40	0.000000e+00	2.802597e-45
2.904852228222573e-08	0.000000e+00	3.821571e-30	0.000000e+00	3.793446e-35	8.405515e-32	-3.821571e-30	8.346134e-42	-3.793446e-35	1.681103e-33	-7.643141e-32	1.667545e-43	-7.586892e-37	1.681103e-33	-7.643141e-32	1.667545e-43	-7.586892e-37	7.643141e-32	7.586892e-37	-1.681103e-33	-1.667545e-43	9.248570e-43	-8.405689e-41	0.000000e+00	-1.401298e-45
2.909735040722573e-08	0.000000e+00	-1.447870e-30	0.000000e+00	-1.436873e-35	-3.184578e-32	1.447870e-30	-3.161329e-42	1.436873e-35	-6.369157e-34	2.895740e-32	-6.305843e-44	2.873746e-37	-6.369157e-34	2.895740e-32	-6.305843e-44	2.873746e-37	-2.895740e-32	-2.873746e-37	6.369157e-34	6.305843e-44	-3.503246e-43	3.184591e-41	0.000000e+00	0.000000e+00
2.914617853222573e-08	0.000000e+00	5.485513e-31	0.000000e+00	5.442557e-36	1.206534e-32	-5.485513e-31	1.196709e-42	-5.442557e-36	2.413068e-34	-1.097103e-32	2.382207e-44	-1.088511e-37	2.413068e-34	-1.097103e-32	2.382207e-44	-1.088511e-37	1.097103e-32	1.088511e-37	-2.413068e-34	-2.382207e-44	1.331234e-43	-1.206518e-41	0.000000e+00	0.000000e+00
2.919500665722573e-08	0.000000e+00	-2.078284e-31	0.000000e+00	-2.061520e-36	-4.571169e-33	2.078284e-31	-4.540207e-43	2.061520e-36	-9.142338e-35	4.156568e-33	-8.407791e-45	4.123040e-38	-9.142338e-35	4.156568e-33	-8.407791e-45	4.123040e-38	-4.156568e-33	-4.123040e-38	9.142338e-35	8.407791e-45	-5.044674e-44	4.571036e-42	0.000000e+00	0.000000e+00
2.924383478222573e-08	0.000000e+00	7.873948e-32	0.000000e+00	7.808582e-37	1.731869e-33	-7.873948e-32	1.723597e-43	-7.808582e-37	3.463737e-35	-1.574790e-33	2.802597e-45	-1.561716e-38	3.463737e-35	-1.574790e-33	2.802597e-45	-1.561716e-38	1.574790e-33	1.561716e-38	-3.463737e-35	-2.802597e-45	1.961818e-44	-1.732005e-42	0.000000e+00	0.000000e+00
2.929266290722573e-08	0.000000e+00	-2.983185e-32	0.000000e+00	-2.957718e-37	-6.561492e-34	2.983185e-32	-6.445973e-44	2.957718e-37	-1.312298e-35	5.966370e-34	-1.401298e-45	5.915436e-39	-1.312298e-35	5.966370e-34	-1.401298e-45	5.915436e-39	-5.966370e-34	-5.915436e-39	1.312298e-35	1.401298e-45	-7.006492e-45	6.558077e-43	0.000000e+00	0.000000e+00
2.934149103222573e-08	0.000000e+00	1.130233e-32	0.000000e+00	1.120318e-37	2.485938e-34	-1.130233e-32	2.522337e-44	-1.120318e-37	4.971876e-36	-2.260466e-34	0.000000e+00	-2.240636e-39	4.971876e-36	-2.260466e-34	0.000000e+00	-2.240636e-39	2.260466e-34	2.240636e-39	-4.971876e-36	0.000000e+00	2.802597e-45	-2.480298e-43	0.000000e+00	0.000000e+00
2.939031915722574e-08	0.000000e+00	-4.282088e-33	0.000000e+00	-4.243517e-38	-9.418418e-35	4.282088e-33	-9.809089e-45	4.243517e-38	-1.883683e-36	8.564175e-35	0.000000e+00	8.487034e-40	-1.883683e-36	8.564175e-35	0.000000e+00	8.487034e-40	-8.564175e-35	-8.487034e-40	1.883683e-36	0.000000e+00	-1.401298e-45	9.388700e-44	0.000000e+00	0.000000e+00
2.943914728222574e-08	0.000000e+00	1.622345e-33	0.000000e+00	1.607350e-38	3.568335e-35	-1.622345e-33	4.203895e-45	-1.607350e-38	7.136670e-37	-3.244690e-35	0.000000e+00	-3.214705e-40	7.136670e-37	-3.244690e-35	0.000000e+00	-3.214705e-40	3.244690e-35	3.214705e-40	-7.136670e-37	0.000000e+00	0.000000e+00	-3.503246e-44	0.000000e+00	0.000000e+00
2.948797540722574e-08	0.000000e+00	-6.146542e-34	0.000000e+00	-6.088286e-39	-1.351927e-35	6.146542e-34	-1.401298e-45	6.088286e-39	-2.703854e-37	1.229309e-35	0.000000e+00	1.217658e-40	-2.703854e-37	1.229309e-35	0.000000e+00	1.217658e-40	-1.229309e-35	-1.217658e-40	2.703854e-37	0.000000e+00	0.000000e+00	1.401298e-44	0.000000e+00	0.000000e+00
2.953680353222574e-08	0.000000e+00	2.328727e-34	0.000000e+00	2.306108e-39	5.122016e-36	-2.328727e-34	0.000000e+00	-2.306108e-39	1.024403e-37	-4.657454e-36	0.000000e+00	-4.612234e-41	1.024403e-37	-4.657454e-36	0.000000e+00	-4.612234e-41	4.657454e-36	4.612234e-41	-1.024403e-37	0.000000e+00	0.000000e+00	-5.605194e-45	0.000000e+00	0.000000e+00
2.958563165722574e-08	0.000000e+00	-8.822795e-35	0.000000e+00	-8.735022e-40	-1.940567e-36	8.822795e-35	0.000000e+00	8.735022e-40	-3.881133e-38	1.764559e-36	0.000000e+00	1.746999e-41	-3.881133e-38	1.764559e-36	0.000000e+00	1.746999e-41	-1.764559e-36	-1.746999e-41	3.881133e-38	0.000000e+00	0.000000e+00	1.401298e-45	0.000000e+00	0.000000e+00
2.963445978222574e-08	0.000000e+00	3.342673e-35	0.000000e+00	3.308634e-40	7.352182e-37	-3.342673e-35	0.000000e+00	-3.308634e-40	1.470436e-38	-6.685346e-37	0.000000e+00	-6.616931e-42	1.470436e-38	-6.685346e-37	0.000000e+00	-6.616931e-42	6.685346e-37	6.616931e-42	-1.470436e-38	0.000000e+00	0.000000e+00	-1.401298e-45	0.000000e+00	0.000000e+00
2.968328790722574e-08	0.000000e+00	-1.266431e-35	0.000000e+00	-1.253237e-40	-2.785505e-37	1.266431e-35	0.000000e+00	1.253237e-40	-5.571009e-39	2.532862e-37	0.000000e+00	2.506923e-42	-5.571009e-39	2.532862e-37	0.000000e+00	2.506923e-42	-2.532862e-37	-2.506923e-42	5.571009e-39	0.000000e+00	0.000000e+00	0.000000e+00	0.000000e+00	0.000000e+00
2.973211603222574e-08	0.000000e+00	4.798099e-36	0.000000e+00	4.747039e-41	1.055338e-37	-4.798099e-36	0.000000e+00	-4.747039e-41	2.110676e-39	-9.596197e-38	0.000000e+00	-9.500804e-43	2.110676e-39	-9.596197e-38	0.000000e+00	-9.500804e-43	9.596197e-38	9.500804e-43	-2.110676e-39	0.000000e+00	0.000000e+00	0.000000e+00	0.000000e+00	0.000000e+00
2.978094415722575e-08	0.000000e+00	-1.817845e-36	0.000000e+00	-1.798006e-41	-3.998336e-38	1.817845e-36	0.000000e+00	1.798006e-41	-7.996678e-40	3.635690e-38	0.000000e+00	3.601337e-43	-7.996678e-40	3.635690e-38	0.000000e+00	3.601337e-43	-3.635690e-38	-3.601337e-43	7.996678e-40	0.000000e+00	0.000000e+00	0.000000e+00	0.000000e+00	0.000000e+00
2.982977228222574e-08	0.000000e+00	6.887229e-37	0.000000e+00	6.810311e-42	1.514840e-38	-6.887229e-37	0.000000e+00	-6.810311e-42	3.029677e-40	-1.377446e-38	0.000000e+00	-1.359260e-43	3.029677e-40	-1.377446e-38	0.000000e+00	-1.359260e-43	1.377446e-38	1.359260e-43	-3.029677e-40	0.000000e+00	0.000000e+00	0.000000e+00	0.000000e+00	0.000000e+00
2.987860040722574e-08	0.000000e+00	-2.609349e-37	0.000000e+00	-2.579790e-42	-5.739242e-39	2.609349e-37	0.000000e+00	2.579790e-42	-1.147846e-40	5.218698e-39	0.000000e+00	5.184804e-44	-1.147846e-40	5.218698e-39	0.000000e+00	5.184804e-44	-5.218698e-39	-5.184804e-44	1.147846e-40	0.000000e+00	0.000000e+00	0.000000e+00	0.000000e+00	0.000000e+00
2.992742853222575e-08	0.000000e+00	9.885982e-38	0.000000e+00	9.767050e-43	2.174414e-39	-9.885982e-38	0.000000e+00	-9.767050e-43	4.348790e-41	-1.977197e-39	0.000000e+00	-1.961818e-44	4.348790e-41	-1.977197e-39	0.000000e+00	-1.961818e-44	1.977197e-39	1.961818e-44	-4.348790e-41	0.000000e+00	0.000000e+00	0.000000e+00	0.000000e+00	0.000000e+00
2.997625665722575e-08	0.000000e+00	-3.745480e-38	0.000000e+00	-3.699428e-43	-8.238150e-40	3.745480e-38	0.000000e+00	3.699428e-43	-1.647647e-41	7.490963e-40	0.000000e+00	7.006492e-45	-1.647647e-41	7.490963e-40	0.000000e+00	7.006492e-45	-7.490963e-40	-7.006492e-45	1.647647e-41	0.000000e+00	0.000000e+00	0.000000e+00	0.000000e+00	0.000000e+00
3.000000000000000e-08	0.000000e+00	0.000000e+00	0.000000e+00	0.000000e+00	0.000000e+00	0.000000e+00	0.000000e+00	0.000000e+00	0.000000e+00	0.000000e+00	0.000000e+00	0.000000e+00	0.000000e+00	0.000000e+00	0.000000e+00	0.000000e+00	0.000000e+00	0.000000e+00	0.000000e+00	0.000000e+00	0.000000e+00	0.000000e+00	0.000000e+00	0.000000e+00
3.001254119985025e-08	1.254120e-02	1.669811e-05	1.254120e-02	1.669729e-10	3.343737e-03	-1.669811e-05	3.343602e-03	-1.669729e-10	6.687475e-05	-3.339622e-07	6.687205e-05	-3.339458e-12	6.687475e-05	-3.339622e-07	6.687205e-05	-3.339458e-12	3.339622e-07	3.339458e-12	-6.687475e-05	-6.687205e-05	5.767361e-14	2.094144e-16	5.767445e-14	2.094041e-21
3.002471646898484e-08	2.471647e-02	4.621778e-05	2.471647e-02	4.621645e-10	1.066375e-02	-4.621778e-05	1.066344e-02	-4.621645e-10	2.132751e-04	-9.243557e-07	2.132688e-04	-9.243290e-12	2.132751e-04	-9.243557e-07	2.132688e-04	-9.243290e-12	9.243557e-07	9.243290e-12	-2.132751e-04	-2.132688e-04	1.992122e-13	9.754323e-16	1.992158e-13	9.753958e-21
3.003570705277168e-08	3.570705e-02	6.634956e-05	3.570705e-02	6.634888e-10	1.918750e-02	-6.634956e-05	1.918714e-02	-6.634888e-10	3.837499e-04	-1.326991e-06	3.837429e-04	-1.326978e-11	3.837499e-04	-1.326991e-06	3.837429e-04	-1.326978e-11	1.326991e-06	1.326978e-11	-3.837499e-04	-3.837429e-04	3.672158e-13	2.212613e-15	3.672230e-13	2.212554e-20
3.005076726050686e-08	5.076726e-02	8.328891e-05	5.076726e-02	8.328909e-10	3.241061e-02	-8.328891e-05	3.241031e-02	-8.328909e-10	6.482122e-04	-1.665778e-06	6.482063e-04	-1.665782e-11	6.482122e-04	-1.665778e-06	6.482063e-04	-1.665782e-11	1.665778e-06	1.665782e-11	-6.482122e-04	-6.482063e-04	6.298372e-13	4.466200e-15	6.298493e-13	4.466133e-20
3.007332016563597e-08	7.332017e-02	9.479536e-05	7.332017e-02	9.479596e-10	5.381532e-02	-9.479536e-05	5.381515e-02	-9.479596e-10	1.076306e-03	-1.895907e-06	1.076303e-03	-1.895919e-11	1.076306e-03	-1.895907e-06	1.076303e-03	-1.895919e-11	1.895907e-06	1.895919e-11	-1.076306e-03	-1.076303e-03	1.056781e-12	8.482517e-15	1.056798e-12	8.482468e-20
3.010117204994255e-08	1.011721e-01	9.894772e-05	1.011721e-01	9.894809e-10	8.127236e-02	-9.894772e-05	8.127230e-02	-9.894809e-10	1.625447e-03	-1.978954e-06	1.625446e-03	-1.978962e-11	1.625447e-03	-1.978954e-06	1.625446e-03	-1.978962e-11	1.978954e-06	1.978962e-11	-1.625447e-03	-1.625446e-03	1.605526e-12	1.387863e-14	1.605546e-12	1.387861e-19
3.014308783710332e-08	1.430878e-01	9.999864e-05	1.430878e-01	9.999870e-10	1.230879e-01	-9.999864e-05	1.230879e-01	-9.999870e-10	2.461759e-03	-1.999973e-06	2.461759e-03	-1.999974e-11	2.461759e-03	-1.999973e-06	2.461759e-03	-1.999974e-11	1.999973e-06	1.999974e-11	-2.461759e-03	-2.461759e-03	2.441737e-12	2.221762e-14	2.441759e-12	2.221762e-19
3.019191596210333e-08	1.919160e-01	1.000002e-04	1.919160e-01	1.000002e-09	1.719159e-01	-1.000002e-04	1.719159e-01	-1.000002e-09	3.438319e-03	-2.000004e-06	3.438319e-03	-2.000003e-11	3.438319e-03	-2.000004e-06	3.438319e-03	-2.000003e-11	2.000004e-06	2.000003e-11	-3.438319e-03	-3.438319e-03	3.418297e-12	3.198319e-14	3.418319e-12	3.198319e-19
3.024074408710333e-08	2.407441e-01	9.999996e-05	2.407441e-01	9.999996e-10	2.207441e-01	-9.999996e-05	2.207441e-01	-9.999996e-10	4.414882e-03	-1.999999e-06	4.414882e-03	-1.999999e-11	4.414882e-03	-1.999999e-06	4.414882e-03	-1.999999e-11	1.999999e-06	1.999999e-11	-4.414882e-03	-4.414882e-03	4.394860e-12	4.174882e-14	4.394882e-12	4.174882e-19
3.028957221210333e-08	2.895722e-01	1.000000e-04	2.895722e-01	1.000000e-09	2.695722e-01	-1.000000e-04	2.695722e-01	-1.000000e-09	5.391444e-03	-2.000000e-06	5.391444e-03	-2.000000e-11	5.391444e-03	-2.000000e-06	5.391444e-03	-2.000000e-11	2.000000e-06	2.000000e-11	-5.391444e-03	-5.391444e-03	5.371422e-12	5.151444e-14	5.371444e-12	5.151444e-19
3.033840033710333e-08	3.384003e-01	1.000000e-04	3.384003e-01	1.000000e-09	3.184003e-01	-1.000000e-04	3.184003e-01	-1.000000e-09	6.368007e-03	-2.000000e-06	6.368007e-03	-2.000000e-11	6.368007e-03	-2.000000e-06	6.368007e-03	-2.000000e-11	2.000000e-06	2.000000e-11	-6.368007e-03	-6.368007e-03	6.347985e-12	6.128007e-14	6.348007e-12	6.128007e-19
3.038722846210333e-08	3.872285e-01	1.000000e-04	3.872285e-01	1.000000e-09	3.672284e-01	-1.000000e-04	3.672284e-01	-1.000000e-09	7.344569e-03	-2.000000e-06	7.344569e-03	-2.000000e-11	7.344569e-03	-2.000000e-06	7.344569e-03	-2.000000e-11	2.000000e-06	2.000000e-11	-7.344569e-03	-7.344569e-03	7.324547e-12	7.104569e-14	7.324569e-12	7.104569e-19
3.043605658710333e-08	4.360566e-01	1.000000e-04	4.360566e-01	1.000000e-09	4.160566e-01	-1.000000e-04	4.160566e-01	-1.000000e-09	8.321132e-03	-2.000000e-06	8.321132e-03	-2.000000e-11	8.321132e-03	-2.000000e-06	8.321132e-03	-2.000000e-11	2.000000e-06	2.000000e-11	-8.321132e-03	-8.321132e-03	8.301110e-12	8.081132e-14	8.301131e-12	8.081132e-19
3.048488471210333e-08	4.848847e-01	1.000000e-04	4.848847e-01	1.000000e-09	4.648847e-01	-1.000000e-04	4.648847e-01	-1.000000e-09	9.297694e-03	-2.000000e-06	9.297694e-03	-2.000000e-11	9.297694e-03	-2.000000e-06	9.297694e-03	-2.000000e-11	2.000000e-06	2.000000e-11	-9.297694e-03	-9.297694e-03	9.277672e-12	9.057694e-14	9.277694e-12	9.057694e-19
3.053371283710333e-08	5.337129e-01	1.000000e-04	5.337129e-01	1.000000e-09	5.137128e-01	-1.000000e-04	5.137128e-01	-1.000000e-09	1.027426e-02	-2.000000e-06	1.027426e-02	-2.000000e-11	1.027426e-02	-2.000000e-06	1.027426e-02	-2.000000e-11	2.000000e-06	2.000000e-11	-1.027426e-02	-1.027426e-02	1.025423e-11	1.003426e-13	1.025426e-11	1.003426e-18
3.058254096210333e-08	5.825410e-01	1.000000e-04	5.825410e-01	1.000000e-09	5.625409e-01	-1.000000e-04	5.625409e-01	-1.000000e-09	1.125082e-02	-2.000000e-06	1.125082e-02	-2.000000e-11	1.125082e-02	-2.000000e-06	1.125082e-02	-2.000000e-11	2.000000e-06	2.000000e-11	-1.125082e-02	-1.125082e-02	1.123080e-11	1.101082e-13	1.123082e-11	1.101082e-18
3.063136908710334e-08	6.313691e-01	1.000000e-04	6.313691e-01	1.000000e-09	6.113691e-01	-1.000000e-04	6.113691e-01	-1.000000e-09	1.222738e-02	-2.000000e-06	1.222738e-02	-2.000000e-11	1.222738e-02	-2.000000e-06	1.222738e-02	-2.000000e-11	2.000000e-06	2.000000e-11	-1.222738e-02	-1.222738e-02	1.220736e-11	1.198738e-13	1.220738e-11	1.198738e-18
3.068019721210334e-08	6.801972e-01	1.000000e-04	6.801972e-01	1.000000e-09	6.601972e-01	-1.000000e-04	6.601972e-01	-1.000000e-09	1.320394e-02	-2.000000e-06	1.320394e-02	-2.000000e-11	1.320394e-02	-2.000000e-06	1.320394e-02	-2.000000e-11	2.000000e-06	2.000000e-11	-1.320394e-02	-1.320394e-02	1.318392e-11	1.296394e-13	1.318394e-11	1.296394e-18
3.072902533710334e-08	7.290254e-01	1.000000e-04	7.290254e-01	1.000000e-09	7.090253e-01	-1.000000e-04	7.090253e-01	-1.000000e-09	1.418051e-02	-2.000000e-06	1.418051e-02	-2.000000e-11	1.418051e-02	-2.000000e-06	1.418051e-02	-2.000000e-11	2.000000e-06	2.000000e-11	-1.418051e-02	-1.418051e-02	1.416048e-11	1.394051e-13	1.416051e-11	1.394051e-18
3.077785346210334e-08	7.778535e-01	1.000000e-04	7.778535e-01	1.000000e-09	7.578534e-01	-1.000000e-04	7.578534e-01	-1.000000e-09	1.515707e-02	-2.000000e-06	1.515707e-02	-2.000000e-11	1.515707e-02	-2.000000e-06	1.515707e-02	-2.000000e-11	2.000000e-06	2.000000e-11	-1.515707e-02	-1.515707e-02	1.513705e-11	1.491707e-13	1.513707e-11	1.491707e-18
3.082668158710334e-08	8.266816e-01	1.000000e-04	8.266816e-01	1.000000e-09	8.066816e-01	-1.000000e-04	8.066816e-01	-1.000000e-09	1.613363e-02	-2.000000e-06	1.613363e-02	-2.000000e-11	1.613363e-02	-2.000000e-06	1.613363e-02	-2.000000e-11	2.000000e-06	2.000000e-11	-1.613363e-02	-1.613363e-02	1.611361e-11	1.589363e-13	1.611363e-11	1.589363e-18
3.087550971210334e-08	8.755097e-01	1.000000e-04	8.755097e-01	1.000000e-09	8.555097e-01	-1.000000e-04	8.555097e-01	-1.000000e-09	1.711020e-02	-2.000000e-06	1.711020e-02	-2.000000e-11	1.711020e-02	-2.000000e-06	1.711020e-02	-2.000000e-11	2.000000e-06	2.000000e-11	-1.711020e-02	-1.711020e-02	1.709017e-11	1.687019e-13	1.709019e-11	1.687019e-18
3.092433783710334e-08	9.243379e-01	1.000000e-04	9.243379e-01	1.000000e-09	9.043378e-01	-1.000000e-04	9.043378e-01	-1.000000e-09	1.808676e-02	-2.000000e-06	1.808676e-02	-2.000000e-11	1.808676e-02	-2.000000e-06	1.808676e-02	-2.000000e-11	2.000000e-06	2.000000e-11	-1.808676e-02	-1.808676e-02	1.806674e-11	1.784676e-13	1.806676e-11	1.784676e-18
3.097316596210334e-08	9.731660e-01	1.000000e-04	9.731660e-01	1.000000e-09	9.531659e-01	-1.000000e-04	9.531659e-01	-1.000000e-09	1.906332e-02	-2.000000e-06	1.906332e-02	-2.000000e-11	1.906332e-02	-2.000000e-06	1.906332e-02	-2.000000e-11	2.000000e-06	2.000000e-11	-1.906332e-02	-1.906332e-02	1.904330e-11	1.882332e-13	1.904332e-11	1.882332e-18
3.100000000000001e-08	1.000000e+00	1.000000e-04	1.000000e+00	1.000000e-09	9.800000e-01	-1.000000e-04	9.800000e-01	-1.000000e-09	1.960000e-02	-2.000000e-06	1.960000e-02	-2.000000e-11	1.960000e-02	-2.000000e-06	1.960000e-02	-2.000000e-11	2.000000e-06	2.000000e-11	-1.960000e-02	-1.960000e-02	1.957998e-11	1.936000e-13	1.958000e-11	1.936000e-18
3.104882812500001e-08	1.000000e+00	2.587747e-05	1.000000e+00	2.587854e-10	1.001503e+00	-2.587747e-05	1.001503e+00	-2.587854e-10	2.003006e-02	-5.175494e-07	2.003007e-02	-5.175707e-12	2.003006e-02	-5.175494e-07	2.003007e-02	-5.175707e-12	5.175494e-07	5.175707e-12	-2.003006e-02	-2.003007e-02	2.003156e-11	1.997464e-13	2.003157e-11	1.997464e-18
3.109765625000001e-08	1.000000e+00	-1.459421e-05	1.000000e+00	-1.459518e-10	9.998868e-01	1.459421e-05	9.998870e-01	1.459518e-10	1.999774e-02	2.918843e-07	1.999774e-02	2.919036e-12	1.999774e-02	2.918843e-07	1.999774e-02	2.919036e-12	-2.918843e-07	-2.919036e-12	-1.999774e-02	-1.999774e-02	1.999763e-11	2.002973e-13	1.999763e-11	2.002974e-18
3.114648437500001e-08	1.000000e+00	5.889116e-06	1.000000e+00	5.888649e-11	1.000009e+00	-5.889116e-06	1.000008e+00	-5.888649e-11	2.000017e-02	-1.177823e-07	2.000017e-02	-1.177730e-12	2.000017e-02	-1.177823e-07	2.000017e-02	-1.177730e-12	1.177823e-07	1.177730e-12	-2.000017e-02	-2.000017e-02	2.000018e-11	1.998723e-13	2.000018e-11	1.998722e-18
3.119531250000001e-08	1.000000e+00	-2.258228e-06	1.000000e+00	-2.257577e-11	9.999993e-01	2.258228e-06	9.999993e-01	2.257577e-11	1.999999e-02	4.516456e-08	1.999999e-02	4.515155e-13	1.999999e-02	4.516456e-08	1.999999e-02	4.515155e-13	-4.516456e-08	-4.515155e-13	-1.999999e-02	-1.999999e-02	1.999999e-11	2.000495e-13	1.999999e-11	2.000495e-18
3.124414062500001e-08	1.000000e+00	8.576005e-07	1.000000e+00	8.571566e-12	1.000000e+00	-8.576005e-07	1.000000e+00	-8.571566e-12	2.000000e-02	-1.715201e-08	2.000000e-02	-1.714313e-13	2.000000e-02	-1.715201e-08	2.000000e-02	-1.714313e-13	1.715201e-08	1.714313e-13	-2.000000e-02	-2.000000e-02	2.000000e-11	1.999811e-13	2.000000e-11	1.999811e-18
3.129296875000001e-08	1.000000e+00	-3.250697e-07	1.000000e+00	-3.248250e-12	1.000000e+00	3.250697e-07	1.000000e+00	3.248250e-12	2.000000e-02	6.501395e-09	2.000000e-02	6.496500e-14	2.000000e-02	6.501395e-09	2.000000e-02	6.496500e-14	-6.501395e-09	-6.496500e-14	-2.000000e-02	-2.000000e-02	2.000000e-11	2.000072e-13	2.000000e-11	2.000071e-18
3.134179687500001e-08	1.000000e+00	1.231699e-07	1.000000e+00	1.230480e-12	1.000000e+00	-1.231699e-07	1.000000e+00	-1.230480e-12	2.000000e-02	-2.463398e-09	2.000000e-02	-2.460961e-14	2.000000e-02	-2.463398e-09	2.000000e-02	-2.460961e-14	2.463398e-09	2.460961e-14	-2.000000e-02	-2.000000e-02	2.000000e-11	1.999973e-13	2.000000e-11	1.999973e-18
3.139062500000002e-08	1.000000e+00	-4.666597e-08	1.000000e+00	-4.660873e-13	1.000000e+00	4.666597e-08	1.000000e+00	4.660873e-13	2.000000e-02	9.333193e-10	2.000000e-02	9.321747e-15	2.000000e-02	9.333193e-10	2.000000e-02	9.321747e-15	-9.333193e-10	-9.321747e-15	-2.000000e-02	-2.000000e-02	2.000000e-11	2.000010e-13	2.000000e-11	2.000010e-18
3.143945312500002e-08	1.000000e+00	1.768030e-08	1.000000e+00	1.765442e-13	1.000000e+00	-1.768030e-08	1.000000e+00	-1.765442e-13	2.000000e-02	-3.536059e-10	2.000000e-02	-3.530884e-15	2.000000e-02	-3.536059e-10	2.000000e-02	-3.530884e-15	3.536059e-10	3.530884e-15	-2.000000e-02	-2.000000e-02	2.000000e-11	1.999996e-13	2.000000e-11	1.999996e-18
3.148828125000002e-08	1.000000e+00	-6.698499e-09	1.000000e+00	-6.687108e-14	1.000000e+00	6.698499e-09	1.000000e+00	6.687108e-14	2.000000e-02	1.339700e-10	2.000000e-02	1.337422e-15	2.000000e-02	1.339700e-10	2.000000e-02	1.337422e-15	-1.339700e-10	-1.337422e-15	-2.000000e-02	-2.000000e-02	2.000000e-11	2.000001e-13	2.000000e-11	2.000002e-18
3.153710937500002e-08	1.000000e+00	2.537846e-09	1.000000e+00	2.532929e-14	1.000000e+00	-2.537846e-09	1.000000e+00	-2.532929e-14	2.000000e-02	-5.075692e-11	2.000000e-02	-5.065858e-16	2.000000e-02	-5.075692e-11	2.000000e-02	-5.065858e-16	5.075692e-11	5.065858e-16	-2.000000e-02	-2.000000e-02	2.000000e-11	1.999999e-13	2.000000e-11	1.999999e-18
3.158593750000002e-08	1.000000e+00	-9.615080e-10	1.000000e+00	-9.594174e-15	1.000000e+00	9.615080e-10	1.000000e+00	9.594174e-15	2.000000e-02	1.923016e-11	2.000000e-02	1.918835e-16	2.000000e-02	1.923016e-11	2.000000e-02	1.918835e-16	-1.923016e-11	-1.918835e-16	-2.000000e-02	-2.000000e-02	2.000000e-11	2.000000e-13	2.000000e-11	2.000000e-18
3.163476562500002e-08	1.000000e+00	3.642844e-10	1.000000e+00	3.634061e-15	1.000000e+00	-3.642844e-10	1.000000e+00	-3.634061e-15	2.000000e-02	-7.285688e-12	2.000000e-02	-7.268121e-17	2.000000e-02	-7.285688e-12	2.000000e-02	-7.268121e-17	7.285688e-12	7.268121e-17	-2.000000e-02	-2.000000e-02	2.000000e-11	2.000000e-13	2.000000e-11	2.000000e-18
3.168359375000002e-08	1.000000e+00	-1.380156e-10	1.000000e+00	-1.376502e-15	1.000000e+00	1.380156e-10	1.000000e+00	1.376502e-15	2.000000e-02	2.760312e-12	2.000000e-02	2.753003e-17	2.000000e-02	2.760312e-12	2.000000e-02	2.753003e-17	-2.760312e-12	-2.753003e-17	-2.000000e-02	-2.000000e-02	2.000000e-11	2.000000e-13	2.000000e-11	2.000000e-18
3.173242187500002e-08	1.000000e+00	5.228967e-11	1.000000e+00	5.213884e-16	1.000000e+00	-5.228967e-11	1.000000e+00	-5.213884e-16	2.000000e-02	-1.045793e-12	2.000000e-02	-1.042777e-17	2.000000e-02	-1.045793e-12	2.000000e-02	-1.042777e-17	1.045793e-12	1.042777e-17	-2.000000e-02	-2.000000e-02	2.000000e-11	2.000000e-13	2.000000e-11	2.000000e-18
3.178125000000003e-08	1.000000e+00	-1.981087e-11	1.000000e+00	-1.974904e-16	1.000000e+00	1.981087e-11	1.000000e+00	1.974904e-16	2.000000e-02	3.962174e-13	2.000000e-02	3.949807e-18	2.000000e-02	3.962174e-13	2.000000e-02	3.949807e-18	-3.962174e-13	-3.949807e-18	-2.000000e-02	-2.000000e-02	2.000000e-11	2.000000e-13	2.000000e-11	2.000000e-18
3.183007812500003e-08	1.000000e+00	7.505700e-12	1.000000e+00	7.480497e-17	1.000000e+00	-7.505700e-12	1.000000e+00	-7.480497e-17	2.000000e-02	-1.501140e-13	2.000000e-02	-1.496099e-18	2.000000e-02	-1.501140e-13	2.000000e-02	-1.496099e-18	1.501140e-13	1.496099e-18	-2.000000e-02	-2.000000e-02	2.000000e-11	2.000000e-13	2.000000e-11	2.000000e-18
3.187890625000003e-08	1.000000e+00	-2.843668e-12	1.000000e+00	-2.833446e-17	1.000000e+00	2.843668e-12	1.000000e+00	2.833446e-17	2.000000e-02	5.687336e-14	2.000000e-02	5.666892e-19	2.000000e-02	5.687336e-14	2.000000e-02	5.666892e-19	-5.687336e-14	-5.666892e-19	-2.000000e-02	-2.000000e-02	2.000000e-11	2.000000e-13	2.000000e-11	2.000000e-18
3.192773437500003e-08	1.000000e+00	1.077373e-12	1.000000e+00	1.073247e-17	1.000000e+00	-1.077373e-12	1.000000e+00	-1.073247e-17	2.000000e-02	-2.154746e-14	2.000000e-02	-2.146494e-19	2.000000e-02	-2.154746e-14	2.000000e-02	-2.146494e-19	2.154746e-14	2.146494e-19	-2.000000e-02	-2.000000e-02	2.000000e-11	2.000000e-13	2.000000e-11	2.000000e-18
3.197656250000003e-08	1.000000e+00	-4.081830e-13	1.000000e+00	-4.065220e-18	1.000000e+00	4.081830e-13	1.000000e+00	4.065220e-18	2.000000e-02	8.163659e-15	2.000000e-02	8.130439e-20	2.000000e-02	8.163659e-15	2.000000e-02	8.130439e-20	-8.163659e-15	-8.130439e-20	-2.000000e-02	-2.000000e-02	2.000000e-11	2.000000e-13	2.000000e-11	2.000000e-18
3.202539062500003e-08	1.000000e+00	1.546469e-13	1.000000e+00	1.539819e-18	1.000000e+00	-1.546469e-13	1.000000e+00	-1.539819e-18	2.000000e-02	-3.092939e-15	2.000000e-02	-3.079637e-20	2.000000e-02	-3.092939e-15	2.000000e-02	-3.079637e-20	3.092939e-15	3.079637e-20	-2.000000e-02	-2.000000e-02	2.000000e-11	2.000000e-13	2.000000e-11	2.000000e-18
3.207421875000003e-08	1.000000e+00	-5.859213e-14	1.000000e+00	-5.832508e-19	1.000000e+00	5.859213e-14	1.000000e+00	5.832508e-19	2.000000e-02	1.171843e-15	2.000000e-02	1.166502e-20	2.000000e-02	1.171843e-15	2.000000e-02	1.166502e-20	-1.171843e-15	-1.166502e-20	-2.000000e-02	-2.000000e-02	2.000000e-11	2.000000e-13	2.000000e-11	2.000000e-18
3.212304687500003e-08	1.000000e+00	2.219681e-14	1.000000e+00	2.209191e-19	1.000000e+00	-2.219681e-14	1.000000e+00	-2.209191e-19	2.000000e-02	-4.439361e-16	2.000000e-02	-4.418382e-21	2.000000e-02	-4.439361e-16	2.000000e-02	-4.418382e-21	4.439361e-16	4.418382e-21	-2.000000e-02	-2.000000e-02	2.000000e-11	2.000000e-13	2.000000e-11	2.000000e-18
3.217187500000003e-08	1.000000e+00	-8.410282e-15	1.000000e+00	-8.367608e-20	1.000000e+00	8.410282e-15	1.000000e+00	8.367608e-20	2.000000e-02	1.682056e-16	2.000000e-02	1.673522e-21	2.000000e-02	1.682056e-16	2.000000e-02	1.673522e-21	-1.682056e-16	-1.673522e-21	-2.000000e-02	-2.000000e-02	2.000000e-11	2.000000e-13	2.000000e-11	2.000000e-18
3.222070312500004e-08	1.000000e+00	3.185921e-15	1.000000e+00	3.169673e-20	1.000000e+00	-3.185921e-15	1.000000e+00	-3.169673e-20	2.000000e-02	-6.371842e-17	2.000000e-02	-6.339346e-22	2.000000e-02	-6.371842e-17	2.000000e-02	-6.339346e-22	6.371842e-17	6.339346e-22	-2.000000e-02	-2.000000e-02	2.000000e-11	2.000000e-13	2.000000e-11	2.000000e-18
3.226953125000004e-08	1.000000e+00	-1.207278e-15	1.000000e+00	-1.200717e-20	1.000000e+00	1.207278e-15	1.000000e+00	1.200717e-20	2.000000e-02	2.414555e-17	2.000000e-02	2.401433e-22	2.000000e-02	2.414555e-17	2.000000e-02	2.401433e-22	-2.414555e-17	-2.401433e-22	-2.000000e-02	-2.000000e-02	2.000000e-11	2.000000e-13	2.000000e-11	2.000000e-18
3.231835937500004e-08	1.000000e+00	4.574380e-16	1.000000e+00	4.548307e-21	1.000000e+00	-4.574380e-16	1.000000e+00	-4.548307e-21	2.000000e-02	-9.148760e-18	2.000000e-02	-9.096614e-23	2.000000e-02	-9.148760e-18	2.000000e-02	-9.096614e-23	9.148760e-18	9.096614e-23	-2.000000e-02	-2.000000e-02	2.000000e-11	2.000000e-13	2.000000e-11	2.000000e-18
3.236718750000004e-08	1.000000e+00	-1.728099e-16	1.000000e+00	-1.719871e-21	1.000000e+00	1.728099e-16	1.000000e+00	1.719871e-21	2.000000e-02	3.456198e-18	2.000000e-02	3.439743e-23	2.000000e-02	3.456198e-18	2.000000e-02	3.439743e-23	-3.456198e-18	-3.439743e-23	-2.000000e-02	-2.000000e-02	2.000000e-11	2.000000e-13	2.000000e-11	2.000000e-18
3.241601562500004e-08	1.000000e+00	6.517744e-17	1.000000e+00	6.523650e-22	1.000000e+00	-6.517744e-17	1.000000e+00	-6.523650e-22	2.000000e-02	-1.303549e-18	2.000000e-02	-1.304730e-23	2.000000e-02	-1.303549e-18	2.000000e-02	-1.304730e-23	1.303549e-18	1.304730e-23	-2.000000e-02	-2.000000e-02	2.000000e-11	2.000000e-13	2.000000e-11	2.000000e-18
3.246484375000004e-08	1.000000e+00	-2.451629e-17	1.000000e+00	-2.509096e-22	1.000000e+00	2.451629e-17	1.000000e+00	2.509096e-22	2.000000e-02	4.903257e-19	2.000000e-02	5.018193e-24	2.000000e-02	4.903257e-19	2.000000e-02	5.018193e-24	-4.903257e-19	-5.018193e-24	-2.000000e-02	-2.000000e-02	2.000000e-11	2.000000e-13	2.000000e-11	2.000000e-18
3.251367187500004e-08	1.000000e+00	9.567331e-18	1.000000e+00	1.003639e-22	1.000000e+00	-9.567331e-18	1.000000e+00	-1.003639e-22	2.000000e-02	-1.913466e-19	2.000000e-02	-2.007277e-24	2.000000e-02	-1.913466e-19	2.000000e-02	-2.007277e-24	1.913466e-19	2.007277e-24	-2.000000e-02	-2.000000e-02	2.000000e-11	2.000000e-13	2.000000e-11	2.000000e-18
3.256250000000004e-08	1.000000e+00	-3.587749e-18	1.000000e+00	-3.649595e-23	1.000000e+00	3.587749e-18	1.000000e+00	3.649595e-23	2.000000e-02	7.175498e-20	2.000000e-02	7.299189e-25	2.000000e-02	7.175498e-20	2.000000e-02	7.299189e-25	-7.175498e-20	-7.299189e-25	-2.000000e-02	-2.000000e-02	2.000000e-11	2.000000e-13	2.000000e-11	2.000000e-18
3.261132812500005e-08	1.000000e+00	1.793875e-18	1.000000e+00	1.368598e-23	1.000000e+00	-1.793875e-18	1.000000e+00	-1.368598e-23	2.000000e-02	-3.587749e-20	2.000000e-02	-2.737196e-25	2.000000e-02	-3.587749e-20	2.000000e-02	-2.737196e-25	3.587749e-20	2.737196e-25	-2.000000e-02	-2.000000e-02	2.000000e-11	2.000000e-13	2.000000e-11	2.000000e-18
3.266015625000005e-08	1.000000e+00	-5.979582e-19	1.000000e+00	-4.561993e-24	1.000000e+00	5.979582e-19	1.000000e+00	4.561993e-24	2.000000e-02	1.195916e-20	2.000000e-02	9.123986e-26	2.000000e-02	1.195916e-20	2.000000e-02	9.123986e-26	-1.195916e-20	-9.123986e-26	-2.000000e-02	-2.000000e-02	2.000000e-11	2.000000e-13	2.000000e-11	2.000000e-18
3.270898437500005e-08	1.000000e+00	-5.979582e-19	1.000000e+00	4.561993e-24	1.000000e+00	5.979582e-19	1.000000e+00	-4.561993e-24	2.000000e-02	1.195916e-20	2.000000e-02	-9.123986e-26	2.000000e-02	1.195916e-20	2.000000e-02	-9.123986e-26	-1.195916e-20	9.123986e-26	-2.000000e-02	-2.000000e-02	2.000000e-11	2.000000e-13	2.000000e-11	2.000000e-18
3.275781250000005e-08	1.000000e+00	-5.979582e-19	1.000000e+00	-4.561993e-24	1.000000e+00	5.979582e-19	1.000000e+00	4.561993e-24	2.000000e-02	1.195916e-20	2.000000e-02	9.123986e-26	2.000000e-02	1.195916e-20	2.000000e-02	9.123986e-26	-1.195916e-20	-9.123986e-26	-2.000000e-02	-2.000000e-02	2.000000e-11	2.000000e-13	2.000000e-11	2.000000e-18
3.280664062500005e-08	1.000000e+00	-5.979582e-19	1.000000e+00	4.561993e-24	1.000000e+00	5.979582e-19	1.000000e+00	-4.561993e-24	2.000000e-02	1.195916e-20	2.000000e-02	-9.123986e-26	2.000000e-02	1.195916e-20	2.000000e-02	-9.123986e-26	-1.195916e-20	9.123986e-26	-2.000000e-02	-2.000000e-02	2.000000e-11	2.000000e-13	2.000000e-11	2.000000e-18
3.285546875000005e-08	1.000000e+00	-5.979582e-19	1.000000e+00	-4.561993e-24	1.000000e+00	5.979582e-19	1.000000e+00	4.561993e-24	2.000000e-02	1.195916e-20	2.000000e-02	9.123986e-26	2.000000e-02	1.195916e-20	2.000000e-02	9.123986e-26	-1.195916e-20	-9.123986e-26	-2.000000e-02	-2.000000e-02	2.000000e-11	2.000000e-13	2.000000e-11	2.000000e-18
3.290429687500005e-08	1.000000e+00	-5.979582e-19	1.000000e+00	4.561993e-24	1.000000e+00	5.979582e-19	1.000000e+00	-4.561993e-24	2.000000e-02	1.195916e-20	2.000000e-02	-9.123986e-26	2.000000e-02	1.195916e-20	2.000000e-02	-9.123986e-26	-1.195916e-20	9.123986e-26	-2.000000e-02	-2.000000e-02	2.000000e-11	2.000000e-13	2.000000e-11	2.000000e-18
3.295312500000005e-08	1.000000e+00	-5.979582e-19	1.000000e+00	-4.561993e-24	1.000000e+00	5.979582e-19	1.000000e+00	4.561993e-24	2.000000e-02	1.195916e-20	2.000000e-02	9.123986e-26	2.000000e-02	1.195916e-20	2.000000e-02	9.123986e-26	-1.195916e-20	-9.123986e-26	-2.000000e-02	-2.000000e-02	2.000000e-11	2.000000e-13	2.000000e-11	2.000000e-18
3.300195312500005e-08	1.000000e+00	-5.979582e-19	1.000000e+00	4.561993e-24	1.000000e+00	5.979582e-19	1.000000e+00	-4.561993e-24	2.000000e-02	1.195916e-20	2.000000e-02	-9.123986e-26	2.000000e-02	1.195916e-20	2.000000e-02	-9.123986e-26	-1.195916e-20	9.123986e-26	-2.000000e-02	-2.000000e-02	2.000000e-11	2.000000e-13	2.000000e-11	2.000000e-18
3.305078125000006e-08	1.000000e+00	-5.979582e-19	1.000000e+00	-4.561993e-24	1.000000e+00	5.979582e-19	1.000000e+00	4.561993e-24	2.000000e-02	1.195916e-20	2.000000e-02	9.123986e-26	2.000000e-02	1.195916e-20	2.000000e-02	9.123986e-26	-1.195916e-20	-9.123986e-26	-2.000000e-02	-2.000000e-02	2.000000e-11	2.000000e-13	2.000000e-11	2.000000e-18
3.309960937500006e-08	1.000000e+00	-5.979582e-19	1.000000e+00	4.561993e-24	1.000000e+00	5.979582e-19	1.000000e+00	-4.561993e-24	2.000000e-02	1.195916e-20	2.000000e-02	-9.123986e-26	2.000000e-02	1.195916e-20	2.000000e-02	-9.123986e-26	-1.195916e-20	9.123986e-26	-2.000000e-02	-2.000000e-02	2.000000e-11	2.000000e-13	2.000000e-11	2.000000e-18
3.314843750000006e-08	1.000000e+00	-5.979582e-19	1.000000e+00	-4.561993e-24	1.000000e+00	5.979582e-19	1.000000e+00	4.561993e-24	2.000000e-02	1.195916e-20	2.000000e-02	9.123986e-26	2.000000e-02	1.195916e-20	2.000000e-02	9.123986e-26	-1.195916e-20	-9.123986e-26	-2.000000e-02	-2.000000e-02	2.000000e-11	2.000000e-13	2.000000e-11	2.000000e-18
3.319726562500006e-08	1.000000e+00	-5.979582e-19	1.000000e+00	4.561993e-24	1.000000e+00	5.979582e-19	1.000000e+00	-4.561993e-24	2.000000e-02	1.195916e-20	2.000000e-02	-9.123986e-26	2.000000e-02	1.195916e-20	2.000000e-02	-9.123986e-26	-1.195916e-20	9.123986e-26	-2.000000e-02	-2.000000e-02	2.000000e-11	2.000000e-13	2.000000e-11	2.000000e-18
3.324609375000006e-08	1.000000e+00	-5.979582e-19	1.000000e+00	-4.561993e-24	1.000000e+00	5.979582e-19	1.000000e+00	4.561993e-24	2.000000e-02	1.195916e-20	2.000000e-02	9.123986e-26	2.000000e-02	1.195916e-20	2.000000e-02	9.123986e-26	-1.195916e-20	-9.123986e-26	-2.000000e-02	-2.000000e-02	2.000000e-11	2.000000e-13	2.000000e-11	2.000000e-18
3.329492187500006e-08	1.000000e+00	-5.979582e-19	1.000000e+00	4.561993e-24	1.000000e+00	5.979582e-19	1.000000e+00	-4.561993e-24	2.000000e-02	1.195916e-20	2.000000e-02	-9.123986e-26	2.000000e-02	1.195916e-20	2.000000e-02	-9.123986e-26	-1.195916e-20	9.123986e-26	-2.000000e-02	-2.000000e-02	2.000000e-11	2.000000e-13	2.000000e-11	2.000000e-18
3.334375000000006e-08	1.000000e+00	-5.979582e-19	1.000000e+00	-4.561993e-24	1.000000e+00	5.979582e-19	1.000000e+00	4.561993e-24	2.000000e-02	1.195916e-20	2.000000e-02	9.123986e-26	2.000000e-02	1.195916e-20	2.000000e-02	9.123986e-26	-1.195916e-20	-9.123986e-26	-2.000000e-02	-2.000000e-02	2.000000e-11	2.000000e-13	2.000000e-11	2.000000e-18
3.339257812500006e-08	1.000000e+00	-5.979582e-19	1.000000e+00	4.561993e-24	1.000000e+00	5.979582e-19	1.000000e+00	-4.561993e-24	2.000000e-02	1.195916e-20	2.000000e-02	-9.123986e-26	2.000000e-02	1.195916e-20	2.000000e-02	-9.123986e-26	-1.195916e-20	9.123986e-26	-2.000000e-02	-2.000000e-02	2.000000e-11	2.000000e-13	2.000000e-11	2.000000e-18
3.344140625000007e-08	1.000000e+00	-5.979582e-19	1.000000e+00	-4.561993e-24	1.000000e+00	5.979582e-19	1.000000e+00	4.561993e-24	2.000000e-02	1.195916e-20	2.000000e-02	9.123986e-26	2.000000e-02	1.195916e-20	2.000000e-02	9.123986e-26	-1.195916e-20	-9.123986e-26	-2.000000e-02	-2.000000e-02	2.000000e-11	2.000000e-13	2.000000e-11	2.000000e-18
3.349023437500007e-08	1.000000e+00	-5.979582e-19	1.000000e+00	4.561993e-24	1.000000e+00	5.979582e-19	1.000000e+00	-4.561993e-24	2.000000e-02	1.195916e-20	2.000000e-02	-9.123986e-26	2.000000e-02	1.195916e-20	2.000000e-02	-9.123986e-26	-1.195916e-20	9.123986e-26	-2.000000e-02	-2.000000e-02	2.000000e-11	2.000000e-13	2.000000e-11	2.000000e-18
3.353906250000007e-08	1.000000e+00	-5.979582e-19	1.000000e+00	-4.561993e-24	1.000000e+00	5.979582e-19	1.000000e+00	4.561993e-24	2.000000e-02	1.195916e-20	2.000000e-02	9.123986e-26	2.000000e-02	1.195916e-20	2.000000e-02	9.123986e-26	-1.195916e-20	-9.123986e-26	-2.000000e-02	-2.000000e-02	2.000000e-11	2.000000e-13	2.000000e-11	2.000000e-18
3.358789062500007e-08	1.000000e+00	-5.979582e-19	1.000000e+00	4.561993e-24	1.000000e+00	5.979582e-19	1.000000e+00	-4.561993e-24	2.000000e-02	1.195916e-20	2.000000e-02	-9.123986e-26	2.000000e-02	1.195916e-20	2.000000e-02	-9.123986e-26	-1.195916e-20	9.123986e-26	-2.000000e-02	-2.000000e-02	2.000000e-11	2.000000e-13	2.000000e-11	2.000000e-18
3.363671875000007e-08	1.000000e+00	-5.979582e-19	1.000000e+00	-4.561993e-24	1.000000e+00	5.979582e-19	1.000000e+00	4.561993e-24	2.000000e-02	1.195916e-20	2.000000e-02	9.123986e-26	2.000000e-02	1.195916e-20	2.000000e-02	9.123986e-26	-1.195916e-20	-9.123986e-26	-2.000000e-02	-2.000000e-02	2.000000e-11	2.000000e-13	2.000000e-11	2.000000e-18
3.368554687500007e-08	1.000000e+00	-5.979582e-19	1.000000e+00	4.561993e-24	1.000000e+00	5.979582e-19	1.000000e+00	-4.561993e-24	2.000000e-02	1.195916e-20	2.000000e-02	-9.123986e-26	2.000000e-02	1.195916e-20	2.000000e-02	-9.123986e-26	-1.195916e-20	9.123986e-26	-2.000000e-02	-2.000000e-02	2.000000e-11	2.000000e-13	2.000000e-11	2.000000e-18
3.373437500000007e-08	1.000000e+00	-5.979582e-19	1.000000e+00	-4.561993e-24	1.000000e+00	5.979582e-19	1.000000e+00	4.561993e-24	2.000000e-02	1.195916e-20	2.000000e-02	9.123986e-26	2.000000e-02	1.195916e-20	2.000000e-02	9.123986e-26	-1.195916e-20	-9.123986e-26	-2.000000e-02	-2.000000e-02	2.000000e-11	2.000000e-13	2.000000e-11	2.000000e-18
3.378320312500007e-08	1.000000e+00	-5.979582e-19	1.000000e+00	4.561993e-24	1.000000e+00	5.979582e-19	1.000000e+00	-4.561993e-24	2.000000e-02	1.195916e-20	2.000000e-02	-9.123986e-26	2.000000e-02	1.195916e-20	2.000000e-02	-9.123986e-26	-1.195916e-20	9.123986e-26	-2.000000e-02	-2.000000e-02	2.000000e-11	2.000000e-13	2.000000e-11	2.000000e-18
3.383203125000008e-08	1.000000e+00	-5.979582e-19	1.000000e+00	-4.561993e-24	1.000000e+00	5.979582e-19	1.000000e+00	4.561993e-24	2.000000e-02	1.195916e-20	2.000000e-02	9.123986e-26	2.000000e-02	1.195916e-20	2.000000e-02	9.123986e-26	-1.195916e-20	-9.123986e-26	-2.000000e-02	-2.000000e-02	2.000000e-11	2.000000e-13	2.000000e-11	2.000000e-18
3.388085937500008e-08	1.000000e+00	-5.979582e-19	1.000000e+00	4.561993e-24	1.000000e+00	5.979582e-19	1.000000e+00	-4.561993e-24	2.000000e-02	1.195916e-20	2.000000e-02	-9.123986e-26	2.000000e-02	1.195916e-20	2.000000e-02	-9.123986e-26	-1.195916e-20	9.123986e-26	-2.000000e-02	-2.000000e-02	2.000000e-11	2.000000e-13	2.000000e-11	2.000000e-18
3.392968750000008e-08	1.000000e+00	-5.979582e-19	1.000000e+00	-4.561993e-24	1.000000e+00	5.979582e-19	1.000000e+00	4.561993e-24	2.000000e-02	1.195916e-20	2.000000e-02	9.123986e-26	2.000000e-02	1.195916e-20	2.000000e-02	9.123986e-26	-1.195916e-20	-9.123986e-26	-2.000000e-02	-2.000000e-02	2.000000e-11	2.000000e-13	2.000000e-11	2.000000e-18
3.397851562500008e-08	1.000000e+00	-5.979582e-19	1.000000e+00	4.561993e-24	1.000000e+00	5.979582e-19	1.000000e+00	-4.561993e-24	2.000000e-02	1.195916e-20	2.000000e-02	-9.123986e-26	2.000000e-02	1.195916e-20	2.000000e-02	-9.123986e-26	-1.195916e-20	9.123986e-26	-2.000000e-02	-2.000000e-02	2.000000e-11	2.000000e-13	2.000000e-11	2.000000e-18
3.402734375000008e-08	1.000000e+00	-5.979582e-19	1.000000e+00	-4.561993e-24	1.000000e+00	5.979582e-19	1.000000e+00	4.561993e-24	2.000000e-02	1.195916e-20	2.000000e-02	9.123986e-26	2.000000e-02	1.195916e-20	2.000000e-02	9.123986e-26	-1.195916e-20	-9.123986e-26	-2.000000e-02	-2.000000e-02	2.000000e-11	2.000000e-13	2.000000e-11	2.000000e-18
3.407617187500008e-08	1.000000e+00	-5.979582e-19	1.000000e+00	4.561993e-24	1.000000e+00	5.979582e-19	1.000000e+00	-4.561993e-24	2.000000e-02	1.195916e-20	2.000000e-02	-9.123986e-26	2.000000e-02	1.195916e-20	2.000000e-02	-9.123986e-26	-1.195916e-20	9.123986e-26	-2.000000e-02	-2.000000e-02	2.000000e-11	2.000000e-13	2.000000e-11	2.000000e-18
3.412500000000008e-08	1.000000e+00	-5.979582e-19	1.000000e+00	-4.561993e-24	1.000000e+00	5.979582e-19	1.000000e+00	4.561993e-24	2.000000e-02	1.195916e-20	2.000000e-02	9.123986e-26	2.000000e-02	1.195916e-20	2.000000e-02	9.123986e-26	-1.195916e-20	-9.123986e-26	-2.000000e-02	-2.000000e-02	2.000000e-11	2.000000e-13	2.000000e-11	2.000000e-18
3.417382812500008e-08	1.000000e+00	-5.979582e-19	1.000000e+00	4.561993e-24	1.000000e+00	5.979582e-19	1.000000e+00	-4.561993e-24	2.000000e-02	1.195916e-20	2.000000e-02	-9.123986e-26	2.000000e-02	1.195916e-20	2.000000e-02	-9.123986e-26	-1.195916e-20	9.123986e-26	-2.000000e-02	-2.000000e-02	2.000000e-11	2.000000e-13	2.000000e-11	2.000000e-18
3.422265625000008e-08	1.000000e+00	-5.979582e-19	1.000000e+00	-4.561993e-24	1.000000e+00	5.979582e-19	1.000000e+00	4.561993e-24	2.000000e-02	1.195916e-20	2.000000e-02	9.123986e-26	2.000000e-02	1.195916e-20	2.000000e-02	9.123986e-26	-1.195916e-20	-9.123986e-26	-2.000000e-02	-2.000000e-02	2.000000e-11	2.000000e-13	2.000000e-11	2.000000e-18
3.427148437500009e-08	1.000000e+00	-5.979582e-19	1.000000e+00	4.561993e-24	1.000000e+00	5.979582e-19	1.000000e+00	-4.561993e-24	2.000000e-02	1.195916e-20	2.000000e-02	-9.123986e-26	2.000000e-02	1.195916e-20	2.000000e-02	-9.123986e-26	-1.195916e-20	9.123986e-26	-2.000000e-02	-2.000000e-02	2.000000e-11	2.000000e-13	2.000000e-11	2.000000e-18
3.432031250000009e-08	1.000000e+00	-5.979582e-19	1.000000e+00	-4.561993e-24	1.000000e+00	5.979582e-19	1.000000e+00	4.561993e-24	2.000000e-02	1.195916e-20	2.000000e-02	9.123986e-26	2.000000e-02	1.195916e-20	2.000000e-02	9.123986e-26	-1.195916e-20	-9.123986e-26	-2.000000e-02	-2.000000e-02	2.000000e-11	2.000000e-13	2.000000e-11	2.000000e-18
3.436914062500009e-08	1.000000e+00	-5.979582e-19	1.000000e+00	4.561993e-24	1.000000e+00	5.979582e-19	1.000000e+00	-4.561993e-24	2.000000e-02	1.195916e-20	2.000000e-02	-9.123986e-26	2.000000e-02	1.195916e-20	2.000000e-02	-9.123986e-26	-1.195916e-20	9.123986e-26	-2.000000e-02	-2.000000e-02	2.000000e-11	2.000000e-13	2.000000e-11	2.000000e-18
3.441796875000009e-08	1.000000e+00	-5.979582e-19	1.000000e+00	-4.561993e-24	1.000000e+00	5.979582e-19	1.000000e+00	4.561993e-24	2.000000e-02	1.195916e-20	2.000000e-02	9.123986e-26	2.000000e-02	1.195916e-20	2.000000e-02	9.123986e-26	-1.195916e-20	-9.123986e-26	-2.000000e-02	-2.000000e-02	2.000000e-11	2.000000e-13	2.000000e-11	2.000000e-18
3.446679687500009e-08	1.000000e+00	-5.979582e-19	1.000000e+00	4.561993e-24	1.000000e+00	5.979582e-19	1.000000e+00	-4.561993e-24	2.000000e-02	1.195916e-20	2.000000e-02	-9.123986e-26	2.000000e-02	1.195916e-20	2.000000e-02	-9.123986e-26	-1.195916e-20	9.123986e-26	-2.000000e-02	-2.000000e-02	2.000000e-11	2.000000e-13	2.000000e-11	2.000000e-18
3.451562500000009e-08	1.000000e+00	-5.979582e-19	1.000000e+00	-4.561993e-24	1.000000e+00	5.979582e-19	1.000000e+00	4.561993e-24	2.000000e-02	1.195916e-20	2.000000e-02	9.123986e-26	2.000000e-02	1.195916e-20	2.000000e-02	9.123986e-26	-1.195916e-20	-9.123986e-26	-2.000000e-02	-2.000000e-02	2.000000e-11	2.000000e-13	2.000000e-11	2.000000e-18
3.456445312500009e-08	1.000000e+00	-5.979582e-19	1.000000e+00	4.561993e-24	1.000000e+00	5.979582e-19	1.000000e+00	-4.561993e-24	2.000000e-02	1.195916e-20	2.000000e-02	-9.123986e-26	2.000000e-02	1.195916e-20	2.000000e-02	-9.123986e-26	-1.195916e-20	9.123986e-26	-2.000000e-02	-2.000000e-02	2.000000e-11	2.000000e-13	2.000000e-11	2.000000e-18
3.461328125000009e-08	1.000000e+00	-5.979582e-19	1.000000e+00	-4.561993e-24	1.000000e+00	5.979582e-19	1.000000e+00	4.561993e-24	2.000000e-02	1.195916e-20	2.000000e-02	9.123986e-26	2.000000e-02	1.195916e-20	2.000000e-02	9.123986e-26	-1.195916e-20	-9.123986e-26	-2.000000e-02	-2.000000e-02	2.000000e-11	2.000000e-13	2.000000e-11	2.000000e-18
3.466210937500010e-08	1.000000e+00	-5.979582e-19	1.000000e+00	4.561993e-24	1.000000e+00	5.979582e-19	1.000000e+00	-4.561993e-24	2.000000e-02	1.195916e-20	2.000000e-02	-9.123986e-26	2.000000e-02	1.195916e-20	2.000000e-02	-9.123986e-26	-1.195916e-20	9.123986e-26	-2.000000e-02	-2.000000e-02	2.000000e-11	2.000000e-13	2.000000e-11	2.000000e-18
3.471093750000010e-08	1.000000e+00	-5.979582e-19	1.000000e+00	-4.561993e-24	1.000000e+00	5.979582e-19	1.000000e+00	4.561993e-24	2.000000e-02	1.195916e-20	2.000000e-02	9.123986e-26	2.000000e-02	1.195916e-20	2.000000e-02	9.123986e-26	-1.195916e-20	-9.123986e-26	-2.000000e-02	-2.000000e-02	2.000000e-11	2.000000e-13	2.000000e-11	2.000000e-18
3.475976562500010e-08	1.000000e+00	-5.979582e-19	1.000000e+00	4.561993e-24	1.000000e+00	5.979582e-19	1.000000e+00	-4.561993e-24	2.000000e-02	1.195916e-20	2.000000e-02	-9.123986e-26	2.000000e-02	1.195916e-20	2.000000e-02	-9.123986e-26	-1.195916e-20	9.123986e-26	-2.000000e-02	-2.000000e-02	2.000000e-11	2.000000e-13	2.000000e-11	2.000000e-18
3.480859375000010e-08	1.000000e+00	-5.979582e-19	1.000000e+00	-4.561993e-24	1.000000e+00	5.979582e-19	1.000000e+00	4.561993e-24	2.000000e-02	1.195916e-20	2.000000e-02	9.123986e-26	2.000000e-02	1.195916e-20	2.000000e-02	9.123986e-26	-1.195916e-20	-9.123986e-26	-2.000000e-02	-2.000000e-02	2.000000e-11	2.000000e-13	2.000000e-11	2.000000e-18
3.485742187500010e-08	1.000000e+00	-5.979582e-19	1.000000e+00	4.561993e-24	1.000000e+00	5.979582e-19	1.000000e+00	-4.561993e-24	2.000000e-02	1.195916e-20	2.000000e-02	-9.123986e-26	2.000000e-02	1.195916e-20	2.000000e-02	-9.123986e-26	-1.195916e-20	9.123986e-26	-2.000000e-02	-2.000000e-02	2.000000e-11	2.000000e-13	2.000000e-11	2.000000e-18
3.490625000000010e-08	1.000000e+00	-5.979582e-19	1.000000e+00	-4.561993e-24	1.000000e+00	5.979582e-19	1.000000e+00	4.561993e-24	2.000000e-02	1.195916e-20	2.000000e-02	9.123986e-26	2.000000e-02	1.195916e-20	2.000000e-02	9.123986e-26	-1.195916e-20	-9.123986e-26	-2.000000e-02	-2.000000e-02	2.000000e-11	2.000000e-13	2.000000e-11	2.000000e-18
3.495507812500010e-08	1.000000e+00	-5.979582e-19	1.000000e+00	4.561993e-24	1.000000e+00	5.979582e-19	1.000000e+00	-4.561993e-24	2.000000e-02	1.195916e-20	2.000000e-02	-9.123986e-26	2.000000e-02	1.195916e-20	2.000000e-02	-9.123986e-26	-1.195916e-20	9.123986e-26	-2.000000e-02	-2.000000e-02	2.000000e-11	2.000000e-13	2.000000e-11	2.000000e-18
3.500390625000010e-08	1.000000e+00	-5.979582e-19	1.000000e+00	-4.561993e-24	1.000000e+00	5.979582e-19	1.000000e+00	4.561993e-24	2.000000e-02	1.195916e-20	2.000000e-02	9.123986e-26	2.000000e-02	1.195916e-20	2.000000e-02	9.123986e-26	-1.195916e-20	-9.123986e-26	-2.000000e-02	-2.000000e-02	2.000000e-11	2.000000e-13	2.000000e-11	2.000000e-18
3.505273437500010e-08	1.000000e+00	-5.979582e-19	1.000000e+00	4.561993e-24	1.000000e+00	5.979582e-19	1.000000e+00	-4.561993e-24	2.000000e-02	1.195916e-20	2.000000e-02	-9.123986e-26	2.000000e-02	1.195916e-20	2.000000e-02	-9.123986e-26	-1.195916e-20	9.123986e-26	-2.000000e-02	-2.000000e-02	2.000000e-11	2.000000e-13	2.000000e-11	2.000000e-18
3.510156250000011e-08	1.000000e+00	-5.979582e-19	1.000000e+00	-4.561993e-24	1.000000e+00	5.979582e-19	1.000000e+00	4.561993e-24	2.000000e-02	1.195916e-20	2.000000e-02	9.123986e-26	2.000000e-02	1.195916e-20	2.000000e-02	9.123986e-26	-1.195916e-20	-9.123986e-26	-2.000000e-02	-2.000000e-02	2.000000e-11	2.000000e-13	2.000000e-11	2.000000e-18
3.515039062500011e-08	1.000000e+00	-5.979582e-19	1.000000e+00	4.561993e-24	1.000000e+00	5.979582e-19	1.000000e+00	-4.561993e-24	2.000000e-02	1.195916e-20	2.000000e-02	-9.123986e-26	2.000000e-02	1.195916e-20	2.000000e-02	-9.123986e-26	-1.195916e-20	9.123986e-26	-2.000000e-02	-2.000000e-02	2.000000e-11	2.000000e-13	2.000000e-11	2.000000e-18
3.519921875000011e-08	1.000000e+00	-5.979582e-19	1.000000e+00	-4.561993e-24	1.000000e+00	5.979582e-19	1.000000e+00	4.561993e-24	2.000000e-02	1.195916e-20	2.000000e-02	9.123986e-26	2.000000e-02	1.195916e-20	2.000000e-02	9.123986e-26	-1.195916e-20	-9.123986e-26	-2.000000e-02	-2.000000e-02	2.000000e-11	2.000000e-13	2.000000e-11	2.000000e-18
3.524804687500011e-08	1.000000e+00	-5.979582e-19	1.000000e+00	4.561993e-24	1.000000e+00	5.979582e-19	1.000000e+00	-4.561993e-24	2.000000e-02	1.195916e-20	2.000000e-02	-9.123986e-26	2.000000e-02	1.195916e-20	2.000000e-02	-9.123986e-26	-1.195916e-20	9.123986e-26	-2.000000e-02	-2.000000e-02	2.000000e-11	2.000000e-13	2.000000e-11	2.000000e-18
3.529687500000011e-08	1.000000e+00	-5.979582e-19	1.000000e+00	-4.561993e-24	1.000000e+00	5.979582e-19	1.000000e+00	4.561993e-24	2.000000e-02	1.195916e-20	2.000000e-02	9.123986e-26	2.000000e-02	1.195916e-20	2.000000e-02	9.123986e-26	-1.195916e-20	-9.123986e-26	-2.000000e-02	-2.000000e-02	2.000000e-11	2.000000e-13	2.000000e-11	2.000000e-18
3.534570312500011e-08	1.000000e+00	-5.979582e-19	1.000000e+00	4.561993e-24	1.000000e+00	5.979582e-19	1.000000e+00	-4.561993e-24	2.000000e-02	1.195916e-20	2.000000e-02	-9.123986e-26	2.000000e-02	1.195916e-20	2.000000e-02	-9.123986e-26	-1.195916e-20	9.123986e-26	-2.000000e-02	-2.000000e-02	2.000000e-11	2.000000e-13	2.000000e-11	2.000000e-18
3.539453125000011e-08	1.000000e+00	-5.979582e-19	1.000000e+00	-4.561993e-24	1.000000e+00	5.979582e-19	1.000000e+00	4.561993e-24	2.000000e-02	1.195916e-20	2.000000e-02	9.123986e-26	2.000000e-02	1.195916e-20	2.000000e-02	9.123986e-26	-1.195916e-20	-9.123986e-26	-2.000000e-02	-2.000000e-02	2.000000e-11	2.000000e-13	2.000000e-11	2.000000e-18
3.544335937500011e-08	1.000000e+00	-5.979582e-19	1.000000e+00	4.561993e-24	1.000000e+00	5.979582e-19	1.000000e+00	-4.561993e-24	2.000000e-02	1.195916e-20	2.000000e-02	-9.123986e-26	2.000000e-02	1.195916e-20	2.000000e-02	-9.123986e-26	-1.195916e-20	9.123986e-26	-2.000000e-02	-2.000000e-02	2.000000e-11	2.000000e-13	2.000000e-11	2.000000e-18
3.549218750000012e-08	1.000000e+00	-5.979582e-19	1.000000e+00	-4.561993e-24	1.000000e+00	5.979582e-19	1.000000e+00	4.561993e-24	2.000000e-02	1.195916e-20	2.000000e-02	9.123986e-26	2.000000e-02	1.195916e-20	2.000000e-02	9.123986e-26	-1.195916e-20	-9.123986e-26	-2.000000e-02	-2.000000e-02	2.000000e-11	2.000000e-13	2.000000e-11	2.000000e-18
3.554101562500012e-08	1.000000e+00	-5.979582e-19	1.000000e+00	4.561993e-24	1.000000e+00	5.979582e-19	1.000000e+00	-4.561993e-24	2.000000e-02	1.195916e-20	2.000000e-02	-9.123986e-26	2.000000e-02	1.195916e-20	2.000000e-02	-9.123986e-26	-1.195916e-20	9.123986e-26	-2.000000e-02	-2.000000e-02	2.000000e-11	2.000000e-13	2.000000e-11	2.000000e-18
3.558984375000012e-08	1.000000e+00	-5.979582e-19	1.000000e+00	-4.561993e-24	1.000000e+00	5.979582e-19	1.000000e+00	4.561993e-24	2.000000e-02	1.195916e-20	2.000000e-02	9.123986e-26	2.000000e-02	1.195916e-20	2.000000e-02	9.123986e-26	-1.195916e-20	-9.123986e-26	-2.000000e-02	-2.000000e-02	2.000000e-11	2.000000e-13	2.000000e-11	2.000000e-18
3.563867187500012e-08	1.000000e+00	-5.979582e-19	1.000000e+00	4.561993e-24	1.000000e+00	5.979582e-19	1.000000e+00	-4.561993e-24	2.000000e-02	1.195916e-20	2.000000e-02	-9.123986e-26	2.000000e-02	1.195916e-20	2.000000e-02	-9.123986e-26	-1.195916e-20	9.123986e-26	-2.000000e-02	-2.000000e-02	2.000000e-11	2.000000e-13	2.000000e-11	2.000000e-18
3.568750000000012e-08	1.000000e+00	-5.979582e-19	1.000000e+00	-4.561993e-24	1.000000e+00	5.979582e-19	1.000000e+00	4.561993e-24	2.000000e-02	1.195916e-20	2.000000e-02	9.123986e-26	2.000000e-02	1.195916e-20	2.000000e-02	9.123986e-26	-1.195916e-20	-9.123986e-26	-2.000000e-02	-2.000000e-02	2.000000e-11	2.000000e-13	2.000000e-11	2.000000e-18
3.573632812500012e-08	1.000000e+00	-5.979582e-19	1.000000e+00	4.561993e-24	1.000000e+00	5.979582e-19	1.000000e+00	-4.561993e-24	2.000000e-02	1.195916e-20	2.000000e-02	-9.123986e-26	2.000000e-02	1.195916e-20	2.000000e-02	-9.123986e-26	-1.195916e-20	9.123986e-26	-2.000000e-02	-2.000000e-02	2.000000e-11	2.000000e-13	2.000000e-11	2.000000e-18
3.578515625000012e-08	1.000000e+00	-5.979582e-19	1.000000e+00	-4.561993e-24	1.000000e+00	5.979582e-19	1.000000e+00	4.561993e-24	2.000000e-02	1.195916e-20	2.000000e-02	9.123986e-26	2.000000e-02	1.195916e-20	2.000000e-02	9.123986e-26	-1.195916e-20	-9.123986e-26	-2.000000e-02	-2.000000e-02	2.000000e-11	2.000000e-13	2.000000e-11	2.000000e-18
3.583398437500012e-08	1.000000e+00	-5.979582e-19	1.000000e+00	4.561993e-24	1.000000e+00	5.979582e-19	1.000000e+00	-4.561993e-24	2.000000e-02	1.195916e-20	2.000000e-02	-9.123986e-26	2.000000e-02	1.195916e-20	2.000000e-02	-9.123986e-26	-1.195916e-20	9.123986e-26	-2.000000e-02	-2.000000e-02	2.000000e-11	2.000000e-13	2.000000e-11	2.000000e-18
3.588281250000012e-08	1.000000e+00	-5.979582e-19	1.000000e+00	-4.561993e-24	1.000000e+00	5.979582e-19	1.000000e+00	4.561993e-24	2.000000e-02	1.195916e-20	2.000000e-02	9.123986e-26	2.000000e-02	1.195916e-20	2.000000e-02	9.123986e-26	-1.195916e-20	-9.123986e-26	-2.000000e-02	-2.000000e-02	2.000000e-11	2.000000e-13	2.000000e-11	2.000000e-18
3.593164062500013e-08	1.000000e+00	-5.979582e-19	1.000000e+00	4.561993e-24	1.000000e+00	5.979582e-19	1.000000e+00	-4.561993e-24	2.000000e-02	1.195916e-20	2.000000e-02	-9.123986e-26	2.000000e-02	1.195916e-20	2.000000e-02	-9.123986e-26	-1.195916e-20	9.123986e-26	-2.000000e-02	-2.000000e-02	2.000000e-11	2.000000e-13	2.000000e-11	2.000000e-18
3.598046875000013e-08	1.000000e+00	-5.979582e-19	1.000000e+00	-4.561993e-24	1.000000e+00	5.979582e-19	1.000000e+00	4.561993e-24	2.000000e-02	1.195916e-20	2.000000e-02	9.123986e-26	2.000000e-02	1.195916e-20	2.000000e-02	9.123986e-26	-1.195916e-20	-9.123986e-26	-2.000000e-02	-2.000000e-02	2.000000e-11	2.000000e-13	2.000000e-11	2.000000e-18
3.600000000000000e-08	1.000000e+00	0.000000e+00	1.000000e+00	0.000000e+00	1.000000e+00	0.000000e+00	1.000000e+00	0.000000e+00	2.000000e-02	0.000000e+00	2.000000e-02	0.000000e+00	2.000000e-02	0.000000e+00	2.000000e-02	0.000000e+00	0.000000e+00	0.000000e+00	-2.000000e-02	-2.000000e-02	2.000000e-11	2.000000e-13	2.000000e-11	2.000000e-18
3.604882812500001e-08	9.511719e-01	-7.412253e-05	9.511719e-01	-7.412146e-10	9.726750e-01	7.412253e-05	9.726754e-01	7.412146e-10	1.945350e-02	1.482451e-06	1.945351e-02	1.482429e-11	1.945350e-02	1.482451e-06	1.945351e-02	1.482429e-11	-1.482451e-06	-1.482429e-11	-1.945350e-02	-1.945351e-02	1.947502e-11	1.963807e-13	1.947501e-11	1.963808e-18
3.609765625000001e-08	9.023438e-01	-1.145942e-04	9.023438e-01	-1.145952e-09	9.222305e-01	1.145942e-04	9.222307e-01	1.145952e-09	1.844461e-02	2.291884e-06	1.844461e-02	2.291904e-11	1.844461e-02	2.291884e-06	1.844461e-02	2.291904e-11	-2.291884e-06	-2.291904e-11	-1.844461e-02	-1.844461e-02	1.846452e-11	1.871661e-13	1.846450e-11	1.871661e-18
3.614648437500001e-08	8.535156e-01	-9.411088e-05	8.535156e-01	-9.411135e-10	8.735242e-01	9.411088e-05	8.735241e-01	9.411135e-10	1.747048e-02	1.882218e-06	1.747048e-02	1.882227e-11	1.747048e-02	1.882218e-06	1.747048e-02	1.882227e-11	-1.882218e-06	-1.882227e-11	-1.747048e-02	-1.747048e-02	1.749051e-11	1.769754e-13	1.749049e-11	1.769754e-18
3.619531250000001e-08	8.046875e-01	-1.022582e-04	8.046875e-01	-1.022576e-09	8.246868e-01	1.022582e-04	8.246869e-01	1.022576e-09	1.649374e-02	2.045165e-06	1.649374e-02	2.045152e-11	1.649374e-02	2.045165e-06	1.649374e-02	2.045152e-11	-2.045165e-06	-2.045152e-11	-1.649374e-02	-1.649374e-02	1.651376e-11	1.673870e-13	1.651374e-11	1.673870e-18
3.624414062500001e-08	7.558594e-01	-9.914240e-05	7.558594e-01	-9.914284e-10	7.758594e-01	9.914240e-05	7.758594e-01	9.914284e-10	1.551719e-02	1.982848e-06	1.551719e-02	1.982857e-11	1.551719e-02	1.982848e-06	1.551719e-02	1.982857e-11	-1.982848e-06	-1.982857e-11	-1.551719e-02	-1.551719e-02	1.553721e-11	1.575530e-13	1.553719e-11	1.575530e-18
3.629296875000001e-08	7.070312e-01	-1.003251e-04	7.070312e-01	-1.003248e-09	7.270312e-01	1.003251e-04	7.270312e-01	1.003248e-09	1.454062e-02	2.006501e-06	1.454062e-02	2.006497e-11	1.454062e-02	2.006501e-06	1.454062e-02	2.006497e-11	-2.006501e-06	-2.006497e-11	-1.454062e-02	-1.454062e-02	1.456065e-11	1.478134e-13	1.456063e-11	1.478134e-18
3.634179687500001e-08	6.582031e-01	-9.987683e-05	6.582031e-01	-9.987695e-10	6.782031e-01	9.987683e-05	6.782031e-01	9.987695e-10	1.356406e-02	1.997537e-06	1.356406e-02	1.997539e-11	1.356406e-02	1.997537e-06	1.356406e-02	1.997539e-11	-1.997537e-06	-1.997539e-11	-1.356406e-02	-1.356406e-02	1.358408e-11	1.380379e-13	1.358406e-11	1.380379e-18
3.639062500000001e-08	6.093750e-01	-1.000467e-04	6.093750e-01	-1.000466e-09	6.293750e-01	1.000467e-04	6.293750e-01	1.000466e-09	1.258750e-02	2.000933e-06	1.258750e-02	2.000932e-11	1.258750e-02	2.000933e-06	1.258750e-02	2.000932e-11	-2.000933e-06	-2.000932e-11	-1.258750e-02	-1.258750e-02	1.260752e-11	1.282760e-13	1.260750e-11	1.282760e-18
3.643945312500002e-08	5.605469e-01	-9.998232e-05	5.605469e-01	-9.998234e-10	5.805469e-01	9.998232e-05	5.805469e-01	9.998234e-10	1.161094e-02	1.999646e-06	1.161094e-02	1.999647e-11	1.161094e-02	1.999646e-06	1.161094e-02	1.999647e-11	-1.999646e-06	-1.999647e-11	-1.161094e-02	-1.161094e-02	1.163096e-11	1.185090e-13	1.163094e-11	1.185090e-18
3.648828125000002e-08	5.117188e-01	-1.000067e-04	5.117188e-01	-1.000067e-09	5.317187e-01	1.000067e-04	5.317187e-01	1.000067e-09	1.063437e-02	2.000134e-06	1.063437e-02	2.000134e-11	1.063437e-02	2.000134e-06	1.063437e-02	2.000134e-11	-2.000134e-06	-2.000134e-11	-1.063437e-02	-1.063437e-02	1.065440e-11	1.087439e-13	1.065437e-11	1.087439e-18
3.653710937500002e-08	4.628906e-01	-9.999747e-05	4.628906e-01	-9.999747e-10	4.828906e-01	9.999747e-05	4.828906e-01	9.999747e-10	9.657812e-03	1.999949e-06	9.657812e-03	1.999949e-11	9.657812e-03	1.999949e-06	9.657812e-03	1.999949e-11	-1.999949e-06	-1.999949e-11	-9.657812e-03	-9.657812e-03	9.677835e-12	9.897807e-14	9.677812e-12	9.897806e-19
3.658593750000002e-08	4.140625e-01	-1.000010e-04	4.140625e-01	-1.000010e-09	4.340625e-01	1.000010e-04	4.340625e-01	1.000010e-09	8.681250e-03	2.000019e-06	8.681250e-03	2.000019e-11	8.681250e-03	2.000019e-06	8.681250e-03	2.000019e-11	-2.000019e-06	-2.000019e-11	-8.681250e-03	-8.681250e-03	8.701272e-12	8.921252e-14	8.701250e-12	8.921253e-19
3.663476562500002e-08	3.652344e-01	-9.999963e-05	3.652344e-01	-9.999964e-10	3.852344e-01	9.999963e-05	3.852344e-01	9.999964e-10	7.704687e-03	1.999993e-06	7.704687e-03	1.999993e-11	7.704687e-03	1.999993e-06	7.704687e-03	1.999993e-11	-1.999993e-06	-1.999993e-11	-7.704687e-03	-7.704687e-03	7.724710e-12	7.944687e-14	7.724687e-12	7.944687e-19
3.668359375000002e-08	3.164062e-01	-1.000001e-04	3.164062e-01	-1.000001e-09	3.364063e-01	1.000001e-04	3.364063e-01	1.000001e-09	6.728125e-03	2.000003e-06	6.728125e-03	2.000003e-11	6.728125e-03	2.000003e-06	6.728125e-03	2.000003e-11	-2.000003e-06	-2.000003e-11	-6.728125e-03	-6.728125e-03	6.748147e-12	6.968125e-14	6.748125e-12	6.968126e-19
3.673242187500002e-08	2.675781e-01	-9.999995e-05	2.675781e-01	-9.999995e-10	2.875781e-01	9.999995e-05	2.875781e-01	9.999995e-10	5.751562e-03	1.999999e-06	5.751562e-03	1.999999e-11	5.751562e-03	1.999999e-06	5.751562e-03	1.999999e-11	-1.999999e-06	-1.999999e-11	-5.751562e-03	-5.751562e-03	5.771585e-12	5.991562e-14	5.771562e-12	5.991562e-19
3.678125000000002e-08	2.187500e-01	-1.000000e-04	2.187500e-01	-1.000000e-09	2.387500e-01	1.000000e-04	2.387500e-01	1.000000e-09	4.775000e-03	2.000000e-06	4.775000e-03	2.000000e-11	4.775000e-03	2.000000e-06	4.775000e-03	2.000000e-11	-2.000000e-06	-2.000000e-11	-4.775000e-03	-4.775000e-03	4.795022e-12	5.015000e-14	4.795000e-12	5.015000e-19
3.683007812500002e-08	1.699219e-01	-9.999999e-05	1.699219e-01	-1.000000e-09	1.899219e-01	9.999999e-05	1.899219e-01	1.000000e-09	3.798438e-03	2.000000e-06	3.798438e-03	2.000000e-11	3.798438e-03	2.000000e-06	3.798438e-03	2.000000e-11	-2.000000e-06	-2.000000e-11	-3.798438e-03	-3.798438e-03	3.818459e-12	4.038438e-14	3.818437e-12	4.038437e-19
3.687890625000003e-08	1.210938e-01	-1.000000e-04	1.210938e-01	-1.000000e-09	1.410937e-01	1.000000e-04	1.410937e-01	1.000000e-09	2.821875e-03	2.000000e-06	2.821875e-03	2.000000e-11	2.821875e-03	2.000000e-06	2.821875e-03	2.000000e-11	-2.000000e-06	-2.000000e-11	-2.821875e-03	-2.821875e-03	2.841897e-12	3.061875e-14	2.841875e-12	3.061875e-19
3.692773437500003e-08	7.226562e-02	-1.000000e-04	7.226562e-02	-1.000000e-09	9.226563e-02	1.000000e-04	9.226563e-02	1.000000e-09	1.845313e-03	2.000000e-06	1.845313e-03	2.000000e-11	1.845313e-03	2.000000e-06	1.845313e-03	2.000000e-11	-2.000000e-06	-2.000000e-11	-1.845313e-03	-1.845313e-03	1.865334e-12	2.085312e-14	1.865313e-12	2.085313e-19
3.697656250000003e-08	2.343750e-02	-1.000000e-04	2.343750e-02	-1.000000e-09	4.343750e-02	1.000000e-04	4.343750e-02	1.000000e-09	8.687500e-04	2.000000e-06	8.687500e-04	2.000000e-11	8.687500e-04	2.000000e-06	8.687500e-04	2.000000e-11	-2.000000e-06	-2.000000e-11	-8.687500e-04	-8.687500e-04	8.887720e-13	1.108750e-14	8.887500e-13	1.108750e-19
3.700000000000001e-08	0.000000e+00	-1.000000e-04	0.000000e+00	-1.000000e-09	2.000000e-02	1.000000e-04	2.000000e-02	1.000000e-09	4.000000e-04	2.000000e-06	4.000000e-04	2.000000e-11	4.000000e-04	2.000000e-06	4.000000e-04	2.000000e-11	-2.000000e-06	-2.000000e-11	-4.000000e-04	-4.000000e-04	4.200220e-13	6.400000e-15	4.200000e-13	6.400000e-20
3.701976548740077e-08	0.000000e+00	-6.971015e-05	0.000000e+00	-6.971123e-10	7.199872e-03	6.971015e-05	7.199656e-03	6.971123e-10	1.439974e-04	1.394203e-06	1.439931e-04	1.394225e-11	1.439974e-04	1.394203e-06	1.439931e-04	1.394225e-11	-1.394203e-06	-1.394225e-11	-1.439974e-04	-1.439931e-04	1.512126e-13	3.045596e-15	1.511928e-13	3.045575e-20
3.703228979741926e-08	0.000000e+00	-3.925074e-05	0.000000e+00	-3.925193e-10	3.892476e-03	3.925074e-05	3.892114e-03	3.925193e-10	7.784952e-05	7.850148e-07	7.784228e-05	7.850386e-12	7.784952e-05	7.850148e-07	7.784228e-05	7.850386e-12	-7.850148e-07	-7.850386e-12	-7.784952e-05	-7.784228e-05	8.175064e-14	1.680936e-15	8.173439e-14	1.680886e-20
3.703915876973810e-08	0.000000e+00	-2.853150e-05	0.000000e+00	-2.853209e-10	2.798328e-03	2.853150e-05	2.797971e-03	2.853209e-10	5.596656e-05	5.706301e-07	5.595942e-05	5.706418e-12	5.596656e-05	5.706301e-07	5.595942e-05	5.706418e-12	-5.706301e-07	-5.706418e-12	-5.596656e-05	-5.595942e-05	5.877116e-14	1.215342e-15	5.875739e-14	1.215280e-20
3.704822861157312e-08	0.000000e+00	-1.859128e-05	0.000000e+00	-1.859124e-10	1.804465e-03	1.859128e-05	1.804149e-03	1.859124e-10	3.608931e-05	3.718255e-07	3.608299e-05	3.718248e-12	3.608931e-05	3.718255e-07	3.608299e-05	3.718248e-12	-3.718255e-07	-3.718248e-12	-3.608931e-05	-3.608299e-05	3.789786e-14	7.879458e-16	3.788714e-14	7.878787e-21
3.705783198126880e-08	0.000000e+00	-1.175499e-05	0.000000e+00	-1.175458e-10	1.132903e-03	1.175499e-05	1.132646e-03	1.175458e-10	2.265806e-05	2.350998e-07	2.265292e-05	2.350917e-12	2.265806e-05	2.350998e-07	2.265292e-05	2.350917e-12	-2.350998e-07	-2.350917e-12	-2.265806e-05	-2.265292e-05	2.379355e-14	4.965194e-16	2.378557e-14	4.964565e-21
3.706748672158272e-08	0.000000e+00	-7.393696e-06	0.000000e+00	-7.393147e-11	7.094403e-04	7.393696e-06	7.092425e-04	7.393147e-11	1.418881e-05	1.478739e-07	1.418485e-05	1.478630e-12	1.418881e-05	1.478739e-07	1.418485e-05	1.478630e-12	-1.478739e-07	-1.478630e-12	-1.418881e-05	-1.418485e-05	1.489987e-14	3.116438e-16	1.489409e-14	3.115902e-21
3.707766615871202e-08	0.000000e+00	-4.522177e-06	0.000000e+00	-4.521630e-11	4.326619e-04	4.522177e-06	4.325170e-04	4.521630e-11	8.653237e-06	9.044354e-08	8.650341e-06	9.043260e-13	8.653237e-06	9.044354e-08	8.650341e-06	9.043260e-13	-9.044354e-08	-9.043260e-13	-8.653237e-06	-8.650341e-06	9.086894e-15	1.903469e-16	9.082857e-15	1.903044e-21
3.708745971743542e-08	0.000000e+00	-2.816841e-06	0.000000e+00	-2.816365e-11	2.690537e-04	2.816841e-06	2.689492e-04	2.816365e-11	5.381075e-06	5.633682e-08	5.378983e-06	5.632730e-13	5.381075e-06	5.633682e-08	5.378983e-06	5.632730e-13	-5.633682e-08	-5.632730e-13	-5.381075e-06	-5.378983e-06	5.650748e-15	1.184718e-16	5.647932e-15	1.184393e-21
3.709792615441588e-08	0.000000e+00	-1.694948e-06	0.000000e+00	-1.694570e-11	1.617170e-04	1.694948e-06	1.616448e-04	1.694570e-11	3.234341e-06	3.389896e-08	3.232895e-06	3.389140e-13	3.234341e-06	3.389896e-08	3.232895e-06	3.389140e-13	-3.389896e-08	-3.389140e-13	-3.234341e-06	-3.232895e-06	3.396430e-15	7.124943e-17	3.394540e-15	7.122594e-22
3.711061105279591e-08	0.000000e+00	-9.094018e-07	0.000000e+00	-9.091356e-12	8.669846e-05	9.094018e-07	8.665341e-05	9.091356e-12	1.733969e-06	1.818804e-08	1.733068e-06	1.818271e-13	1.733969e-06	1.818804e-08	1.733068e-06	1.818271e-13	-1.818804e-08	-1.818271e-13	-1.733969e-06	-1.733068e-06	1.820868e-15	3.821352e-17	1.819722e-15	3.819820e-22
3.712567084672767e-08	0.000000e+00	-4.296094e-07	0.000000e+00	-4.294458e-12	4.093750e-05	4.296094e-07	4.091253e-05	4.294458e-12	8.187501e-07	8.592189e-09	8.182507e-07	8.588915e-14	8.187501e-07	8.592189e-09	8.182507e-07	8.588915e-14	-8.592189e-09	-8.588915e-14	-8.187501e-07	-8.182507e-07	8.597821e-16	1.804828e-17	8.591632e-16	1.803944e-22
3.714426276304664e-08	0.000000e+00	-1.660292e-07	0.000000e+00	-1.659461e-12	1.581704e-05	1.660292e-07	1.580547e-05	1.659461e-12	3.163407e-07	3.320584e-09	3.161095e-07	3.318922e-14	3.163407e-07	3.320584e-09	3.161095e-07	3.318922e-14	-3.320584e-09	-3.318922e-14	-3.163407e-07	-3.161095e-07	3.321943e-16	6.974219e-18	3.319150e-16	6.969963e-23
3.716733695820335e-08	0.000000e+00	-4.829890e-08	0.000000e+00	-4.826639e-13	4.600932e-06	4.829890e-08	4.596773e-06	4.826639e-13	9.201863e-08	9.659780e-10	9.193547e-08	9.653279e-15	9.201863e-08	9.659780e-10	9.193547e-08	9.653279e-15	-9.659780e-10	-9.653279e-15	-9.201863e-08	-9.193547e-08	9.663019e-17	2.028772e-18	9.653224e-17	2.027183e-23
3.719825764114786e-08	0.000000e+00	-7.340875e-09	0.000000e+00	-7.333342e-14	6.992968e-07	7.340875e-09	6.984179e-07	7.333342e-14	1.398594e-08	1.468175e-10	1.396836e-08	1.466668e-15	1.398594e-08	1.468175e-10	1.396836e-08	1.466668e-15	-1.468175e-10	-1.466668e-15	-1.398594e-08	-1.396836e-08	1.468685e-17	3.083516e-19	1.466678e-17	3.080013e-24
3.724188165722572e-08	0.000000e+00	1.388154e-10	0.000000e+00	1.390760e-15	-1.322501e-08	-1.388154e-10	-1.324677e-08	-1.390760e-15	-2.645001e-10	-2.776309e-12	-2.649355e-10	-2.781521e-17	-2.645001e-10	-2.776309e-12	-2.649355e-10	-2.781521e-17	2.776309e-12	2.781521e-17	2.645001e-10	2.649355e-10	-2.777557e-19	-5.831191e-21	-2.781822e-19	-5.841495e-26
3.729070978222572e-08	0.000000e+00	-1.042347e-11	0.000000e+00	-1.045064e-16	9.934845e-10	1.042347e-11	9.958437e-10	1.045064e-16	1.986969e-11	2.084693e-13	1.991688e-11	2.090128e-18	1.986969e-11	2.084693e-13	1.991688e-11	2.090128e-18	-2.084693e-13	-2.090128e-18	-1.986969e-11	-1.991688e-11	2.086547e-20	4.379480e-22	2.091272e-20	4.390413e-27
3.733953790722573e-08	0.000000e+00	7.812935e-13	0.000000e+00	7.839051e-18	-7.463224e-11	-7.812935e-13	-7.486388e-11	-7.839051e-18	-1.492645e-12	-1.562587e-14	-1.497278e-12	-1.567810e-19	-1.492645e-12	-1.562587e-14	-1.497278e-12	-1.567810e-19	1.562587e-14	1.567810e-19	1.492645e-12	1.497278e-12	-1.567449e-21	-3.286123e-23	-1.572141e-21	-3.296733e-28
3.738836603222573e-08	0.000000e+00	-5.803488e-14	0.000000e+00	-5.827364e-19	5.606512e-12	5.803488e-14	5.627992e-12	5.827364e-19	1.121302e-13	1.160698e-15	1.125598e-13	1.165473e-20	1.121302e-13	1.160698e-15	1.125598e-13	1.165473e-20	-1.160698e-15	-1.165473e-20	-1.121302e-13	-1.125598e-13	1.177495e-22	2.454135e-24	1.181878e-22	2.463898e-29
3.743719415722573e-08	0.000000e+00	4.110692e-15	0.000000e+00	4.131762e-20	-4.211759e-13	-4.110692e-15	-4.230917e-13	-4.131762e-20	-8.423519e-15	-8.221384e-17	-8.461835e-15	-8.263524e-22	-8.423519e-15	-8.221384e-17	-8.461835e-15	-8.263524e-22	8.221384e-17	8.263524e-22	8.423519e-15	8.461835e-15	-8.845599e-24	-1.788822e-25	-8.884926e-24	-1.797480e-30
3.748602228222573e-08	0.000000e+00	-2.144698e-16	0.000000e+00	-2.162814e-21	3.164151e-14	2.144698e-16	3.180648e-14	2.162814e-21	6.328302e-16	4.289397e-18	6.361297e-16	4.325627e-23	6.328302e-16	4.289397e-18	6.361297e-16	4.325627e-23	-4.289397e-18	-4.325627e-23	-6.328302e-16	-6.361297e-16	6.645189e-25	1.136305e-26	6.679362e-25	1.143755e-31
3.753485040722573e-08	0.000000e+00	-1.962808e-17	0.000000e+00	-1.947063e-22	-2.377749e-15	1.962808e-17	-2.391095e-15	1.947063e-22	-4.755497e-17	3.925616e-19	-4.782189e-17	3.894125e-24	-4.755497e-17	3.925616e-19	-4.782189e-17	3.894125e-24	-3.925616e-19	-3.894125e-24	4.755497e-17	4.782189e-17	-4.992840e-26	-6.750939e-29	-5.021299e-26	-7.377608e-34
3.758367853222573e-08	0.000000e+00	1.501501e-17	0.000000e+00	1.499741e-22	1.789182e-16	-1.501501e-17	1.797537e-16	-1.499741e-22	3.578365e-18	-3.003001e-19	3.595074e-18	-2.999482e-24	3.578365e-18	-3.003001e-19	3.595074e-18	-2.999482e-24	3.003001e-19	2.999482e-24	-3.578365e-18	-3.595074e-18	3.753980e-27	-2.927573e-28	3.774828e-27	-2.921948e-33
3.763250665722573e-08	0.000000e+00	-6.258015e-18	0.000000e+00	-6.253709e-23	-1.355347e-17	6.258015e-18	-1.351322e-17	6.253709e-23	-2.710694e-19	1.251603e-19	-2.702645e-19	1.250742e-24	-2.710694e-19	1.251603e-19	-2.702645e-19	1.250742e-24	-1.251603e-19	-1.250742e-24	2.710694e-19	2.702645e-19	-2.832461e-28	1.348301e-28	-2.837777e-28	1.347438e-33
3.768133478222573e-08	0.000000e+00	2.413728e-18	0.000000e+00	2.411844e-23	1.060909e-18	-2.413728e-18	1.015875e-18	-2.411844e-23	2.121817e-20	-4.827456e-20	2.031749e-20	-4.823689e-25	2.121817e-20	-4.827456e-20	2.031749e-20	-4.823689e-25	4.827456e-20	4.823689e-25	-2.121817e-20	-2.031749e-20	2.174806e-29	-5.287923e-29	2.133337e-29	-5.284724e-34
3.773016290722574e-08	0.000000e+00	-9.176966e-19	0.000000e+00	-9.167916e-24	-9.589369e-20	9.176966e-19	-7.636972e-20	9.167916e-24	-1.917874e-21	1.835393e-20	-1.527394e-21	1.833583e-25	-1.917874e-21	1.835393e-20	-1.527394e-21	1.833583e-25	-1.835393e-20	-1.833583e-25	1.917874e-21	1.527394e-21	-1.811874e-30	2.016919e-29	-1.603764e-30	2.015338e-34
3.777899103222574e-08	0.000000e+00	3.479270e-19	0.000000e+00	3.475038e-24	1.334001e-20	-3.479270e-19	5.741196e-21	-3.475038e-24	2.668003e-22	-6.958540e-21	1.148239e-22	-6.950076e-26	2.668003e-22	-6.958540e-21	1.148239e-22	-6.950076e-26	6.958540e-21	6.950076e-26	-2.668003e-22	-1.148239e-22	2.035964e-31	-7.651593e-30	1.205651e-31	-7.643878e-35
3.782781915722574e-08	0.000000e+00	-1.318365e-19	0.000000e+00	-1.316450e-24	-3.326978e-21	1.318365e-19	-4.316020e-22	1.316450e-24	-6.653957e-23	2.636729e-21	-8.632040e-24	2.632901e-26	-6.653957e-23	2.636729e-21	-8.632040e-24	2.632901e-26	-2.636729e-21	-2.632901e-26	6.653957e-23	8.632040e-24	-4.086253e-32	2.899703e-30	-9.063642e-33	2.896100e-35
3.787664728222574e-08	0.000000e+00	4.994995e-20	0.000000e+00	4.986560e-25	1.130741e-21	-4.994995e-20	3.244625e-23	-4.986560e-25	2.261481e-23	-9.989989e-22	6.489251e-25	-9.973121e-27	2.261481e-23	-9.989989e-22	6.489251e-25	-9.973121e-27	9.989989e-22	9.973121e-27	-2.261481e-23	-6.489251e-25	1.275656e-32	-1.098661e-30	6.813714e-34	-1.097036e-35
3.792547540722574e-08	0.000000e+00	-1.892453e-20	0.000000e+00	-1.888809e-25	-4.186545e-22	1.892453e-20	-2.439190e-24	1.888809e-25	-8.373091e-24	3.784906e-22	-4.878381e-26	3.777618e-27	-8.373091e-24	3.784906e-22	-4.878381e-26	3.777618e-27	-3.784906e-22	-3.777618e-27	8.373091e-24	4.878381e-26	-4.628349e-33	4.162517e-31	-5.122300e-35	4.155375e-36
3.797430353222574e-08	0.000000e+00	7.169901e-21	0.000000e+00	7.154398e-26	1.578825e-22	-7.169901e-21	1.833694e-25	-7.154398e-26	3.157651e-24	-1.433980e-22	3.667388e-27	-1.430880e-27	3.157651e-24	-1.433980e-22	3.667388e-27	-1.430880e-27	1.433980e-22	1.430880e-27	-3.157651e-24	-3.667388e-27	1.738155e-33	-1.577047e-31	3.850757e-36	-1.573967e-36
3.802313165722574e-08	0.000000e+00	-2.716445e-21	0.000000e+00	-2.709928e-26	-5.976160e-23	2.716445e-21	-1.378504e-26	2.709928e-26	-1.195232e-24	5.432890e-23	-2.757008e-28	5.419856e-28	-1.195232e-24	5.432890e-23	-2.757008e-28	5.419856e-28	-5.432890e-23	-5.419856e-28	1.195232e-24	2.757008e-28	-6.573757e-34	5.974924e-32	-2.894858e-37	5.961841e-37
3.807195978222574e-08	0.000000e+00	1.029174e-21	0.000000e+00	1.026461e-26	2.263761e-23	-1.029174e-21	1.036311e-27	-1.026461e-26	4.527523e-25	-2.058347e-23	2.072621e-29	-2.052921e-28	4.527523e-25	-2.058347e-23	2.072621e-29	-2.052921e-28	2.058347e-23	2.052921e-28	-4.527523e-25	-2.072621e-29	2.489717e-34	-2.263706e-32	2.176250e-38	-2.258214e-37
3.812078790722574e-08	0.000000e+00	-3.899207e-22	0.000000e+00	-3.888006e-27	-8.576351e-24	3.899207e-22	-7.790672e-29	3.888006e-27	-1.715270e-25	7.798414e-24	-1.558134e-30	7.776012e-29	-1.715270e-25	7.798414e-24	-1.558134e-30	7.776012e-29	-7.798414e-24	-7.776012e-29	1.715270e-25	1.558134e-30	-9.432083e-35	8.576455e-33	-1.636033e-39	8.553613e-38
3.816961603222575e-08	0.000000e+00	1.477284e-22	0.000000e+00	1.472691e-27	3.249280e-24	-1.477284e-22	5.857001e-30	-1.472691e-27	6.498560e-26	-2.954568e-24	1.171400e-31	-2.945381e-29	6.498560e-26	-2.954568e-24	1.171400e-31	-2.945381e-29	2.954568e-24	2.945381e-29	-6.498560e-26	-1.171400e-31	3.573463e-35	-3.249342e-33	1.229934e-40	-3.239919e-38
3.821844415722575e-08	0.000000e+00	-5.596952e-23	0.000000e+00	-5.578226e-28	-1.231046e-24	5.596952e-23	-4.404062e-31	5.578226e-28	-2.462091e-26	1.119390e-24	-8.808123e-33	1.115645e-29	-2.462091e-26	1.119390e-24	-8.808123e-33	1.115645e-29	-1.119390e-24	-1.115645e-29	2.462091e-26	8.808123e-33	-1.353866e-35	1.231071e-33	-9.247169e-42	1.227210e-38
3.826727228222575e-08	0.000000e+00	2.120505e-23	0.000000e+00	2.112908e-28	4.664034e-25	-2.120505e-23	3.314538e-32	-2.112908e-28	9.328068e-27	-4.241010e-25	6.629075e-34	-4.225817e-30	9.328068e-27	-4.241010e-25	6.629075e-34	-4.225817e-30	4.241010e-25	4.225817e-30	-9.328068e-27	-6.629075e-34	5.129360e-36	-4.664132e-34	6.950440e-43	-4.648398e-39
3.831610040722575e-08	0.000000e+00	-8.033909e-24	0.000000e+00	-8.003229e-29	-1.767052e-25	8.033909e-24	-2.505860e-33	8.003229e-29	-3.534104e-27	1.606782e-25	-5.011721e-35	1.600646e-30	-3.534104e-27	1.606782e-25	-5.011721e-35	1.600646e-30	-1.606782e-25	-1.600646e-30	3.534104e-27	5.011721e-35	-1.943349e-36	1.767089e-34	-5.184804e-44	1.760711e-39
3.836492853222575e-08	0.000000e+00	3.043789e-24	0.000000e+00	3.031446e-29	6.694791e-26	-3.043789e-24	1.937269e-34	-3.031446e-29	1.338958e-27	-6.087579e-26	3.874539e-36	-6.062891e-31	1.338958e-27	-6.087579e-26	3.874539e-36	-6.062891e-31	6.087579e-26	6.062891e-31	-1.338958e-27	-3.874539e-36	7.362723e-37	-6.694931e-35	4.203895e-45	-6.669186e-40
3.841375665722575e-08	0.000000e+00	-1.153194e-24	0.000000e+00	-1.148245e-29	-2.536440e-26	1.153194e-24	-1.658845e-35	1.148245e-29	-5.072881e-28	2.306387e-26	-3.317690e-37	2.296489e-31	-5.072881e-28	2.306387e-26	-3.317690e-37	2.296489e-31	-2.306387e-26	-2.296489e-31	5.072881e-28	3.317690e-37	-2.789499e-37	2.536494e-35	0.000000e+00	2.526135e-40
3.846258478222575e-08	0.000000e+00	4.369079e-25	0.000000e+00	4.349296e-30	9.609756e-27	-4.369079e-25	2.013998e-36	-4.349296e-30	1.921951e-28	-8.738159e-27	4.027997e-38	-8.698592e-32	1.921951e-28	-8.738159e-27	4.027997e-38	-8.698592e-32	8.738159e-27	8.698592e-32	-1.921951e-28	-4.027997e-38	1.056851e-37	-9.609957e-36	0.000000e+00	-9.568486e-41
3.851141290722575e-08	0.000000e+00	-1.655303e-25	0.000000e+00	-1.647417e-30	-3.640827e-27	1.655303e-25	-4.419046e-37	1.647417e-30	-7.281653e-29	3.310607e-27	-8.838093e-39	3.294834e-32	-7.281653e-29	3.310607e-27	-8.838093e-39	3.294834e-32	-3.310607e-27	-3.294834e-32	7.281653e-29	8.838093e-39	-4.004068e-38	3.640903e-36	0.000000e+00	3.624318e-41
3.856024103222576e-08	0.000000e+00	6.271411e-26	0.000000e+00	6.240051e-31	1.379392e-27	-6.271411e-26	1.432556e-37	-6.240051e-31	2.758784e-29	-1.254282e-27	2.865112e-39	-1.248010e-32	2.758784e-29	-1.254282e-27	2.865112e-39	-1.248010e-32	1.254282e-27	1.248010e-32	-2.758784e-29	-2.865112e-39	1.517013e-38	-1.379421e-36	0.000000e+00	-1.372852e-41
3.860906915722576e-08	0.000000e+00	-2.376035e-26	0.000000e+00	-2.363593e-31	-5.226071e-28	2.376035e-26	-5.244819e-38	2.363593e-31	-1.045214e-29	4.752071e-28	-1.048964e-39	4.727186e-33	-1.045214e-29	4.752071e-28	-1.048964e-39	4.727186e-33	-4.752071e-28	-4.727186e-33	1.045214e-29	1.048964e-39	-5.747472e-39	5.226181e-37	0.000000e+00	5.200219e-42
3.865789728222576e-08	0.000000e+00	9.002033e-27	0.000000e+00	8.952767e-32	1.979990e-28	-9.002033e-27	1.972985e-38	-8.952767e-32	3.959980e-30	-1.800406e-28	3.945972e-40	-1.790553e-33	3.959980e-30	-1.800406e-28	3.945972e-40	-1.790553e-33	1.800406e-28	1.790553e-33	-3.959980e-30	-3.945972e-40	2.177532e-39	-1.980031e-37	0.000000e+00	-1.970226e-42
3.870672540722576e-08	0.000000e+00	-3.410580e-27	0.000000e+00	-3.391110e-32	-7.501543e-29	3.410580e-27	-7.462979e-39	3.391110e-32	-1.500309e-30	6.821160e-29	-1.492593e-40	6.782219e-34	-1.500309e-30	6.821160e-29	-1.492593e-40	6.782219e-34	-6.821160e-29	-6.782219e-34	1.500309e-30	1.492593e-40	-8.249963e-40	7.501701e-38	0.000000e+00	7.454908e-43
3.875555353222576e-08	0.000000e+00	1.292159e-27	0.000000e+00	1.284477e-32	2.842093e-29	-1.292159e-27	2.826041e-39	-1.284477e-32	5.684186e-31	-2.584318e-29	5.652137e-41	-2.568955e-34	5.684186e-31	-2.584318e-29	5.652137e-41	-2.568955e-34	2.584318e-29	2.568955e-34	-5.684186e-31	-5.652137e-41	3.125652e-40	-2.842153e-38	0.000000e+00	-2.830623e-43
3.880438165722576e-08	0.000000e+00	-4.895573e-28	0.000000e+00	-4.865315e-33	-1.076778e-29	4.895573e-28	-1.070383e-39	4.865315e-33	-2.153555e-31	9.791147e-30	-2.140764e-41	9.730631e-35	-2.153555e-31	9.791147e-30	-2.140764e-41	9.730631e-35	-9.791147e-30	-9.730631e-35	2.153555e-31	2.140764e-41	-1.184209e-40	1.076800e-38	0.000000e+00	1.064987e-43
3.885320978222576e-08	0.000000e+00	1.854775e-28	0.000000e+00	1.842874e-33	4.079563e-30	-1.854775e-28	4.054335e-40	-1.842874e-33	8.159126e-32	-3.709550e-30	8.109314e-42	-3.685747e-35	8.159126e-32	-3.709550e-30	8.109314e-42	-3.685747e-35	3.709550e-30	3.685747e-35	-8.159126e-32	-8.109314e-42	4.486537e-41	-4.079648e-39	0.000000e+00	-4.063766e-44
3.890203790722576e-08	0.000000e+00	-7.027145e-29	0.000000e+00	-6.980397e-34	-1.545615e-30	7.027145e-29	-1.535683e-40	6.980397e-34	-3.091230e-32	1.405429e-30	-3.071646e-42	1.396079e-35	-3.091230e-32	1.405429e-30	-3.071646e-42	1.396079e-35	-1.405429e-30	-1.396079e-35	3.091230e-32	3.071646e-42	-1.699775e-41	1.545648e-39	0.000000e+00	1.541428e-44
3.895086603222577e-08	0.000000e+00	2.662359e-29	0.000000e+00	2.644020e-34	5.855837e-31	-2.662359e-29	5.816790e-41	-2.644020e-34	1.171167e-32	-5.324718e-31	1.163078e-42	-5.288040e-36	1.171167e-32	-5.324718e-31	1.163078e-42	-5.288040e-36	5.324718e-31	5.288040e-36	-1.171167e-32	-1.163078e-42	6.440368e-42	-5.855956e-40	0.000000e+00	-5.605194e-45
3.899969415722577e-08	0.000000e+00	-1.008682e-29	0.000000e+00	-1.001496e-34	-2.218588e-31	1.008682e-29	-2.203262e-41	1.001496e-34	-4.437176e-33	2.017364e-31	-4.400077e-43	2.002992e-36	-4.437176e-33	2.017364e-31	-4.400077e-43	2.002992e-36	-2.017364e-31	-2.002992e-36	4.437176e-33	4.400077e-43	-2.439661e-42	2.218634e-40	0.000000e+00	2.802597e-45
3.904852228222577e-08	0.000000e+00	3.821571e-30	0.000000e+00	3.793446e-35	8.405515e-32	-3.821571e-30	8.346134e-42	-3.793446e-35	1.681103e-33	-7.643141e-32	1.667545e-43	-7.586892e-37	1.681103e-33	-7.643141e-32	1.667545e-43	-7.586892e-37	7.643141e-32	7.586892e-37	-1.681103e-33	-1.667545e-43	9.248570e-43	-8.405689e-41	0.000000e+00	-1.401298e-45
3.909735040722577e-08	0.000000e+00	-1.447870e-30	0.000000e+00	-1.436873e-35	-3.184578e-32	1.447870e-30	-3.161329e-42	1.436873e-35	-6.369157e-34	2.895740e-32	-6.305843e-44	2.873746e-37	-6.369157e-34	2.895740e-32	-6.305843e-44	2.873746e-37	-2.895740e-32	-2.873746e-37	6.369157e-34	6.305843e-44	-3.503246e-43	3.184591e-41	0.000000e+00	0.000000e+00
3.914617853222577e-08	0.000000e+00	5.485513e-31	0.000000e+00	5.442557e-36	1.206534e-32	-5.485513e-31	1.196709e-42	-5.442557e-36	2.413068e-34	-1.097103e-32	2.382207e-44	-1.088511e-37	2.413068e-34	-1.097103e-32	2.382207e-44	-1.088511e-37	1.097103e-32	1.088511e-37	-2.413068e-34	-2.382207e-44	1.331234e-43	-1.206518e-41	0.000000e+00	0.000000e+00
3.919500665722577e-08	0.000000e+00	-2.078284e-31	0.000000e+00	-2.061520e-36	-4.571169e-33	2.078284e-31	-4.540207e-43	2.061520e-36	-9.142338e-35	4.156568e-33	-8.407791e-45	4.123040e-38	-9.142338e-35	4.156568e-33	-8.407791e-45	4.123040e-38	-4.156568e-33	-4.123040e-38	9.142338e-35	8.407791e-45	-5.044674e-44	4.571036e-42	0.000000e+00	0.000000e+00
3.924383478222577e-08	0.000000e+00	7.873948e-32	0.000000e+00	7.808582e-37	1.731869e-33	-7.873948e-32	1.723597e-43	-7.808582e-37	3.463737e-35	-1.574790e-33	2.802597e-45	-1.561716e-38	3.463737e-35	-1.574790e-33	2.802597e-45	-1.561716e-38	1.574790e-33	1.561716e-38	-3.463737e-35	-2.802597e-45	1.961818e-44	-1.732005e-42	0.000000e+00	0.000000e+00
3.929266290722577e-08	0.000000e+00	-2.983185e-32	0.000000e+00	-2.957718e-37	-6.561492e-34	2.983185e-32	-6.445973e-44	2.957718e-37	-1.312298e-35	5.966370e-34	-1.401298e-45	5.915436e-39	-1.312298e-35	5.966370e-34	-1.401298e-45	5.915436e-39	-5.966370e-34	-5.915436e-39	1.312298e-35	1.401298e-45	-7.006492e-45	6.558077e-43	0.000000e+00	0.000000e+00
3.934149103222577e-08	0.000000e+00	1.130233e-32	0.000000e+00	1.120318e-37	2.485938e-34	-1.130233e-32	2.522337e-44	-1.120318e-37	4.971876e-36	-2.260466e-34	0.000000e+00	-2.240636e-39	4.971876e-36	-2.260466e-34	0.000000e+00	-2.240636e-39	2.260466e-34	2.240636e-39	-4.971876e-36	0.000000e+00	2.802597e-45	-2.480298e-43	0.000000e+00	0.000000e+00
3.939031915722578e-08	0.000000e+00	-4.282088e-33	0.000000e+00	-4.243517e-38	-9.418418e-35	4.282088e-33	-9.809089e-45	4.243517e-38	-1.883683e-36	8.564175e-35	0.000000e+00	8.487034e-40	-1.883683e-36	8.564175e-35	0.000000e+00	8.487034e-40	-8.564175e-35	-8.487034e-40	1.883683e-36	0.000000e+00	-1.401298e-45	9.388700e-44	0.000000e+00	0.000000e+00
3.943914728222578e-08	0.000000e+00	1.622345e-33	0.000000e+00	1.607350e-38	3.568335e-35	-1.622345e-33	4.203895e-45	-1.607350e-38	7.136670e-37	-3.244690e-35	0.000000e+00	-3.214705e-40	7.136670e-37	-3.244690e-35	0.000000e+00	-3.214705e-40	3.244690e-35	3.214705e-40	-7.136670e-37	0.000000e+00	0.000000e+00	-3.503246e-44	0.000000e+00	0.000000e+00
3.948797540722578e-08	0.000000e+00	-6.146542e-34	0.000000e+00	-6.088286e-39	-1.351927e-35	6.146542e-34	-1.401298e-45	6.088286e-39	-2.703854e-37	1.229309e-35	0.000000e+00	1.217658e-40	-2.703854e-37	1.229309e-35	0.000000e+00	1.217658e-40	-1.229309e-35	-1.217658e-40	2.703854e-37	0.000000e+00	0.000000e+00	1.401298e-44	0.000000e+00	0.000000e+00
3.953680353222578e-08	0.000000e+00	2.328727e-34	0.000000e+00	2.306108e-39	5.122016e-36	-2.328727e-34	0.000000e+00	-2.306108e-39	1.024403e-37	-4.657454e-36	0.000000e+00	-4.612234e-41	1.024403e-37	-4.657454e-36	0.000000e+00	-4.612234e-41	4.657454e-36	4.612234e-41	-1.024403e-37	0.000000e+00	0.000000e+00	-5.605194e-45	0.000000e+00	0.000000e+00
3.958563165722578e-08	0.000000e+00	-8.822795e-35	0.000000e+00	-8.735022e-40	-1.940567e-36	8.822795e-35	0.000000e+00	8.735022e-40	-3.881133e-38	1.764559e-36	0.000000e+00	1.746999e-41	-3.881133e-38	1.764559e-36	0.000000e+00	1.746999e-41	-1.764559e-36	-1.746999e-41	3.881133e-38	0.000000e+00	0.000000e+00	1.401298e-45	0.000000e+00	0.000000e+00
3.963445978222578e-08	0.000000e+00	3.342673e-35	0.000000e+00	3.308634e-40	7.352182e-37	-3.342673e-35	0.000000e+00	-3.308634e-40	1.470436e-38	-6.685346e-37	0.000000e+00	-6.616931e-42	1.470436e-38	-6.685346e-37	0.000000e+00	-6.616931e-42	6.685346e-37	6.616931e-42	-1.470436e-38	0.000000e+00	0.000000e+00	-1.401298e-45	0.000000e+00	0.000000e+00
3.968328790722578e-08	0.000000e+00	-1.266431e-35	0.000000e+00	-1.253237e-40	-2.785505e-37	1.266431e-35	0.000000e+00	1.253237e-40	-5.571009e-39	2.532862e-37	0.000000e+00	2.506923e-42	-5.571009e-39	2.532862e-37	0.000000e+00	2.506923e-42	-2.532862e-37	-2.506923e-42	5.571009e-39	0.000000e+00	0.000000e+00	0.000000e+00	0.000000e+00	0.000000e+00
3.973211603222578e-08	0.000000e+00	4.798099e-36	0.000000e+00	4.747039e-41	1.055338e-37	-4.798099e-36	0.000000e+00	-4.747039e-41	2.110676e-39	-9.596197e-38	0.000000e+00	-9.500804e-43	2.110676e-39	-9.596197e-38	0.000000e+00	-9.500804e-43	9.596197e-38	9.500804e-43	-2.110676e-39	0.000000e+00	0.000000e+00	0.000000e+00	0.000000e+00	0.000000e+00
3.978094415722579e-08	0.000000e+00	-1.817845e-36	0.000000e+00	-1.798006e-41	-3.998336e-38	1.817845e-36	0.000000e+00	1.798006e-41	-7.996678e-40	3.635690e-38	0.000000e+00	3.601337e-43	-7.996678e-40	3.635690e-38	0.000000e+00	3.601337e-43	-3.635690e-38	-3.601337e-43	7.996678e-40	0.000000e+00	0.000000e+00	0.000000e+00	0.000000e+00	0.000000e+00
3.982977228222579e-08	0.000000e+00	6.887229e-37	0.000000e+00	6.810311e-42	1.514840e-38	-6.887229e-37	0.000000e+00	-6.810311e-42	3.029677e-40	-1.377446e-38	0.000000e+00	-1.359260e-43	3.029677e-40	-1.377446e-38	0.000000e+00	-1.359260e-43	1.377446e-38	1.359260e-43	-3.029677e-40	0.000000e+00	0.000000e+00	0.000000e+00	0.000000e+00	0.000000e+00
3.987860040722579e-08	0.000000e+00	-2.609349e-37	0.000000e+00	-2.579790e-42	-5.739242e-39	2.609349e-37	0.000000e+00	2.579790e-42	-1.147846e-40	5.218698e-39	0.000000e+00	5.184804e-44	-1.147846e-40	5.218698e-39	0.000000e+00	5.184804e-44	-5.218698e-39	-5.184804e-44	1.147846e-40	0.000000e+00	0.000000e+00	0.000000e+00	0.000000e+00	0.000000e+00
3.992742853222579e-08	0.000000e+00	9.885982e-38	0.000000e+00	9.767050e-43	2.174414e-39	-9.885982e-38	0.000000e+00	-9.767050e-43	4.348790e-41	-1.977197e-39	0.000000e+00	-1.961818e-44	4.348790e-41	-1.977197e-39	0.000000e+00	-1.961818e-44	1.977197e-39	1.961818e-44	-4.348790e-41	0.000000e+00	0.000000e+00	0.000000e+00	0.000000e+00	0.000000e+00
3.997625665722579e-08	0.000000e+00	-3.745480e-38	0.000000e+00	-3.699428e-43	-8.238150e-40	3.745480e-38	0.000000e+00	3.699428e-43	-1.647647e-41	7.490963e-40	0.000000e+00	7.006492e-45	-1.647647e-41	7.490963e-40	0.000000e+00	7.006492e-45	-7.490963e-40	-7.006492e-45	1.647647e-41	0.000000e+00	0.000000e+00	0.000000e+00	0.000000e+00	0.000000e+00
4.000000000000000e-08	0.000000e+00	0.000000e+00	0.000000e+00	0.000000e+00	0.000000e+00	0.000000e+00	0.000000e+00	0.000000e+00	0.000000e+00	0.000000e+00	0.000000e+00	0.000000e+00	0.000000e+00	0.000000e+00	0.000000e+00	0.000000e+00	0.000000e+00	0.000000e+00	0.000000e+00	0.000000e+00	0.000000e+00	0.000000e+00	0.000000e+00	0.000000e+00
4.001254119985023e-08	1.254120e-02	1.669811e-05	1.254120e-02	1.669729e-10	3.343737e-03	-1.669811e-05	3.343602e-03	-1.669729e-10	6.687475e-05	-3.339622e-07	6.687205e-05	-3.339458e-12	6.687475e-05	-3.339622e-07	6.687205e-05	-3.339458e-12	3.339622e-07	3.339458e-12	-6.687475e-05	-6.687205e-05	5.767361e-14	2.094144e-16	5.767445e-14	2.094041e-21
4.002471646898480e-08	2.471647e-02	4.621778e-05	2.471647e-02	4.621645e-10	1.066375e-02	-4.621778e-05	1.066344e-02	-4.621645e-10	2.132751e-04	-9.243557e-07	2.132688e-04	-9.243290e-12	2.132751e-04	-9.243557e-07	2.132688e-04	-9.243290e-12	9.243557e-07	9.243290e-12	-2.132751e-04	-2.132688e-04	1.992122e-13	9.754323e-16	1.992158e-13	9.753958e-21
4.003570705277163e-08	3.570705e-02	6.634956e-05	3.570705e-02	6.634888e-10	1.918750e-02	-6.634956e-05	1.918714e-02	-6.634888e-10	3.837499e-04	-1.326991e-06	3.837429e-04	-1.326978e-11	3.837499e-04	-1.326991e-06	3.837429e-04	-1.326978e-11	1.326991e-06	1.326978e-11	-3.837499e-04	-3.837429e-04	3.672158e-13	2.212613e-15	3.672230e-13	2.212554e-20
4.005076726050681e-08	5.076726e-02	8.328891e-05	5.076726e-02	8.328909e-10	3.241061e-02	-8.328891e-05	3.241031e-02	-8.328909e-10	6.482122e-04	-1.665778e-06	6.482063e-04	-1.665782e-11	6.482122e-04	-1.665778e-06	6.482063e-04	-1.665782e-11	1.665778e-06	1.665782e-11	-6.482122e-04	-6.482063e-04	6.298372e-13	4.466200e-15	6.298493e-13	4.466133e-20
4.007332016563587e-08	7.332017e-02	9.479536e-05	7.332017e-02	9.479596e-10	5.381532e-02	-9.479536e-05	5.381515e-02	-9.479596e-10	1.076306e-03	-1.895907e-06	1.076303e-03	-1.895919e-11	1.076306e-03	-1.895907e-06	1.076303e-03	-1.895919e-11	1.895907e-06	1.895919e-11	-1.076306e-03	-1.076303e-03	1.056781e-12	8.482517e-15	1.056798e-12	8.482468e-20
4.010117204994246e-08	1.011721e-01	9.894772e-05	1.011721e-01	9.894809e-10	8.127236e-02	-9.894772e-05	8.127230e-02	-9.894809e-10	1.625447e-03	-1.978954e-06	1.625446e-03	-1.978962e-11	1.625447e-03	-1.978954e-06	1.625446e-03	-1.978962e-11	1.978954e-06	1.978962e-11	-1.625447e-03	-1.625446e-03	1.605526e-12	1.387863e-14	1.605546e-12	1.387861e-19
4.014308783710312e-08	1.430878e-01	9.999864e-05	1.430878e-01	9.999870e-10	1.230879e-01	-9.999864e-05	1.230879e-01	-9.999870e-10	2.461759e-03	-1.999973e-06	2.461759e-03	-1.999974e-11	2.461759e-03	-1.999973e-06	2.461759e-03	-1.999974e-11	1.999973e-06	1.999974e-11	-2.461759e-03	-2.461759e-03	2.441737e-12	2.221762e-14	2.441759e-12	2.221762e-19
4.019191596210312e-08	1.919160e-01	1.000002e-04	1.919160e-01	1.000002e-09	1.719159e-01	-1.000002e-04	1.719159e-01	-1.000002e-09	3.438319e-03	-2.000004e-06	3.438319e-03	-2.000003e-11	3.438319e-03	-2.000004e-06	3.438319e-03	-2.000003e-11	2.000004e-06	2.000003e-11	-3.438319e-03	-3.438319e-03	3.418297e-12	3.198319e-14	3.418319e-12	3.198319e-19
4.024074408710312e-08	2.407441e-01	9.999996e-05	2.407441e-01	9.999996e-10	2.207441e-01	-9.999996e-05	2.207441e-01	-9.999996e-10	4.414882e-03	-1.999999e-06	4.414882e-03	-1.999999e-11	4.414882e-03	-1.999999e-06	4.414882e-03	-1.999999e-11	1.999999e-06	1.999999e-11	-4.414882e-03	-4.414882e-03	4.394860e-12	4.174882e-14	4.394882e-12	4.174882e-19
4.028957221210312e-08	2.895722e-01	1.000000e-04	2.895722e-01	1.000000e-09	2.695722e-01	-1.000000e-04	2.695722e-01	-1.000000e-09	5.391444e-03	-2.000000e-06	5.391444e-03	-2.000000e-11	5.391444e-03	-2.000000e-06	5.391444e-03	-2.000000e-11	2.000000e-06	2.000000e-11	-5.391444e-03	-5.391444e-03	5.371422e-12	5.151444e-14	5.371444e-12	5.151444e-19
4.033840033710312e-08	3.384003e-01	1.000000e-04	3.384003e-01	1.000000e-09	3.184003e-01	-1.000000e-04	3.184003e-01	-1.000000e-09	6.368007e-03	-2.000000e-06	6.368007e-03	-2.000000e-11	6.368007e-03	-2.000000e-06	6.368007e-03	-2.000000e-11	2.000000e-06	2.000000e-11	-6.368007e-03	-6.368007e-03	6.347985e-12	6.128007e-14	6.348007e-12	6.128007e-19
4.038722846210312e-08	3.872285e-01	1.000000e-04	3.872285e-01	1.000000e-09	3.672284e-01	-1.000000e-04	3.672284e-01	-1.000000e-09	7.344569e-03	-2.000000e-06	7.344569e-03	-2.000000e-11	7.344569e-03	-2.000000e-06	7.344569e-03	-2.000000e-11	2.000000e-06	2.000000e-11	-7.344569e-03	-7.344569e-03	7.324547e-12	7.104569e-14	7.324569e-12	7.104569e-19
4.043605658710312e-08	4.360566e-01	1.000000e-04	4.360566e-01	1.000000e-09	4.160566e-01	-1.000000e-04	4.160566e-01	-1.000000e-09	8.321132e-03	-2.000000e-06	8.321132e-03	-2.000000e-11	8.321132e-03	-2.000000e-06	8.321132e-03	-2.000000e-11	2.000000e-06	2.000000e-11	-8.321132e-03	-8.321132e-03	8.301110e-12	8.081132e-14	8.301131e-12	8.081132e-19
4.048488471210312e-08	4.848847e-01	1.000000e-04	4.848847e-01	1.000000e-09	4.648847e-01	-1.000000e-04	4.648847e-01	-1.000000e-09	9.297694e-03	-2.000000e-06	9.297694e-03	-2.000000e-11	9.297694e-03	-2.000000e-06	9.297694e-03	-2.000000e-11	2.000000e-06	2.000000e-11	-9.297694e-03	-9.297694e-03	9.277672e-12	9.057694e-14	9.277694e-12	9.057694e-19
4.053371283710313e-08	5.337129e-01	1.000000e-04	5.337129e-01	1.000000e-09	5.137128e-01	-1.000000e-04	5.137128e-01	-1.000000e-09	1.027426e-02	-2.000000e-06	1.027426e-02	-2.000000e-11	1.027426e-02	-2.000000e-06	1.027426e-02	-2.000000e-11	2.000000e-06	2.000000e-11	-1.027426e-02	-1.027426e-02	1.025423e-11	1.003426e-13	1.025426e-11	1.003426e-18
4.058254096210313e-08	5.825410e-01	1.000000e-04	5.825410e-01	1.000000e-09	5.625409e-01	-1.000000e-04	5.625409e-01	-1.000000e-09	1.125082e-02	-2.000000e-06	1.125082e-02	-2.000000e-11	1.125082e-02	-2.000000e-06	1.125082e-02	-2.000000e-11	2.000000e-06	2.000000e-11	-1.125082e-02	-1.125082e-02	1.123080e-11	1.101082e-13	1.123082e-11	1.101082e-18
4.063136908710313e-08	6.313691e-01	1.000000e-04	6.313691e-01	1.000000e-09	6.113691e-01	-1.000000e-04	6.113691e-01	-1.000000e-09	1.222738e-02	-2.000000e-06	1.222738e-02	-2.000000e-11	1.222738e-02	-2.000000e-06	1.222738e-02	-2.000000e-11	2.000000e-06	2.000000e-11	-1.222738e-02	-1.222738e-02	1.220736e-11	1.198738e-13	1.220738e-11	1.198738e-18
4.068019721210313e-08	6.801972e-01	1.000000e-04	6.801972e-01	1.000000e-09	6.601972e-01	-1.000000e-04	6.601972e-01	-1.000000e-09	1.320394e-02	-2.000000e-06	1.320394e-02	-2.000000e-11	1.320394e-02	-2.000000e-06	1.320394e-02	-2.000000e-11	2.000000e-06	2.000000e-11	-1.320394e-02	-1.320394e-02	1.318392e-11	1.296394e-13	1.318394e-11	1.296394e-18
4.072902533710313e-08	7.290254e-01	1.000000e-04	7.290254e-01	1.000000e-09	7.090253e-01	-1.000000e-04	7.090253e-01	-1.000000e-09	1.418051e-02	-2.000000e-06	1.418051e-02	-2.000000e-11	1.418051e-02	-2.000000e-06	1.418051e-02	-2.000000e-11	2.000000e-06	2.000000e-11	-1.418051e-02	-1.418051e-02	1.416048e-11	1.394051e-13	1.416051e-11	1.394051e-18
4.077785346210313e-08	7.778535e-01	1.000000e-04	7.778535e-01	1.000000e-09	7.578534e-01	-1.000000e-04	7.578534e-01	-1.000000e-09	1.515707e-02	-2.000000e-06	1.515707e-02	-2.000000e-11	1.515707e-02	-2.000000e-06	1.515707e-02	-2.000000e-11	2.000000e-06	2.000000e-11	-1.515707e-02	-1.515707e-02	1.513705e-11	1.491707e-13	1.513707e-11	1.491707e-18
4.082668158710313e-08	8.266816e-01	1.000000e-04	8.266816e-01	1.000000e-09	8.066816e-01	-1.000000e-04	8.066816e-01	-1.000000e-09	1.613363e-02	-2.000000e-06	1.613363e-02	-2.000000e-11	1.613363e-02	-2.000000e-06	1.613363e-02	-2.000000e-11	2.000000e-06	2.000000e-11	-1.613363e-02	-1.613363e-02	1.611361e-11	1.589363e-13	1.611363e-11	1.589363e-18
4.087550971210313e-08	8.755097e-01	1.000000e-04	8.755097e-01	1.000000e-09	8.555097e-01	-1.000000e-04	8.555097e-01	-1.000000e-09	1.711020e-02	-2.000000e-06	1.711020e-02	-2.000000e-11	1.711020e-02	-2.000000e-06	1.711020e-02	-2.000000e-11	2.000000e-06	2.000000e-11	-1.711020e-02	-1.711020e-02	1.709017e-11	1.687019e-13	1.709019e-11	1.687019e-18
4.092433783710313e-08	9.243379e-01	1.000000e-04	9.243379e-01	1.000000e-09	9.043378e-01	-1.000000e-04	9.043378e-01	-1.000000e-09	1.808676e-02	-2.000000e-06	1.808676e-02	-2.000000e-11	1.808676e-02	-2.000000e-06	1.808676e-02	-2.000000e-11	2.000000e-06	2.000000e-11	-1.808676e-02	-1.808676e-02	1.806674e-11	1.784676e-13	1.806676e-11	1.784676e-18
4.097316596210314e-08	9.731660e-01	1.000000e-04	9.731660e-01	1.000000e-09	9.531659e-01	-1.000000e-04	9.531659e-01	-1.000000e-09	1.906332e-02	-2.000000e-06	1.906332e-02	-2.000000e-11	1.906332e-02	-2.000000e-06	1.906332e-02	-2.000000e-11	2.000000e-06	2.000000e-11	-1.906332e-02	-1.906332e-02	1.904330e-11	1.882332e-13	1.904332e-11	1.882332e-18
4.100000000000000e-08	1.000000e+00	1.000000e-04	1.000000e+00	1.000000e-09	9.800000e-01	-1.000000e-04	9.800000e-01	-1.000000e-09	1.960000e-02	-2.000000e-06	1.960000e-02	-2.000000e-11	1.960000e-02	-2.000000e-06	1.960000e-02	-2.000000e-11	2.000000e-06	2.000000e-11	-1.960000e-02	-1.960000e-02	1.957998e-11	1.936000e-13	1.958000e-11	1.936000e-18
4.104882812500000e-08	1.000000e+00	2.587747e-05	1.000000e+00	2.587854e-10	1.001503e+00	-2.587747e-05	1.001503e+00	-2.587854e-10	2.003006e-02	-5.175494e-07	2.003007e-02	-5.175707e-12	2.003006e-02	-5.175494e-07	2.003007e-02	-5.175707e-12	5.175494e-07	5.175707e-12	-2.003006e-02	-2.003007e-02	2.003156e-11	1.997464e-13	2.003157e-11	1.997464e-18
4.109765625000001e-08	1.000000e+00	-1.459421e-05	1.000000e+00	-1.459518e-10	9.998868e-01	1.459421e-05	9.998870e-01	1.459518e-10	1.999774e-02	2.918843e-07	1.999774e-02	2.919036e-12	1.999774e-02	2.918843e-07	1.999774e-02	2.919036e-12	-2.918843e-07	-2.919036e-12	-1.999774e-02	-1.999774e-02	1.999763e-11	2.002973e-13	1.999763e-11	2.002974e-18
4.114648437500001e-08	1.000000e+00	5.889116e-06	1.000000e+00	5.888649e-11	1.000009e+00	-5.889116e-06	1.000008e+00	-5.888649e-11	2.000017e-02	-1.177823e-07	2.000017e-02	-1.177730e-12	2.000017e-02	-1.177823e-07	2.000017e-02	-1.177730e-12	1.177823e-07	1.177730e-12	-2.000017e-02	-2.000017e-02	2.000018e-11	1.998723e-13	2.000018e-11	1.998722e-18
4.119531250000001e-08	1.000000e+00	-2.258228e-06	1.000000e+00	-2.257577e-11	9.999993e-01	2.258228e-06	9.999993e-01	2.257577e-11	1.999999e-02	4.516456e-08	1.999999e-02	4.515155e-13	1.999999e-02	4.516456e-08	1.999999e-02	4.515155e-13	-4.516456e-08	-4.515155e-13	-1.999999e-02	-1.999999e-02	1.999999e-11	2.000495e-13	1.999999e-11	2.000495e-18
4.124414062500001e-08	1.000000e+00	8.576005e-07	1.000000e+00	8.571566e-12	1.000000e+00	-8.576005e-07	1.000000e+00	-8.571566e-12	2.000000e-02	-1.715201e-08	2.000000e-02	-1.714313e-13	2.000000e-02	-1.715201e-08	2.000000e-02	-1.714313e-13	1.715201e-08	1.714313e-13	-2.000000e-02	-2.000000e-02	2.000000e-11	1.999811e-13	2.000000e-11	1.999811e-18
4.129296875000001e-08	1.000000e+00	-3.250697e-07	1.000000e+00	-3.248250e-12	1.000000e+00	3.250697e-07	1.000000e+00	3.248250e-12	2.000000e-02	6.501395e-09	2.000000e-02	6.496500e-14	2.000000e-02	6.501395e-09	2.000000e-02	6.496500e-14	-6.501395e-09	-6.496500e-14	-2.000000e-02	-2.000000e-02	2.000000e-11	2.000072e-13	2.000000e-11	2.000071e-18
4.134179687500001e-08	1.000000e+00	1.231699e-07	1.000000e+00	1.230480e-12	1.000000e+00	-1.231699e-07	1.000000e+00	-1.230480e-12	2.000000e-02	-2.463398e-09	2.000000e-02	-2.460961e-14	2.000000e-02	-2.463398e-09	2.000000e-02	-2.460961e-14	2.463398e-09	2.460961e-14	-2.000000e-02	-2.000000e-02	2.000000e-11	1.999973e-13	2.000000e-11	1.999973e-18
4.139062500000001e-08	1.000000e+00	-4.666597e-08	1.000000e+00	-4.660873e-13	1.000000e+00	4.666597e-08	1.000000e+00	4.660873e-13	2.000000e-02	9.333193e-10	2.000000e-02	9.321747e-15	2.000000e-02	9.333193e-10	2.000000e-02	9.321747e-15	-9.333193e-10	-9.321747e-15	-2.000000e-02	-2.000000e-02	2.000000e-11	2.000010e-13	2.000000e-11	2.000010e-18
4.143945312500001e-08	1.000000e+00	1.768030e-08	1.000000e+00	1.765442e-13	1.000000e+00	-1.768030e-08	1.000000e+00	-1.765442e-13	2.000000e-02	-3.536059e-10	2.000000e-02	-3.530884e-15	2.000000e-02	-3.536059e-10	2.000000e-02	-3.530884e-15	3.536059e-10	3.530884e-15	-2.000000e-02	-2.000000e-02	2.000000e-11	1.999996e-13	2.000000e-11	1.999996e-18
4.148828125000002e-08	1.000000e+00	-6.698499e-09	1.000000e+00	-6.687108e-14	1.000000e+00	6.698499e-09	1.000000e+00	6.687108e-14	2.000000e-02	1.339700e-10	2.000000e-02	1.337422e-15	2.000000e-02	1.339700e-10	2.000000e-02	1.337422e-15	-1.339700e-10	-1.337422e-15	-2.000000e-02	-2.000000e-02	2.000000e-11	2.000001e-13	2.000000e-11	2.000002e-18
4.153710937500002e-08	1.000000e+00	2.537846e-09	1.000000e+00	2.532929e-14	1.000000e+00	-2.537846e-09	1.000000e+00	-2.532929e-14	2.000000e-02	-5.075692e-11	2.000000e-02	-5.065858e-16	2.000000e-02	-5.075692e-11	2.000000e-02	-5.065858e-16	5.075692e-11	5.065858e-16	-2.000000e-02	-2.000000e-02	2.000000e-11	1.999999e-13	2.000000e-11	1.999999e-18
4.158593750000002e-08	1.000000e+00	-9.615080e-10	1.000000e+00	-9.594174e-15	1.000000e+00	9.615080e-10	1.000000e+00	9.594174e-15	2.000000e-02	1.923016e-11	2.000000e-02	1.918835e-16	2.000000e-02	1.923016e-11	2.000000e-02	1.918835e-16	-1.923016e-11	-1.918835e-16	-2.000000e-02	-2.000000e-02	2.000000e-11	2.000000e-13	2.000000e-11	2.000000e-18
4.163476562500002e-08	1.000000e+00	3.642844e-10	1.000000e+00	3.634061e-15	1.000000e+00	-3.642844e-10	1.000000e+00	-3.634061e-15	2.000000e-02	-7.285688e-12	2.000000e-02	-7.268121e-17	2.000000e-02	-7.285688e-12	2.000000e-02	-7.268121e-17	7.285688e-12	7.268121e-17	-2.000000e-02	-2.000000e-02	2.000000e-11	2.000000e-13	2.000000e-11	2.000000e-18
4.168359375000002e-08	1.000000e+00	-1.380156e-10	1.000000e+00	-1.376502e-15	1.000000e+00	1.380156e-10	1.000000e+00	1.376502e-15	2.000000e-02	2.760312e-12	2.000000e-02	2.753003e-17	2.000000e-02	2.760312e-12	2.000000e-02	2.753003e-17	-2.760312e-12	-2.753003e-17	-2.000000e-02	-2.000000e-02	2.000000e-11	2.000000e-13	2.000000e-11	2.000000e-18
4.173242187500002e-08	1.000000e+00	5.228967e-11	1.000000e+00	5.213884e-16	1.000000e+00	-5.228967e-11	1.000000e+00	-5.213884e-16	2.000000e-02	-1.045793e-12	2.000000e-02	-1.042777e-17	2.000000e-02	-1.045793e-12	2.000000e-02	-1.042777e-17	1.045793e-12	1.042777e-17	-2.000000e-02	-2.000000e-02	2.000000e-11	2.000000e-13	2.000000e-11	2.000000e-18
4.178125000000002e-08	1.000000e+00	-1.981087e-11	1.000000e+00	-1.974904e-16	1.000000e+00	1.981087e-11	1.000000e+00	1.974904e-16	2.000000e-02	3.962174e-13	2.000000e-02	3.949807e-18	2.000000e-02	3.962174e-13	2.000000e-02	3.949807e-18	-3.962174e-13	-3.949807e-18	-2.000000e-02	-2.000000e-02	2.000000e-11	2.000000e-13	2.000000e-11	2.000000e-18
4.183007812500002e-08	1.000000e+00	7.505701e-12	1.000000e+00	7.480498e-17	1.000000e+00	-7.505701e-12	1.000000e+00	-7.480498e-17	2.000000e-02	-1.501140e-13	2.000000e-02	-1.496100e-18	2.000000e-02	-1.501140e-13	2.000000e-02	-1.496100e-18	1.501140e-13	1.496100e-18	-2.000000e-02	-2.000000e-02	2.000000e-11	2.000000e-13	2.000000e-11	2.000000e-18
4.187890625000002e-08	1.000000e+00	-2.843667e-12	1.000000e+00	-2.833447e-17	1.000000e+00	2.843667e-12	1.000000e+00	2.833447e-17	2.000000e-02	5.687334e-14	2.000000e-02	5.666894e-19	2.000000e-02	5.687334e-14	2.000000e-02	5.666894e-19	-5.687334e-14	-5.666894e-19	-2.000000e-02	-2.000000e-02	2.000000e-11	2.000000e-13	2.000000e-11	2.000000e-18
4.192773437500003e-08	1.000000e+00	1.077372e-12	1.000000e+00	1.073247e-17	1.000000e+00	-1.077372e-12	1.000000e+00	-1.073247e-17	2.000000e-02	-2.154745e-14	2.000000e-02	-2.146493e-19	2.000000e-02	-2.154745e-14	2.000000e-02	-2.146493e-19	2.154745e-14	2.146493e-19	-2.000000e-02	-2.000000e-02	2.000000e-11	2.000000e-13	2.000000e-11	2.000000e-18
4.197656250000003e-08	1.000000e+00	-4.081830e-13	1.000000e+00	-4.065220e-18	1.000000e+00	4.081830e-13	1.000000e+00	4.065220e-18	2.000000e-02	8.163659e-15	2.000000e-02	8.130439e-20	2.000000e-02	8.163659e-15	2.000000e-02	8.130439e-20	-8.163659e-15	-8.130439e-20	-2.000000e-02	-2.000000e-02	2.000000e-11	2.000000e-13	2.000000e-11	2.000000e-18
4.202539062500003e-08	1.000000e+00	1.546469e-13	1.000000e+00	1.539819e-18	1.000000e+00	-1.546469e-13	1.000000e+00	-1.539819e-18	2.000000e-02	-3.092939e-15	2.000000e-02	-3.079637e-20	2.000000e-02	-3.092939e-15	2.000000e-02	-3.079637e-20	3.092939e-15	3.079637e-20	-2.000000e-02	-2.000000e-02	2.000000e-11	2.000000e-13	2.000000e-11	2.000000e-18
4.207421875000003e-08	1.000000e+00	-5.859153e-14	1.000000e+00	-5.832463e-19	1.000000e+00	5.859153e-14	1.000000e+00	5.832463e-19	2.000000e-02	1.171831e-15	2.000000e-02	1.166493e-20	2.000000e-02	1.171831e-15	2.000000e-02	1.166493e-20	-1.171831e-15	-1.166493e-20	-2.000000e-02	-2.000000e-02	2.000000e-11	2.000000e-13	2.000000e-11	2.000000e-18
4.212304687500003e-08	1.000000e+00	2.219800e-14	1.000000e+00	2.209237e-19	1.000000e+00	-2.219800e-14	1.000000e+00	-2.209237e-19	2.000000e-02	-4.439600e-16	2.000000e-02	-4.418473e-21	2.000000e-02	-4.439600e-16	2.000000e-02	-4.418473e-21	4.439600e-16	4.418473e-21	-2.000000e-02	-2.000000e-02	2.000000e-11	2.000000e-13	2.000000e-11	2.000000e-18
4.217187500000003e-08	1.000000e+00	-8.409684e-15	1.000000e+00	-8.368520e-20	1.000000e+00	8.409684e-15	1.000000e+00	8.368520e-20	2.000000e-02	1.681937e-16	2.000000e-02	1.673704e-21	2.000000e-02	1.681937e-16	2.000000e-02	1.673704e-21	-1.681937e-16	-1.673704e-21	-2.000000e-02	-2.000000e-02	2.000000e-11	2.000000e-13	2.000000e-11	2.000000e-18
4.222070312500003e-08	1.000000e+00	3.186519e-15	1.000000e+00	3.169673e-20	1.000000e+00	-3.186519e-15	1.000000e+00	-3.169673e-20	2.000000e-02	-6.373038e-17	2.000000e-02	-6.339346e-22	2.000000e-02	-6.373038e-17	2.000000e-02	-6.339346e-22	6.373038e-17	6.339346e-22	-2.000000e-02	-2.000000e-02	2.000000e-11	2.000000e-13	2.000000e-11	2.000000e-18
4.226953125000003e-08	1.000000e+00	-1.207278e-15	1.000000e+00	-1.200717e-20	1.000000e+00	1.207278e-15	1.000000e+00	1.200717e-20	2.000000e-02	2.414555e-17	2.000000e-02	2.401433e-22	2.000000e-02	2.414555e-17	2.000000e-02	2.401433e-22	-2.414555e-17	-2.401433e-22	-2.000000e-02	-2.000000e-02	2.000000e-11	2.000000e-13	2.000000e-11	2.000000e-18
4.231835937500004e-08	1.000000e+00	4.574380e-16	1.000000e+00	4.543745e-21	1.000000e+00	-4.574380e-16	1.000000e+00	-4.543745e-21	2.000000e-02	-9.148760e-18	2.000000e-02	-9.087491e-23	2.000000e-02	-9.148760e-18	2.000000e-02	-9.087491e-23	9.148760e-18	9.087491e-23	-2.000000e-02	-2.000000e-02	2.000000e-11	2.000000e-13	2.000000e-11	2.000000e-18
4.236718750000004e-08	1.000000e+00	-1.728099e-16	1.000000e+00	-1.719871e-21	1.000000e+00	1.728099e-16	1.000000e+00	1.719871e-21	2.000000e-02	3.456198e-18	2.000000e-02	3.439743e-23	2.000000e-02	3.456198e-18	2.000000e-02	3.439743e-23	-3.456198e-18	-3.439743e-23	-2.000000e-02	-2.000000e-02	2.000000e-11	2.000000e-13	2.000000e-11	2.000000e-18
4.241601562500004e-08	1.000000e+00	6.577540e-17	1.000000e+00	6.523650e-22	1.000000e+00	-6.577540e-17	1.000000e+00	-6.523650e-22	2.000000e-02	-1.315508e-18	2.000000e-02	-1.304730e-23	2.000000e-02	-1.315508e-18	2.000000e-02	-1.304730e-23	1.315508e-18	1.304730e-23	-2.000000e-02	-2.000000e-02	2.000000e-11	2.000000e-13	2.000000e-11	2.000000e-18
4.246484375000004e-08	1.000000e+00	-2.511424e-17	1.000000e+00	-2.509096e-22	1.000000e+00	2.511424e-17	1.000000e+00	2.509096e-22	2.000000e-02	5.022849e-19	2.000000e-02	5.018193e-24	2.000000e-02	5.022849e-19	2.000000e-02	5.018193e-24	-5.022849e-19	-5.018193e-24	-2.000000e-02	-2.000000e-02	2.000000e-11	2.000000e-13	2.000000e-11	2.000000e-18
4.251367187500004e-08	1.000000e+00	8.969372e-18	1.000000e+00	9.580186e-23	1.000000e+00	-8.969372e-18	1.000000e+00	-9.580186e-23	2.000000e-02	-1.793875e-19	2.000000e-02	-1.916037e-24	2.000000e-02	-1.793875e-19	2.000000e-02	-1.916037e-24	1.793875e-19	1.916037e-24	-2.000000e-02	-2.000000e-02	2.000000e-11	2.000000e-13	2.000000e-11	2.000000e-18
4.256250000000004e-08	1.000000e+00	-3.587749e-18	1.000000e+00	-4.105794e-23	1.000000e+00	3.587749e-18	1.000000e+00	4.105794e-23	2.000000e-02	7.175498e-20	2.000000e-02	8.211588e-25	2.000000e-02	7.175498e-20	2.000000e-02	8.211588e-25	-7.175498e-20	-8.211588e-25	-2.000000e-02	-2.000000e-02	2.000000e-11	2.000000e-13	2.000000e-11	2.000000e-18
4.261132812500004e-08	1.000000e+00	1.195916e-18	1.000000e+00	2.280997e-23	1.000000e+00	-1.195916e-18	1.000000e+00	-2.280997e-23	2.000000e-02	-2.391833e-20	2.000000e-02	-4.561993e-25	2.000000e-02	-2.391833e-20	2.000000e-02	-4.561993e-25	2.391833e-20	4.561993e-25	-2.000000e-02	-2.000000e-02	2.000000e-11	2.000000e-13	2.000000e-11	2.000000e-18
4.266015625000004e-08	1.000000e+00	-5.979582e-19	1.000000e+00	-9.123987e-24	1.000000e+00	5.979582e-19	1.000000e+00	9.123987e-24	2.000000e-02	1.195916e-20	2.000000e-02	1.824797e-25	2.000000e-02	1.195916e-20	2.000000e-02	1.824797e-25	-1.195916e-20	-1.824797e-25	-2.000000e-02	-2.000000e-02	2.000000e-11	2.000000e-13	2.000000e-11	2.000000e-18
4.270898437500004e-08	1.000000e+00	-5.979582e-19	1.000000e+00	0.000000e+00	1.000000e+00	5.979582e-19	1.000000e+00	0.000000e+00	2.000000e-02	1.195916e-20	2.000000e-02	0.000000e+00	2.000000e-02	1.195916e-20	2.000000e-02	0.000000e+00	-1.195916e-20	0.000000e+00	-2.000000e-02	-2.000000e-02	2.000000e-11	2.000000e-13	2.000000e-11	2.000000e-18
4.275781250000005e-08	1.000000e+00	-5.979582e-19	1.000000e+00	0.000000e+00	1.000000e+00	5.979582e-19	1.000000e+00	0.000000e+00	2.000000e-02	1.195916e-20	2.000000e-02	0.000000e+00	2.000000e-02	1.195916e-20	2.000000e-02	0.000000e+00	-1.195916e-20	0.000000e+00	-2.000000e-02	-2.000000e-02	2.000000e-11	2.000000e-13	2.000000e-11	2.000000e-18
4.280664062500005e-08	1.000000e+00	-5.979582e-19	1.000000e+00	0.000000e+00	1.000000e+00	5.979582e-19	1.000000e+00	0.000000e+00	2.000000e-02	1.195916e-20	2.000000e-02	0.000000e+00	2.000000e-02	1.195916e-20	2.000000e-02	0.000000e+00	-1.195916e-20	0.000000e+00	-2.000000e-02	-2.000000e-02	2.000000e-11	2.000000e-13	2.000000e-11	2.000000e-18
4.285546875000005e-08	1.000000e+00	-5.979582e-19	1.000000e+00	0.000000e+00	1.000000e+00	5.979582e-19	1.000000e+00	0.000000e+00	2.000000e-02	1.195916e-20	2.000000e-02	0.000000e+00	2.000000e-02	1.195916e-20	2.000000e-02	0.000000e+00	-1.195916e-20	0.000000e+00	-2.000000e-02	-2.000000e-02	2.000000e-11	2.000000e-13	2.000000e-11	2.000000e-18
4.290429687500005e-08	1.000000e+00	-5.979582e-19	1.000000e+00	0.000000e+00	1.000000e+00	5.979582e-19	1.000000e+00	0.000000e+00	2.000000e-02	1.195916e-20	2.000000e-02	0.000000e+00	2.000000e-02	1.195916e-20	2.000000e-02	0.000000e+00	-1.195916e-20	0.000000e+00	-2.000000e-02	-2.000000e-02	2.000000e-11	2.000000e-13	2.000000e-11	2.000000e-18
4.295312500000005e-08	1.000000e+00	-5.979582e-19	1.000000e+00	0.000000e+00	1.000000e+00	5.979582e-19	1.000000e+00	0.000000e+00	2.000000e-02	1.195916e-20	2.000000e-02	0.000000e+00	2.000000e-02	1.195916e-20	2.000000e-02	0.000000e+00	-1.195916e-20	0.000000e+00	-2.000000e-02	-2.000000e-02	2.000000e-11	2.000000e-13	2.000000e-11	2.000000e-18
4.300195312500005e-08	1.000000e+00	-5.979582e-19	1.000000e+00	0.000000e+00	1.000000e+00	5.979582e-19	1.000000e+00	0.000000e+00	2.000000e-02	1.195916e-20	2.000000e-02	0.000000e+00	2.000000e-02	1.195916e-20	2.000000e-02	0.000000e+00	-1.195916e-20	0.000000e+00	-2.000000e-02	-2.000000e-02	2.000000e-11	2.000000e-13	2.000000e-11	2.000000e-18
4.305078125000005e-08	1.000000e+00	-5.979582e-19	1.000000e+00	0.000000e+00	1.000000e+00	5.979582e-19	1.000000e+00	0.000000e+00	2.000000e-02	1.195916e-20	2.000000e-02	0.000000e+00	2.000000e-02	1.195916e-20	2.000000e-02	0.000000e+00	-1.195916e-20	0.000000e+00	-2.000000e-02	-2.000000e-02	2.000000e-11	2.000000e-13	2.000000e-11	2.000000e-18
4.309960937500005e-08	1.000000e+00	-5.979582e-19	1.000000e+00	0.000000e+00	1.000000e+00	5.979582e-19	1.000000e+00	0.000000e+00	2.000000e-02	1.195916e-20	2.000000e-02	0.000000e+00	2.000000e-02	1.195916e-20	2.000000e-02	0.000000e+00	-1.195916e-20	0.000000e+00	-2.000000e-02	-2.000000e-02	2.000000e-11	2.000000e-13	2.000000e-11	2.000000e-18
4.314843750000006e-08	1.000000e+00	-5.979582e-19	1.000000e+00	0.000000e+00	1.000000e+00	5.979582e-19	1.000000e+00	0.000000e+00	2.000000e-02	1.195916e-20	2.000000e-02	0.000000e+00	2.000000e-02	1.195916e-20	2.000000e-02	0.000000e+00	-1.195916e-20	0.000000e+00	-2.000000e-02	-2.000000e-02	2.000000e-11	2.000000e-13	2.000000e-11	2.000000e-18
4.319726562500006e-08	1.000000e+00	-5.979582e-19	1.000000e+00	0.000000e+00	1.000000e+00	5.979582e-19	1.000000e+00	0.000000e+00	2.000000e-02	1.195916e-20	2.000000e-02	0.000000e+00	2.000000e-02	1.195916e-20	2.000000e-02	0.000000e+00	-1.195916e-20	0.000000e+00	-2.000000e-02	-2.000000e-02	2.000000e-11	2.000000e-13	2.000000e-11	2.000000e-18
4.324609375000006e-08	1.000000e+00	-5.979582e-19	1.000000e+00	0.000000e+00	1.000000e+00	5.979582e-19	1.000000e+00	0.000000e+00	2.000000e-02	1.195916e-20	2.000000e-02	0.000000e+00	2.000000e-02	1.195916e-20	2.000000e-02	0.000000e+00	-1.195916e-20	0.000000e+00	-2.000000e-02	-2.000000e-02	2.000000e-11	2.000000e-13	2.000000e-11	2.000000e-18
4.329492187500006e-08	1.000000e+00	-5.979582e-19	1.000000e+00	0.000000e+00	1.000000e+00	5.979582e-19	1.000000e+00	0.000000e+00	2.000000e-02	1.195916e-20	2.000000e-02	0.000000e+00	2.000000e-02	1.195916e-20	2.000000e-02	0.000000e+00	-1.195916e-20	0.000000e+00	-2.000000e-02	-2.000000e-02	2.000000e-11	2.000000e-13	2.000000e-11	2.000000e-18
4.334375000000006e-08	1.000000e+00	-5.979582e-19	1.000000e+00	0.000000e+00	1.000000e+00	5.979582e-19	1.000000e+00	0.000000e+00	2.000000e-02	1.195916e-20	2.000000e-02	0.000000e+00	2.000000e-02	1.195916e-20	2.000000e-02	0.000000e+00	-1.195916e-20	0.000000e+00	-2.000000e-02	-2.000000e-02	2.000000e-11	2.000000e-13	2.000000e-11	2.000000e-18
4.339257812500006e-08	1.000000e+00	-5.979582e-19	1.000000e+00	0.000000e+00	1.000000e+00	5.979582e-19	1.000000e+00	0.000000e+00	2.000000e-02	1.195916e-20	2.000000e-02	0.000000e+00	2.000000e-02	1.195916e-20	2.000000e-02	0.000000e+00	-1.195916e-20	0.000000e+00	-2.000000e-02	-2.000000e-02	2.000000e-11	2.000000e-13	2.000000e-11	2.000000e-18
4.344140625000006e-08	1.000000e+00	-5.979582e-19	1.000000e+00	0.000000e+00	1.000000e+00	5.979582e-19	1.000000e+00	0.000000e+00	2.000000e-02	1.195916e-20	2.000000e-02	0.000000e+00	2.000000e-02	1.195916e-20	2.000000e-02	0.000000e+00	-1.195916e-20	0.000000e+00	-2.000000e-02	-2.000000e-02	2.000000e-11	2.000000e-13	2.000000e-11	2.000000e-18
4.349023437500006e-08	1.000000e+00	-5.979582e-19	1.000000e+00	0.000000e+00	1.000000e+00	5.979582e-19	1.000000e+00	0.000000e+00	2.000000e-02	1.195916e-20	2.000000e-02	0.000000e+00	2.000000e-02	1.195916e-20	2.000000e-02	0.000000e+00	-1.195916e-20	0.000000e+00	-2.000000e-02	-2.000000e-02	2.000000e-11	2.000000e-13	2.000000e-11	2.000000e-18
4.353906250000006e-08	1.000000e+00	-5.979582e-19	1.000000e+00	0.000000e+00	1.000000e+00	5.979582e-19	1.000000e+00	0.000000e+00	2.000000e-02	1.195916e-20	2.000000e-02	0.000000e+00	2.000000e-02	1.195916e-20	2.000000e-02	0.000000e+00	-1.195916e-20	0.000000e+00	-2.000000e-02	-2.000000e-02	2.000000e-11	2.000000e-13	2.000000e-11	2.000000e-18
4.358789062500007e-08	1.000000e+00	-5.979582e-19	1.000000e+00	0.000000e+00	1.000000e+00	5.979582e-19	1.000000e+00	0.000000e+00	2.000000e-02	1.195916e-20	2.000000e-02	0.000000e+00	2.000000e-02	1.195916e-20	2.000000e-02	0.000000e+00	-1.195916e-20	0.000000e+00	-2.000000e-02	-2.000000e-02	2.000000e-11	2.000000e-13	2.000000e-11	2.000000e-18
4.363671875000007e-08	1.000000e+00	-5.979582e-19	1.000000e+00	0.000000e+00	1.000000e+00	5.979582e-19	1.000000e+00	0.000000e+00	2.000000e-02	1.195916e-20	2.000000e-02	0.000000e+00	2.000000e-02	1.195916e-20	2.000000e-02	0.000000e+00	-1.195916e-20	0.000000e+00	-2.000000e-02	-2.000000e-02	2.000000e-11	2.000000e-13	2.000000e-11	2.000000e-18
4.368554687500007e-08	1.000000e+00	-5.979582e-19	1.000000e+00	0.000000e+00	1.000000e+00	5.979582e-19	1.000000e+00	0.000000e+00	2.000000e-02	1.195916e-20	2.000000e-02	0.000000e+00	2.000000e-02	1.195916e-20	2.000000e-02	0.000000e+00	-1.195916e-20	0.000000e+00	-2.000000e-02	-2.000000e-02	2.000000e-11	2.000000e-13	2.000000e-11	2.000000e-18
4.373437500000007e-08	1.000000e+00	-5.979582e-19	1.000000e+00	0.000000e+00	1.000000e+00	5.979582e-19	1.000000e+00	0.000000e+00	2.000000e-02	1.195916e-20	2.000000e-02	0.000000e+00	2.000000e-02	1.195916e-20	2.000000e-02	0.000000e+00	-1.195916e-20	0.000000e+00	-2.000000e-02	-2.000000e-02	2.000000e-11	2.000000e-13	2.000000e-11	2.000000e-18
4.378320312500007e-08	1.000000e+00	-5.979582e-19	1.000000e+00	0.000000e+00	1.000000e+00	5.979582e-19	1.000000e+00	0.000000e+00	2.000000e-02	1.195916e-20	2.000000e-02	0.000000e+00	2.000000e-02	1.195916e-20	2.000000e-02	0.000000e+00	-1.195916e-20	0.000000e+00	-2.000000e-02	-2.000000e-02	2.000000e-11	2.000000e-13	2.000000e-11	2.000000e-18
4.383203125000007e-08	1.000000e+00	-5.979582e-19	1.000000e+00	0.000000e+00	1.000000e+00	5.979582e-19	1.000000e+00	0.000000e+00	2.000000e-02	1.195916e-20	2.000000e-02	0.000000e+00	2.000000e-02	1.195916e-20	2.000000e-02	0.000000e+00	-1.195916e-20	0.000000e+00	-2.000000e-02	-2.000000e-02	2.000000e-11	2.000000e-13	2.000000e-11	2.000000e-18
4.388085937500007e-08	1.000000e+00	-5.979582e-19	1.000000e+00	0.000000e+00	1.000000e+00	5.979582e-19	1.000000e+00	0.000000e+00	2.000000e-02	1.195916e-20	2.000000e-02	0.000000e+00	2.000000e-02	1.195916e-20	2.000000e-02	0.000000e+00	-1.195916e-20	0.000000e+00	-2.000000e-02	-2.000000e-02	2.000000e-11	2.000000e-13	2.000000e-11	2.000000e-18
4.392968750000007e-08	1.000000e+00	-5.979582e-19	1.000000e+00	0.000000e+00	1.000000e+00	5.979582e-19	1.000000e+00	0.000000e+00	2.000000e-02	1.195916e-20	2.000000e-02	0.000000e+00	2.000000e-02	1.195916e-20	2.000000e-02	0.000000e+00	-1.195916e-20	0.000000e+00	-2.000000e-02	-2.000000e-02	2.000000e-11	2.000000e-13	2.000000e-11	2.000000e-18
4.397851562500008e-08	1.000000e+00	-5.979582e-19	1.000000e+00	0.000000e+00	1.000000e+00	5.979582e-19	1.000000e+00	0.000000e+00	2.000000e-02	1.195916e-20	2.000000e-02	0.000000e+00	2.000000e-02	1.195916e-20	2.000000e-02	0.000000e+00	-1.195916e-20	0.000000e+00	-2.000000e-02	-2.000000e-02	2.000000e-11	2.000000e-13	2.000000e-11	2.000000e-18
4.402734375000008e-08	1.000000e+00	-5.979582e-19	1.000000e+00	0.000000e+00	1.000000e+00	5.979582e-19	1.000000e+00	0.000000e+00	2.000000e-02	1.195916e-20	2.000000e-02	0.000000e+00	2.000000e-02	1.195916e-20	2.000000e-02	0.000000e+00	-1.195916e-20	0.000000e+00	-2.000000e-02	-2.000000e-02	2.000000e-11	2.000000e-13	2.000000e-11	2.000000e-18
4.407617187500008e-08	1.000000e+00	-5.979582e-19	1.000000e+00	0.000000e+00	1.000000e+00	5.979582e-19	1.000000e+00	0.000000e+00	2.000000e-02	1.195916e-20	2.000000e-02	0.000000e+00	2.000000e-02	1.195916e-20	2.000000e-02	0.000000e+00	-1.195916e-20	0.000000e+00	-2.000000e-02	-2.000000e-02	2.000000e-11	2.000000e-13	2.000000e-11	2.000000e-18
4.412500000000008e-08	1.000000e+00	-5.979582e-19	1.000000e+00	0.000000e+00	1.000000e+00	5.979582e-19	1.000000e+00	0.000000e+00	2.000000e-02	1.195916e-20	2.000000e-02	0.000000e+00	2.000000e-02	1.195916e-20	2.000000e-02	0.000000e+00	-1.195916e-20	0.000000e+00	-2.000000e-02	-2.000000e-02	2.000000e-11	2.000000e-13	2.000000e-11	2.000000e-18
4.417382812500008e-08	1.000000e+00	-5.979582e-19	1.000000e+00	0.000000e+00	1.000000e+00	5.979582e-19	1.000000e+00	0.000000e+00	2.000000e-02	1.195916e-20	2.000000e-02	0.000000e+00	2.000000e-02	1.195916e-20	2.000000e-02	0.000000e+00	-1.195916e-20	0.000000e+00	-2.000000e-02	-2.000000e-02	2.000000e-11	2.000000e-13	2.000000e-11	2.000000e-18
4.422265625000008e-08	1.000000e+00	-5.979582e-19	1.000000e+00	0.000000e+00	1.000000e+00	5.979582e-19	1.000000e+00	0.000000e+00	2.000000e-02	1.195916e-20	2.000000e-02	0.000000e+00	2.000000e-02	1.195916e-20	2.000000e-02	0.000000e+00	-1.195916e-20	0.000000e+00	-2.000000e-02	-2.000000e-02	2.000000e-11	2.000000e-13	2.000000e-11	2.000000e-18
4.427148437500008e-08	1.000000e+00	-5.979582e-19	1.000000e+00	0.000000e+00	1.000000e+00	5.979582e-19	1.000000e+00	0.000000e+00	2.000000e-02	1.195916e-20	2.000000e-02	0.000000e+00	2.000000e-02	1.195916e-20	2.000000e-02	0.000000e+00	-1.195916e-20	0.000000e+00	-2.000000e-02	-2.000000e-02	2.000000e-11	2.000000e-13	2.000000e-11	2.000000e-18
4.432031250000008e-08	1.000000e+00	-5.979582e-19	1.000000e+00	0.000000e+00	1.000000e+00	5.979582e-19	1.000000e+00	0.000000e+00	2.000000e-02	1.195916e-20	2.000000e-02	0.000000e+00	2.000000e-02	1.195916e-20	2.000000e-02	0.000000e+00	-1.195916e-20	0.000000e+00	-2.000000e-02	-2.000000e-02	2.000000e-11	2.000000e-13	2.000000e-11	2.000000e-18
4.436914062500009e-08	1.000000e+00	-5.979582e-19	1.000000e+00	0.000000e+00	1.000000e+00	5.979582e-19	1.000000e+00	0.000000e+00	2.000000e-02	1.195916e-20	2.000000e-02	0.000000e+00	2.000000e-02	1.195916e-20	2.000000e-02	0.000000e+00	-1.195916e-20	0.000000e+00	-2.000000e-02	-2.000000e-02	2.000000e-11	2.000000e-13	2.000000e-11	2.000000e-18
4.441796875000009e-08	1.000000e+00	-5.979582e-19	1.000000e+00	0.000000e+00	1.000000e+00	5.979582e-19	1.000000e+00	0.000000e+00	2.000000e-02	1.195916e-20	2.000000e-02	0.000000e+00	2.000000e-02	1.195916e-20	2.000000e-02	0.000000e+00	-1.195916e-20	0.000000e+00	-2.000000e-02	-2.000000e-02	2.000000e-11	2.000000e-13	2.000000e-11	2.000000e-18
4.446679687500009e-08	1.000000e+00	-5.979582e-19	1.000000e+00	0.000000e+00	1.000000e+00	5.979582e-19	1.000000e+00	0.000000e+00	2.000000e-02	1.195916e-20	2.000000e-02	0.000000e+00	2.000000e-02	1.195916e-20	2.000000e-02	0.000000e+00	-1.195916e-20	0.000000e+00	-2.000000e-02	-2.000000e-02	2.000000e-11	2.000000e-13	2.000000e-11	2.000000e-18
4.451562500000009e-08	1.000000e+00	-5.979582e-19	1.000000e+00	0.000000e+00	1.000000e+00	5.979582e-19	1.000000e+00	0.000000e+00	2.000000e-02	1.195916e-20	2.000000e-02	0.000000e+00	2.000000e-02	1.195916e-20	2.000000e-02	0.000000e+00	-1.195916e-20	0.000000e+00	-2.000000e-02	-2.000000e-02	2.000000e-11	2.000000e-13	2.000000e-11	2.000000e-18
4.456445312500009e-08	1.000000e+00	-5.979582e-19	1.000000e+00	0.000000e+00	1.000000e+00	5.979582e-19	1.000000e+00	0.000000e+00	2.000000e-02	1.195916e-20	2.000000e-02	0.000000e+00	2.000000e-02	1.195916e-20	2.000000e-02	0.000000e+00	-1.195916e-20	0.000000e+00	-2.000000e-02	-2.000000e-02	2.000000e-11	2.000000e-13	2.000000e-11	2.000000e-18
4.461328125000009e-08	1.000000e+00	-5.979582e-19	1.000000e+00	0.000000e+00	1.000000e+00	5.979582e-19	1.000000e+00	0.000000e+00	2.000000e-02	1.195916e-20	2.000000e-02	0.000000e+00	2.000000e-02	1.195916e-20	2.000000e-02	0.000000e+00	-1.195916e-20	0.000000e+00	-2.000000e-02	-2.000000e-02	2.000000e-11	2.000000e-13	2.000000e-11	2.000000e-18
4.466210937500009e-08	1.000000e+00	-5.979582e-19	1.000000e+00	0.000000e+00	1.000000e+00	5.979582e-19	1.000000e+00	0.000000e+00	2.000000e-02	1.195916e-20	2.000000e-02	0.000000e+00	2.000000e-02	1.195916e-20	2.000000e-02	0.000000e+00	-1.195916e-20	0.000000e+00	-2.000000e-02	-2.000000e-02	2.000000e-11	2.000000e-13	2.000000e-11	2.000000e-18
4.471093750000009e-08	1.000000e+00	-5.979582e-19	1.000000e+00	0.000000e+00	1.000000e+00	5.979582e-19	1.000000e+00	0.000000e+00	2.000000e-02	1.195916e-20	2.000000e-02	0.000000e+00	2.000000e-02	1.195916e-20	2.000000e-02	0.000000e+00	-1.195916e-20	0.000000e+00	-2.000000e-02	-2.000000e-02	2.000000e-11	2.000000e-13	2.000000e-11	2.000000e-18
4.475976562500009e-08	1.000000e+00	-5.979582e-19	1.000000e+00	0.000000e+00	1.000000e+00	5.979582e-19	1.000000e+00	0.000000e+00	2.000000e-02	1.195916e-20	2.000000e-02	0.000000e+00	2.000000e-02	1.195916e-20	2.000000e-02	0.000000e+00	-1.195916e-20	0.000000e+00	-2.000000e-02	-2.000000e-02	2.000000e-11	2.000000e-13	2.000000e-11	2.000000e-18
4.480859375000010e-08	1.000000e+00	-5.979582e-19	1.000000e+00	0.000000e+00	1.000000e+00	5.979582e-19	1.000000e+00	0.000000e+00	2.000000e-02	1.195916e-20	2.000000e-02	0.000000e+00	2.000000e-02	1.195916e-20	2.000000e-02	0.000000e+00	-1.195916e-20	0.000000e+00	-2.000000e-02	-2.000000e-02	2.000000e-11	2.000000e-13	2.000000e-11	2.000000e-18
4.485742187500010e-08	1.000000e+00	-5.979582e-19	1.000000e+00	0.000000e+00	1.000000e+00	5.979582e-19	1.000000e+00	0.000000e+00	2.000000e-02	1.195916e-20	2.000000e-02	0.000000e+00	2.000000e-02	1.195916e-20	2.000000e-02	0.000000e+00	-1.195916e-20	0.000000e+00	-2.000000e-02	-2.000000e-02	2.000000e-11	2.000000e-13	2.000000e-11	2.000000e-18
4.490625000000010e-08	1.000000e+00	-5.979582e-19	1.000000e+00	0.000000e+00	1.000000e+00	5.979582e-19	1.000000e+00	0.000000e+00	2.000000e-02	1.195916e-20	2.000000e-02	0.000000e+00	2.000000e-02	1.195916e-20	2.000000e-02	0.000000e+00	-1.195916e-20	0.000000e+00	-2.000000e-02	-2.000000e-02	2.000000e-11	2.000000e-13	2.000000e-11	2.000000e-18
4.495507812500010e-08	1.000000e+00	-5.979582e-19	1.000000e+00	0.000000e+00	1.000000e+00	5.979582e-19	1.000000e+00	0.000000e+00	2.000000e-02	1.195916e-20	2.000000e-02	0.000000e+00	2.000000e-02	1.195916e-20	2.000000e-02	0.000000e+00	-1.195916e-20	0.000000e+00	-2.000000e-02	-2.000000e-02	2.000000e-11	2.000000e-13	2.000000e-11	2.000000e-18
4.500390625000010e-08	1.000000e+00	-5.979582e-19	1.000000e+00	0.000000e+00	1.000000e+00	5.979582e-19	1.000000e+00	0.000000e+00	2.000000e-02	1.195916e-20	2.000000e-02	0.000000e+00	2.000000e-02	1.195916e-20	2.000000e-02	0.000000e+00	-1.195916e-20	0.000000e+00	-2.000000e-02	-2.000000e-02	2.000000e-11	2.000000e-13	2.000000e-11	2.000000e-18
4.505273437500010e-08	1.000000e+00	-5.979582e-19	1.000000e+00	0.000000e+00	1.000000e+00	5.979582e-19	1.000000e+00	0.000000e+00	2.000000e-02	1.195916e-20	2.000000e-02	0.000000e+00	2.000000e-02	1.195916e-20	2.000000e-02	0.000000e+00	-1.195916e-20	0.000000e+00	-2.000000e-02	-2.000000e-02	2.000000e-11	2.000000e-13	2.000000e-11	2.000000e-18
4.510156250000010e-08	1.000000e+00	-5.979582e-19	1.000000e+00	0.000000e+00	1.000000e+00	5.979582e-19	1.000000e+00	0.000000e+00	2.000000e-02	1.195916e-20	2.000000e-02	0.000000e+00	2.000000e-02	1.195916e-20	2.000000e-02	0.000000e+00	-1.195916e-20	0.000000e+00	-2.000000e-02	-2.000000e-02	2.000000e-11	2.000000e-13	2.000000e-11	2.000000e-18
4.515039062500010e-08	1.000000e+00	-5.979582e-19	1.000000e+00	0.000000e+00	1.000000e+00	5.979582e-19	1.000000e+00	0.000000e+00	2.000000e-02	1.195916e-20	2.000000e-02	0.000000e+00	2.000000e-02	1.195916e-20	2.000000e-02	0.000000e+00	-1.195916e-20	0.000000e+00	-2.000000e-02	-2.000000e-02	2.000000e-11	2.000000e-13	2.000000e-11	2.000000e-18
4.519921875000011e-08	1.000000e+00	-5.979582e-19	1.000000e+00	0.000000e+00	1.000000e+00	5.979582e-19	1.000000e+00	0.000000e+00	2.000000e-02	1.195916e-20	2.000000e-02	0.000000e+00	2.000000e-02	1.195916e-20	2.000000e-02	0.000000e+00	-1.195916e-20	0.000000e+00	-2.000000e-02	-2.000000e-02	2.000000e-11	2.000000e-13	2.000000e-11	2.000000e-18
4.524804687500011e-08	1.000000e+00	-5.979582e-19	1.000000e+00	0.000000e+00	1.000000e+00	5.979582e-19	1.000000e+00	0.000000e+00	2.000000e-02	1.195916e-20	2.000000e-02	0.000000e+00	2.000000e-02	1.195916e-20	2.000000e-02	0.000000e+00	-1.195916e-20	0.000000e+00	-2.000000e-02	-2.000000e-02	2.000000e-11	2.000000e-13	2.000000e-11	2.000000e-18
4.529687500000011e-08	1.000000e+00	-5.979582e-19	1.000000e+00	0.000000e+00	1.000000e+00	5.979582e-19	1.000000e+00	0.000000e+00	2.000000e-02	1.195916e-20	2.000000e-02	0.000000e+00	2.000000e-02	1.195916e-20	2.000000e-02	0.000000e+00	-1.195916e-20	0.000000e+00	-2.000000e-02	-2.000000e-02	2.000000e-11	2.000000e-13	2.000000e-11	2.000000e-18
4.534570312500011e-08	1.000000e+00	-5.979582e-19	1.000000e+00	0.000000e+00	1.000000e+00	5.979582e-19	1.000000e+00	0.000000e+00	2.000000e-02	1.195916e-20	2.000000e-02	0.000000e+00	2.000000e-02	1.195916e-20	2.000000e-02	0.000000e+00	-1.195916e-20	0.000000e+00	-2.000000e-02	-2.000000e-02	2.000000e-11	2.000000e-13	2.000000e-11	2.000000e-18
4.539453125000011e-08	1.000000e+00	-5.979582e-19	1.000000e+00	0.000000e+00	1.000000e+00	5.979582e-19	1.000000e+00	0.000000e+00	2.000000e-02	1.195916e-20	2.000000e-02	0.000000e+00	2.000000e-02	1.195916e-20	2.000000e-02	0.000000e+00	-1.195916e-20	0.000000e+00	-2.000000e-02	-2.000000e-02	2.000000e-11	2.000000e-13	2.000000e-11	2.000000e-18
4.544335937500011e-08	1.000000e+00	-5.979582e-19	1.000000e+00	0.000000e+00	1.000000e+00	5.979582e-19	1.000000e+00	0.000000e+00	2.000000e-02	1.195916e-20	2.000000e-02	0.000000e+00	2.000000e-02	1.195916e-20	2.000000e-02	0.000000e+00	-1.195916e-20	0.000000e+00	-2.000000e-02	-2.000000e-02	2.000000e-11	2.000000e-13	2.000000e-11	2.000000e-18
4.549218750000011e-08	1.000000e+00	-5.979582e-19	1.000000e+00	0.000000e+00	1.000000e+00	5.979582e-19	1.000000e+00	0.000000e+00	2.000000e-02	1.195916e-20	2.000000e-02	0.000000e+00	2.000000e-02	1.195916e-20	2.000000e-02	0.000000e+00	-1.195916e-20	0.000000e+00	-2.000000e-02	-2.000000e-02	2.000000e-11	2.000000e-13	2.000000e-11	2.000000e-18
4.554101562500011e-08	1.000000e+00	-5.979582e-19	1.000000e+00	0.000000e+00	1.000000e+00	5.979582e-19	1.000000e+00	0.000000e+00	2.000000e-02	1.195916e-20	2.000000e-02	0.000000e+00	2.000000e-02	1.195916e-20	2.000000e-02	0.000000e+00	-1.195916e-20	0.000000e+00	-2.000000e-02	-2.000000e-02	2.000000e-11	2.000000e-13	2.000000e-11	2.000000e-18
4.558984375000011e-08	1.000000e+00	-5.979582e-19	1.000000e+00	0.000000e+00	1.000000e+00	5.979582e-19	1.000000e+00	0.000000e+00	2.000000e-02	1.195916e-20	2.000000e-02	0.000000e+00	2.000000e-02	1.195916e-20	2.000000e-02	0.000000e+00	-1.195916e-20	0.000000e+00	-2.000000e-02	-2.000000e-02	2.000000e-11	2.000000e-13	2.000000e-11	2.000000e-18
4.563867187500012e-08	1.000000e+00	-5.979582e-19	1.000000e+00	0.000000e+00	1.000000e+00	5.979582e-19	1.000000e+00	0.000000e+00	2.000000e-02	1.195916e-20	2.000000e-02	0.000000e+00	2.000000e-02	1.195916e-20	2.000000e-02	0.000000e+00	-1.195916e-20	0.000000e+00	-2.000000e-02	-2.000000e-02	2.000000e-11	2.000000e-13	2.000000e-11	2.000000e-18
4.568750000000012e-08	1.000000e+00	-5.979582e-19	1.000000e+00	0.000000e+00	1.000000e+00	5.979582e-19	1.000000e+00	0.000000e+00	2.000000e-02	1.195916e-20	2.000000e-02	0.000000e+00	2.000000e-02	1.195916e-20	2.000000e-02	0.000000e+00	-1.195916e-20	0.000000e+00	-2.000000e-02	-2.000000e-02	2.000000e-11	2.000000e-13	2.000000e-11	2.000000e-18
4.573632812500012e-08	1.000000e+00	-5.979582e-19	1.000000e+00	0.000000e+00	1.000000e+00	5.979582e-19	1.000000e+00	0.000000e+00	2.000000e-02	1.195916e-20	2.000000e-02	0.000000e+00	2.000000e-02	1.195916e-20	2.000000e-02	0.000000e+00	-1.195916e-20	0.000000e+00	-2.000000e-02	-2.000000e-02	2.000000e-11	2.000000e-13	2.000000e-11	2.000000e-18
4.578515625000012e-08	1.000000e+00	-5.979582e-19	1.000000e+00	0.000000e+00	1.000000e+00	5.979582e-19	1.000000e+00	0.000000e+00	2.000000e-02	1.195916e-20	2.000000e-02	0.000000e+00	2.000000e-02	1.195916e-20	2.000000e-02	0.000000e+00	-1.195916e-20	0.000000e+00	-2.000000e-02	-2.000000e-02	2.000000e-11	2.000000e-13	2.000000e-11	2.000000e-18
4.583398437500012e-08	1.000000e+00	-5.979582e-19	1.000000e+00	0.000000e+00	1.000000e+00	5.979582e-19	1.000000e+00	0.000000e+00	2.000000e-02	1.195916e-20	2.000000e-02	0.000000e+00	2.000000e-02	1.195916e-20	2.000000e-02	0.000000e+00	-1.195916e-20	0.000000e+00	-2.000000e-02	-2.000000e-02	2.000000e-11	2.000000e-13	2.000000e-11	2.000000e-18
4.588281250000012e-08	1.000000e+00	-5.979582e-19	1.000000e+00	0.000000e+00	1.000000e+00	5.979582e-19	1.000000e+00	0.000000e+00	2.000000e-02	1.195916e-20	2.000000e-02	0.000000e+00	2.000000e-02	1.195916e-20	2.000000e-02	0.000000e+00	-1.195916e-20	0.000000e+00	-2.000000e-02	-2.000000e-02	2.000000e-11	2.000000e-13	2.000000e-11	2.000000e-18
4.593164062500012e-08	1.000000e+00	-5.979582e-19	1.000000e+00	0.000000e+00	1.000000e+00	5.979582e-19	1.000000e+00	0.000000e+00	2.000000e-02	1.195916e-20	2.000000e-02	0.000000e+00	2.000000e-02	1.195916e-20	2.000000e-02	0.000000e+00	-1.195916e-20	0.000000e+00	-2.000000e-02	-2.000000e-02	2.000000e-11	2.000000e-13	2.000000e-11	2.000000e-18
4.598046875000012e-08	1.000000e+00	-5.979582e-19	1.000000e+00	0.000000e+00	1.000000e+00	5.979582e-19	1.000000e+00	0.000000e+00	2.000000e-02	1.195916e-20	2.000000e-02	0.000000e+00	2.000000e-02	1.195916e-20	2.000000e-02	0.000000e+00	-1.195916e-20	0.000000e+00	-2.000000e-02	-2.000000e-02	2.000000e-11	2.000000e-13	2.000000e-11	2.000000e-18
4.600000000000000e-08	1.000000e+00	0.000000e+00	1.000000e+00	0.000000e+00	1.000000e+00	0.000000e+00	1.000000e+00	0.000000e+00	2.000000e-02	0.000000e+00	2.000000e-02	0.000000e+00	2.000000e-02	0.000000e+00	2.000000e-02	0.000000e+00	0.000000e+00	0.000000e+00	-2.000000e-02	-2.000000e-02	2.000000e-11	2.000000e-13	2.000000e-11	2.000000e-18
4.604882812500000e-08	9.511719e-01	-7.412253e-05	9.511719e-01	-7.412146e-10	9.726750e-01	7.412253e-05	9.726754e-01	7.412146e-10	1.945350e-02	1.482451e-06	1.945351e-02	1.482429e-11	1.945350e-02	1.482451e-06	1.945351e-02	1.482429e-11	-1.482451e-06	-1.482429e-11	-1.945350e-02	-1.945351e-02	1.947502e-11	1.963807e-13	1.947501e-11	1.963808e-18
4.609765625000000e-08	9.023438e-01	-1.145942e-04	9.023438e-01	-1.145952e-09	9.222305e-01	1.145942e-04	9.222307e-01	1.145952e-09	1.844461e-02	2.291884e-06	1.844461e-02	2.291904e-11	1.844461e-02	2.291884e-06	1.844461e-02	2.291904e-11	-2.291884e-06	-2.291904e-11	-1.844461e-02	-1.844461e-02	1.846452e-11	1.871661e-13	1.846450e-11	1.871661e-18
4.614648437500001e-08	8.535156e-01	-9.411088e-05	8.535156e-01	-9.411135e-10	8.735242e-01	9.411088e-05	8.735241e-01	9.411135e-10	1.747048e-02	1.882218e-06	1.747048e-02	1.882227e-11	1.747048e-02	1.882218e-06	1.747048e-02	1.882227e-11	-1.882218e-06	-1.882227e-11	-1.747048e-02	-1.747048e-02	1.749051e-11	1.769754e-13	1.749049e-11	1.769754e-18
4.619531250000001e-08	8.046875e-01	-1.022582e-04	8.046875e-01	-1.022576e-09	8.246868e-01	1.022582e-04	8.246869e-01	1.022576e-09	1.649374e-02	2.045165e-06	1.649374e-02	2.045152e-11	1.649374e-02	2.045165e-06	1.649374e-02	2.045152e-11	-2.045165e-06	-2.045152e-11	-1.649374e-02	-1.649374e-02	1.651376e-11	1.673870e-13	1.651374e-11	1.673870e-18
4.624414062500001e-08	7.558594e-01	-9.914240e-05	7.558594e-01	-9.914284e-10	7.758594e-01	9.914240e-05	7.758594e-01	9.914284e-10	1.551719e-02	1.982848e-06	1.551719e-02	1.982857e-11	1.551719e-02	1.982848e-06	1.551719e-02	1.982857e-11	-1.982848e-06	-1.982857e-11	-1.551719e-02	-1.551719e-02	1.553721e-11	1.575530e-13	1.553719e-11	1.575530e-18
4.629296875000001e-08	7.070312e-01	-1.003251e-04	7.070312e-01	-1.003248e-09	7.270312e-01	1.003251e-04	7.270312e-01	1.003248e-09	1.454062e-02	2.006501e-06	1.454062e-02	2.006497e-11	1.454062e-02	2.006501e-06	1.454062e-02	2.006497e-11	-2.006501e-06	-2.006497e-11	-1.454062e-02	-1.454062e-02	1.456065e-11	1.478134e-13	1.456063e-11	1.478134e-18
4.634179687500001e-08	6.582031e-01	-9.987683e-05	6.582031e-01	-9.987695e-10	6.782031e-01	9.987683e-05	6.782031e-01	9.987695e-10	1.356406e-02	1.997537e-06	1.356406e-02	1.997539e-11	1.356406e-02	1.997537e-06	1.356406e-02	1.997539e-11	-1.997537e-06	-1.997539e-11	-1.356406e-02	-1.356406e-02	1.358408e-11	1.380379e-13	1.358406e-11	1.380379e-18
4.639062500000001e-08	6.093750e-01	-1.000467e-04	6.093750e-01	-1.000466e-09	6.293750e-01	1.000467e-04	6.293750e-01	1.000466e-09	1.258750e-02	2.000933e-06	1.258750e-02	2.000932e-11	1.258750e-02	2.000933e-06	1.258750e-02	2.000932e-11	-2.000933e-06	-2.000932e-11	-1.258750e-02	-1.258750e-02	1.260752e-11	1.282760e-13	1.260750e-11	1.282760e-18
4.643945312500001e-08	5.605469e-01	-9.998232e-05	5.605469e-01	-9.998234e-10	5.805469e-01	9.998232e-05	5.805469e-01	9.998234e-10	1.161094e-02	1.999646e-06	1.161094e-02	1.999647e-11	1.161094e-02	1.999646e-06	1.161094e-02	1.999647e-11	-1.999646e-06	-1.999647e-11	-1.161094e-02	-1.161094e-02	1.163096e-11	1.185090e-13	1.163094e-11	1.185090e-18
4.648828125000001e-08	5.117188e-01	-1.000067e-04	5.117188e-01	-1.000067e-09	5.317187e-01	1.000067e-04	5.317187e-01	1.000067e-09	1.063437e-02	2.000134e-06	1.063437e-02	2.000134e-11	1.063437e-02	2.000134e-06	1.063437e-02	2.000134e-11	-2.000134e-06	-2.000134e-11	-1.063437e-02	-1.063437e-02	1.065440e-11	1.087439e-13	1.065437e-11	1.087439e-18
4.653710937500001e-08	4.628906e-01	-9.999747e-05	4.628906e-01	-9.999747e-10	4.828906e-01	9.999747e-05	4.828906e-01	9.999747e-10	9.657812e-03	1.999949e-06	9.657812e-03	1.999949e-11	9.657812e-03	1.999949e-06	9.657812e-03	1.999949e-11	-1.999949e-06	-1.999949e-11	-9.657812e-03	-9.657812e-03	9.677835e-12	9.897807e-14	9.677812e-12	9.897806e-19
4.658593750000002e-08	4.140625e-01	-1.000010e-04	4.140625e-01	-1.000010e-09	4.340625e-01	1.000010e-04	4.340625e-01	1.000010e-09	8.681250e-03	2.000019e-06	8.681250e-03	2.000019e-11	8.681250e-03	2.000019e-06	8.681250e-03	2.000019e-11	-2.000019e-06	-2.000019e-11	-8.681250e-03	-8.681250e-03	8.701272e-12	8.921252e-14	8.701250e-12	8.921253e-19
4.663476562500002e-08	3.652344e-01	-9.999963e-05	3.652344e-01	-9.999964e-10	3.852344e-01	9.999963e-05	3.852344e-01	9.999964e-10	7.704687e-03	1.999993e-06	7.704687e-03	1.999993e-11	7.704687e-03	1.999993e-06	7.704687e-03	1.999993e-11	-1.999993e-06	-1.999993e-11	-7.704687e-03	-7.704687e-03	7.724710e-12	7.944687e-14	7.724687e-12	7.944687e-19
4.668359375000002e-08	3.164062e-01	-1.000001e-04	3.164062e-01	-1.000001e-09	3.364063e-01	1.000001e-04	3.364063e-01	1.000001e-09	6.728125e-03	2.000003e-06	6.728125e-03	2.000003e-11	6.728125e-03	2.000003e-06	6.728125e-03	2.000003e-11	-2.000003e-06	-2.000003e-11	-6.728125e-03	-6.728125e-03	6.748147e-12	6.968125e-14	6.748125e-12	6.968126e-19
4.673242187500002e-08	2.675781e-01	-9.999995e-05	2.675781e-01	-9.999995e-10	2.875781e-01	9.999995e-05	2.875781e-01	9.999995e-10	5.751562e-03	1.999999e-06	5.751562e-03	1.999999e-11	5.751562e-03	1.999999e-06	5.751562e-03	1.999999e-11	-1.999999e-06	-1.999999e-11	-5.751562e-03	-5.751562e-03	5.771585e-12	5.991562e-14	5.771562e-12	5.991562e-19
4.678125000000002e-08	2.187500e-01	-1.000000e-04	2.187500e-01	-1.000000e-09	2.387500e-01	1.000000e-04	2.387500e-01	1.000000e-09	4.775000e-03	2.000000e-06	4.775000e-03	2.000000e-11	4.775000e-03	2.000000e-06	4.775000e-03	2.000000e-11	-2.000000e-06	-2.000000e-11	-4.775000e-03	-4.775000e-03	4.795022e-12	5.015000e-14	4.795000e-12	5.015000e-19
4.683007812500002e-08	1.699219e-01	-9.999999e-05	1.699219e-01	-1.000000e-09	1.899219e-01	9.999999e-05	1.899219e-01	1.000000e-09	3.798438e-03	2.000000e-06	3.798438e-03	2.000000e-11	3.798438e-03	2.000000e-06	3.798438e-03	2.000000e-11	-2.000000e-06	-2.000000e-11	-3.798438e-03	-3.798438e-03	3.818459e-12	4.038438e-14	3.818437e-12	4.038437e-19
4.687890625000002e-08	1.210938e-01	-1.000000e-04	1.210938e-01	-1.000000e-09	1.410937e-01	1.000000e-04	1.410937e-01	1.000000e-09	2.821875e-03	2.000000e-06	2.821875e-03	2.000000e-11	2.821875e-03	2.000000e-06	2.821875e-03	2.000000e-11	-2.000000e-06	-2.000000e-11	-2.821875e-03	-2.821875e-03	2.841897e-12	3.061875e-14	2.841875e-12	3.061875e-19
4.692773437500002e-08	7.226562e-02	-1.000000e-04	7.226562e-02	-1.000000e-09	9.226563e-02	1.000000e-04	9.226563e-02	1.000000e-09	1.845313e-03	2.000000e-06	1.845313e-03	2.000000e-11	1.845313e-03	2.000000e-06	1.845313e-03	2.000000e-11	-2.000000e-06	-2.000000e-11	-1.845313e-03	-1.845313e-03	1.865334e-12	2.085312e-14	1.865313e-12	2.085313e-19
4.697656250000003e-08	2.343750e-02	-1.000000e-04	2.343750e-02	-1.000000e-09	4.343750e-02	1.000000e-04	4.343750e-02	1.000000e-09	8.687500e-04	2.000000e-06	8.687500e-04	2.000000e-11	8.687500e-04	2.000000e-06	8.687500e-04	2.000000e-11	-2.000000e-06	-2.000000e-11	-8.687500e-04	-8.687500e-04	8.887720e-13	1.108750e-14	8.887500e-13	1.108750e-19
4.700000000000000e-08	0.000000e+00	-1.000000e-04	0.000000e+00	-1.000000e-09	2.000000e-02	1.000000e-04	2.000000e-02	1.000000e-09	4.000000e-04	2.000000e-06	4.000000e-04	2.000000e-11	4.000000e-04	2.000000e-06	4.000000e-04	2.000000e-11	-2.000000e-06	-2.000000e-11	-4.000000e-04	-4.000000e-04	4.200220e-13	6.400000e-15	4.200000e-13	6.400000e-20
4.701976548740077e-08	0.000000e+00	-6.971015e-05	0.000000e+00	-6.971123e-10	7.199872e-03	6.971015e-05	7.199656e-03	6.971123e-10	1.439974e-04	1.394203e-06	1.439931e-04	1.394225e-11	1.439974e-04	1.394203e-06	1.439931e-04	1.394225e-11	-1.394203e-06	-1.394225e-11	-1.439974e-04	-1.439931e-04	1.512126e-13	3.045596e-15	1.511928e-13	3.045575e-20
4.703228979741926e-08	0.000000e+00	-3.925074e-05	0.000000e+00	-3.925193e-10	3.892476e-03	3.925074e-05	3.892114e-03	3.925193e-10	7.784952e-05	7.850148e-07	7.784228e-05	7.850386e-12	7.784952e-05	7.850148e-07	7.784228e-05	7.850386e-12	-7.850148e-07	-7.850386e-12	-7.784952e-05	-7.784228e-05	8.175064e-14	1.680936e-15	8.173439e-14	1.680886e-20
4.703915876973809e-08	0.000000e+00	-2.853150e-05	0.000000e+00	-2.853209e-10	2.798328e-03	2.853150e-05	2.797971e-03	2.853209e-10	5.596656e-05	5.706301e-07	5.595942e-05	5.706418e-12	5.596656e-05	5.706301e-07	5.595942e-05	5.706418e-12	-5.706301e-07	-5.706418e-12	-5.596656e-05	-5.595942e-05	5.877116e-14	1.215342e-15	5.875739e-14	1.215280e-20
4.704822861157311e-08	0.000000e+00	-1.859128e-05	0.000000e+00	-1.859124e-10	1.804465e-03	1.859128e-05	1.804149e-03	1.859124e-10	3.608931e-05	3.718255e-07	3.608299e-05	3.718248e-12	3.608931e-05	3.718255e-07	3.608299e-05	3.718248e-12	-3.718255e-07	-3.718248e-12	-3.608931e-05	-3.608299e-05	3.789786e-14	7.879458e-16	3.788714e-14	7.878787e-21
4.705783198126880e-08	0.000000e+00	-1.175499e-05	0.000000e+00	-1.175458e-10	1.132903e-03	1.175499e-05	1.132646e-03	1.175458e-10	2.265806e-05	2.350998e-07	2.265292e-05	2.350917e-12	2.265806e-05	2.350998e-07	2.265292e-05	2.350917e-12	-2.350998e-07	-2.350917e-12	-2.265806e-05	-2.265292e-05	2.379355e-14	4.965194e-16	2.378557e-14	4.964565e-21
4.706748672158271e-08	0.000000e+00	-7.393696e-06	0.000000e+00	-7.393147e-11	7.094403e-04	7.393696e-06	7.092425e-04	7.393147e-11	1.418881e-05	1.478739e-07	1.418485e-05	1.478630e-12	1.418881e-05	1.478739e-07	1.418485e-05	1.478630e-12	-1.478739e-07	-1.478630e-12	-1.418881e-05	-1.418485e-05	1.489987e-14	3.116438e-16	1.489409e-14	3.115902e-21
4.707766615871202e-08	0.000000e+00	-4.522177e-06	0.000000e+00	-4.521630e-11	4.326619e-04	4.522177e-06	4.325170e-04	4.521630e-11	8.653237e-06	9.044354e-08	8.650341e-06	9.043260e-13	8.653237e-06	9.044354e-08	8.650341e-06	9.043260e-13	-9.044354e-08	-9.043260e-13	-8.653237e-06	-8.650341e-06	9.086894e-15	1.903469e-16	9.082857e-15	1.903044e-21
4.708745971743542e-08	0.000000e+00	-2.816841e-06	0.000000e+00	-2.816365e-11	2.690537e-04	2.816841e-06	2.689492e-04	2.816365e-11	5.381075e-06	5.633682e-08	5.378983e-06	5.632730e-13	5.381075e-06	5.633682e-08	5.378983e-06	5.632730e-13	-5.633682e-08	-5.632730e-13	-5.381075e-06	-5.378983e-06	5.650748e-15	1.184718e-16	5.647932e-15	1.184393e-21
4.709792615441587e-08	0.000000e+00	-1.694948e-06	0.000000e+00	-1.694570e-11	1.617170e-04	1.694948e-06	1.616448e-04	1.694570e-11	3.234341e-06	3.389896e-08	3.232895e-06	3.389140e-13	3.234341e-06	3.389896e-08	3.232895e-06	3.389140e-13	-3.389896e-08	-3.389140e-13	-3.234341e-06	-3.232895e-06	3.396430e-15	7.124943e-17	3.394540e-15	7.122594e-22
4.711061105279591e-08	0.000000e+00	-9.094018e-07	0.000000e+00	-9.091356e-12	8.669846e-05	9.094018e-07	8.665341e-05	9.091356e-12	1.733969e-06	1.818804e-08	1.733068e-06	1.818271e-13	1.733969e-06	1.818804e-08	1.733068e-06	1.818271e-13	-1.818804e-08	-1.818271e-13	-1.733969e-06	-1.733068e-06	1.820868e-15	3.821352e-17	1.819722e-15	3.819820e-22
4.712567084672767e-08	0.000000e+00	-4.296094e-07	0.000000e+00	-4.294458e-12	4.093750e-05	4.296094e-07	4.091253e-05	4.294458e-12	8.187501e-07	8.592189e-09	8.182507e-07	8.588915e-14	8.187501e-07	8.592189e-09	8.182507e-07	8.588915e-14	-8.592189e-09	-8.588915e-14	-8.187501e-07	-8.182507e-07	8.597821e-16	1.804828e-17	8.591632e-16	1.803944e-22
4.714426276304663e-08	0.000000e+00	-1.660292e-07	0.000000e+00	-1.659461e-12	1.581704e-05	1.660292e-07	1.580547e-05	1.659461e-12	3.163407e-07	3.320584e-09	3.161095e-07	3.318922e-14	3.163407e-07	3.320584e-09	3.161095e-07	3.318922e-14	-3.320584e-09	-3.318922e-14	-3.163407e-07	-3.161095e-07	3.321943e-16	6.974219e-18	3.319150e-16	6.969963e-23
4.716733695820334e-08	0.000000e+00	-4.829890e-08	0.000000e+00	-4.826639e-13	4.600932e-06	4.829890e-08	4.596773e-06	4.826639e-13	9.201863e-08	9.659780e-10	9.193547e-08	9.653279e-15	9.201863e-08	9.659780e-10	9.193547e-08	9.653279e-15	-9.659780e-10	-9.653279e-15	-9.201863e-08	-9.193547e-08	9.663019e-17	2.028772e-18	9.653224e-17	2.027183e-23
4.719825764114785e-08	0.000000e+00	-7.340875e-09	0.000000e+00	-7.333342e-14	6.992968e-07	7.340875e-09	6.984179e-07	7.333342e-14	1.398594e-08	1.468175e-10	1.396836e-08	1.466668e-15	1.398594e-08	1.468175e-10	1.396836e-08	1.466668e-15	-1.468175e-10	-1.466668e-15	-1.398594e-08	-1.396836e-08	1.468685e-17	3.083516e-19	1.466678e-17	3.080013e-24
4.724188165722572e-08	0.000000e+00	1.388154e-10	0.000000e+00	1.390760e-15	-1.322501e-08	-1.388154e-10	-1.324677e-08	-1.390760e-15	-2.645001e-10	-2.776309e-12	-2.649355e-10	-2.781521e-17	-2.645001e-10	-2.776309e-12	-2.649355e-10	-2.781521e-17	2.776309e-12	2.781521e-17	2.645001e-10	2.649355e-10	-2.777557e-19	-5.831191e-21	-2.781822e-19	-5.841495e-26
4.729070978222572e-08	0.000000e+00	-1.042347e-11	0.000000e+00	-1.045064e-16	9.934845e-10	1.042347e-11	9.958437e-10	1.045064e-16	1.986969e-11	2.084693e-13	1.991688e-11	2.090128e-18	1.986969e-11	2.084693e-13	1.991688e-11	2.090128e-18	-2.084693e-13	-2.090128e-18	-1.986969e-11	-1.991688e-11	2.086547e-20	4.379480e-22	2.091272e-20	4.390413e-27
4.733953790722572e-08	0.000000e+00	7.812935e-13	0.000000e+00	7.839051e-18	-7.463224e-11	-7.812935e-13	-7.486388e-11	-7.839051e-18	-1.492645e-12	-1.562587e-14	-1.497278e-12	-1.567810e-19	-1.492645e-12	-1.562587e-14	-1.497278e-12	-1.567810e-19	1.562587e-14	1.567810e-19	1.492645e-12	1.497278e-12	-1.567449e-21	-3.286123e-23	-1.572141e-21	-3.296733e-28
4.738836603222572e-08	0.000000e+00	-5.803488e-14	0.000000e+00	-5.827364e-19	5.606512e-12	5.803488e-14	5.627992e-12	5.827364e-19	1.121302e-13	1.160698e-15	1.125598e-13	1.165473e-20	1.121302e-13	1.160698e-15	1.125598e-13	1.165473e-20	-1.160698e-15	-1.165473e-20	-1.121302e-13	-1.125598e-13	1.177495e-22	2.454135e-24	1.181878e-22	2.463898e-29
4.743719415722573e-08	0.000000e+00	4.110692e-15	0.000000e+00	4.131762e-20	-4.211759e-13	-4.110692e-15	-4.230917e-13	-4.131762e-20	-8.423519e-15	-8.221384e-17	-8.461835e-15	-8.263524e-22	-8.423519e-15	-8.221384e-17	-8.461835e-15	-8.263524e-22	8.221384e-17	8.263524e-22	8.423519e-15	8.461835e-15	-8.845599e-24	-1.788822e-25	-8.884926e-24	-1.797480e-30
4.748602228222573e-08	0.000000e+00	-2.144698e-16	0.000000e+00	-2.162814e-21	3.164151e-14	2.144698e-16	3.180648e-14	2.162814e-21	6.328302e-16	4.289397e-18	6.361297e-16	4.325627e-23	6.328302e-16	4.289397e-18	6.361297e-16	4.325627e-23	-4.289397e-18	-4.325627e-23	-6.328302e-16	-6.361297e-16	6.645189e-25	1.136305e-26	6.679362e-25	1.143755e-31
4.753485040722573e-08	0.000000e+00	-1.962808e-17	0.000000e+00	-1.947063e-22	-2.377749e-15	1.962808e-17	-2.391095e-15	1.947063e-22	-4.755497e-17	3.925616e-19	-4.782189e-17	3.894125e-24	-4.755497e-17	3.925616e-19	-4.782189e-17	3.894125e-24	-3.925616e-19	-3.894125e-24	4.755497e-17	4.782189e-17	-4.992840e-26	-6.750939e-29	-5.021299e-26	-7.377608e-34
4.758367853222573e-08	0.000000e+00	1.501501e-17	0.000000e+00	1.499741e-22	1.789182e-16	-1.501501e-17	1.797537e-16	-1.499741e-22	3.578365e-18	-3.003001e-19	3.595074e-18	-2.999482e-24	3.578365e-18	-3.003001e-19	3.595074e-18	-2.999482e-24	3.003001e-19	2.999482e-24	-3.578365e-18	-3.595074e-18	3.753980e-27	-2.927573e-28	3.774828e-27	-2.921948e-33
4.763250665722573e-08	0.000000e+00	-6.258015e-18	0.000000e+00	-6.253709e-23	-1.355347e-17	6.258015e-18	-1.351322e-17	6.253709e-23	-2.710694e-19	1.251603e-19	-2.702645e-19	1.250742e-24	-2.710694e-19	1.251603e-19	-2.702645e-19	1.250742e-24	-1.251603e-19	-1.250742e-24	2.710694e-19	2.702645e-19	-2.832461e-28	1.348301e-28	-2.837777e-28	1.347438e-33
4.768133478222573e-08	0.000000e+00	2.413728e-18	0.000000e+00	2.411844e-23	1.060909e-18	-2.413728e-18	1.015875e-18	-2.411844e-23	2.121817e-20	-4.827456e-20	2.031749e-20	-4.823689e-25	2.121817e-20	-4.827456e-20	2.031749e-20	-4.823689e-25	4.827456e-20	4.823689e-25	-2.121817e-20	-2.031749e-20	2.174806e-29	-5.287923e-29	2.133337e-29	-5.284724e-34
4.773016290722573e-08	0.000000e+00	-9.176966e-19	0.000000e+00	-9.167916e-24	-9.589369e-20	9.176966e-19	-7.636972e-20	9.167916e-24	-1.917874e-21	1.835393e-20	-1.527394e-21	1.833583e-25	-1.917874e-21	1.835393e-20	-1.527394e-21	1.833583e-25	-1.835393e-20	-1.833583e-25	1.917874e-21	1.527394e-21	-1.811874e-30	2.016919e-29	-1.603764e-30	2.015338e-34
4.777899103222573e-08	0.000000e+00	3.479270e-19	0.000000e+00	3.475038e-24	1.334001e-20	-3.479270e-19	5.741196e-21	-3.475038e-24	2.668003e-22	-6.958540e-21	1.148239e-22	-6.950076e-26	2.668003e-22	-6.958540e-21	1.148239e-22	-6.950076e-26	6.958540e-21	6.950076e-26	-2.668003e-22	-1.148239e-22	2.035964e-31	-7.651593e-30	1.205651e-31	-7.643878e-35
4.782781915722573e-08	0.000000e+00	-1.318365e-19	0.000000e+00	-1.316450e-24	-3.326978e-21	1.318365e-19	-4.316020e-22	1.316450e-24	-6.653957e-23	2.636729e-21	-8.632040e-24	2.632901e-26	-6.653957e-23	2.636729e-21	-8.632040e-24	2.632901e-26	-2.636729e-21	-2.632901e-26	6.653957e-23	8.632040e-24	-4.086253e-32	2.899703e-30	-9.063642e-33	2.896100e-35
4.787664728222574e-08	0.000000e+00	4.994995e-20	0.000000e+00	4.986560e-25	1.130741e-21	-4.994995e-20	3.244625e-23	-4.986560e-25	2.261481e-23	-9.989989e-22	6.489251e-25	-9.973121e-27	2.261481e-23	-9.989989e-22	6.489251e-25	-9.973121e-27	9.989989e-22	9.973121e-27	-2.261481e-23	-6.489251e-25	1.275656e-32	-1.098661e-30	6.813714e-34	-1.097036e-35
4.792547540722574e-08	0.000000e+00	-1.892453e-20	0.000000e+00	-1.888809e-25	-4.186545e-22	1.892453e-20	-2.439190e-24	1.888809e-25	-8.373091e-24	3.784906e-22	-4.878381e-26	3.777618e-27	-8.373091e-24	3.784906e-22	-4.878381e-26	3.777618e-27	-3.784906e-22	-3.777618e-27	8.373091e-24	4.878381e-26	-4.628349e-33	4.162517e-31	-5.122300e-35	4.155375e-36
4.797430353222574e-08	0.000000e+00	7.169901e-21	0.000000e+00	7.154398e-26	1.578825e-22	-7.169901e-21	1.833694e-25	-7.154398e-26	3.157651e-24	-1.433980e-22	3.667388e-27	-1.430880e-27	3.157651e-24	-1.433980e-22	3.667388e-27	-1.430880e-27	1.433980e-22	1.430880e-27	-3.157651e-24	-3.667388e-27	1.738155e-33	-1.577047e-31	3.850757e-36	-1.573967e-36
4.802313165722574e-08	0.000000e+00	-2.716445e-21	0.000000e+00	-2.709928e-26	-5.976160e-23	2.716445e-21	-1.378504e-26	2.709928e-26	-1.195232e-24	5.432890e-23	-2.757008e-28	5.419856e-28	-1.195232e-24	5.432890e-23	-2.757008e-28	5.419856e-28	-5.432890e-23	-5.419856e-28	1.195232e-24	2.757008e-28	-6.573757e-34	5.974924e-32	-2.894858e-37	5.961841e-37
4.807195978222574e-08	0.000000e+00	1.029174e-21	0.000000e+00	1.026461e-26	2.263761e-23	-1.029174e-21	1.036311e-27	-1.026461e-26	4.527523e-25	-2.058347e-23	2.072621e-29	-2.052921e-28	4.527523e-25	-2.058347e-23	2.072621e-29	-2.052921e-28	2.058347e-23	2.052921e-28	-4.527523e-25	-2.072621e-29	2.489717e-34	-2.263706e-32	2.176250e-38	-2.258214e-37
4.812078790722574e-08	0.000000e+00	-3.899207e-22	0.000000e+00	-3.888006e-27	-8.576351e-24	3.899207e-22	-7.790672e-29	3.888006e-27	-1.715270e-25	7.798414e-24	-1.558134e-30	7.776012e-29	-1.715270e-25	7.798414e-24	-1.558134e-30	7.776012e-29	-7.798414e-24	-7.776012e-29	1.715270e-25	1.558134e-30	-9.432083e-35	8.576455e-33	-1.636033e-39	8.553613e-38
4.816961603222574e-08	0.000000e+00	1.477284e-22	0.000000e+00	1.472691e-27	3.249280e-24	-1.477284e-22	5.857001e-30	-1.472691e-27	6.498560e-26	-2.954568e-24	1.171400e-31	-2.945381e-29	6.498560e-26	-2.954568e-24	1.171400e-31	-2.945381e-29	2.954568e-24	2.945381e-29	-6.498560e-26	-1.171400e-31	3.573463e-35	-3.249342e-33	1.229934e-40	-3.239919e-38
4.821844415722574e-08	0.000000e+00	-5.596952e-23	0.000000e+00	-5.578226e-28	-1.231046e-24	5.596952e-23	-4.404062e-31	5.578226e-28	-2.462091e-26	1.119390e-24	-8.808123e-33	1.115645e-29	-2.462091e-26	1.119390e-24	-8.808123e-33	1.115645e-29	-1.119390e-24	-1.115645e-29	2.462091e-26	8.808123e-33	-1.353866e-35	1.231071e-33	-9.247169e-42	1.227210e-38
4.826727228222575e-08	0.000000e+00	2.120505e-23	0.000000e+00	2.112908e-28	4.664034e-25	-2.120505e-23	3.314538e-32	-2.112908e-28	9.328068e-27	-4.241010e-25	6.629075e-34	-4.225817e-30	9.328068e-27	-4.241010e-25	6.629075e-34	-4.225817e-30	4.241010e-25	4.225817e-30	-9.328068e-27	-6.629075e-34	5.129360e-36	-4.664132e-34	6.950440e-43	-4.648398e-39
4.831610040722575e-08	0.000000e+00	-8.033909e-24	0.000000e+00	-8.003229e-29	-1.767052e-25	8.033909e-24	-2.505860e-33	8.003229e-29	-3.534104e-27	1.606782e-25	-5.011721e-35	1.600646e-30	-3.534104e-27	1.606782e-25	-5.011721e-35	1.600646e-30	-1.606782e-25	-1.600646e-30	3.534104e-27	5.011721e-35	-1.943349e-36	1.767089e-34	-5.184804e-44	1.760711e-39
4.836492853222575e-08	0.000000e+00	3.043789e-24	0.000000e+00	3.031446e-29	6.694791e-26	-3.043789e-24	1.937269e-34	-3.031446e-29	1.338958e-27	-6.087579e-26	3.874539e-36	-6.062891e-31	1.338958e-27	-6.087579e-26	3.874539e-36	-6.062891e-31	6.087579e-26	6.062891e-31	-1.338958e-27	-3.874539e-36	7.362723e-37	-6.694931e-35	4.203895e-45	-6.669186e-40
4.841375665722575e-08	0.000000e+00	-1.153194e-24	0.000000e+00	-1.148245e-29	-2.536440e-26	1.153194e-24	-1.658845e-35	1.148245e-29	-5.072881e-28	2.306387e-26	-3.317690e-37	2.296489e-31	-5.072881e-28	2.306387e-26	-3.317690e-37	2.296489e-31	-2.306387e-26	-2.296489e-31	5.072881e-28	3.317690e-37	-2.789499e-37	2.536494e-35	0.000000e+00	2.526135e-40
4.846258478222575e-08	0.000000e+00	4.369079e-25	0.000000e+00	4.349296e-30	9.609756e-27	-4.369079e-25	2.013998e-36	-4.349296e-30	1.921951e-28	-8.738159e-27	4.027997e-38	-8.698592e-32	1.921951e-28	-8.738159e-27	4.027997e-38	-8.698592e-32	8.738159e-27	8.698592e-32	-1.921951e-28	-4.027997e-38	1.056851e-37	-9.609957e-36	0.000000e+00	-9.568486e-41
4.851141290722575e-08	0.000000e+00	-1.655303e-25	0.000000e+00	-1.647417e-30	-3.640827e-27	1.655303e-25	-4.419046e-37	1.647417e-30	-7.281653e-29	3.310607e-27	-8.838093e-39	3.294834e-32	-7.281653e-29	3.310607e-27	-8.838093e-39	3.294834e-32	-3.310607e-27	-3.294834e-32	7.281653e-29	8.838093e-39	-4.004068e-38	3.640903e-36	0.000000e+00	3.624318e-41
4.856024103222575e-08	0.000000e+00	6.271411e-26	0.000000e+00	6.240051e-31	1.379392e-27	-6.271411e-26	1.432556e-37	-6.240051e-31	2.758784e-29	-1.254282e-27	2.865112e-39	-1.248010e-32	2.758784e-29	-1.254282e-27	2.865112e-39	-1.248010e-32	1.254282e-27	1.248010e-32	-2.758784e-29	-2.865112e-39	1.517013e-38	-1.379421e-36	0.000000e+00	-1.372852e-41
4.860906915722575e-08	0.000000e+00	-2.376035e-26	0.000000e+00	-2.363593e-31	-5.226071e-28	2.376035e-26	-5.244819e-38	2.363593e-31	-1.045214e-29	4.752071e-28	-1.048964e-39	4.727186e-33	-1.045214e-29	4.752071e-28	-1.048964e-39	4.727186e-33	-4.752071e-28	-4.727186e-33	1.045214e-29	1.048964e-39	-5.747472e-39	5.226181e-37	0.000000e+00	5.200219e-42
4.865789728222575e-08	0.000000e+00	9.002033e-27	0.000000e+00	8.952767e-32	1.979990e-28	-9.002033e-27	1.972985e-38	-8.952767e-32	3.959980e-30	-1.800406e-28	3.945972e-40	-1.790553e-33	3.959980e-30	-1.800406e-28	3.945972e-40	-1.790553e-33	1.800406e-28	1.790553e-33	-3.959980e-30	-3.945972e-40	2.177532e-39	-1.980031e-37	0.000000e+00	-1.970226e-42
4.870672540722576e-08	0.000000e+00	-3.410580e-27	0.000000e+00	-3.391110e-32	-7.501543e-29	3.410580e-27	-7.462979e-39	3.391110e-32	-1.500309e-30	6.821160e-29	-1.492593e-40	6.782219e-34	-1.500309e-30	6.821160e-29	-1.492593e-40	6.782219e-34	-6.821160e-29	-6.782219e-34	1.500309e-30	1.492593e-40	-8.249963e-40	7.501701e-38	0.000000e+00	7.454908e-43
4.875555353222576e-08	0.000000e+00	1.292159e-27	0.000000e+00	1.284477e-32	2.842093e-29	-1.292159e-27	2.826041e-39	-1.284477e-32	5.684186e-31	-2.584318e-29	5.652137e-41	-2.568955e-34	5.684186e-31	-2.584318e-29	5.652137e-41	-2.568955e-34	2.584318e-29	2.568955e-34	-5.684186e-31	-5.652137e-41	3.125652e-40	-2.842153e-38	0.000000e+00	-2.830623e-43
4.880438165722576e-08	0.000000e+00	-4.895573e-28	0.000000e+00	-4.865315e-33	-1.076778e-29	4.895573e-28	-1.070383e-39	4.865315e-33	-2.153555e-31	9.791147e-30	-2.140764e-41	9.730631e-35	-2.153555e-31	9.791147e-30	-2.140764e-41	9.730631e-35	-9.791147e-30	-9.730631e-35	2.153555e-31	2.140764e-41	-1.184209e-40	1.076800e-38	0.000000e+00	1.064987e-43
4.885320978222576e-08	0.000000e+00	1.854775e-28	0.000000e+00	1.842874e-33	4.079563e-30	-1.854775e-28	4.054335e-40	-1.842874e-33	8.159126e-32	-3.709550e-30	8.109314e-42	-3.685747e-35	8.159126e-32	-3.709550e-30	8.109314e-42	-3.685747e-35	3.709550e-30	3.685747e-35	-8.159126e-32	-8.109314e-42	4.486537e-41	-4.079648e-39	0.000000e+00	-4.063766e-44
4.890203790722576e-08	0.000000e+00	-7.027145e-29	0.000000e+00	-6.980397e-34	-1.545615e-30	7.027145e-29	-1.535683e-40	6.980397e-34	-3.091230e-32	1.405429e-30	-3.071646e-42	1.396079e-35	-3.091230e-32	1.405429e-30	-3.071646e-42	1.396079e-35	-1.405429e-30	-1.396079e-35	3.091230e-32	3.071646e-42	-1.699775e-41	1.545648e-39	0.000000e+00	1.541428e-44
4.895086603222576e-08	0.000000e+00	2.662359e-29	0.000000e+00	2.644020e-34	5.855837e-31	-2.662359e-29	5.816790e-41	-2.644020e-34	1.171167e-32	-5.324718e-31	1.163078e-42	-5.288040e-36	1.171167e-32	-5.324718e-31	1.163078e-42	-5.288040e-36	5.324718e-31	5.288040e-36	-1.171167e-32	-1.163078e-42	6.440368e-42	-5.855956e-40	0.000000e+00	-5.605194e-45
4.899969415722576e-08	0.000000e+00	-1.008682e-29	0.000000e+00	-1.001496e-34	-2.218588e-31	1.008682e-29	-2.203262e-41	1.001496e-34	-4.437176e-33	2.017364e-31	-4.400077e-43	2.002992e-36	-4.437176e-33	2.017364e-31	-4.400077e-43	2.002992e-36	-2.017364e-31	-2.002992e-36	4.437176e-33	4.400077e-43	-2.439661e-42	2.218634e-40	0.000000e+00	2.802597e-45
4.904852228222576e-08	0.000000e+00	3.821571e-30	0.000000e+00	3.793446e-35	8.405515e-32	-3.821571e-30	8.346134e-42	-3.793446e-35	1.681103e-33	-7.643141e-32	1.667545e-43	-7.586892e-37	1.681103e-33	-7.643141e-32	1.667545e-43	-7.586892e-37	7.643141e-32	7.586892e-37	-1.681103e-33	-1.667545e-43	9.248570e-43	-8.405689e-41	0.000000e+00	-1.401298e-45
4.909735040722577e-08	0.000000e+00	-1.447870e-30	0.000000e+00	-1.436873e-35	-3.184578e-32	1.447870e-30	-3.161329e-42	1.436873e-35	-6.369157e-34	2.895740e-32	-6.305843e-44	2.873746e-37	-6.369157e-34	2.895740e-32	-6.305843e-44	2.873746e-37	-2.895740e-32	-2.873746e-37	6.369157e-34	6.305843e-44	-3.503246e-43	3.184591e-41	0.000000e+00	0.000000e+00
4.914617853222577e-08	0.000000e+00	5.485513e-31	0.000000e+00	5.442557e-36	1.206534e-32	-5.485513e-31	1.196709e-42	-5.442557e-36	2.413068e-34	-1.097103e-32	2.382207e-44	-1.088511e-37	2.413068e-34	-1.097103e-32	2.382207e-44	-1.088511e-37	1.097103e-32	1.088511e-37	-2.413068e-34	-2.382207e-44	1.331234e-43	-1.206518e-41	0.000000e+00	0.000000e+00
4.919500665722577e-08	0.000000e+00	-2.078284e-31	0.000000e+00	-2.061520e-36	-4.571169e-33	2.078284e-31	-4.540207e-43	2.061520e-36	-9.142338e-35	4.156568e-33	-8.407791e-45	4.123040e-38	-9.142338e-35	4.156568e-33	-8.407791e-45	4.123040e-38	-4.156568e-33	-4.123040e-38	9.142338e-35	8.407791e-45	-5.044674e-44	4.571036e-42	0.000000e+00	0.000000e+00
4.924383478222577e-08	0.000000e+00	7.873948e-32	0.000000e+00	7.808582e-37	1.731869e-33	-7.873948e-32	1.723597e-43	-7.808582e-37	3.463737e-35	-1.574790e-33	2.802597e-45	-1.561716e-38	3.463737e-35	-1.574790e-33	2.802597e-45	-1.561716e-38	1.574790e-33	1.561716e-38	-3.463737e-35	-2.802597e-45	1.961818e-44	-1.732005e-42	0.000000e+00	0.000000e+00
4.929266290722577e-08	0.000000e+00	-2.983185e-32	0.000000e+00	-2.957718e-37	-6.561492e-34	2.983185e-32	-6.445973e-44	2.957718e-37	-1.312298e-35	5.966370e-34	-1.401298e-45	5.915436e-39	-1.312298e-35	5.966370e-34	-1.401298e-45	5.915436e-39	-5.966370e-34	-5.915436e-39	1.312298e-35	1.401298e-45	-7.006492e-45	6.558077e-43	0.000000e+00	0.000000e+00
4.934149103222577e-08	0.000000e+00	1.130233e-32	0.000000e+00	1.120318e-37	2.485938e-34	-1.130233e-32	2.522337e-44	-1.120318e-37	4.971876e-36	-2.260466e-34	0.000000e+00	-2.240636e-39	4.971876e-36	-2.260466e-34	0.000000e+00	-2.240636e-39	2.260466e-34	2.240636e-39	-4.971876e-36	0.000000e+00	2.802597e-45	-2.480298e-43	0.000000e+00	0.000000e+00
4.939031915722577e-08	0.000000e+00	-4.282088e-33	0.000000e+00	-4.243517e-38	-9.418418e-35	4.282088e-33	-9.809089e-45	4.243517e-38	-1.883683e-36	8.564175e-35	0.000000e+00	8.487034e-40	-1.883683e-36	8.564175e-35	0.000000e+00	8.487034e-40	-8.564175e-35	-8.487034e-40	1.883683e-36	0.000000e+00	-1.401298e-45	9.388700e-44	0.000000e+00	0.000000e+00
4.943914728222577e-08	0.000000e+00	1.622345e-33	0.000000e+00	1.607350e-38	3.568335e-35	-1.622345e-33	4.203895e-45	-1.607350e-38	7.136670e-37	-3.244690e-35	0.000000e+00	-3.214705e-40	7.136670e-37	-3.244690e-35	0.000000e+00	-3.214705e-40	3.244690e-35	3.214705e-40	-7.136670e-37	0.000000e+00	0.000000e+00	-3.503246e-44	0.000000e+00	0.000000e+00
4.948797540722577e-08	0.000000e+00	-6.146542e-34	0.000000e+00	-6.088286e-39	-1.351927e-35	6.146542e-34	-1.401298e-45	6.088286e-39	-2.703854e-37	1.229309e-35	0.000000e+00	1.217658e-40	-2.703854e-37	1.229309e-35	0.000000e+00	1.217658e-40	-1.229309e-35	-1.217658e-40	2.703854e-37	0.000000e+00	0.000000e+00	1.401298e-44	0.000000e+00	0.000000e+00
4.953680353222578e-08	0.000000e+00	2.328727e-34	0.000000e+00	2.306108e-39	5.122016e-36	-2.328727e-34	0.000000e+00	-2.306108e-39	1.024403e-37	-4.657454e-36	0.000000e+00	-4.612234e-41	1.024403e-37	-4.657454e-36	0.000000e+00	-4.612234e-41	4.657454e-36	4.612234e-41	-1.024403e-37	0.000000e+00	0.000000e+00	-5.605194e-45	0.000000e+00	0.000000e+00
4.958563165722578e-08	0.000000e+00	-8.822795e-35	0.000000e+00	-8.735022e-40	-1.940567e-36	8.822795e-35	0.000000e+00	8.735022e-40	-3.881133e-38	1.764559e-36	0.000000e+00	1.746999e-41	-3.881133e-38	1.764559e-36	0.000000e+00	1.746999e-41	-1.764559e-36	-1.746999e-41	3.881133e-38	0.000000e+00	0.000000e+00	1.401298e-45	0.000000e+00	0.000000e+00
4.963445978222578e-08	0.000000e+00	3.342673e-35	0.000000e+00	3.308634e-40	7.352182e-37	-3.342673e-35	0.000000e+00	-3.308634e-40	1.470436e-38	-6.685346e-37	0.000000e+00	-6.616931e-42	1.470436e-38	-6.685346e-37	0.000000e+00	-6.616931e-42	6.685346e-37	6.616931e-42	-1.470436e-38	0.000000e+00	0.000000e+00	-1.401298e-45	0.000000e+00	0.000000e+00
4.968328790722578e-08	0.000000e+00	-1.266431e-35	0.000000e+00	-1.253237e-40	-2.785505e-37	1.266431e-35	0.000000e+00	1.253237e-40	-5.571009e-39	2.532862e-37	0.000000e+00	2.506923e-42	-5.571009e-39	2.532862e-37	0.000000e+00	2.506923e-42	-2.532862e-37	-2.506923e-42	5.571009e-39	0.000000e+00	0.000000e+00	0.000000e+00	0.000000e+00	0.000000e+00
4.973211603222578e-08	0.000000e+00	4.798099e-36	0.000000e+00	4.747039e-41	1.055338e-37	-4.798099e-36	0.000000e+00	-4.747039e-41	2.110676e-39	-9.596197e-38	0.000000e+00	-9.500804e-43	2.110676e-39	-9.596197e-38	0.000000e+00	-9.500804e-43	9.596197e-38	9.500804e-43	-2.110676e-39	0.000000e+00	0.000000e+00	0.000000e+00	0.000000e+00	0.000000e+00
4.978094415722578e-08	0.000000e+00	-1.817845e-36	0.000000e+00	-1.798006e-41	-3.998336e-38	1.817845e-36	0.000000e+00	1.798006e-41	-7.996678e-40	3.635690e-38	0.000000e+00	3.601337e-43	-7.996678e-40	3.635690e-38	0.000000e+00	3.601337e-43	-3.635690e-38	-3.601337e-43	7.996678e-40	0.000000e+00	0.000000e+00	0.000000e+00	0.000000e+00	0.000000e+00
4.982977228222578e-08	0.000000e+00	6.887229e-37	0.000000e+00	6.810311e-42	1.514840e-38	-6.887229e-37	0.000000e+00	-6.810311e-42	3.029677e-40	-1.377446e-38	0.000000e+00	-1.359260e-43	3.029677e-40	-1.377446e-38	0.000000e+00	-1.359260e-43	1.377446e-38	1.359260e-43	-3.029677e-40	0.000000e+00	0.000000e+00	0.000000e+00	0.000000e+00	0.000000e+00
4.987860040722578e-08	0.000000e+00	-2.609349e-37	0.000000e+00	-2.579790e-42	-5.739242e-39	2.609349e-37	0.000000e+00	2.579790e-42	-1.147846e-40	5.218698e-39	0.000000e+00	5.184804e-44	-1.147846e-40	5.218698e-39	0.000000e+00	5.184804e-44	-5.218698e-39	-5.184804e-44	1.147846e-40	0.000000e+00	0.000000e+00	0.000000e+00	0.000000e+00	0.000000e+00
4.992742853222579e-08	0.000000e+00	9.885982e-38	0.000000e+00	9.767050e-43	2.174414e-39	-9.885982e-38	0.000000e+00	-9.767050e-43	4.348790e-41	-1.977197e-39	0.000000e+00	-1.961818e-44	4.348790e-41	-1.977197e-39	0.000000e+00	-1.961818e-44	1.977197e-39	1.961818e-44	-4.348790e-41	0.000000e+00	0.000000e+00	0.000000e+00	0.000000e+00	0.000000e+00
4.997625665722579e-08	0.000000e+00	0.000000e+00	0.000000e+00	0.000000e+00	0.000000e+00	0.000000e+00	0.000000e+00	0.000000e+00	0.000000e+00	0.000000e+00	0.000000e+00	0.000000e+00	0.000000e+00	0.000000e+00	0.000000e+00	0.000000e+00	0.000000e+00	0.000000e+00	0.000000e+00	0.000000e+00	0.000000e+00	0.000000e+00	0.000000e+00	0.000000e+00
5.000000000000000e-08	6.617445e-15	1.044951e-17	6.617445e-15	1.044919e-22	2.591285e-15	-1.044951e-17	2.591215e-15	-1.044919e-22	5.182570e-17	-2.089902e-19	5.182430e-17	-2.089837e-24	5.182570e-17	-2.089902e-19	5.182430e-17	-2.089837e-24	2.089902e-19	2.089837e-24	-5.182570e-17	-5.182430e-17	4.779725e-26	2.481063e-28	4.779807e-26	2.480986e-33
