VX_SRC	V(bl)	V(blb)	V(q)	V(qb)	V(qbx)	V(qx)	V(vddx)	V(wl)	V(wl_dc)	I(CBL)	I(CBLB)	I(RBL)	I(RBLB)	I(VDD_NOISY)	I(VWL)	I(VWL_DC)	I(VX_SRC)	Ib(MN1_DC)	Ib(MN2_DC)	Ib(MP1_DC)	Ib(MP2_DC)	Id(MN1_DC)	Id(MN2_DC)	Id(MP1_DC)	Id(MP2_DC)	Ig(MN1_DC)	Ig(MN2_DC)	Ig(MP1_DC)	Ig(MP2_DC)	Is(MN1_DC)	Is(MN2_DC)	Is(MP1_DC)	Is(MP2_DC)	Ix(xcell:bl)	Ix(xcell:blb)	Ix(xcell:q)	Ix(xcell:qb)	Ix(xcell:vdd)	Ix(xcell:vss)	Ix(xcell:wl)
0.000000000000000e+00	7.999995e-01	7.999995e-01	3.508475e-01	3.508475e-01	7.999861e-01	0.000000e+00	8.000000e-01	0.000000e+00	0.000000e+00	3.999998e-29	3.999998e-29	-9.446370e-10	-9.446370e-10	-1.308415e-05	0.000000e+00	0.000000e+00	9.446374e-10	-9.446366e-10	0.000000e+00	3.819368e-13	9.446366e-10	9.446374e-10	0.000000e+00	-9.446374e-10	-9.446374e-10	0.000000e+00	0.000000e+00	-0.000000e+00	-0.000000e+00	-7.999861e-16	-0.000000e+00	9.442555e-10	8.000000e-16	9.446370e-10	9.446370e-10	-6.257621e-21	-3.738699e-19	1.308037e-05	-1.308226e-05	0.000000e+00
1.000000000000000e-03	7.999995e-01	7.999995e-01	3.508475e-01	3.508475e-01	7.999861e-01	1.000000e-03	8.000000e-01	0.000000e+00	0.000000e+00	3.999998e-29	3.999998e-29	-9.446370e-10	-9.446370e-10	-1.308415e-05	0.000000e+00	0.000000e+00	-1.556741e-07	-9.446366e-10	-2.713506e-11	3.824729e-13	9.446366e-10	9.446374e-10	1.566188e-07	-9.446374e-10	-9.446374e-10	0.000000e+00	0.000000e+00	-0.000000e+00	-0.000000e+00	-7.999861e-16	-1.565916e-07	9.442549e-10	7.990000e-16	9.446370e-10	9.446370e-10	4.753807e-21	-3.738699e-19	1.308037e-05	-1.308226e-05	0.000000e+00
2.000000000000000e-03	7.999995e-01	7.999995e-01	3.508475e-01	3.508475e-01	7.999861e-01	2.000000e-03	8.000000e-01	0.000000e+00	0.000000e+00	3.999998e-29	3.999998e-29	-9.446370e-10	-9.446370e-10	-1.308415e-05	0.000000e+00	0.000000e+00	-3.120943e-07	-9.446366e-10	-5.349065e-11	3.830106e-13	9.446366e-10	9.446374e-10	3.130389e-07	-9.446374e-10	-9.446374e-10	0.000000e+00	0.000000e+00	-0.000000e+00	-0.000000e+00	-7.999861e-16	-3.129854e-07	9.442543e-10	7.980000e-16	9.446370e-10	9.446370e-10	-1.388092e-20	2.774984e-19	1.308037e-05	-1.308226e-05	0.000000e+00
3.000000000000000e-03	7.999995e-01	7.999995e-01	3.508475e-01	3.508475e-01	7.999861e-01	3.000000e-03	8.000000e-01	0.000000e+00	0.000000e+00	3.999998e-29	3.999998e-29	-9.446370e-10	-9.446370e-10	-1.308415e-05	0.000000e+00	0.000000e+00	-4.683158e-07	-9.446366e-10	-7.908917e-11	3.835498e-13	9.446366e-10	9.446374e-10	4.692604e-07	-9.446374e-10	-9.446374e-10	0.000000e+00	0.000000e+00	-0.000000e+00	-0.000000e+00	-7.999861e-16	-4.691813e-07	9.442539e-10	7.970000e-16	9.446370e-10	9.446370e-10	7.294906e-21	2.774984e-19	1.308037e-05	-1.308226e-05	0.000000e+00
4.000000000000000e-03	7.999995e-01	7.999995e-01	3.508475e-01	3.508475e-01	7.999861e-01	4.000000e-03	8.000000e-01	0.000000e+00	0.000000e+00	3.999998e-29	3.999998e-29	-9.446370e-10	-9.446370e-10	-1.308415e-05	0.000000e+00	0.000000e+00	-6.243386e-07	-9.446366e-10	-1.039524e-10	3.840905e-13	9.446366e-10	9.446374e-10	6.252832e-07	-9.446374e-10	-9.446374e-10	0.000000e+00	0.000000e+00	-0.000000e+00	-0.000000e+00	-7.999860e-16	-6.251793e-07	9.442533e-10	7.960000e-16	9.446370e-10	9.446370e-10	-1.303388e-20	-3.738699e-19	1.308037e-05	-1.308226e-05	0.000000e+00
5.000000000000000e-03	7.999995e-01	7.999995e-01	3.508475e-01	3.508475e-01	7.999860e-01	5.000000e-03	8.000000e-01	0.000000e+00	0.000000e+00	3.999998e-29	3.999998e-29	-9.446370e-10	-9.446370e-10	-1.308415e-05	0.000000e+00	0.000000e+00	-7.801626e-07	-9.446366e-10	-1.281013e-10	3.846327e-13	9.446366e-10	9.446374e-10	7.811072e-07	-9.446374e-10	-9.446374e-10	0.000000e+00	0.000000e+00	-0.000000e+00	-0.000000e+00	-7.999860e-16	-7.809792e-07	9.442528e-10	7.950000e-16	9.446370e-10	9.446370e-10	2.212708e-21	-4.691520e-20	1.308037e-05	-1.308226e-05	0.000000e+00
6.000000000000000e-03	7.999995e-01	7.999995e-01	3.508475e-01	3.508475e-01	7.999860e-01	6.000000e-03	8.000000e-01	0.000000e+00	0.000000e+00	3.999998e-29	3.999998e-29	-9.446370e-10	-9.446370e-10	-1.308415e-05	0.000000e+00	0.000000e+00	-9.357879e-07	-9.446366e-10	-1.515566e-10	3.851764e-13	9.446366e-10	9.446374e-10	9.367325e-07	-9.446374e-10	-9.446374e-10	0.000000e+00	0.000000e+00	-0.000000e+00	-0.000000e+00	-7.999860e-16	-9.365810e-07	9.442522e-10	7.940000e-16	9.446370e-10	9.446370e-10	-7.104654e-21	-4.691520e-20	1.308037e-05	-1.308226e-05	0.000000e+00
7.000000000000000e-03	7.999995e-01	7.999995e-01	3.508475e-01	3.508475e-01	7.999860e-01	7.000000e-03	8.000000e-01	0.000000e+00	0.000000e+00	3.999998e-29	3.999998e-29	-9.446370e-10	-9.446370e-10	-1.308415e-05	0.000000e+00	0.000000e+00	-1.091214e-06	-9.446366e-10	-1.743382e-10	3.857217e-13	9.446366e-10	9.446374e-10	1.092159e-06	-9.446374e-10	-9.446374e-10	0.000000e+00	0.000000e+00	-0.000000e+00	-0.000000e+00	-7.999860e-16	-1.091985e-06	9.442517e-10	7.930000e-16	9.446370e-10	9.446370e-10	-7.104654e-21	-4.691520e-20	1.308037e-05	-1.308226e-05	0.000000e+00
8.000000000000000e-03	7.999995e-01	7.999995e-01	3.508475e-01	3.508475e-01	7.999859e-01	8.000000e-03	8.000000e-01	0.000000e+00	0.000000e+00	3.999998e-29	3.999998e-29	-9.446370e-10	-9.446370e-10	-1.308415e-05	0.000000e+00	0.000000e+00	-1.246442e-06	-9.446366e-10	-1.964653e-10	3.862685e-13	9.446366e-10	9.446374e-10	1.247386e-06	-9.446374e-10	-9.446374e-10	0.000000e+00	0.000000e+00	-0.000000e+00	-0.000000e+00	-7.999860e-16	-1.247190e-06	9.442511e-10	7.920000e-16	9.446370e-10	9.446370e-10	3.906774e-21	2.774984e-19	1.308037e-05	-1.308226e-05	0.000000e+00
9.000000000000001e-03	7.999995e-01	7.999995e-01	3.508475e-01	3.508475e-01	7.999859e-01	9.000000e-03	8.000000e-01	0.000000e+00	0.000000e+00	3.999998e-29	3.999998e-29	-9.446370e-10	-9.446370e-10	-1.308415e-05	0.000000e+00	0.000000e+00	-1.401470e-06	-9.446366e-10	-2.179568e-10	3.868169e-13	9.446366e-10	9.446374e-10	1.402415e-06	-9.446374e-10	-9.446374e-10	0.000000e+00	0.000000e+00	-0.000000e+00	-0.000000e+00	-7.999859e-16	-1.402197e-06	9.442506e-10	7.910000e-16	9.446370e-10	9.446370e-10	9.836005e-21	-4.691520e-20	1.308037e-05	-1.308226e-05	0.000000e+00
1.000000000000000e-02	7.999995e-01	7.999995e-01	3.508475e-01	3.508475e-01	7.999859e-01	1.000000e-02	8.000000e-01	0.000000e+00	0.000000e+00	3.999998e-29	3.999998e-29	-9.446370e-10	-9.446370e-10	-1.308415e-05	0.000000e+00	0.000000e+00	-1.556300e-06	-9.446366e-10	-2.388310e-10	3.873668e-13	9.446366e-10	9.446374e-10	1.557245e-06	-9.446374e-10	-9.446374e-10	0.000000e+00	0.000000e+00	-0.000000e+00	-0.000000e+00	-7.999859e-16	-1.557006e-06	9.442500e-10	7.900000e-16	9.446370e-10	9.446370e-10	-1.388092e-20	2.774984e-19	1.308037e-05	-1.308226e-05	0.000000e+00
1.100000000000000e-02	7.999995e-01	7.999995e-01	3.508475e-01	3.508475e-01	7.999859e-01	1.100000e-02	8.000000e-01	0.000000e+00	0.000000e+00	3.999998e-29	3.999998e-29	-9.446370e-10	-9.446370e-10	-1.308415e-05	0.000000e+00	0.000000e+00	-1.710930e-06	-9.446366e-10	-2.591055e-10	3.879183e-13	9.446366e-10	9.446374e-10	1.711875e-06	-9.446374e-10	-9.446374e-10	0.000000e+00	0.000000e+00	-0.000000e+00	-0.000000e+00	-7.999859e-16	-1.711616e-06	9.442495e-10	7.890000e-16	9.446370e-10	9.446370e-10	-7.104654e-21	-4.691520e-20	1.308037e-05	-1.308226e-05	0.000000e+00
1.200000000000000e-02	7.999995e-01	7.999995e-01	3.508475e-01	3.508475e-01	7.999859e-01	1.200000e-02	8.000000e-01	0.000000e+00	0.000000e+00	3.999998e-29	3.999998e-29	-9.446370e-10	-9.446370e-10	-1.308415e-05	0.000000e+00	0.000000e+00	-1.865362e-06	-9.446366e-10	-2.787976e-10	3.884714e-13	9.446366e-10	9.446374e-10	1.866307e-06	-9.446374e-10	-9.446374e-10	0.000000e+00	0.000000e+00	-0.000000e+00	-0.000000e+00	-7.999859e-16	-1.866028e-06	9.442489e-10	7.880000e-16	9.446370e-10	9.446370e-10	9.836005e-21	-4.691520e-20	1.308037e-05	-1.308226e-05	0.000000e+00
1.300000000000000e-02	7.999995e-01	7.999995e-01	3.508475e-01	3.508475e-01	7.999859e-01	1.300000e-02	8.000000e-01	0.000000e+00	0.000000e+00	3.999998e-29	3.999998e-29	-9.446370e-10	-9.446370e-10	-1.308415e-05	0.000000e+00	0.000000e+00	-2.019594e-06	-9.446366e-10	-2.979241e-10	3.890261e-13	9.446366e-10	9.446374e-10	2.020539e-06	-9.446374e-10	-9.446374e-10	0.000000e+00	0.000000e+00	-0.000000e+00	-0.000000e+00	-7.999859e-16	-2.020241e-06	9.442483e-10	7.870000e-16	9.446370e-10	9.446370e-10	-7.104654e-21	-4.691520e-20	1.308037e-05	-1.308226e-05	0.000000e+00
1.400000000000000e-02	7.999995e-01	7.999995e-01	3.508475e-01	3.508475e-01	7.999858e-01	1.400000e-02	8.000000e-01	0.000000e+00	0.000000e+00	3.999998e-29	3.999998e-29	-9.446370e-10	-9.446370e-10	-1.308415e-05	0.000000e+00	0.000000e+00	-2.173627e-06	-9.446366e-10	-3.165012e-10	3.895824e-13	9.446366e-10	9.446374e-10	2.174572e-06	-9.446374e-10	-9.446374e-10	0.000000e+00	0.000000e+00	-0.000000e+00	-0.000000e+00	-7.999858e-16	-2.174255e-06	9.442478e-10	7.860000e-16	9.446370e-10	9.446370e-10	-1.175424e-21	-4.691520e-20	1.308037e-05	-1.308226e-05	0.000000e+00
1.500000000000000e-02	7.999995e-01	7.999995e-01	3.508475e-01	3.508475e-01	7.999858e-01	1.500000e-02	8.000000e-01	0.000000e+00	0.000000e+00	3.999998e-29	3.999998e-29	-9.446370e-10	-9.446370e-10	-1.308415e-05	0.000000e+00	0.000000e+00	-2.327461e-06	-9.446366e-10	-3.345446e-10	3.901402e-13	9.446366e-10	9.446374e-10	2.328406e-06	-9.446374e-10	-9.446374e-10	0.000000e+00	0.000000e+00	-0.000000e+00	-0.000000e+00	-7.999858e-16	-2.328071e-06	9.442472e-10	7.850000e-16	9.446370e-10	9.446370e-10	-1.175424e-21	-4.691520e-20	1.308037e-05	-1.308226e-05	0.000000e+00
1.600000000000000e-02	7.999995e-01	7.999995e-01	3.508475e-01	3.508475e-01	7.999858e-01	1.600000e-02	8.000000e-01	0.000000e+00	0.000000e+00	3.999998e-29	3.999998e-29	-9.446370e-10	-9.446370e-10	-1.308415e-05	0.000000e+00	0.000000e+00	-2.481095e-06	-9.446366e-10	-3.520697e-10	3.906996e-13	9.446366e-10	9.446374e-10	2.482040e-06	-9.446374e-10	-9.446374e-10	0.000000e+00	0.000000e+00	-0.000000e+00	-0.000000e+00	-7.999858e-16	-2.481688e-06	9.442467e-10	7.840000e-16	9.446370e-10	9.446370e-10	9.836005e-21	-4.691520e-20	1.308037e-05	-1.308226e-05	0.000000e+00
1.700000000000000e-02	7.999995e-01	7.999995e-01	3.508475e-01	3.508475e-01	7.999858e-01	1.700000e-02	8.000000e-01	0.000000e+00	0.000000e+00	3.999998e-29	3.999998e-29	-9.446370e-10	-9.446370e-10	-1.308415e-05	0.000000e+00	0.000000e+00	-2.634531e-06	-9.446366e-10	-3.690914e-10	3.912607e-13	9.446366e-10	9.446374e-10	2.635475e-06	-9.446374e-10	-9.446374e-10	0.000000e+00	0.000000e+00	-0.000000e+00	-0.000000e+00	-7.999858e-16	-2.635106e-06	9.442461e-10	7.830000e-16	9.446370e-10	9.446370e-10	-1.388092e-20	2.774984e-19	1.308037e-05	-1.308226e-05	0.000000e+00
1.800000000000000e-02	7.999995e-01	7.999995e-01	3.508475e-01	3.508475e-01	7.999858e-01	1.800000e-02	8.000000e-01	0.000000e+00	0.000000e+00	3.999998e-29	3.999998e-29	-9.446370e-10	-9.446370e-10	-1.308415e-05	0.000000e+00	0.000000e+00	-2.787766e-06	-9.446366e-10	-3.856242e-10	3.918233e-13	9.446366e-10	9.446374e-10	2.788711e-06	-9.446374e-10	-9.446374e-10	0.000000e+00	0.000000e+00	-0.000000e+00	-0.000000e+00	-7.999858e-16	-2.788325e-06	9.442456e-10	7.820000e-16	9.446370e-10	9.446370e-10	-7.104654e-21	-4.691520e-20	1.308037e-05	-1.308226e-05	0.000000e+00
1.900000000000000e-02	7.999995e-01	7.999995e-01	3.508475e-01	3.508475e-01	7.999858e-01	1.900000e-02	8.000000e-01	0.000000e+00	0.000000e+00	3.999998e-29	3.999998e-29	-9.446370e-10	-9.446370e-10	-1.308415e-05	0.000000e+00	0.000000e+00	-2.940803e-06	-9.446366e-10	-4.016820e-10	3.923876e-13	9.446366e-10	9.446374e-10	2.941747e-06	-9.446374e-10	-9.446374e-10	0.000000e+00	0.000000e+00	-0.000000e+00	-0.000000e+00	-7.999857e-16	-2.941345e-06	9.442450e-10	7.810000e-16	9.446370e-10	9.446370e-10	9.836005e-21	-4.691520e-20	1.308037e-05	-1.308226e-05	0.000000e+00
2.000000000000000e-02	7.999995e-01	7.999995e-01	3.508475e-01	3.508475e-01	7.999857e-01	2.000000e-02	8.000000e-01	0.000000e+00	0.000000e+00	3.999998e-29	3.999998e-29	-9.446370e-10	-9.446370e-10	-1.308415e-05	0.000000e+00	0.000000e+00	-3.093639e-06	-9.446366e-10	-4.172786e-10	3.929535e-13	9.446366e-10	9.446374e-10	3.094584e-06	-9.446374e-10	-9.446374e-10	0.000000e+00	0.000000e+00	-0.000000e+00	-0.000000e+00	-7.999857e-16	-3.094167e-06	9.442445e-10	7.800000e-16	9.446370e-10	9.446370e-10	-7.104654e-21	-4.691520e-20	1.308037e-05	-1.308226e-05	0.000000e+00
2.100000000000000e-02	7.999995e-01	7.999995e-01	3.508475e-01	3.508475e-01	7.999857e-01	2.100000e-02	8.000000e-01	0.000000e+00	0.000000e+00	3.999998e-29	3.999998e-29	-9.446370e-10	-9.446370e-10	-1.308415e-05	0.000000e+00	0.000000e+00	-3.246276e-06	-9.446366e-10	-4.324271e-10	3.935211e-13	9.446366e-10	9.446374e-10	3.247221e-06	-9.446374e-10	-9.446374e-10	0.000000e+00	0.000000e+00	-0.000000e+00	-0.000000e+00	-7.999857e-16	-3.246789e-06	9.442439e-10	7.790000e-16	9.446370e-10	9.446370e-10	-1.175424e-21	-4.691520e-20	1.308037e-05	-1.308226e-05	0.000000e+00
2.200000000000000e-02	7.999995e-01	7.999995e-01	3.508475e-01	3.508475e-01	7.999857e-01	2.200000e-02	8.000000e-01	0.000000e+00	0.000000e+00	3.999998e-29	3.999998e-29	-9.446370e-10	-9.446370e-10	-1.308415e-05	0.000000e+00	0.000000e+00	-3.398714e-06	-9.446366e-10	-4.471406e-10	3.940903e-13	9.446366e-10	9.446374e-10	3.399658e-06	-9.446374e-10	-9.446374e-10	0.000000e+00	0.000000e+00	-0.000000e+00	-0.000000e+00	-7.999857e-16	-3.399211e-06	9.442434e-10	7.780000e-16	9.446370e-10	9.446370e-10	-1.175424e-21	-4.691520e-20	1.308037e-05	-1.308226e-05	0.000000e+00
2.300000000000000e-02	7.999995e-01	7.999995e-01	3.508475e-01	3.508475e-01	7.999856e-01	2.300000e-02	8.000000e-01	0.000000e+00	0.000000e+00	3.999998e-29	3.999998e-29	-9.446370e-10	-9.446370e-10	-1.308415e-05	0.000000e+00	0.000000e+00	-3.550952e-06	-9.446366e-10	-4.614313e-10	3.946611e-13	9.446366e-10	9.446374e-10	3.551896e-06	-9.446374e-10	-9.446374e-10	0.000000e+00	0.000000e+00	-0.000000e+00	-0.000000e+00	-7.999857e-16	-3.551435e-06	9.442428e-10	7.770000e-16	9.446370e-10	9.446370e-10	9.836005e-21	-4.691520e-20	1.308037e-05	-1.308226e-05	0.000000e+00
2.400000000000000e-02	7.999995e-01	7.999995e-01	3.508475e-01	3.508475e-01	7.999856e-01	2.400000e-02	8.000000e-01	0.000000e+00	0.000000e+00	3.999998e-29	3.999998e-29	-9.446370e-10	-9.446370e-10	-1.308415e-05	0.000000e+00	0.000000e+00	-3.702990e-06	-9.446366e-10	-4.753116e-10	3.952336e-13	9.446366e-10	9.446374e-10	3.703934e-06	-9.446374e-10	-9.446374e-10	0.000000e+00	0.000000e+00	-0.000000e+00	-0.000000e+00	-7.999857e-16	-3.703459e-06	9.442421e-10	7.760000e-16	9.446370e-10	9.446370e-10	-1.388092e-20	2.774984e-19	1.308037e-05	-1.308226e-05	0.000000e+00
2.500000000000000e-02	7.999995e-01	7.999995e-01	3.508475e-01	3.508475e-01	7.999856e-01	2.500000e-02	8.000000e-01	0.000000e+00	0.000000e+00	3.999998e-29	3.999998e-29	-9.446370e-10	-9.446370e-10	-1.308415e-05	0.000000e+00	0.000000e+00	-3.854828e-06	-9.446366e-10	-4.887931e-10	3.958077e-13	9.446366e-10	9.446374e-10	3.855773e-06	-9.446374e-10	-9.446374e-10	0.000000e+00	0.000000e+00	-0.000000e+00	-0.000000e+00	-7.999856e-16	-3.855284e-06	9.442416e-10	7.750000e-16	9.446370e-10	9.446370e-10	-7.104654e-21	-4.691520e-20	1.308037e-05	-1.308226e-05	0.000000e+00
2.600000000000000e-02	7.999995e-01	7.999995e-01	3.508475e-01	3.508475e-01	7.999856e-01	2.600000e-02	8.000000e-01	0.000000e+00	0.000000e+00	3.999998e-29	3.999998e-29	-9.446370e-10	-9.446370e-10	-1.308415e-05	0.000000e+00	0.000000e+00	-4.006466e-06	-9.446366e-10	-5.018874e-10	3.963836e-13	9.446366e-10	9.446374e-10	4.007411e-06	-9.446374e-10	-9.446374e-10	0.000000e+00	0.000000e+00	-0.000000e+00	-0.000000e+00	-7.999856e-16	-4.006909e-06	9.442410e-10	7.740000e-16	9.446370e-10	9.446370e-10	9.836005e-21	-4.691520e-20	1.308037e-05	-1.308226e-05	0.000000e+00
2.700000000000000e-02	7.999995e-01	7.999995e-01	3.508475e-01	3.508475e-01	7.999856e-01	2.700000e-02	8.000000e-01	0.000000e+00	0.000000e+00	3.999998e-29	3.999998e-29	-9.446370e-10	-9.446370e-10	-1.308415e-05	0.000000e+00	0.000000e+00	-4.157905e-06	-9.446366e-10	-5.146055e-10	3.969611e-13	9.446366e-10	9.446374e-10	4.158850e-06	-9.446374e-10	-9.446374e-10	0.000000e+00	0.000000e+00	-0.000000e+00	-0.000000e+00	-7.999856e-16	-4.158335e-06	9.442405e-10	7.730000e-16	9.446370e-10	9.446370e-10	-7.104654e-21	-4.691520e-20	1.308037e-05	-1.308226e-05	0.000000e+00
2.800000000000000e-02	7.999995e-01	7.999995e-01	3.508475e-01	3.508475e-01	7.999856e-01	2.800000e-02	8.000000e-01	0.000000e+00	0.000000e+00	3.999998e-29	3.999998e-29	-9.446370e-10	-9.446370e-10	-1.308415e-05	0.000000e+00	0.000000e+00	-4.309143e-06	-9.446366e-10	-5.269583e-10	3.975402e-13	9.446366e-10	9.446374e-10	4.310088e-06	-9.446374e-10	-9.446374e-10	0.000000e+00	0.000000e+00	-0.000000e+00	-0.000000e+00	-7.999856e-16	-4.309561e-06	9.442399e-10	7.720000e-16	9.446370e-10	9.446370e-10	-1.175424e-21	-4.691520e-20	1.308037e-05	-1.308226e-05	0.000000e+00
2.900000000000000e-02	7.999995e-01	7.999995e-01	3.508475e-01	3.508475e-01	7.999855e-01	2.900000e-02	8.000000e-01	0.000000e+00	0.000000e+00	3.999998e-29	3.999998e-29	-9.446370e-10	-9.446370e-10	-1.308415e-05	0.000000e+00	0.000000e+00	-4.460182e-06	-9.446366e-10	-5.389563e-10	3.981211e-13	9.446366e-10	9.446374e-10	4.461126e-06	-9.446374e-10	-9.446374e-10	0.000000e+00	0.000000e+00	-0.000000e+00	-0.000000e+00	-7.999856e-16	-4.460587e-06	9.442392e-10	7.710000e-16	9.446370e-10	9.446370e-10	-1.175424e-21	-4.691520e-20	1.308037e-05	-1.308226e-05	0.000000e+00
3.000000000000000e-02	7.999995e-01	7.999995e-01	3.508475e-01	3.508475e-01	7.999855e-01	3.000000e-02	8.000000e-01	0.000000e+00	0.000000e+00	3.999998e-29	3.999998e-29	-9.446370e-10	-9.446370e-10	-1.308415e-05	0.000000e+00	0.000000e+00	-4.611020e-06	-9.446366e-10	-5.506096e-10	3.987037e-13	9.446366e-10	9.446374e-10	4.611964e-06	-9.446374e-10	-9.446374e-10	0.000000e+00	0.000000e+00	-0.000000e+00	-0.000000e+00	-7.999855e-16	-4.611414e-06	9.442387e-10	7.700000e-16	9.446370e-10	9.446370e-10	9.836005e-21	-4.691520e-20	1.308037e-05	-1.308226e-05	0.000000e+00
3.100000000000000e-02	7.999995e-01	7.999995e-01	3.508475e-01	3.508475e-01	7.999855e-01	3.100000e-02	8.000000e-01	0.000000e+00	0.000000e+00	3.999998e-29	3.999998e-29	-9.446370e-10	-9.446370e-10	-1.308415e-05	0.000000e+00	0.000000e+00	-4.761658e-06	-9.446366e-10	-5.619282e-10	3.992880e-13	9.446366e-10	9.446374e-10	4.762603e-06	-9.446374e-10	-9.446374e-10	0.000000e+00	0.000000e+00	-0.000000e+00	-0.000000e+00	-7.999855e-16	-4.762041e-06	9.442381e-10	7.690000e-16	9.446370e-10	9.446370e-10	-1.388092e-20	2.774984e-19	1.308037e-05	-1.308226e-05	0.000000e+00
3.200000000000000e-02	7.999995e-01	7.999995e-01	3.508475e-01	3.508475e-01	7.999855e-01	3.200000e-02	8.000000e-01	0.000000e+00	0.000000e+00	3.999998e-29	3.999998e-29	-9.446370e-10	-9.446370e-10	-1.308415e-05	0.000000e+00	0.000000e+00	-4.912096e-06	-9.446366e-10	-5.729216e-10	3.998740e-13	9.446366e-10	9.446374e-10	4.913041e-06	-9.446374e-10	-9.446374e-10	0.000000e+00	0.000000e+00	-0.000000e+00	-0.000000e+00	-7.999855e-16	-4.912468e-06	9.442376e-10	7.680000e-16	9.446370e-10	9.446370e-10	-7.104654e-21	-4.691520e-20	1.308037e-05	-1.308226e-05	0.000000e+00
3.300000000000000e-02	7.999995e-01	7.999995e-01	3.508475e-01	3.508475e-01	7.999855e-01	3.300000e-02	8.000000e-01	0.000000e+00	0.000000e+00	3.999998e-29	3.999998e-29	-9.446370e-10	-9.446370e-10	-1.308415e-05	0.000000e+00	0.000000e+00	-5.062334e-06	-9.446366e-10	-5.835992e-10	4.004617e-13	9.446366e-10	9.446374e-10	5.063278e-06	-9.446374e-10	-9.446374e-10	0.000000e+00	0.000000e+00	-0.000000e+00	-0.000000e+00	-7.999855e-16	-5.062695e-06	9.442369e-10	7.670000e-16	9.446370e-10	9.446370e-10	9.836005e-21	-4.691520e-20	1.308037e-05	-1.308226e-05	0.000000e+00
3.400000000000000e-02	7.999995e-01	7.999995e-01	3.508475e-01	3.508475e-01	7.999854e-01	3.400000e-02	8.000000e-01	0.000000e+00	0.000000e+00	3.999998e-29	3.999998e-29	-9.446370e-10	-9.446370e-10	-1.308415e-05	0.000000e+00	0.000000e+00	-5.212371e-06	-9.446366e-10	-5.939702e-10	4.010512e-13	9.446366e-10	9.446374e-10	5.213315e-06	-9.446374e-10	-9.446374e-10	0.000000e+00	0.000000e+00	-0.000000e+00	-0.000000e+00	-7.999855e-16	-5.212722e-06	9.442364e-10	7.660000e-16	9.446370e-10	9.446370e-10	-7.104654e-21	-4.691520e-20	1.308037e-05	-1.308226e-05	0.000000e+00
3.500000000000000e-02	7.999995e-01	7.999995e-01	3.508475e-01	3.508475e-01	7.999854e-01	3.500000e-02	8.000000e-01	0.000000e+00	0.000000e+00	3.999998e-29	3.999998e-29	-9.446370e-10	-9.446370e-10	-1.308415e-05	0.000000e+00	0.000000e+00	-5.362208e-06	-9.446366e-10	-6.040432e-10	4.016423e-13	9.446366e-10	9.446374e-10	5.363152e-06	-9.446374e-10	-9.446374e-10	0.000000e+00	0.000000e+00	-0.000000e+00	-0.000000e+00	-7.999854e-16	-5.362549e-06	9.442358e-10	7.650000e-16	9.446370e-10	9.446370e-10	-1.175424e-21	-4.691520e-20	1.308037e-05	-1.308226e-05	0.000000e+00
3.600000000000000e-02	7.999995e-01	7.999995e-01	3.508475e-01	3.508475e-01	7.999854e-01	3.600000e-02	8.000000e-01	0.000000e+00	0.000000e+00	3.999998e-29	3.999998e-29	-9.446370e-10	-9.446370e-10	-1.308415e-05	0.000000e+00	0.000000e+00	-5.511844e-06	-9.446366e-10	-6.138269e-10	4.022353e-13	9.446366e-10	9.446374e-10	5.512789e-06	-9.446374e-10	-9.446374e-10	0.000000e+00	0.000000e+00	-0.000000e+00	-0.000000e+00	-7.999854e-16	-5.512175e-06	9.442351e-10	7.640000e-16	9.446370e-10	9.446370e-10	-1.175424e-21	-4.691520e-20	1.308037e-05	-1.308226e-05	0.000000e+00
3.700000000000000e-02	7.999995e-01	7.999995e-01	3.508475e-01	3.508475e-01	7.999853e-01	3.700000e-02	8.000000e-01	0.000000e+00	0.000000e+00	3.999998e-29	3.999998e-29	-9.446370e-10	-9.446370e-10	-1.308415e-05	0.000000e+00	0.000000e+00	-5.661280e-06	-9.446366e-10	-6.233295e-10	4.028300e-13	9.446366e-10	9.446374e-10	5.662225e-06	-9.446374e-10	-9.446374e-10	0.000000e+00	0.000000e+00	-0.000000e+00	-0.000000e+00	-7.999853e-16	-5.661602e-06	9.442346e-10	7.630000e-16	9.446370e-10	9.446370e-10	9.836005e-21	-4.691520e-20	1.308037e-05	-1.308226e-05	0.000000e+00
3.800000000000000e-02	7.999995e-01	7.999995e-01	3.508475e-01	3.508475e-01	7.999853e-01	3.800000e-02	8.000000e-01	0.000000e+00	0.000000e+00	3.999998e-29	3.999998e-29	-9.446370e-10	-9.446370e-10	-1.308415e-05	0.000000e+00	0.000000e+00	-5.810516e-06	-9.446366e-10	-6.325592e-10	4.034264e-13	9.446366e-10	9.446374e-10	5.811461e-06	-9.446374e-10	-9.446374e-10	0.000000e+00	0.000000e+00	-0.000000e+00	-0.000000e+00	-7.999853e-16	-5.810828e-06	9.442340e-10	7.620000e-16	9.446370e-10	9.446370e-10	-1.388092e-20	2.774984e-19	1.308037e-05	-1.308226e-05	0.000000e+00
3.900000000000000e-02	7.999995e-01	7.999995e-01	3.508475e-01	3.508475e-01	7.999853e-01	3.900000e-02	8.000000e-01	0.000000e+00	0.000000e+00	3.999998e-29	3.999998e-29	-9.446370e-10	-9.446370e-10	-1.308415e-05	0.000000e+00	0.000000e+00	-5.959550e-06	-9.446366e-10	-6.415237e-10	4.040247e-13	9.446366e-10	9.446374e-10	5.960495e-06	-9.446374e-10	-9.446374e-10	0.000000e+00	0.000000e+00	-0.000000e+00	-0.000000e+00	-7.999853e-16	-5.959854e-06	9.442334e-10	7.610000e-16	9.446370e-10	9.446370e-10	-7.104654e-21	-4.691520e-20	1.308037e-05	-1.308226e-05	0.000000e+00
4.000000000000000e-02	7.999995e-01	7.999995e-01	3.508475e-01	3.508475e-01	7.999853e-01	4.000000e-02	8.000000e-01	0.000000e+00	0.000000e+00	3.999998e-29	3.999998e-29	-9.446370e-10	-9.446370e-10	-1.308415e-05	0.000000e+00	0.000000e+00	-6.108385e-06	-9.446366e-10	-6.502307e-10	4.046247e-13	9.446366e-10	9.446374e-10	6.109329e-06	-9.446374e-10	-9.446374e-10	0.000000e+00	0.000000e+00	-0.000000e+00	-0.000000e+00	-7.999853e-16	-6.108679e-06	9.442328e-10	7.600000e-16	9.446370e-10	9.446370e-10	9.836005e-21	-4.691520e-20	1.308037e-05	-1.308226e-05	0.000000e+00
4.100000000000000e-02	7.999995e-01	7.999995e-01	3.508475e-01	3.508475e-01	7.999853e-01	4.100000e-02	8.000000e-01	0.000000e+00	0.000000e+00	3.999998e-29	3.999998e-29	-9.446370e-10	-9.446370e-10	-1.308415e-05	0.000000e+00	0.000000e+00	-6.257018e-06	-9.446366e-10	-6.586876e-10	4.052264e-13	9.446366e-10	9.446374e-10	6.257962e-06	-9.446374e-10	-9.446374e-10	0.000000e+00	0.000000e+00	-0.000000e+00	-0.000000e+00	-7.999853e-16	-6.257304e-06	9.442321e-10	7.590000e-16	9.446370e-10	9.446370e-10	-7.104654e-21	-4.691520e-20	1.308037e-05	-1.308226e-05	0.000000e+00
4.200000000000000e-02	7.999995e-01	7.999995e-01	3.508475e-01	3.508475e-01	7.999852e-01	4.200000e-02	8.000000e-01	0.000000e+00	0.000000e+00	3.999998e-29	3.999998e-29	-9.446370e-10	-9.446370e-10	-1.308415e-05	0.000000e+00	0.000000e+00	-6.405450e-06	-9.446366e-10	-6.669016e-10	4.058300e-13	9.446366e-10	9.446374e-10	6.406395e-06	-9.446374e-10	-9.446374e-10	0.000000e+00	0.000000e+00	-0.000000e+00	-0.000000e+00	-7.999852e-16	-6.405728e-06	9.442316e-10	7.580000e-16	9.446370e-10	9.446370e-10	-1.175424e-21	-4.691520e-20	1.308037e-05	-1.308226e-05	0.000000e+00
4.300000000000000e-02	7.999995e-01	7.999995e-01	3.508475e-01	3.508475e-01	7.999852e-01	4.300000e-02	8.000000e-01	0.000000e+00	0.000000e+00	3.999998e-29	3.999998e-29	-9.446370e-10	-9.446370e-10	-1.308415e-05	0.000000e+00	0.000000e+00	-6.553682e-06	-9.446366e-10	-6.748797e-10	4.064354e-13	9.446366e-10	9.446374e-10	6.554626e-06	-9.446374e-10	-9.446374e-10	0.000000e+00	0.000000e+00	-0.000000e+00	-0.000000e+00	-7.999852e-16	-6.553952e-06	9.442309e-10	7.570000e-16	9.446370e-10	9.446370e-10	-1.175424e-21	-4.691520e-20	1.308037e-05	-1.308226e-05	0.000000e+00
4.400000000000000e-02	7.999995e-01	7.999995e-01	3.508475e-01	3.508475e-01	7.999852e-01	4.400000e-02	8.000000e-01	0.000000e+00	0.000000e+00	3.999998e-29	3.999998e-29	-9.446370e-10	-9.446370e-10	-1.308415e-05	0.000000e+00	0.000000e+00	-6.701713e-06	-9.446366e-10	-6.826285e-10	4.070426e-13	9.446366e-10	9.446374e-10	6.702657e-06	-9.446374e-10	-9.446374e-10	0.000000e+00	0.000000e+00	-0.000000e+00	-0.000000e+00	-7.999852e-16	-6.701975e-06	9.442304e-10	7.560000e-16	9.446370e-10	9.446370e-10	9.836005e-21	-4.691520e-20	1.308037e-05	-1.308226e-05	0.000000e+00
4.500000000000000e-02	7.999995e-01	7.999995e-01	3.508475e-01	3.508475e-01	7.999852e-01	4.500000e-02	8.000000e-01	0.000000e+00	0.000000e+00	3.999998e-29	3.999998e-29	-9.446370e-10	-9.446370e-10	-1.308415e-05	0.000000e+00	0.000000e+00	-6.849542e-06	-9.446366e-10	-6.901548e-10	4.076516e-13	9.446366e-10	9.446374e-10	6.850487e-06	-9.446374e-10	-9.446373e-10	0.000000e+00	0.000000e+00	-0.000000e+00	-0.000000e+00	-7.999852e-16	-6.849797e-06	9.442298e-10	7.550000e-16	9.446370e-10	9.446370e-10	-1.388092e-20	2.774984e-19	1.308037e-05	-1.308226e-05	0.000000e+00
4.600000000000000e-02	7.999995e-01	7.999995e-01	3.508475e-01	3.508475e-01	7.999852e-01	4.600000e-02	8.000000e-01	0.000000e+00	0.000000e+00	3.999998e-29	3.999998e-29	-9.446370e-10	-9.446370e-10	-1.308415e-05	0.000000e+00	0.000000e+00	-6.997171e-06	-9.446366e-10	-6.974649e-10	4.082624e-13	9.446366e-10	9.446374e-10	6.998115e-06	-9.446374e-10	-9.446373e-10	0.000000e+00	0.000000e+00	-0.000000e+00	-0.000000e+00	-7.999852e-16	-6.997418e-06	9.442291e-10	7.540000e-16	9.446370e-10	9.446370e-10	-7.104654e-21	-4.691520e-20	1.308037e-05	-1.308226e-05	0.000000e+00
4.700000000000000e-02	7.999995e-01	7.999995e-01	3.508475e-01	3.508475e-01	7.999852e-01	4.700000e-02	8.000000e-01	0.000000e+00	0.000000e+00	3.999998e-29	3.999998e-29	-9.446370e-10	-9.446370e-10	-1.308415e-05	0.000000e+00	0.000000e+00	-7.144598e-06	-9.446366e-10	-7.045649e-10	4.088751e-13	9.446366e-10	9.446374e-10	7.145542e-06	-9.446374e-10	-9.446373e-10	0.000000e+00	0.000000e+00	-0.000000e+00	-0.000000e+00	-7.999851e-16	-7.144838e-06	9.442285e-10	7.530000e-16	9.446370e-10	9.446370e-10	9.836005e-21	-4.691520e-20	1.308037e-05	-1.308226e-05	0.000000e+00
4.800000000000000e-02	7.999995e-01	7.999995e-01	3.508475e-01	3.508475e-01	7.999851e-01	4.800000e-02	8.000000e-01	0.000000e+00	0.000000e+00	3.999998e-29	3.999998e-29	-9.446370e-10	-9.446370e-10	-1.308415e-05	0.000000e+00	0.000000e+00	-7.291824e-06	-9.446366e-10	-7.114611e-10	4.094896e-13	9.446366e-10	9.446374e-10	7.292769e-06	-9.446374e-10	-9.446373e-10	0.000000e+00	0.000000e+00	-0.000000e+00	-0.000000e+00	-7.999851e-16	-7.292057e-06	9.442279e-10	7.520000e-16	9.446370e-10	9.446370e-10	-7.104654e-21	-4.691520e-20	1.308037e-05	-1.308226e-05	0.000000e+00
4.900000000000000e-02	7.999995e-01	7.999995e-01	3.508475e-01	3.508475e-01	7.999851e-01	4.900000e-02	8.000000e-01	0.000000e+00	0.000000e+00	3.999998e-29	3.999998e-29	-9.446370e-10	-9.446370e-10	-1.308415e-05	0.000000e+00	0.000000e+00	-7.438849e-06	-9.446366e-10	-7.181591e-10	4.101059e-13	9.446366e-10	9.446374e-10	7.439794e-06	-9.446374e-10	-9.446373e-10	0.000000e+00	0.000000e+00	-0.000000e+00	-0.000000e+00	-7.999851e-16	-7.439075e-06	9.442273e-10	7.510000e-16	9.446370e-10	9.446370e-10	-1.175424e-21	-4.691520e-20	1.308037e-05	-1.308226e-05	0.000000e+00
5.000000000000000e-02	7.999995e-01	7.999995e-01	3.508475e-01	3.508475e-01	7.999851e-01	5.000000e-02	8.000000e-01	0.000000e+00	0.000000e+00	3.999998e-29	3.999998e-29	-9.446370e-10	-9.446370e-10	-1.308415e-05	0.000000e+00	0.000000e+00	-7.585673e-06	-9.446366e-10	-7.246648e-10	4.107241e-13	9.446366e-10	9.446374e-10	7.586617e-06	-9.446374e-10	-9.446373e-10	0.000000e+00	0.000000e+00	-0.000000e+00	-0.000000e+00	-7.999851e-16	-7.585893e-06	9.442267e-10	7.500000e-16	9.446370e-10	9.446370e-10	-1.175424e-21	-4.691520e-20	1.308037e-05	-1.308226e-05	0.000000e+00
5.100000000000000e-02	7.999995e-01	7.999995e-01	3.508475e-01	3.508475e-01	7.999851e-01	5.100000e-02	8.000000e-01	0.000000e+00	0.000000e+00	3.999998e-29	3.999998e-29	-9.446370e-10	-9.446370e-10	-1.308415e-05	0.000000e+00	0.000000e+00	-7.732295e-06	-9.446366e-10	-7.309835e-10	4.113442e-13	9.446366e-10	9.446374e-10	7.733240e-06	-9.446374e-10	-9.446373e-10	0.000000e+00	0.000000e+00	-0.000000e+00	-0.000000e+00	-7.999850e-16	-7.732508e-06	9.442260e-10	7.490000e-16	9.446370e-10	9.446370e-10	9.836005e-21	-4.691520e-20	1.308037e-05	-1.308226e-05	0.000000e+00
5.200000000000000e-02	7.999995e-01	7.999995e-01	3.508475e-01	3.508475e-01	7.999851e-01	5.200000e-02	8.000000e-01	0.000000e+00	0.000000e+00	3.999998e-29	3.999998e-29	-9.446370e-10	-9.446370e-10	-1.308415e-05	0.000000e+00	0.000000e+00	-7.878716e-06	-9.446366e-10	-7.371208e-10	4.119661e-13	9.446366e-10	9.446374e-10	7.879660e-06	-9.446374e-10	-9.446373e-10	0.000000e+00	0.000000e+00	-0.000000e+00	-0.000000e+00	-7.999850e-16	-7.878923e-06	9.442255e-10	7.480000e-16	9.446370e-10	9.446370e-10	-1.388092e-20	2.774984e-19	1.308037e-05	-1.308226e-05	0.000000e+00
5.300000000000000e-02	7.999995e-01	7.999995e-01	3.508475e-01	3.508475e-01	7.999850e-01	5.300000e-02	8.000000e-01	0.000000e+00	0.000000e+00	3.999998e-29	3.999998e-29	-9.446370e-10	-9.446370e-10	-1.308415e-05	0.000000e+00	0.000000e+00	-8.024935e-06	-9.446366e-10	-7.430817e-10	4.125900e-13	9.446366e-10	9.446374e-10	8.025880e-06	-9.446374e-10	-9.446373e-10	0.000000e+00	0.000000e+00	-0.000000e+00	-0.000000e+00	-7.999850e-16	-8.025137e-06	9.442248e-10	7.470000e-16	9.446370e-10	9.446370e-10	-7.104654e-21	-4.691520e-20	1.308037e-05	-1.308226e-05	0.000000e+00
5.400000000000000e-02	7.999995e-01	7.999995e-01	3.508475e-01	3.508475e-01	7.999850e-01	5.400000e-02	8.000000e-01	0.000000e+00	0.000000e+00	3.999998e-29	3.999998e-29	-9.446370e-10	-9.446370e-10	-1.308415e-05	0.000000e+00	0.000000e+00	-8.170953e-06	-9.446366e-10	-7.488715e-10	4.132157e-13	9.446366e-10	9.446374e-10	8.171897e-06	-9.446374e-10	-9.446373e-10	0.000000e+00	0.000000e+00	-0.000000e+00	-0.000000e+00	-7.999850e-16	-8.171149e-06	9.442241e-10	7.460000e-16	9.446370e-10	9.446370e-10	9.836005e-21	-4.691520e-20	1.308037e-05	-1.308226e-05	0.000000e+00
5.500000000000000e-02	7.999995e-01	7.999995e-01	3.508475e-01	3.508475e-01	7.999850e-01	5.500000e-02	8.000000e-01	0.000000e+00	0.000000e+00	3.999998e-29	3.999998e-29	-9.446370e-10	-9.446370e-10	-1.308415e-05	0.000000e+00	0.000000e+00	-8.316769e-06	-9.446366e-10	-7.544949e-10	4.138433e-13	9.446366e-10	9.446374e-10	8.317714e-06	-9.446374e-10	-9.446373e-10	0.000000e+00	0.000000e+00	-0.000000e+00	-0.000000e+00	-7.999850e-16	-8.316959e-06	9.442236e-10	7.450000e-16	9.446370e-10	9.446370e-10	-7.104654e-21	-4.691520e-20	1.308037e-05	-1.308226e-05	0.000000e+00
5.600000000000000e-02	7.999995e-01	7.999995e-01	3.508475e-01	3.508475e-01	7.999849e-01	5.600000e-02	8.000000e-01	0.000000e+00	0.000000e+00	3.999998e-29	3.999998e-29	-9.446370e-10	-9.446370e-10	-1.308415e-05	0.000000e+00	0.000000e+00	-8.462383e-06	-9.446366e-10	-7.599568e-10	4.144729e-13	9.446366e-10	9.446374e-10	8.463328e-06	-9.446374e-10	-9.446373e-10	0.000000e+00	0.000000e+00	-0.000000e+00	-0.000000e+00	-7.999849e-16	-8.462568e-06	9.442229e-10	7.440000e-16	9.446370e-10	9.446370e-10	-1.175424e-21	-4.691520e-20	1.308037e-05	-1.308226e-05	0.000000e+00
5.700000000000000e-02	7.999995e-01	7.999995e-01	3.508475e-01	3.508475e-01	7.999849e-01	5.700000e-02	8.000000e-01	0.000000e+00	0.000000e+00	3.999998e-29	3.999998e-29	-9.446370e-10	-9.446370e-10	-1.308415e-05	0.000000e+00	0.000000e+00	-8.607796e-06	-9.446366e-10	-7.652617e-10	4.151043e-13	9.446366e-10	9.446374e-10	8.608740e-06	-9.446374e-10	-9.446373e-10	0.000000e+00	0.000000e+00	-0.000000e+00	-0.000000e+00	-7.999849e-16	-8.607975e-06	9.442223e-10	7.430000e-16	9.446370e-10	9.446370e-10	-1.175424e-21	-4.691520e-20	1.308037e-05	-1.308226e-05	0.000000e+00
5.800000000000000e-02	7.999995e-01	7.999995e-01	3.508475e-01	3.508475e-01	7.999849e-01	5.800000e-02	8.000000e-01	0.000000e+00	0.000000e+00	3.999998e-29	3.999998e-29	-9.446370e-10	-9.446370e-10	-1.308415e-05	0.000000e+00	0.000000e+00	-8.753007e-06	-9.446366e-10	-7.704143e-10	4.157377e-13	9.446366e-10	9.446374e-10	8.753951e-06	-9.446374e-10	-9.446373e-10	0.000000e+00	0.000000e+00	-0.000000e+00	-0.000000e+00	-7.999849e-16	-8.753181e-06	9.442217e-10	7.420000e-16	9.446370e-10	9.446370e-10	9.836005e-21	-4.691520e-20	1.308037e-05	-1.308226e-05	0.000000e+00
5.900000000000000e-02	7.999995e-01	7.999995e-01	3.508475e-01	3.508475e-01	7.999849e-01	5.900000e-02	8.000000e-01	0.000000e+00	0.000000e+00	3.999998e-29	3.999998e-29	-9.446370e-10	-9.446370e-10	-1.308415e-05	0.000000e+00	0.000000e+00	-8.898015e-06	-9.446366e-10	-7.754189e-10	4.163730e-13	9.446366e-10	9.446374e-10	8.898960e-06	-9.446374e-10	-9.446373e-10	0.000000e+00	0.000000e+00	-0.000000e+00	-0.000000e+00	-7.999849e-16	-8.898185e-06	9.442210e-10	7.410000e-16	9.446370e-10	9.446370e-10	-1.388092e-20	2.774984e-19	1.308037e-05	-1.308226e-05	0.000000e+00
6.000000000000000e-02	7.999995e-01	7.999995e-01	3.508475e-01	3.508475e-01	7.999849e-01	6.000000e-02	8.000000e-01	0.000000e+00	0.000000e+00	3.999998e-29	3.999998e-29	-9.446370e-10	-9.446370e-10	-1.308415e-05	0.000000e+00	0.000000e+00	-9.042822e-06	-9.446366e-10	-7.802797e-10	4.170103e-13	9.446366e-10	9.446374e-10	9.043767e-06	-9.446374e-10	-9.446373e-10	0.000000e+00	0.000000e+00	-0.000000e+00	-0.000000e+00	-7.999849e-16	-9.042987e-06	9.442204e-10	7.400000e-16	9.446370e-10	9.446370e-10	-7.104654e-21	-4.691520e-20	1.308037e-05	-1.308226e-05	0.000000e+00
6.100000000000000e-02	7.999995e-01	7.999995e-01	3.508475e-01	3.508475e-01	7.999848e-01	6.100000e-02	8.000000e-01	0.000000e+00	0.000000e+00	3.999998e-29	3.999998e-29	-9.446370e-10	-9.446370e-10	-1.308415e-05	0.000000e+00	0.000000e+00	-9.187427e-06	-9.446366e-10	-7.850010e-10	4.176495e-13	9.446366e-10	9.446374e-10	9.188372e-06	-9.446374e-10	-9.446373e-10	0.000000e+00	0.000000e+00	-0.000000e+00	-0.000000e+00	-7.999848e-16	-9.187587e-06	9.442197e-10	7.390000e-16	9.446370e-10	9.446370e-10	9.836005e-21	-4.691520e-20	1.308037e-05	-1.308226e-05	0.000000e+00
6.200000000000000e-02	7.999995e-01	7.999995e-01	3.508475e-01	3.508475e-01	7.999848e-01	6.200000e-02	8.000000e-01	0.000000e+00	0.000000e+00	3.999998e-29	3.999998e-29	-9.446370e-10	-9.446370e-10	-1.308415e-05	0.000000e+00	0.000000e+00	-9.331830e-06	-9.446366e-10	-7.895865e-10	4.182907e-13	9.446366e-10	9.446374e-10	9.332774e-06	-9.446374e-10	-9.446373e-10	0.000000e+00	0.000000e+00	-0.000000e+00	-0.000000e+00	-7.999848e-16	-9.331985e-06	9.442191e-10	7.380000e-16	9.446370e-10	9.446370e-10	-7.104654e-21	-4.691520e-20	1.308037e-05	-1.308226e-05	0.000000e+00
6.300000000000000e-02	7.999995e-01	7.999995e-01	3.508475e-01	3.508475e-01	7.999848e-01	6.300000e-02	8.000000e-01	0.000000e+00	0.000000e+00	3.999998e-29	3.999998e-29	-9.446370e-10	-9.446370e-10	-1.308415e-05	0.000000e+00	0.000000e+00	-9.476031e-06	-9.446366e-10	-7.940404e-10	4.189338e-13	9.446366e-10	9.446374e-10	9.476976e-06	-9.446374e-10	-9.446373e-10	0.000000e+00	0.000000e+00	-0.000000e+00	-0.000000e+00	-7.999848e-16	-9.476181e-06	9.442185e-10	7.370000e-16	9.446370e-10	9.446370e-10	-1.175424e-21	-4.691520e-20	1.308037e-05	-1.308226e-05	0.000000e+00
6.400000000000000e-02	7.999995e-01	7.999995e-01	3.508475e-01	3.508475e-01	7.999848e-01	6.400000e-02	8.000000e-01	0.000000e+00	0.000000e+00	3.999998e-29	3.999998e-29	-9.446370e-10	-9.446370e-10	-1.308415e-05	0.000000e+00	0.000000e+00	-9.620029e-06	-9.446366e-10	-7.983663e-10	4.195790e-13	9.446366e-10	9.446374e-10	9.620973e-06	-9.446374e-10	-9.446373e-10	0.000000e+00	0.000000e+00	-0.000000e+00	-0.000000e+00	-7.999848e-16	-9.620176e-06	9.442178e-10	7.360000e-16	9.446370e-10	9.446370e-10	-1.175424e-21	-4.691520e-20	1.308037e-05	-1.308226e-05	0.000000e+00
6.500000000000000e-02	7.999995e-01	7.999995e-01	3.508475e-01	3.508475e-01	7.999848e-01	6.500000e-02	8.000000e-01	0.000000e+00	0.000000e+00	3.999998e-29	3.999998e-29	-9.446370e-10	-9.446370e-10	-1.308415e-05	0.000000e+00	0.000000e+00	-9.763825e-06	-9.446366e-10	-8.025680e-10	4.202261e-13	9.446366e-10	9.446374e-10	9.764770e-06	-9.446374e-10	-9.446373e-10	0.000000e+00	0.000000e+00	-0.000000e+00	-0.000000e+00	-7.999847e-16	-9.763967e-06	9.442171e-10	7.350000e-16	9.446370e-10	9.446370e-10	9.836005e-21	-4.691520e-20	1.308037e-05	-1.308226e-05	0.000000e+00
6.600000000000000e-02	7.999995e-01	7.999995e-01	3.508475e-01	3.508475e-01	7.999847e-01	6.600000e-02	8.000000e-01	0.000000e+00	0.000000e+00	3.999998e-29	3.999998e-29	-9.446370e-10	-9.446370e-10	-1.308415e-05	0.000000e+00	0.000000e+00	-9.907419e-06	-9.446366e-10	-8.066489e-10	4.208752e-13	9.446365e-10	9.446374e-10	9.908364e-06	-9.446374e-10	-9.446373e-10	0.000000e+00	0.000000e+00	-0.000000e+00	-0.000000e+00	-7.999847e-16	-9.907557e-06	9.442165e-10	7.340000e-16	9.446370e-10	9.446370e-10	-1.388092e-20	2.774984e-19	1.308037e-05	-1.308226e-05	0.000000e+00
6.700000000000000e-02	7.999995e-01	7.999995e-01	3.508475e-01	3.508475e-01	7.999847e-01	6.700000e-02	8.000000e-01	0.000000e+00	0.000000e+00	3.999998e-29	3.999998e-29	-9.446370e-10	-9.446370e-10	-1.308415e-05	0.000000e+00	0.000000e+00	-1.005081e-05	-9.446366e-10	-8.106126e-10	4.215264e-13	9.446365e-10	9.446374e-10	1.005175e-05	-9.446374e-10	-9.446373e-10	0.000000e+00	0.000000e+00	-0.000000e+00	-0.000000e+00	-7.999847e-16	-1.005094e-05	9.442159e-10	7.330000e-16	9.446370e-10	9.446370e-10	-7.104654e-21	-4.691520e-20	1.308037e-05	-1.308226e-05	0.000000e+00
6.800000000000000e-02	7.999995e-01	7.999995e-01	3.508475e-01	3.508475e-01	7.999846e-01	6.800000e-02	8.000000e-01	0.000000e+00	0.000000e+00	3.999998e-29	3.999998e-29	-9.446370e-10	-9.446370e-10	-1.308415e-05	0.000000e+00	0.000000e+00	-1.019400e-05	-9.446366e-10	-8.144625e-10	4.221795e-13	9.446365e-10	9.446374e-10	1.019494e-05	-9.446374e-10	-9.446373e-10	0.000000e+00	0.000000e+00	-0.000000e+00	-0.000000e+00	-7.999847e-16	-1.019413e-05	9.442153e-10	7.320000e-16	9.446370e-10	9.446370e-10	9.836005e-21	-4.691520e-20	1.308037e-05	-1.308226e-05	0.000000e+00
6.900000000000001e-02	7.999995e-01	7.999995e-01	3.508475e-01	3.508475e-01	7.999846e-01	6.900000e-02	8.000000e-01	0.000000e+00	0.000000e+00	3.999998e-29	3.999998e-29	-9.446370e-10	-9.446370e-10	-1.308415e-05	0.000000e+00	0.000000e+00	-1.033699e-05	-9.446366e-10	-8.182018e-10	4.228347e-13	9.446365e-10	9.446374e-10	1.033793e-05	-9.446374e-10	-9.446373e-10	0.000000e+00	0.000000e+00	-0.000000e+00	-0.000000e+00	-7.999847e-16	-1.033711e-05	9.442146e-10	7.310000e-16	9.446370e-10	9.446370e-10	-7.104654e-21	-4.691520e-20	1.308037e-05	-1.308226e-05	0.000000e+00
7.000000000000001e-02	7.999995e-01	7.999995e-01	3.508475e-01	3.508475e-01	7.999846e-01	7.000000e-02	8.000000e-01	0.000000e+00	0.000000e+00	3.999998e-29	3.999998e-29	-9.446370e-10	-9.446370e-10	-1.308415e-05	0.000000e+00	0.000000e+00	-1.047977e-05	-9.446366e-10	-8.218337e-10	4.234919e-13	9.446365e-10	9.446374e-10	1.048071e-05	-9.446374e-10	-9.446373e-10	0.000000e+00	0.000000e+00	-0.000000e+00	-0.000000e+00	-7.999846e-16	-1.047989e-05	9.442139e-10	7.300000e-16	9.446370e-10	9.446370e-10	-1.175424e-21	-4.691520e-20	1.308037e-05	-1.308226e-05	0.000000e+00
7.100000000000001e-02	7.999995e-01	7.999995e-01	3.508475e-01	3.508475e-01	7.999846e-01	7.100000e-02	8.000000e-01	0.000000e+00	0.000000e+00	3.999998e-29	3.999998e-29	-9.446370e-10	-9.446370e-10	-1.308415e-05	0.000000e+00	0.000000e+00	-1.062235e-05	-9.446366e-10	-8.253612e-10	4.241511e-13	9.446365e-10	9.446374e-10	1.062329e-05	-9.446374e-10	-9.446373e-10	0.000000e+00	0.000000e+00	-0.000000e+00	-0.000000e+00	-7.999846e-16	-1.062247e-05	9.442133e-10	7.290000e-16	9.446370e-10	9.446370e-10	-1.175424e-21	-4.691520e-20	1.308037e-05	-1.308226e-05	0.000000e+00
7.200000000000001e-02	7.999995e-01	7.999995e-01	3.508475e-01	3.508475e-01	7.999846e-01	7.200000e-02	8.000000e-01	0.000000e+00	0.000000e+00	3.999998e-29	3.999998e-29	-9.446370e-10	-9.446370e-10	-1.308415e-05	0.000000e+00	0.000000e+00	-1.076473e-05	-9.446366e-10	-8.287874e-10	4.248125e-13	9.446365e-10	9.446374e-10	1.076567e-05	-9.446374e-10	-9.446373e-10	0.000000e+00	0.000000e+00	-0.000000e+00	-0.000000e+00	-7.999846e-16	-1.076484e-05	9.442126e-10	7.280000e-16	9.446370e-10	9.446370e-10	9.836005e-21	-4.691520e-20	1.308037e-05	-1.308226e-05	0.000000e+00
7.300000000000000e-02	7.999995e-01	7.999995e-01	3.508475e-01	3.508475e-01	7.999845e-01	7.300000e-02	8.000000e-01	0.000000e+00	0.000000e+00	3.999998e-29	3.999998e-29	-9.446370e-10	-9.446370e-10	-1.308415e-05	0.000000e+00	0.000000e+00	-1.090690e-05	-9.446366e-10	-8.321152e-10	4.254758e-13	9.446365e-10	9.446374e-10	1.090785e-05	-9.446374e-10	-9.446373e-10	0.000000e+00	0.000000e+00	-0.000000e+00	-0.000000e+00	-7.999846e-16	-1.090702e-05	9.442119e-10	7.270000e-16	9.446370e-10	9.446370e-10	-1.388092e-20	2.774984e-19	1.308037e-05	-1.308226e-05	0.000000e+00
7.400000000000000e-02	7.999995e-01	7.999995e-01	3.508475e-01	3.508475e-01	7.999845e-01	7.400000e-02	8.000000e-01	0.000000e+00	0.000000e+00	3.999998e-29	3.999998e-29	-9.446370e-10	-9.446370e-10	-1.308415e-05	0.000000e+00	0.000000e+00	-1.104888e-05	-9.446366e-10	-8.353475e-10	4.261413e-13	9.446365e-10	9.446374e-10	1.104982e-05	-9.446374e-10	-9.446373e-10	0.000000e+00	0.000000e+00	-0.000000e+00	-0.000000e+00	-7.999845e-16	-1.104899e-05	9.442113e-10	7.260000e-16	9.446370e-10	9.446370e-10	-7.104654e-21	-4.691520e-20	1.308037e-05	-1.308226e-05	0.000000e+00
7.500000000000000e-02	7.999995e-01	7.999995e-01	3.508475e-01	3.508475e-01	7.999845e-01	7.500000e-02	8.000000e-01	0.000000e+00	0.000000e+00	3.999998e-29	3.999998e-29	-9.446370e-10	-9.446370e-10	-1.308415e-05	0.000000e+00	0.000000e+00	-1.119065e-05	-9.446366e-10	-8.384868e-10	4.268088e-13	9.446365e-10	9.446374e-10	1.119159e-05	-9.446374e-10	-9.446373e-10	0.000000e+00	0.000000e+00	-0.000000e+00	-0.000000e+00	-7.999845e-16	-1.119075e-05	9.442106e-10	7.250000e-16	9.446370e-10	9.446370e-10	9.836005e-21	-4.691520e-20	1.308037e-05	-1.308226e-05	0.000000e+00
7.600000000000000e-02	7.999995e-01	7.999995e-01	3.508475e-01	3.508475e-01	7.999845e-01	7.600000e-02	8.000000e-01	0.000000e+00	0.000000e+00	3.999998e-29	3.999998e-29	-9.446370e-10	-9.446370e-10	-1.308415e-05	0.000000e+00	0.000000e+00	-1.133221e-05	-9.446366e-10	-8.415360e-10	4.274785e-13	9.446365e-10	9.446374e-10	1.133316e-05	-9.446374e-10	-9.446373e-10	0.000000e+00	0.000000e+00	-0.000000e+00	-0.000000e+00	-7.999844e-16	-1.133232e-05	9.442099e-10	7.240000e-16	9.446370e-10	9.446370e-10	-7.104654e-21	-4.691520e-20	1.308037e-05	-1.308226e-05	0.000000e+00
7.700000000000000e-02	7.999995e-01	7.999995e-01	3.508475e-01	3.508475e-01	7.999845e-01	7.700000e-02	8.000000e-01	0.000000e+00	0.000000e+00	3.999998e-29	3.999998e-29	-9.446370e-10	-9.446370e-10	-1.308415e-05	0.000000e+00	0.000000e+00	-1.147358e-05	-9.446366e-10	-8.444976e-10	4.281502e-13	9.446365e-10	9.446374e-10	1.147452e-05	-9.446374e-10	-9.446373e-10	0.000000e+00	0.000000e+00	-0.000000e+00	-0.000000e+00	-7.999844e-16	-1.147368e-05	9.442093e-10	7.230000e-16	9.446370e-10	9.446370e-10	-1.175424e-21	-4.691520e-20	1.308037e-05	-1.308226e-05	0.000000e+00
7.800000000000000e-02	7.999995e-01	7.999995e-01	3.508475e-01	3.508475e-01	7.999844e-01	7.800000e-02	8.000000e-01	0.000000e+00	0.000000e+00	3.999998e-29	3.999998e-29	-9.446370e-10	-9.446370e-10	-1.308415e-05	0.000000e+00	0.000000e+00	-1.161474e-05	-9.446366e-10	-8.473741e-10	4.288240e-13	9.446365e-10	9.446374e-10	1.161568e-05	-9.446374e-10	-9.446373e-10	0.000000e+00	0.000000e+00	-0.000000e+00	-0.000000e+00	-7.999844e-16	-1.161483e-05	9.442086e-10	7.220000e-16	9.446370e-10	9.446370e-10	-1.175424e-21	-4.691520e-20	1.308037e-05	-1.308226e-05	0.000000e+00
7.900000000000000e-02	7.999995e-01	7.999995e-01	3.508475e-01	3.508475e-01	7.999844e-01	7.900000e-02	8.000000e-01	0.000000e+00	0.000000e+00	3.999998e-29	3.999998e-29	-9.446370e-10	-9.446370e-10	-1.308415e-05	0.000000e+00	0.000000e+00	-1.175569e-05	-9.446366e-10	-8.501679e-10	4.295000e-13	9.446365e-10	9.446374e-10	1.175664e-05	-9.446374e-10	-9.446373e-10	0.000000e+00	0.000000e+00	-0.000000e+00	-0.000000e+00	-7.999844e-16	-1.175579e-05	9.442079e-10	7.210000e-16	9.446370e-10	9.446370e-10	9.836005e-21	-4.691520e-20	1.308037e-05	-1.308226e-05	0.000000e+00
8.000000000000000e-02	7.999995e-01	7.999995e-01	3.508475e-01	3.508475e-01	7.999844e-01	8.000000e-02	8.000000e-01	0.000000e+00	0.000000e+00	3.999998e-29	3.999998e-29	-9.446370e-10	-9.446370e-10	-1.308415e-05	0.000000e+00	0.000000e+00	-1.189645e-05	-9.446366e-10	-8.528816e-10	4.301782e-13	9.446365e-10	9.446374e-10	1.189739e-05	-9.446374e-10	-9.446373e-10	0.000000e+00	0.000000e+00	-0.000000e+00	-0.000000e+00	-7.999844e-16	-1.189654e-05	9.442073e-10	7.200000e-16	9.446370e-10	9.446370e-10	-1.388092e-20	2.774984e-19	1.308037e-05	-1.308226e-05	0.000000e+00
8.100000000000000e-02	7.999995e-01	7.999995e-01	3.508475e-01	3.508475e-01	7.999843e-01	8.100000e-02	8.000000e-01	0.000000e+00	0.000000e+00	3.999998e-29	3.999998e-29	-9.446370e-10	-9.446370e-10	-1.308415e-05	0.000000e+00	0.000000e+00	-1.203700e-05	-9.446366e-10	-8.555173e-10	4.308584e-13	9.446365e-10	9.446374e-10	1.203794e-05	-9.446374e-10	-9.446373e-10	0.000000e+00	0.000000e+00	-0.000000e+00	-0.000000e+00	-7.999843e-16	-1.203709e-05	9.442065e-10	7.190000e-16	9.446370e-10	9.446370e-10	-7.104654e-21	-4.691520e-20	1.308037e-05	-1.308226e-05	0.000000e+00
8.200000000000000e-02	7.999995e-01	7.999995e-01	3.508475e-01	3.508475e-01	7.999843e-01	8.200000e-02	8.000000e-01	0.000000e+00	0.000000e+00	3.999998e-29	3.999998e-29	-9.446370e-10	-9.446370e-10	-1.308415e-05	0.000000e+00	0.000000e+00	-1.217735e-05	-9.446366e-10	-8.580772e-10	4.315408e-13	9.446365e-10	9.446374e-10	1.217829e-05	-9.446374e-10	-9.446373e-10	0.000000e+00	0.000000e+00	-0.000000e+00	-0.000000e+00	-7.999843e-16	-1.217743e-05	9.442058e-10	7.180000e-16	9.446370e-10	9.446370e-10	9.836005e-21	-4.691520e-20	1.308037e-05	-1.308226e-05	0.000000e+00
8.300000000000000e-02	7.999995e-01	7.999995e-01	3.508475e-01	3.508475e-01	7.999843e-01	8.300000e-02	8.000000e-01	0.000000e+00	0.000000e+00	3.999998e-29	3.999998e-29	-9.446370e-10	-9.446370e-10	-1.308415e-05	0.000000e+00	0.000000e+00	-1.231749e-05	-9.446366e-10	-8.605637e-10	4.322254e-13	9.446365e-10	9.446374e-10	1.231843e-05	-9.446374e-10	-9.446373e-10	0.000000e+00	0.000000e+00	-0.000000e+00	-0.000000e+00	-7.999843e-16	-1.231757e-05	9.442052e-10	7.170000e-16	9.446370e-10	9.446370e-10	-7.104654e-21	-4.691520e-20	1.308037e-05	-1.308226e-05	0.000000e+00
8.400000000000001e-02	7.999995e-01	7.999995e-01	3.508475e-01	3.508475e-01	7.999843e-01	8.400000e-02	8.000000e-01	0.000000e+00	0.000000e+00	3.999998e-29	3.999998e-29	-9.446370e-10	-9.446370e-10	-1.308415e-05	0.000000e+00	0.000000e+00	-1.245743e-05	-9.446366e-10	-8.629787e-10	4.329121e-13	9.446365e-10	9.446374e-10	1.245837e-05	-9.446374e-10	-9.446373e-10	0.000000e+00	0.000000e+00	-0.000000e+00	-0.000000e+00	-7.999843e-16	-1.245751e-05	9.442045e-10	7.160000e-16	9.446370e-10	9.446370e-10	-1.175424e-21	-4.691520e-20	1.308037e-05	-1.308226e-05	0.000000e+00
8.500000000000001e-02	7.999995e-01	7.999995e-01	3.508475e-01	3.508475e-01	7.999843e-01	8.500000e-02	8.000000e-01	0.000000e+00	0.000000e+00	3.999998e-29	3.999998e-29	-9.446370e-10	-9.446370e-10	-1.308415e-05	0.000000e+00	0.000000e+00	-1.259717e-05	-9.446366e-10	-8.653243e-10	4.336011e-13	9.446365e-10	9.446374e-10	1.259811e-05	-9.446374e-10	-9.446373e-10	0.000000e+00	0.000000e+00	-0.000000e+00	-0.000000e+00	-7.999842e-16	-1.259725e-05	9.442038e-10	7.150000e-16	9.446370e-10	9.446370e-10	-1.175424e-21	-4.691520e-20	1.308037e-05	-1.308226e-05	0.000000e+00
8.600000000000001e-02	7.999995e-01	7.999995e-01	3.508475e-01	3.508475e-01	7.999842e-01	8.600000e-02	8.000000e-01	0.000000e+00	0.000000e+00	3.999998e-29	3.999998e-29	-9.446370e-10	-9.446370e-10	-1.308415e-05	0.000000e+00	0.000000e+00	-1.273670e-05	-9.446366e-10	-8.676026e-10	4.342922e-13	9.446365e-10	9.446374e-10	1.273764e-05	-9.446374e-10	-9.446373e-10	0.000000e+00	0.000000e+00	-0.000000e+00	-0.000000e+00	-7.999842e-16	-1.273678e-05	9.442032e-10	7.140000e-16	9.446370e-10	9.446370e-10	9.836005e-21	-4.691520e-20	1.308037e-05	-1.308226e-05	0.000000e+00
8.700000000000001e-02	7.999995e-01	7.999995e-01	3.508475e-01	3.508475e-01	7.999842e-01	8.700000e-02	8.000000e-01	0.000000e+00	0.000000e+00	3.999998e-29	3.999998e-29	-9.446370e-10	-9.446370e-10	-1.308415e-05	0.000000e+00	0.000000e+00	-1.287603e-05	-9.446366e-10	-8.698154e-10	4.349856e-13	9.446365e-10	9.446374e-10	1.287697e-05	-9.446374e-10	-9.446373e-10	0.000000e+00	0.000000e+00	-0.000000e+00	-0.000000e+00	-7.999842e-16	-1.287610e-05	9.442024e-10	7.130000e-16	9.446370e-10	9.446370e-10	-1.388092e-20	2.774984e-19	1.308037e-05	-1.308226e-05	0.000000e+00
8.799999999999999e-02	7.999995e-01	7.999995e-01	3.508475e-01	3.508475e-01	7.999842e-01	8.800000e-02	8.000000e-01	0.000000e+00	0.000000e+00	3.999998e-29	3.999998e-29	-9.446370e-10	-9.446370e-10	-1.308415e-05	0.000000e+00	0.000000e+00	-1.301515e-05	-9.446366e-10	-8.719647e-10	4.356811e-13	9.446365e-10	9.446374e-10	1.301610e-05	-9.446374e-10	-9.446373e-10	0.000000e+00	0.000000e+00	-0.000000e+00	-0.000000e+00	-7.999842e-16	-1.301523e-05	9.442017e-10	7.120000e-16	9.446370e-10	9.446370e-10	-7.104654e-21	-4.691520e-20	1.308037e-05	-1.308226e-05	0.000000e+00
8.900000000000000e-02	7.999995e-01	7.999995e-01	3.508475e-01	3.508475e-01	7.999842e-01	8.900000e-02	8.000000e-01	0.000000e+00	0.000000e+00	3.999998e-29	3.999998e-29	-9.446370e-10	-9.446370e-10	-1.308415e-05	0.000000e+00	0.000000e+00	-1.315407e-05	-9.446366e-10	-8.740522e-10	4.363789e-13	9.446365e-10	9.446374e-10	1.315502e-05	-9.446374e-10	-9.446373e-10	0.000000e+00	0.000000e+00	-0.000000e+00	-0.000000e+00	-7.999841e-16	-1.315415e-05	9.442011e-10	7.110000e-16	9.446370e-10	9.446370e-10	9.836005e-21	-4.691520e-20	1.308037e-05	-1.308226e-05	0.000000e+00
9.000000000000000e-02	7.999995e-01	7.999995e-01	3.508475e-01	3.508475e-01	7.999841e-01	9.000000e-02	8.000000e-01	0.000000e+00	0.000000e+00	3.999998e-29	3.999998e-29	-9.446370e-10	-9.446370e-10	-1.308415e-05	0.000000e+00	0.000000e+00	-1.329279e-05	-9.446366e-10	-8.760797e-10	4.370789e-13	9.446365e-10	9.446374e-10	1.329374e-05	-9.446374e-10	-9.446373e-10	0.000000e+00	0.000000e+00	-0.000000e+00	-0.000000e+00	-7.999841e-16	-1.329286e-05	9.442003e-10	7.100000e-16	9.446370e-10	9.446370e-10	-7.104654e-21	-4.691520e-20	1.308037e-05	-1.308226e-05	0.000000e+00
9.100000000000000e-02	7.999995e-01	7.999995e-01	3.508475e-01	3.508475e-01	7.999841e-01	9.100000e-02	8.000000e-01	0.000000e+00	0.000000e+00	3.999998e-29	3.999998e-29	-9.446370e-10	-9.446370e-10	-1.308415e-05	0.000000e+00	0.000000e+00	-1.343131e-05	-9.446366e-10	-8.780490e-10	4.377812e-13	9.446365e-10	9.446374e-10	1.343225e-05	-9.446374e-10	-9.446373e-10	0.000000e+00	0.000000e+00	-0.000000e+00	-0.000000e+00	-7.999841e-16	-1.343137e-05	9.441996e-10	7.090000e-16	9.446370e-10	9.446370e-10	-1.175424e-21	-4.691520e-20	1.308037e-05	-1.308226e-05	0.000000e+00
9.200000000000000e-02	7.999995e-01	7.999995e-01	3.508475e-01	3.508475e-01	7.999841e-01	9.200000e-02	8.000000e-01	0.000000e+00	0.000000e+00	3.999998e-29	3.999998e-29	-9.446370e-10	-9.446370e-10	-1.308415e-05	0.000000e+00	0.000000e+00	-1.356962e-05	-9.446366e-10	-8.799618e-10	4.384858e-13	9.446365e-10	9.446374e-10	1.357056e-05	-9.446374e-10	-9.446373e-10	0.000000e+00	0.000000e+00	-0.000000e+00	-0.000000e+00	-7.999841e-16	-1.356968e-05	9.441989e-10	7.080000e-16	9.446370e-10	9.446370e-10	-1.175424e-21	-4.691520e-20	1.308037e-05	-1.308226e-05	0.000000e+00
9.300000000000000e-02	7.999995e-01	7.999995e-01	3.508475e-01	3.508475e-01	7.999840e-01	9.300000e-02	8.000000e-01	0.000000e+00	0.000000e+00	3.999998e-29	3.999998e-29	-9.446370e-10	-9.446370e-10	-1.308415e-05	0.000000e+00	0.000000e+00	-1.370772e-05	-9.446366e-10	-8.818196e-10	4.391925e-13	9.446365e-10	9.446374e-10	1.370867e-05	-9.446374e-10	-9.446373e-10	0.000000e+00	0.000000e+00	-0.000000e+00	-0.000000e+00	-7.999840e-16	-1.370778e-05	9.441982e-10	7.070000e-16	9.446370e-10	9.446370e-10	9.836005e-21	-4.691520e-20	1.308037e-05	-1.308226e-05	0.000000e+00
9.400000000000000e-02	7.999995e-01	7.999995e-01	3.508475e-01	3.508475e-01	7.999840e-01	9.400000e-02	8.000000e-01	0.000000e+00	0.000000e+00	3.999998e-29	3.999998e-29	-9.446370e-10	-9.446370e-10	-1.308415e-05	0.000000e+00	0.000000e+00	-1.384562e-05	-9.446366e-10	-8.836240e-10	4.399016e-13	9.446365e-10	9.446374e-10	1.384657e-05	-9.446374e-10	-9.446373e-10	0.000000e+00	0.000000e+00	-0.000000e+00	-0.000000e+00	-7.999840e-16	-1.384568e-05	9.441975e-10	7.060000e-16	9.446370e-10	9.446370e-10	-1.388092e-20	2.774984e-19	1.308037e-05	-1.308226e-05	0.000000e+00
9.500000000000000e-02	7.999995e-01	7.999995e-01	3.508475e-01	3.508475e-01	7.999840e-01	9.500000e-02	8.000000e-01	0.000000e+00	0.000000e+00	3.999998e-29	3.999998e-29	-9.446370e-10	-9.446370e-10	-1.308415e-05	0.000000e+00	0.000000e+00	-1.398332e-05	-9.446366e-10	-8.853765e-10	4.406130e-13	9.446365e-10	9.446374e-10	1.398426e-05	-9.446374e-10	-9.446373e-10	0.000000e+00	0.000000e+00	-0.000000e+00	-0.000000e+00	-7.999840e-16	-1.398338e-05	9.441968e-10	7.050000e-16	9.446370e-10	9.446370e-10	-7.104654e-21	-4.691520e-20	1.308037e-05	-1.308226e-05	0.000000e+00
9.600000000000000e-02	7.999995e-01	7.999995e-01	3.508475e-01	3.508475e-01	7.999840e-01	9.600000e-02	8.000000e-01	0.000000e+00	0.000000e+00	3.999998e-29	3.999998e-29	-9.446370e-10	-9.446370e-10	-1.308415e-05	0.000000e+00	0.000000e+00	-1.412081e-05	-9.446366e-10	-8.870788e-10	4.413267e-13	9.446365e-10	9.446374e-10	1.412176e-05	-9.446374e-10	-9.446373e-10	0.000000e+00	0.000000e+00	-0.000000e+00	-0.000000e+00	-7.999840e-16	-1.412087e-05	9.441961e-10	7.040000e-16	9.446370e-10	9.446370e-10	9.836005e-21	-4.691520e-20	1.308037e-05	-1.308226e-05	0.000000e+00
9.700000000000000e-02	7.999995e-01	7.999995e-01	3.508475e-01	3.508475e-01	7.999839e-01	9.700000e-02	8.000000e-01	0.000000e+00	0.000000e+00	3.999998e-29	3.999998e-29	-9.446370e-10	-9.446370e-10	-1.308415e-05	0.000000e+00	0.000000e+00	-1.425810e-05	-9.446366e-10	-8.887321e-10	4.420427e-13	9.446365e-10	9.446374e-10	1.425904e-05	-9.446374e-10	-9.446373e-10	0.000000e+00	0.000000e+00	-0.000000e+00	-0.000000e+00	-7.999839e-16	-1.425815e-05	9.441954e-10	7.030000e-16	9.446370e-10	9.446370e-10	-7.104654e-21	-4.691520e-20	1.308037e-05	-1.308226e-05	0.000000e+00
9.800000000000000e-02	7.999995e-01	7.999995e-01	3.508475e-01	3.508475e-01	7.999839e-01	9.800000e-02	8.000000e-01	0.000000e+00	0.000000e+00	3.999998e-29	3.999998e-29	-9.446370e-10	-9.446370e-10	-1.308415e-05	0.000000e+00	0.000000e+00	-1.439518e-05	-9.446366e-10	-8.903380e-10	4.427610e-13	9.446365e-10	9.446374e-10	1.439613e-05	-9.446374e-10	-9.446373e-10	0.000000e+00	0.000000e+00	-0.000000e+00	-0.000000e+00	-7.999839e-16	-1.439524e-05	9.441946e-10	7.020000e-16	9.446370e-10	9.446370e-10	-1.175424e-21	-4.691520e-20	1.308037e-05	-1.308226e-05	0.000000e+00
9.900000000000000e-02	7.999995e-01	7.999995e-01	3.508475e-01	3.508475e-01	7.999839e-01	9.900000e-02	8.000000e-01	0.000000e+00	0.000000e+00	3.999998e-29	3.999998e-29	-9.446370e-10	-9.446370e-10	-1.308415e-05	0.000000e+00	0.000000e+00	-1.453206e-05	-9.446366e-10	-8.918978e-10	4.434817e-13	9.446365e-10	9.446374e-10	1.453301e-05	-9.446374e-10	-9.446373e-10	0.000000e+00	0.000000e+00	-0.000000e+00	-0.000000e+00	-7.999839e-16	-1.453211e-05	9.441939e-10	7.010000e-16	9.446370e-10	9.446370e-10	-1.175424e-21	-4.691520e-20	1.308037e-05	-1.308226e-05	0.000000e+00
1.000000000000000e-01	7.999995e-01	7.999995e-01	3.508475e-01	3.508475e-01	7.999839e-01	1.000000e-01	8.000000e-01	0.000000e+00	0.000000e+00	3.999998e-29	3.999998e-29	-9.446370e-10	-9.446370e-10	-1.308415e-05	0.000000e+00	0.000000e+00	-1.466874e-05	-9.446366e-10	-8.934127e-10	4.442047e-13	9.446365e-10	9.446374e-10	1.466968e-05	-9.446374e-10	-9.446371e-10	0.000000e+00	0.000000e+00	-0.000000e+00	-0.000000e+00	-7.999839e-16	-1.466879e-05	9.441932e-10	7.000000e-16	9.446370e-10	9.446370e-10	9.836005e-21	-4.691520e-20	1.308037e-05	-1.308226e-05	0.000000e+00
1.010000000000000e-01	7.999995e-01	7.999995e-01	3.508475e-01	3.508475e-01	7.999839e-01	1.010000e-01	8.000000e-01	0.000000e+00	0.000000e+00	3.999998e-29	3.999998e-29	-9.446370e-10	-9.446370e-10	-1.308415e-05	0.000000e+00	0.000000e+00	-1.480521e-05	-9.446366e-10	-8.948841e-10	4.449301e-13	9.446365e-10	9.446374e-10	1.480615e-05	-9.446374e-10	-9.446371e-10	0.000000e+00	0.000000e+00	-0.000000e+00	-0.000000e+00	-7.999838e-16	-1.480526e-05	9.441925e-10	6.990000e-16	9.446370e-10	9.446370e-10	-1.388092e-20	2.774984e-19	1.308037e-05	-1.308226e-05	0.000000e+00
1.020000000000000e-01	7.999995e-01	7.999995e-01	3.508475e-01	3.508475e-01	7.999838e-01	1.020000e-01	8.000000e-01	0.000000e+00	0.000000e+00	3.999998e-29	3.999998e-29	-9.446370e-10	-9.446370e-10	-1.308415e-05	0.000000e+00	0.000000e+00	-1.494147e-05	-9.446366e-10	-8.963132e-10	4.456579e-13	9.446365e-10	9.446374e-10	1.494242e-05	-9.446374e-10	-9.446371e-10	0.000000e+00	0.000000e+00	-0.000000e+00	-0.000000e+00	-7.999838e-16	-1.494152e-05	9.441917e-10	6.980000e-16	9.446370e-10	9.446370e-10	-7.104654e-21	-4.691520e-20	1.308037e-05	-1.308226e-05	0.000000e+00
1.030000000000000e-01	7.999995e-01	7.999995e-01	3.508475e-01	3.508475e-01	7.999838e-01	1.030000e-01	8.000000e-01	0.000000e+00	0.000000e+00	3.999998e-29	3.999998e-29	-9.446370e-10	-9.446370e-10	-1.308415e-05	0.000000e+00	0.000000e+00	-1.507753e-05	-9.446366e-10	-8.977013e-10	4.463880e-13	9.446365e-10	9.446374e-10	1.507848e-05	-9.446374e-10	-9.446371e-10	0.000000e+00	0.000000e+00	-0.000000e+00	-0.000000e+00	-7.999838e-16	-1.507758e-05	9.441911e-10	6.970000e-16	9.446370e-10	9.446370e-10	9.836005e-21	-4.691520e-20	1.308037e-05	-1.308226e-05	0.000000e+00
1.040000000000000e-01	7.999995e-01	7.999995e-01	3.508475e-01	3.508475e-01	7.999837e-01	1.040000e-01	8.000000e-01	0.000000e+00	0.000000e+00	3.999998e-29	3.999998e-29	-9.446370e-10	-9.446370e-10	-1.308415e-05	0.000000e+00	0.000000e+00	-1.521339e-05	-9.446366e-10	-8.990496e-10	4.471205e-13	9.446365e-10	9.446374e-10	1.521433e-05	-9.446374e-10	-9.446371e-10	0.000000e+00	0.000000e+00	-0.000000e+00	-0.000000e+00	-7.999838e-16	-1.521343e-05	9.441903e-10	6.960000e-16	9.446370e-10	9.446370e-10	-7.104654e-21	-4.691520e-20	1.308037e-05	-1.308226e-05	0.000000e+00
1.050000000000000e-01	7.999995e-01	7.999995e-01	3.508475e-01	3.508475e-01	7.999837e-01	1.050000e-01	8.000000e-01	0.000000e+00	0.000000e+00	3.999998e-29	3.999998e-29	-9.446370e-10	-9.446370e-10	-1.308415e-05	0.000000e+00	0.000000e+00	-1.534904e-05	-9.446366e-10	-9.003590e-10	4.478555e-13	9.446365e-10	9.446374e-10	1.534998e-05	-9.446374e-10	-9.446371e-10	0.000000e+00	0.000000e+00	-0.000000e+00	-0.000000e+00	-7.999837e-16	-1.534908e-05	9.441895e-10	6.950000e-16	9.446370e-10	9.446370e-10	-1.175424e-21	-4.691520e-20	1.308037e-05	-1.308226e-05	0.000000e+00
1.060000000000000e-01	7.999995e-01	7.999995e-01	3.508475e-01	3.508475e-01	7.999837e-01	1.060000e-01	8.000000e-01	0.000000e+00	0.000000e+00	3.999998e-29	3.999998e-29	-9.446370e-10	-9.446370e-10	-1.308415e-05	0.000000e+00	0.000000e+00	-1.548448e-05	-9.446366e-10	-9.016309e-10	4.485929e-13	9.446365e-10	9.446374e-10	1.548543e-05	-9.446374e-10	-9.446371e-10	0.000000e+00	0.000000e+00	-0.000000e+00	-0.000000e+00	-7.999837e-16	-1.548453e-05	9.441888e-10	6.940000e-16	9.446370e-10	9.446370e-10	-1.175424e-21	-4.691520e-20	1.308037e-05	-1.308226e-05	0.000000e+00
1.070000000000000e-01	7.999995e-01	7.999995e-01	3.508475e-01	3.508475e-01	7.999837e-01	1.070000e-01	8.000000e-01	0.000000e+00	0.000000e+00	3.999998e-29	3.999998e-29	-9.446370e-10	-9.446370e-10	-1.308415e-05	0.000000e+00	0.000000e+00	-1.561972e-05	-9.446366e-10	-9.028662e-10	4.493326e-13	9.446365e-10	9.446374e-10	1.562067e-05	-9.446374e-10	-9.446371e-10	0.000000e+00	0.000000e+00	-0.000000e+00	-0.000000e+00	-7.999837e-16	-1.561976e-05	9.441881e-10	6.930000e-16	9.446370e-10	9.446370e-10	9.836005e-21	-4.691520e-20	1.308037e-05	-1.308226e-05	0.000000e+00
1.080000000000000e-01	7.999995e-01	7.999995e-01	3.508475e-01	3.508475e-01	7.999836e-01	1.080000e-01	8.000000e-01	0.000000e+00	0.000000e+00	3.999998e-29	3.999998e-29	-9.446370e-10	-9.446370e-10	-1.308415e-05	0.000000e+00	0.000000e+00	-1.575476e-05	-9.446366e-10	-9.040661e-10	4.500749e-13	9.446365e-10	9.446374e-10	1.575570e-05	-9.446374e-10	-9.446371e-10	0.000000e+00	0.000000e+00	-0.000000e+00	-0.000000e+00	-7.999837e-16	-1.575480e-05	9.441873e-10	6.920000e-16	9.446370e-10	9.446370e-10	-1.388092e-20	2.774984e-19	1.308037e-05	-1.308226e-05	0.000000e+00
1.090000000000000e-01	7.999995e-01	7.999995e-01	3.508475e-01	3.508475e-01	7.999836e-01	1.090000e-01	8.000000e-01	0.000000e+00	0.000000e+00	3.999998e-29	3.999998e-29	-9.446370e-10	-9.446370e-10	-1.308415e-05	0.000000e+00	0.000000e+00	-1.588959e-05	-9.446366e-10	-9.052315e-10	4.508196e-13	9.446365e-10	9.446374e-10	1.589053e-05	-9.446374e-10	-9.446371e-10	0.000000e+00	0.000000e+00	-0.000000e+00	-0.000000e+00	-7.999836e-16	-1.588963e-05	9.441866e-10	6.910000e-16	9.446370e-10	9.446370e-10	-7.104654e-21	-4.691520e-20	1.308037e-05	-1.308226e-05	0.000000e+00
1.100000000000000e-01	7.999995e-01	7.999995e-01	3.508475e-01	3.508475e-01	7.999836e-01	1.100000e-01	8.000000e-01	0.000000e+00	0.000000e+00	3.999998e-29	3.999998e-29	-9.446370e-10	-9.446370e-10	-1.308415e-05	0.000000e+00	0.000000e+00	-1.602421e-05	-9.446366e-10	-9.063634e-10	4.515667e-13	9.446365e-10	9.446374e-10	1.602516e-05	-9.446374e-10	-9.446371e-10	0.000000e+00	0.000000e+00	-0.000000e+00	-0.000000e+00	-7.999836e-16	-1.602425e-05	9.441858e-10	6.900000e-16	9.446370e-10	9.446370e-10	9.836005e-21	-4.691520e-20	1.308037e-05	-1.308226e-05	0.000000e+00
1.110000000000000e-01	7.999995e-01	7.999995e-01	3.508475e-01	3.508475e-01	7.999836e-01	1.110000e-01	8.000000e-01	0.000000e+00	0.000000e+00	3.999998e-29	3.999998e-29	-9.446370e-10	-9.446370e-10	-1.308415e-05	0.000000e+00	0.000000e+00	-1.615863e-05	-9.446366e-10	-9.074628e-10	4.523164e-13	9.446365e-10	9.446374e-10	1.615958e-05	-9.446374e-10	-9.446371e-10	0.000000e+00	0.000000e+00	-0.000000e+00	-0.000000e+00	-7.999835e-16	-1.615867e-05	9.441851e-10	6.890000e-16	9.446370e-10	9.446370e-10	-7.104654e-21	-4.691520e-20	1.308037e-05	-1.308226e-05	0.000000e+00
1.120000000000000e-01	7.999995e-01	7.999995e-01	3.508475e-01	3.508475e-01	7.999836e-01	1.120000e-01	8.000000e-01	0.000000e+00	0.000000e+00	3.999998e-29	3.999998e-29	-9.446370e-10	-9.446370e-10	-1.308415e-05	0.000000e+00	0.000000e+00	-1.629284e-05	-9.446366e-10	-9.085306e-10	4.530685e-13	9.446365e-10	9.446374e-10	1.629379e-05	-9.446374e-10	-9.446371e-10	0.000000e+00	0.000000e+00	-0.000000e+00	-0.000000e+00	-7.999835e-16	-1.629288e-05	9.441843e-10	6.880000e-16	9.446370e-10	9.446370e-10	-1.175424e-21	-4.691520e-20	1.308037e-05	-1.308226e-05	0.000000e+00
1.130000000000000e-01	7.999995e-01	7.999995e-01	3.508475e-01	3.508475e-01	7.999835e-01	1.130000e-01	8.000000e-01	0.000000e+00	0.000000e+00	3.999998e-29	3.999998e-29	-9.446370e-10	-9.446370e-10	-1.308415e-05	0.000000e+00	0.000000e+00	-1.642685e-05	-9.446366e-10	-9.095678e-10	4.538231e-13	9.446365e-10	9.446374e-10	1.642780e-05	-9.446374e-10	-9.446371e-10	0.000000e+00	0.000000e+00	-0.000000e+00	-0.000000e+00	-7.999835e-16	-1.642689e-05	9.441836e-10	6.870000e-16	9.446370e-10	9.446370e-10	-1.175424e-21	-4.691520e-20	1.308037e-05	-1.308226e-05	0.000000e+00
1.140000000000000e-01	7.999995e-01	7.999995e-01	3.508475e-01	3.508475e-01	7.999835e-01	1.140000e-01	8.000000e-01	0.000000e+00	0.000000e+00	3.999998e-29	3.999998e-29	-9.446370e-10	-9.446370e-10	-1.308415e-05	0.000000e+00	0.000000e+00	-1.656066e-05	-9.446366e-10	-9.105751e-10	4.545803e-13	9.446365e-10	9.446374e-10	1.656160e-05	-9.446374e-10	-9.446371e-10	0.000000e+00	0.000000e+00	-0.000000e+00	-0.000000e+00	-7.999835e-16	-1.656069e-05	9.441828e-10	6.860000e-16	9.446370e-10	9.446370e-10	9.836005e-21	-4.691520e-20	1.308037e-05	-1.308226e-05	0.000000e+00
1.150000000000000e-01	7.999995e-01	7.999995e-01	3.508475e-01	3.508475e-01	7.999834e-01	1.150000e-01	8.000000e-01	0.000000e+00	0.000000e+00	3.999998e-29	3.999998e-29	-9.446370e-10	-9.446370e-10	-1.308415e-05	0.000000e+00	0.000000e+00	-1.669425e-05	-9.446366e-10	-9.115535e-10	4.553400e-13	9.446365e-10	9.446374e-10	1.669520e-05	-9.446374e-10	-9.446371e-10	0.000000e+00	0.000000e+00	-0.000000e+00	-0.000000e+00	-7.999834e-16	-1.669429e-05	9.441821e-10	6.850000e-16	9.446370e-10	9.446370e-10	-1.388092e-20	2.774984e-19	1.308037e-05	-1.308226e-05	0.000000e+00
1.160000000000000e-01	7.999995e-01	7.999995e-01	3.508475e-01	3.508475e-01	7.999834e-01	1.160000e-01	8.000000e-01	0.000000e+00	0.000000e+00	3.999998e-29	3.999998e-29	-9.446370e-10	-9.446370e-10	-1.308415e-05	0.000000e+00	0.000000e+00	-1.682764e-05	-9.446366e-10	-9.125038e-10	4.561022e-13	9.446365e-10	9.446374e-10	1.682859e-05	-9.446374e-10	-9.446371e-10	0.000000e+00	0.000000e+00	-0.000000e+00	-0.000000e+00	-7.999834e-16	-1.682768e-05	9.441813e-10	6.840000e-16	9.446370e-10	9.446370e-10	-7.104654e-21	-4.691520e-20	1.308037e-05	-1.308226e-05	0.000000e+00
1.170000000000000e-01	7.999995e-01	7.999995e-01	3.508475e-01	3.508475e-01	7.999813e-01	1.170000e-01	8.000000e-01	0.000000e+00	0.000000e+00	3.999998e-29	3.999998e-29	-9.446370e-10	-9.446370e-10	-1.308427e-05	0.000000e+00	0.000000e+00	-1.696077e-05	-9.446366e-10	-9.134268e-10	5.148034e-13	9.446365e-10	1.064460e-09	1.696172e-05	-1.064460e-09	-9.446371e-10	0.000000e+00	0.000000e+00	-0.000000e+00	-0.000000e+00	-1.198235e-10	-1.696080e-05	1.063945e-09	6.830000e-16	9.446370e-10	9.446370e-10	9.836005e-21	-4.691520e-20	1.308037e-05	-1.308226e-05	0.000000e+00
1.180000000000000e-01	7.999995e-01	7.999995e-01	3.508475e-01	3.508475e-01	7.999748e-01	1.180000e-01	8.000000e-01	0.000000e+00	0.000000e+00	3.999998e-29	3.999998e-29	-9.446370e-10	-9.446370e-10	-1.308464e-05	0.000000e+00	0.000000e+00	-1.709357e-05	-9.446366e-10	-9.143233e-10	6.934963e-13	9.446365e-10	1.431668e-09	1.709452e-05	-1.431667e-09	-9.446371e-10	0.000000e+00	0.000000e+00	-0.000000e+00	-0.000000e+00	-4.870314e-10	-1.709361e-05	1.430974e-09	6.820000e-16	9.446370e-10	9.446370e-10	-7.104654e-21	-4.691520e-20	1.308037e-05	-1.308226e-05	0.000000e+00
1.190000000000000e-01	7.999995e-01	7.999995e-01	3.508475e-01	3.508475e-01	7.999640e-01	1.190000e-01	8.000000e-01	0.000000e+00	0.000000e+00	3.999998e-29	3.999998e-29	-9.446370e-10	-9.446370e-10	-1.308525e-05	0.000000e+00	0.000000e+00	-1.722605e-05	-9.446366e-10	-9.151940e-10	9.927370e-13	9.446365e-10	2.046291e-09	1.722699e-05	-2.046290e-09	-9.446371e-10	0.000000e+00	0.000000e+00	-0.000000e+00	-0.000000e+00	-1.101654e-09	-1.722608e-05	2.045297e-09	6.810000e-16	9.446370e-10	9.446370e-10	-1.175424e-21	-4.691520e-20	1.308037e-05	-1.308226e-05	0.000000e+00
1.200000000000000e-01	7.999995e-01	7.999995e-01	3.508475e-01	3.508475e-01	7.999486e-01	1.200000e-01	8.000000e-01	0.000000e+00	0.000000e+00	3.999998e-29	3.999998e-29	-9.446370e-10	-9.446370e-10	-1.308612e-05	0.000000e+00	0.000000e+00	-1.735819e-05	-9.446366e-10	-9.160398e-10	1.413025e-12	9.446365e-10	2.908328e-09	1.735913e-05	-2.908327e-09	-9.446371e-10	0.000000e+00	0.000000e+00	-0.000000e+00	-0.000000e+00	-1.963691e-09	-1.735822e-05	2.906914e-09	6.800000e-16	9.446370e-10	9.446370e-10	-1.175424e-21	-4.691520e-20	1.308037e-05	-1.308226e-05	0.000000e+00
1.210000000000000e-01	7.999995e-01	7.999995e-01	3.508475e-01	3.508475e-01	7.999289e-01	1.210000e-01	8.000000e-01	0.000000e+00	0.000000e+00	3.999998e-29	3.999998e-29	-9.446370e-10	-9.446370e-10	-1.308723e-05	0.000000e+00	0.000000e+00	-1.748999e-05	-9.446366e-10	-9.168612e-10	1.954820e-12	9.446365e-10	4.017776e-09	1.749093e-05	-4.017775e-09	-9.446371e-10	0.000000e+00	0.000000e+00	-0.000000e+00	-0.000000e+00	-3.073140e-09	-1.749002e-05	4.015821e-09	6.790000e-16	9.446370e-10	9.446370e-10	9.836005e-21	-4.691520e-20	1.308037e-05	-1.308226e-05	0.000000e+00
1.220000000000000e-01	7.999995e-01	7.999995e-01	3.508475e-01	3.508475e-01	7.999048e-01	1.220000e-01	8.000000e-01	0.000000e+00	0.000000e+00	3.999998e-29	3.999998e-29	-9.446370e-10	-9.446370e-10	-1.308858e-05	0.000000e+00	0.000000e+00	-1.762145e-05	-9.446366e-10	-9.176591e-10	2.618538e-12	9.446365e-10	5.374633e-09	1.762239e-05	-5.374632e-09	-9.446371e-10	0.000000e+00	0.000000e+00	-0.000000e+00	-0.000000e+00	-4.429997e-09	-1.762147e-05	5.372014e-09	6.780000e-16	9.446370e-10	9.446370e-10	-1.388092e-20	2.774984e-19	1.308037e-05	-1.308226e-05	0.000000e+00
1.230000000000000e-01	7.999995e-01	7.999995e-01	3.508475e-01	3.508475e-01	7.998761e-01	1.230000e-01	8.000000e-01	0.000000e+00	0.000000e+00	3.999998e-29	3.999998e-29	-9.446370e-10	-9.446370e-10	-1.309019e-05	0.000000e+00	0.000000e+00	-1.775256e-05	-9.446366e-10	-9.184340e-10	3.404554e-12	9.446365e-10	6.978896e-09	1.775351e-05	-6.978895e-09	-9.446371e-10	0.000000e+00	0.000000e+00	-0.000000e+00	-0.000000e+00	-6.034259e-09	-1.775259e-05	6.975491e-09	6.770000e-16	9.446370e-10	9.446370e-10	-7.104654e-21	-4.691520e-20	1.308037e-05	-1.308226e-05	0.000000e+00
1.240000000000000e-01	7.999995e-01	7.999995e-01	3.508475e-01	3.508475e-01	7.998430e-01	1.240000e-01	8.000000e-01	0.000000e+00	0.000000e+00	3.999998e-29	3.999998e-29	-9.446370e-10	-9.446370e-10	-1.309204e-05	0.000000e+00	0.000000e+00	-1.788333e-05	-9.446366e-10	-9.191867e-10	4.313200e-12	9.446365e-10	8.830560e-09	1.788427e-05	-8.830559e-09	-9.446371e-10	0.000000e+00	0.000000e+00	-0.000000e+00	-0.000000e+00	-7.885924e-09	-1.788335e-05	8.826246e-09	6.760000e-16	9.446370e-10	9.446370e-10	9.836005e-21	-4.691520e-20	1.308037e-05	-1.308226e-05	0.000000e+00
1.250000000000000e-01	7.999995e-01	7.999995e-01	3.508475e-01	3.508475e-01	7.998053e-01	1.250000e-01	8.000000e-01	0.000000e+00	0.000000e+00	3.999998e-29	3.999998e-29	-9.446370e-10	-9.446370e-10	-1.309414e-05	0.000000e+00	0.000000e+00	-1.801374e-05	-9.446366e-10	-9.199177e-10	5.344763e-12	9.446365e-10	1.092962e-08	1.801469e-05	-1.092962e-08	-9.446371e-10	0.000000e+00	0.000000e+00	-0.000000e+00	-0.000000e+00	-9.984985e-09	-1.801377e-05	1.092428e-08	6.750000e-16	9.446370e-10	9.446370e-10	-7.104654e-21	-4.691520e-20	1.308037e-05	-1.308226e-05	0.000000e+00
1.260000000000000e-01	7.999995e-01	7.999995e-01	3.508475e-01	3.508475e-01	7.997631e-01	1.260000e-01	8.000000e-01	0.000000e+00	0.000000e+00	3.999998e-29	3.999998e-29	-9.446370e-10	-9.446370e-10	-1.309648e-05	0.000000e+00	0.000000e+00	-1.814380e-05	-9.446366e-10	-9.206277e-10	6.499488e-12	9.446365e-10	1.327607e-08	1.814474e-05	-1.327607e-08	-9.446371e-10	0.000000e+00	0.000000e+00	-0.000000e+00	-0.000000e+00	-1.233144e-08	-1.814382e-05	1.326957e-08	6.740000e-16	9.446370e-10	9.446370e-10	-1.175424e-21	-4.691520e-20	1.308037e-05	-1.308226e-05	0.000000e+00
1.270000000000000e-01	7.999995e-01	7.999995e-01	3.508475e-01	3.508475e-01	7.997164e-01	1.270000e-01	8.000000e-01	0.000000e+00	0.000000e+00	3.999998e-29	3.999998e-29	-9.446370e-10	-9.446370e-10	-1.309908e-05	0.000000e+00	0.000000e+00	-1.827349e-05	-9.446366e-10	-9.213174e-10	7.777573e-12	9.446365e-10	1.586991e-08	1.827444e-05	-1.586991e-08	-9.446371e-10	0.000000e+00	0.000000e+00	-0.000000e+00	-0.000000e+00	-1.492528e-08	-1.827352e-05	1.586213e-08	6.730000e-16	9.446370e-10	9.446370e-10	-1.175424e-21	-4.691520e-20	1.308037e-05	-1.308226e-05	0.000000e+00
1.280000000000000e-01	7.999995e-01	7.999995e-01	3.508475e-01	3.508475e-01	7.996650e-01	1.280000e-01	8.000000e-01	0.000000e+00	0.000000e+00	3.999998e-29	3.999998e-29	-9.446370e-10	-9.446370e-10	-1.310192e-05	0.000000e+00	0.000000e+00	-1.840282e-05	-9.446366e-10	-9.219872e-10	9.179173e-12	9.446365e-10	1.871113e-08	1.840377e-05	-1.871113e-08	-9.446371e-10	0.000000e+00	0.000000e+00	-0.000000e+00	-0.000000e+00	-1.776649e-08	-1.840285e-05	1.870195e-08	6.720000e-16	9.446370e-10	9.446370e-10	9.836005e-21	-4.691520e-20	1.308037e-05	-1.308226e-05	0.000000e+00
1.290000000000000e-01	7.999995e-01	7.999995e-01	3.508475e-01	3.508475e-01	7.996090e-01	1.290000e-01	8.000000e-01	0.000000e+00	0.000000e+00	3.999998e-29	3.999998e-29	-9.446370e-10	-9.446370e-10	-1.310501e-05	0.000000e+00	0.000000e+00	-1.853179e-05	-9.446366e-10	-9.226378e-10	1.070440e-11	9.446365e-10	2.179972e-08	1.853273e-05	-2.179972e-08	-9.446371e-10	0.000000e+00	0.000000e+00	-0.000000e+00	-0.000000e+00	-2.085508e-08	-1.853181e-05	2.178902e-08	6.710000e-16	9.446370e-10	9.446370e-10	-1.388092e-20	2.774984e-19	1.308037e-05	-1.308226e-05	0.000000e+00
1.300000000000000e-01	7.999995e-01	7.999995e-01	3.508475e-01	3.508475e-01	7.995484e-01	1.300000e-01	8.000000e-01	0.000000e+00	0.000000e+00	3.999998e-29	3.999998e-29	-9.446370e-10	-9.446370e-10	-1.310834e-05	0.000000e+00	0.000000e+00	-1.866037e-05	-9.446366e-10	-9.232697e-10	1.235331e-11	9.446365e-10	2.513567e-08	1.866132e-05	-2.513567e-08	-9.446371e-10	0.000000e+00	0.000000e+00	-0.000000e+00	-0.000000e+00	-2.419104e-08	-1.866040e-05	2.512332e-08	6.700000e-16	9.446370e-10	9.446370e-10	-7.104654e-21	-4.691520e-20	1.308037e-05	-1.308226e-05	0.000000e+00
1.310000000000000e-01	7.999995e-01	7.999995e-01	3.508475e-01	3.508475e-01	7.994831e-01	1.310000e-01	8.000000e-01	0.000000e+00	0.000000e+00	3.999998e-29	3.999998e-29	-9.446370e-10	-9.446370e-10	-1.311193e-05	0.000000e+00	0.000000e+00	-1.878859e-05	-9.446366e-10	-9.238835e-10	1.412592e-11	9.446365e-10	2.871898e-08	1.878953e-05	-2.871898e-08	-9.446371e-10	0.000000e+00	0.000000e+00	-0.000000e+00	-0.000000e+00	-2.777435e-08	-1.878861e-05	2.870486e-08	6.690000e-16	9.446370e-10	9.446370e-10	9.836005e-21	-4.691520e-20	1.308037e-05	-1.308226e-05	0.000000e+00
1.320000000000000e-01	7.999995e-01	7.999995e-01	3.508475e-01	3.508475e-01	7.994131e-01	1.320000e-01	8.000000e-01	0.000000e+00	0.000000e+00	3.999998e-29	3.999998e-29	-9.446370e-10	-9.446370e-10	-1.311576e-05	0.000000e+00	0.000000e+00	-1.891641e-05	-9.446366e-10	-9.244796e-10	1.602221e-11	9.446365e-10	3.254964e-08	1.891736e-05	-3.254964e-08	-9.446371e-10	0.000000e+00	0.000000e+00	-0.000000e+00	-0.000000e+00	-3.160500e-08	-1.891643e-05	3.253362e-08	6.680000e-16	9.446370e-10	9.446370e-10	-7.104654e-21	-4.691520e-20	1.308037e-05	-1.308226e-05	0.000000e+00
1.330000000000000e-01	7.999995e-01	7.999995e-01	3.508475e-01	3.508475e-01	7.993383e-01	1.330000e-01	8.000000e-01	0.000000e+00	0.000000e+00	3.999998e-29	3.999998e-29	-9.446370e-10	-9.446370e-10	-1.311984e-05	0.000000e+00	0.000000e+00	-1.904386e-05	-9.446366e-10	-9.250586e-10	1.804209e-11	9.446365e-10	3.662763e-08	1.904480e-05	-3.662763e-08	-9.446371e-10	0.000000e+00	0.000000e+00	-0.000000e+00	-0.000000e+00	-3.568300e-08	-1.904388e-05	3.660959e-08	6.670000e-16	9.446370e-10	9.446370e-10	-1.175424e-21	-4.691520e-20	1.308037e-05	-1.308226e-05	0.000000e+00
1.340000000000000e-01	7.999995e-01	7.999995e-01	3.508475e-01	3.508475e-01	7.992589e-01	1.340000e-01	8.000000e-01	0.000000e+00	0.000000e+00	3.999998e-29	3.999998e-29	-9.446370e-10	-9.446370e-10	-1.312416e-05	0.000000e+00	0.000000e+00	-1.917091e-05	-9.446366e-10	-9.256210e-10	2.018543e-11	9.446365e-10	4.095295e-08	1.917186e-05	-4.095295e-08	-9.446371e-10	0.000000e+00	0.000000e+00	-0.000000e+00	-0.000000e+00	-4.000832e-08	-1.917093e-05	4.093276e-08	6.660000e-16	9.446370e-10	9.446370e-10	-1.175424e-21	-4.691520e-20	1.308037e-05	-1.308226e-05	0.000000e+00
1.350000000000000e-01	7.999995e-01	7.999995e-01	3.508475e-01	3.508475e-01	7.991747e-01	1.350000e-01	8.000000e-01	0.000000e+00	0.000000e+00	3.999998e-29	3.999998e-29	-9.446370e-10	-9.446370e-10	-1.312873e-05	0.000000e+00	0.000000e+00	-1.929757e-05	-9.446366e-10	-9.261672e-10	2.245208e-11	9.446365e-10	4.552559e-08	1.929852e-05	-4.552559e-08	-9.446371e-10	0.000000e+00	0.000000e+00	-0.000000e+00	-0.000000e+00	-4.458095e-08	-1.929759e-05	4.550313e-08	6.650000e-16	9.446370e-10	9.446370e-10	9.836005e-21	-4.691520e-20	1.308037e-05	-1.308226e-05	0.000000e+00
1.360000000000000e-01	7.999995e-01	7.999995e-01	3.508475e-01	3.508475e-01	7.990857e-01	1.360000e-01	8.000000e-01	0.000000e+00	0.000000e+00	3.999998e-29	3.999998e-29	-9.446370e-10	-9.446370e-10	-1.313355e-05	0.000000e+00	0.000000e+00	-1.942384e-05	-9.446366e-10	-9.266977e-10	2.484179e-11	9.446365e-10	5.034552e-08	1.942478e-05	-5.034552e-08	-9.446371e-10	0.000000e+00	0.000000e+00	-0.000000e+00	-0.000000e+00	-4.940089e-08	-1.942385e-05	5.032068e-08	6.640000e-16	9.446370e-10	9.446370e-10	-1.388092e-20	2.774984e-19	1.308037e-05	-1.308226e-05	0.000000e+00
1.370000000000000e-01	7.999995e-01	7.999995e-01	3.508475e-01	3.508475e-01	7.989918e-01	1.370000e-01	8.000000e-01	0.000000e+00	0.000000e+00	3.999998e-29	3.999998e-29	-9.446370e-10	-9.446370e-10	-1.313862e-05	0.000000e+00	0.000000e+00	-1.954970e-05	-9.446366e-10	-9.272130e-10	2.735431e-11	9.446365e-10	5.541275e-08	1.955064e-05	-5.541275e-08	-9.446371e-10	0.000000e+00	0.000000e+00	-0.000000e+00	-0.000000e+00	-5.446811e-08	-1.954971e-05	5.538539e-08	6.630000e-16	9.446370e-10	9.446370e-10	-7.104654e-21	-4.691520e-20	1.308037e-05	-1.308226e-05	0.000000e+00
1.380000000000000e-01	7.999995e-01	7.999995e-01	3.508475e-01	3.508475e-01	7.988931e-01	1.380000e-01	8.000000e-01	0.000000e+00	0.000000e+00	3.999998e-29	3.999998e-29	-9.446370e-10	-9.446370e-10	-1.314394e-05	0.000000e+00	0.000000e+00	-1.967515e-05	-9.446366e-10	-9.277135e-10	2.998932e-11	9.446365e-10	6.072725e-08	1.967609e-05	-6.072725e-08	-9.446371e-10	0.000000e+00	0.000000e+00	-0.000000e+00	-0.000000e+00	-5.978261e-08	-1.967517e-05	6.069726e-08	6.620000e-16	9.446370e-10	9.446370e-10	9.836005e-21	-4.691520e-20	1.308037e-05	-1.308226e-05	0.000000e+00
1.390000000000000e-01	7.999995e-01	7.999995e-01	3.508475e-01	3.508475e-01	7.987895e-01	1.390000e-01	8.000000e-01	0.000000e+00	0.000000e+00	3.999998e-29	3.999998e-29	-9.446370e-10	-9.446370e-10	-1.314950e-05	0.000000e+00	0.000000e+00	-1.980019e-05	-9.446366e-10	-9.281996e-10	3.274644e-11	9.446365e-10	6.628902e-08	1.980113e-05	-6.628902e-08	-9.446371e-10	0.000000e+00	0.000000e+00	-0.000000e+00	-0.000000e+00	-6.534438e-08	-1.980021e-05	6.625627e-08	6.610000e-16	9.446370e-10	9.446370e-10	-7.104654e-21	-4.691520e-20	1.308037e-05	-1.308226e-05	0.000000e+00
1.400000000000000e-01	7.999995e-01	7.999995e-01	3.508475e-01	3.508475e-01	7.986810e-01	1.400000e-01	8.000000e-01	0.000000e+00	0.000000e+00	3.999998e-29	3.999998e-29	-9.446370e-10	-9.446370e-10	-1.315531e-05	0.000000e+00	0.000000e+00	-1.992482e-05	-9.446366e-10	-9.286717e-10	3.562526e-11	9.446365e-10	7.209803e-08	1.992576e-05	-7.209803e-08	-9.446371e-10	0.000000e+00	0.000000e+00	-0.000000e+00	-0.000000e+00	-7.115339e-08	-1.992483e-05	7.206241e-08	6.600000e-16	9.446370e-10	9.446370e-10	-1.175424e-21	-4.691520e-20	1.308037e-05	-1.308226e-05	0.000000e+00
1.410000000000000e-01	7.999995e-01	7.999995e-01	3.508475e-01	3.508475e-01	7.985676e-01	1.410000e-01	8.000000e-01	0.000000e+00	0.000000e+00	3.999998e-29	3.999998e-29	-9.446370e-10	-9.446370e-10	-1.316136e-05	0.000000e+00	0.000000e+00	-2.004902e-05	-9.446366e-10	-9.291303e-10	3.862531e-11	9.446365e-10	7.815427e-08	2.004997e-05	-7.815427e-08	-9.446371e-10	0.000000e+00	0.000000e+00	-0.000000e+00	-0.000000e+00	-7.720964e-08	-2.004904e-05	7.811565e-08	6.590000e-16	9.446370e-10	9.446370e-10	-1.175424e-21	-4.691520e-20	1.308037e-05	-1.308226e-05	0.000000e+00
1.420000000000000e-01	7.999995e-01	7.999995e-01	3.508475e-01	3.508475e-01	7.984492e-01	1.420000e-01	8.000000e-01	0.000000e+00	0.000000e+00	3.999998e-29	3.999998e-29	-9.446370e-10	-9.446370e-10	-1.316767e-05	0.000000e+00	0.000000e+00	-2.017280e-05	-9.446366e-10	-9.295757e-10	4.174608e-11	9.446365e-10	8.445774e-08	2.017375e-05	-8.445773e-08	-9.446371e-10	0.000000e+00	0.000000e+00	-0.000000e+00	-0.000000e+00	-8.351310e-08	-2.017282e-05	8.441599e-08	6.580000e-16	9.446370e-10	9.446370e-10	9.836005e-21	-4.691520e-20	1.308037e-05	-1.308226e-05	0.000000e+00
1.430000000000000e-01	7.999995e-01	7.999995e-01	3.508475e-01	3.508475e-01	7.983258e-01	1.430000e-01	8.000000e-01	0.000000e+00	0.000000e+00	3.999998e-29	3.999998e-29	-9.446370e-10	-9.446370e-10	-1.317422e-05	0.000000e+00	0.000000e+00	-2.029616e-05	-9.446366e-10	-9.300083e-10	4.498700e-11	9.446365e-10	9.100840e-08	2.029710e-05	-9.100840e-08	-9.446371e-10	0.000000e+00	0.000000e+00	-0.000000e+00	-0.000000e+00	-9.006376e-08	-2.029617e-05	9.096340e-08	6.570000e-16	9.446370e-10	9.446370e-10	-1.388092e-20	2.774984e-19	1.308037e-05	-1.308226e-05	0.000000e+00
1.440000000000000e-01	7.999995e-01	7.999995e-01	3.508475e-01	3.508475e-01	7.981974e-01	1.440000e-01	8.000000e-01	0.000000e+00	0.000000e+00	3.999998e-29	3.999998e-29	-9.446370e-10	-9.446370e-10	-1.318101e-05	0.000000e+00	0.000000e+00	-2.041907e-05	-9.446366e-10	-9.304285e-10	4.834745e-11	9.446365e-10	9.780624e-08	2.042002e-05	-9.780624e-08	-9.446371e-10	0.000000e+00	0.000000e+00	-0.000000e+00	-0.000000e+00	-9.686160e-08	-2.041909e-05	9.775788e-08	6.560000e-16	9.446370e-10	9.446370e-10	-7.104654e-21	-4.691520e-20	1.308037e-05	-1.308226e-05	0.000000e+00
1.450000000000000e-01	7.999995e-01	7.999995e-01	3.508475e-01	3.508475e-01	7.980640e-01	1.450000e-01	8.000000e-01	0.000000e+00	0.000000e+00	3.999998e-29	3.999998e-29	-9.446370e-10	-9.446370e-10	-1.318806e-05	0.000000e+00	0.000000e+00	-2.054155e-05	-9.446366e-10	-9.308366e-10	5.182678e-11	9.446365e-10	1.048512e-07	2.054250e-05	-1.048512e-07	-9.446371e-10	0.000000e+00	0.000000e+00	-0.000000e+00	-0.000000e+00	-1.039066e-07	-2.054157e-05	1.047994e-07	6.550000e-16	9.446370e-10	9.446370e-10	9.836005e-21	-4.691520e-20	1.308037e-05	-1.308226e-05	0.000000e+00
1.460000000000000e-01	7.999995e-01	7.999995e-01	3.508475e-01	3.508475e-01	7.979255e-01	1.460000e-01	8.000000e-01	0.000000e+00	0.000000e+00	3.999998e-29	3.999998e-29	-9.446370e-10	-9.446370e-10	-1.319535e-05	0.000000e+00	0.000000e+00	-2.066359e-05	-9.446366e-10	-9.312330e-10	5.542426e-11	9.446365e-10	1.121434e-07	2.066453e-05	-1.121434e-07	-9.446371e-10	0.000000e+00	0.000000e+00	-0.000000e+00	-0.000000e+00	-1.111987e-07	-2.066360e-05	1.120880e-07	6.540000e-16	9.446370e-10	9.446370e-10	-7.104654e-21	-4.691520e-20	1.308037e-05	-1.308226e-05	0.000000e+00
1.470000000000000e-01	7.999995e-01	7.999995e-01	3.508475e-01	3.508475e-01	7.977818e-01	1.470000e-01	8.000000e-01	0.000000e+00	0.000000e+00	3.999998e-29	3.999998e-29	-9.446370e-10	-9.446370e-10	-1.320289e-05	0.000000e+00	0.000000e+00	-2.078518e-05	-9.446366e-10	-9.316180e-10	5.913914e-11	9.446365e-10	1.196827e-07	2.078612e-05	-1.196827e-07	-9.446371e-10	0.000000e+00	0.000000e+00	-0.000000e+00	-0.000000e+00	-1.187380e-07	-2.078519e-05	1.196235e-07	6.530000e-16	9.446370e-10	9.446370e-10	-1.175424e-21	-4.691520e-20	1.308037e-05	-1.308226e-05	0.000000e+00
1.480000000000000e-01	7.999995e-01	7.999995e-01	3.508475e-01	3.508475e-01	7.976331e-01	1.480000e-01	8.000000e-01	0.000000e+00	0.000000e+00	3.999998e-29	3.999998e-29	-9.446370e-10	-9.446370e-10	-1.321068e-05	0.000000e+00	0.000000e+00	-2.090631e-05	-9.446366e-10	-9.319919e-10	6.297059e-11	9.446365e-10	1.274690e-07	2.090726e-05	-1.274690e-07	-9.446371e-10	0.000000e+00	0.000000e+00	-0.000000e+00	-0.000000e+00	-1.265244e-07	-2.090633e-05	1.274061e-07	6.520000e-16	9.446370e-10	9.446370e-10	-1.175424e-21	-4.691520e-20	1.308037e-05	-1.308226e-05	0.000000e+00
1.490000000000000e-01	7.999995e-01	7.999995e-01	3.508475e-01	3.508475e-01	7.974791e-01	1.490000e-01	8.000000e-01	0.000000e+00	0.000000e+00	3.999998e-29	3.999998e-29	-9.446370e-10	-9.446370e-10	-1.321871e-05	0.000000e+00	0.000000e+00	-2.102699e-05	-9.446366e-10	-9.323552e-10	6.691776e-11	9.446365e-10	1.355025e-07	2.102794e-05	-1.355025e-07	-9.446371e-10	0.000000e+00	0.000000e+00	-0.000000e+00	-0.000000e+00	-1.345578e-07	-2.102700e-05	1.354356e-07	6.510000e-16	9.446370e-10	9.446370e-10	9.836005e-21	-4.691520e-20	1.308037e-05	-1.308226e-05	0.000000e+00
1.500000000000000e-01	7.999995e-01	7.999995e-01	3.508475e-01	3.508475e-01	7.973199e-01	1.500000e-01	8.000000e-01	0.000000e+00	0.000000e+00	3.999998e-29	3.999998e-29	-9.446370e-10	-9.446370e-10	-1.322699e-05	0.000000e+00	0.000000e+00	-2.114721e-05	-9.446366e-10	-9.327079e-10	7.097972e-11	9.446365e-10	1.437830e-07	2.114815e-05	-1.437830e-07	-9.446371e-10	0.000000e+00	0.000000e+00	-0.000000e+00	-0.000000e+00	-1.428383e-07	-2.114722e-05	1.437120e-07	6.500000e-16	9.446370e-10	9.446370e-10	-1.388092e-20	2.774984e-19	1.308037e-05	-1.308226e-05	0.000000e+00
1.510000000000000e-01	7.999995e-01	7.999995e-01	3.508475e-01	3.508475e-01	7.971556e-01	1.510000e-01	8.000000e-01	0.000000e+00	0.000000e+00	3.999998e-29	3.999998e-29	-9.446370e-10	-9.446370e-10	-1.323552e-05	0.000000e+00	0.000000e+00	-2.126696e-05	-9.446366e-10	-9.330505e-10	7.515552e-11	9.446365e-10	1.523105e-07	2.126790e-05	-1.523105e-07	-9.446371e-10	0.000000e+00	0.000000e+00	-0.000000e+00	-0.000000e+00	-1.513659e-07	-2.126697e-05	1.522354e-07	6.490000e-16	9.446370e-10	9.446370e-10	-7.104654e-21	-4.691520e-20	1.308037e-05	-1.308226e-05	0.000000e+00
1.520000000000000e-01	7.999995e-01	7.999995e-01	3.508475e-01	3.508475e-01	7.969859e-01	1.520000e-01	8.000000e-01	0.000000e+00	0.000000e+00	3.999998e-29	3.999998e-29	-9.446370e-10	-9.446370e-10	-1.324429e-05	0.000000e+00	0.000000e+00	-2.138624e-05	-9.446366e-10	-9.333834e-10	7.944415e-11	9.446365e-10	1.610851e-07	2.138718e-05	-1.610851e-07	-9.446371e-10	0.000000e+00	0.000000e+00	-0.000000e+00	-0.000000e+00	-1.601404e-07	-2.138625e-05	1.610056e-07	6.480000e-16	9.446370e-10	9.446370e-10	9.836005e-21	-4.691520e-20	1.308037e-05	-1.308226e-05	0.000000e+00
1.530000000000000e-01	7.999995e-01	7.999995e-01	3.508475e-01	3.508475e-01	7.968110e-01	1.530000e-01	8.000000e-01	0.000000e+00	0.000000e+00	3.999998e-29	3.999998e-29	-9.446370e-10	-9.446370e-10	-1.325331e-05	0.000000e+00	0.000000e+00	-2.150504e-05	-9.446366e-10	-9.337066e-10	8.384454e-11	9.446365e-10	1.701066e-07	2.150598e-05	-1.701066e-07	-9.446370e-10	0.000000e+00	0.000000e+00	-0.000000e+00	-0.000000e+00	-1.691620e-07	-2.150505e-05	1.700228e-07	6.470000e-16	9.446370e-10	9.446370e-10	-7.104654e-21	-4.691520e-20	1.308037e-05	-1.308226e-05	0.000000e+00
1.540000000000000e-01	7.999995e-01	7.999995e-01	3.508475e-01	3.508475e-01	7.966307e-01	1.540000e-01	8.000000e-01	0.000000e+00	0.000000e+00	3.999998e-29	3.999998e-29	-9.446370e-10	-9.446370e-10	-1.326258e-05	0.000000e+00	0.000000e+00	-2.162335e-05	-9.446366e-10	-9.340205e-10	8.835559e-11	9.446365e-10	1.793751e-07	2.162430e-05	-1.793751e-07	-9.446370e-10	0.000000e+00	0.000000e+00	-0.000000e+00	-0.000000e+00	-1.784305e-07	-2.162337e-05	1.792868e-07	6.460000e-16	9.446370e-10	9.446370e-10	-1.175424e-21	-4.691520e-20	1.308037e-05	-1.308226e-05	0.000000e+00
1.550000000000000e-01	7.999995e-01	7.999995e-01	3.508475e-01	3.508475e-01	7.964451e-01	1.550000e-01	8.000000e-01	0.000000e+00	0.000000e+00	3.999998e-29	3.999998e-29	-9.446370e-10	-9.446370e-10	-1.327210e-05	0.000000e+00	0.000000e+00	-2.174119e-05	-9.446366e-10	-9.343255e-10	9.297613e-11	9.446365e-10	1.888905e-07	2.174213e-05	-1.888905e-07	-9.446370e-10	0.000000e+00	0.000000e+00	-0.000000e+00	-0.000000e+00	-1.879459e-07	-2.174120e-05	1.887976e-07	6.450000e-16	9.446370e-10	9.446370e-10	-1.175424e-21	-4.691520e-20	1.308037e-05	-1.308226e-05	0.000000e+00
1.560000000000000e-01	7.999995e-01	7.999995e-01	3.508475e-01	3.508475e-01	7.962540e-01	1.560000e-01	8.000000e-01	0.000000e+00	0.000000e+00	3.999998e-29	3.999998e-29	-9.446370e-10	-9.446370e-10	-1.328186e-05	0.000000e+00	0.000000e+00	-2.185853e-05	-9.446366e-10	-9.346217e-10	9.770497e-11	9.446365e-10	1.986529e-07	2.185947e-05	-1.986529e-07	-9.446370e-10	0.000000e+00	0.000000e+00	-0.000000e+00	-0.000000e+00	-1.977082e-07	-2.185854e-05	1.985552e-07	6.440000e-16	9.446370e-10	9.446370e-10	9.836005e-21	-4.691520e-20	1.308037e-05	-1.308226e-05	0.000000e+00
1.570000000000000e-01	7.999995e-01	7.999995e-01	3.508475e-01	3.508475e-01	7.960576e-01	1.570000e-01	8.000000e-01	0.000000e+00	0.000000e+00	3.999998e-29	3.999998e-29	-9.446370e-10	-9.446370e-10	-1.329187e-05	0.000000e+00	0.000000e+00	-2.197537e-05	-9.446366e-10	-9.349094e-10	1.025408e-10	9.446365e-10	2.086621e-07	2.197631e-05	-2.086621e-07	-9.446370e-10	0.000000e+00	0.000000e+00	-0.000000e+00	-0.000000e+00	-2.077174e-07	-2.197538e-05	2.085595e-07	6.430000e-16	9.446370e-10	9.446370e-10	-1.388092e-20	2.774984e-19	1.308037e-05	-1.308226e-05	0.000000e+00
1.580000000000000e-01	7.999995e-01	7.999995e-01	3.508475e-01	3.508475e-01	7.958556e-01	1.580000e-01	8.000000e-01	0.000000e+00	0.000000e+00	3.999998e-29	3.999998e-29	-9.446370e-10	-9.446370e-10	-1.330213e-05	0.000000e+00	0.000000e+00	-2.209171e-05	-9.446366e-10	-9.351887e-10	1.074824e-10	9.446365e-10	2.189181e-07	2.209265e-05	-2.189181e-07	-9.446370e-10	0.000000e+00	0.000000e+00	-0.000000e+00	-0.000000e+00	-2.179735e-07	-2.209172e-05	2.188107e-07	6.420000e-16	9.446370e-10	9.446370e-10	-7.104654e-21	-4.691520e-20	1.308037e-05	-1.308226e-05	0.000000e+00
1.590000000000000e-01	7.999995e-01	7.999995e-01	3.508475e-01	3.508475e-01	7.956482e-01	1.590000e-01	8.000000e-01	0.000000e+00	0.000000e+00	3.999998e-29	3.999998e-29	-9.446370e-10	-9.446370e-10	-1.331263e-05	0.000000e+00	0.000000e+00	-2.220754e-05	-9.446366e-10	-9.354602e-10	1.125284e-10	9.446365e-10	2.294210e-07	2.220848e-05	-2.294210e-07	-9.446370e-10	0.000000e+00	0.000000e+00	-0.000000e+00	-0.000000e+00	-2.284764e-07	-2.220755e-05	2.293085e-07	6.410000e-16	9.446370e-10	9.446370e-10	9.836005e-21	-4.691520e-20	1.308037e-05	-1.308226e-05	0.000000e+00
1.600000000000000e-01	7.999995e-01	7.999995e-01	3.508475e-01	3.508475e-01	7.954352e-01	1.600000e-01	8.000000e-01	0.000000e+00	0.000000e+00	3.999998e-29	3.999998e-29	-9.446370e-10	-9.446370e-10	-1.332338e-05	0.000000e+00	0.000000e+00	-2.232286e-05	-9.446366e-10	-9.357237e-10	1.176774e-10	9.446365e-10	2.401707e-07	2.232380e-05	-2.401707e-07	-9.446370e-10	0.000000e+00	0.000000e+00	-0.000000e+00	-0.000000e+00	-2.392260e-07	-2.232287e-05	2.400530e-07	6.400000e-16	9.446370e-10	9.446370e-10	-7.104654e-21	-4.691520e-20	1.308037e-05	-1.308226e-05	0.000000e+00
1.610000000000000e-01	7.999995e-01	7.999995e-01	3.508475e-01	3.508475e-01	7.952167e-01	1.610000e-01	8.000000e-01	0.000000e+00	0.000000e+00	3.999998e-29	3.999998e-29	-9.446370e-10	-9.446370e-10	-1.333437e-05	0.000000e+00	0.000000e+00	-2.243766e-05	-9.446366e-10	-9.359797e-10	1.229279e-10	9.446365e-10	2.511671e-07	2.243860e-05	-2.511671e-07	-9.446370e-10	0.000000e+00	0.000000e+00	-0.000000e+00	-0.000000e+00	-2.502225e-07	-2.243767e-05	2.510442e-07	6.390000e-16	9.446370e-10	9.446370e-10	-1.175424e-21	-4.691520e-20	1.308037e-05	-1.308226e-05	0.000000e+00
1.620000000000000e-01	7.999995e-01	7.999995e-01	3.508475e-01	3.508475e-01	7.949926e-01	1.620000e-01	8.000000e-01	0.000000e+00	0.000000e+00	3.999998e-29	3.999998e-29	-9.446370e-10	-9.446370e-10	-1.334562e-05	0.000000e+00	0.000000e+00	-2.255193e-05	-9.446366e-10	-9.362283e-10	1.282785e-10	9.446365e-10	2.624102e-07	2.255288e-05	-2.624102e-07	-9.446370e-10	0.000000e+00	0.000000e+00	-0.000000e+00	-0.000000e+00	-2.614656e-07	-2.255194e-05	2.622820e-07	6.380000e-16	9.446370e-10	9.446370e-10	-1.175424e-21	-4.691520e-20	1.308037e-05	-1.308226e-05	0.000000e+00
1.630000000000000e-01	7.999995e-01	7.999995e-01	3.508475e-01	3.508475e-01	7.947628e-01	1.630000e-01	8.000000e-01	0.000000e+00	0.000000e+00	3.999998e-29	3.999998e-29	-9.446370e-10	-9.446370e-10	-1.335711e-05	0.000000e+00	0.000000e+00	-2.266568e-05	-9.446366e-10	-9.364699e-10	1.337277e-10	9.446365e-10	2.739000e-07	2.266663e-05	-2.739000e-07	-9.446370e-10	0.000000e+00	0.000000e+00	-0.000000e+00	-0.000000e+00	-2.729554e-07	-2.266569e-05	2.737663e-07	6.370000e-16	9.446370e-10	9.446370e-10	9.836005e-21	-4.691520e-20	1.308037e-05	-1.308226e-05	0.000000e+00
1.640000000000000e-01	7.999995e-01	7.999995e-01	3.508475e-01	3.508475e-01	7.945273e-01	1.640000e-01	8.000000e-01	0.000000e+00	0.000000e+00	3.999998e-29	3.999998e-29	-9.446370e-10	-9.446370e-10	-1.336884e-05	0.000000e+00	0.000000e+00	-2.277890e-05	-9.446366e-10	-9.367045e-10	1.392737e-10	9.446365e-10	2.856365e-07	2.277984e-05	-2.856365e-07	-9.446370e-10	0.000000e+00	0.000000e+00	-0.000000e+00	-0.000000e+00	-2.846919e-07	-2.277890e-05	2.854973e-07	6.360000e-16	9.446370e-10	9.446370e-10	-1.388092e-20	2.774984e-19	1.308037e-05	-1.308226e-05	0.000000e+00
1.650000000000000e-01	7.999995e-01	7.999995e-01	3.508475e-01	3.508475e-01	7.942861e-01	1.650000e-01	8.000000e-01	0.000000e+00	0.000000e+00	3.999998e-29	3.999998e-29	-9.446370e-10	-9.446370e-10	-1.338083e-05	0.000000e+00	0.000000e+00	-2.289157e-05	-9.446366e-10	-9.369323e-10	1.449151e-10	9.446365e-10	2.976196e-07	2.289251e-05	-2.976196e-07	-9.446370e-10	0.000000e+00	0.000000e+00	-0.000000e+00	-0.000000e+00	-2.966750e-07	-2.289157e-05	2.974747e-07	6.350000e-16	9.446370e-10	9.446370e-10	-7.104654e-21	-4.691520e-20	1.308037e-05	-1.308226e-05	0.000000e+00
1.660000000000000e-01	7.999995e-01	7.999995e-01	3.508475e-01	3.508475e-01	7.940392e-01	1.660000e-01	8.000000e-01	0.000000e+00	0.000000e+00	3.999998e-29	3.999998e-29	-9.446370e-10	-9.446370e-10	-1.339306e-05	0.000000e+00	0.000000e+00	-2.300369e-05	-9.446366e-10	-9.371536e-10	1.506502e-10	9.446365e-10	3.098493e-07	2.300464e-05	-3.098493e-07	-9.446370e-10	0.000000e+00	0.000000e+00	-0.000000e+00	-0.000000e+00	-3.089046e-07	-2.300370e-05	3.096986e-07	6.340000e-16	9.446370e-10	9.446370e-10	9.836005e-21	-4.691520e-20	1.308037e-05	-1.308226e-05	0.000000e+00
1.670000000000000e-01	7.999995e-01	7.999995e-01	3.508475e-01	3.508475e-01	7.937865e-01	1.670000e-01	8.000000e-01	0.000000e+00	0.000000e+00	3.999998e-29	3.999998e-29	-9.446370e-10	-9.446370e-10	-1.340553e-05	0.000000e+00	0.000000e+00	-2.311527e-05	-9.446366e-10	-9.373685e-10	1.564773e-10	9.446365e-10	3.223255e-07	2.311621e-05	-3.223255e-07	-9.446370e-10	0.000000e+00	0.000000e+00	-0.000000e+00	-0.000000e+00	-3.213809e-07	-2.311527e-05	3.221690e-07	6.330000e-16	9.446370e-10	9.446370e-10	-7.104654e-21	-4.691520e-20	1.308037e-05	-1.308226e-05	0.000000e+00
1.680000000000000e-01	7.999995e-01	7.999995e-01	3.508475e-01	3.508475e-01	7.935279e-01	1.680000e-01	8.000000e-01	0.000000e+00	0.000000e+00	3.999998e-29	3.999998e-29	-9.446370e-10	-9.446370e-10	-1.341826e-05	0.000000e+00	0.000000e+00	-2.322628e-05	-9.446366e-10	-9.375772e-10	1.623945e-10	9.446364e-10	3.350482e-07	2.322723e-05	-3.350482e-07	-9.446370e-10	0.000000e+00	0.000000e+00	-0.000000e+00	-0.000000e+00	-3.341036e-07	-2.322629e-05	3.348858e-07	6.320000e-16	9.446370e-10	9.446370e-10	-1.175424e-21	-4.691520e-20	1.308037e-05	-1.308226e-05	0.000000e+00
1.690000000000000e-01	7.999995e-01	7.999995e-01	3.508475e-01	3.508475e-01	7.932635e-01	1.690000e-01	8.000000e-01	0.000000e+00	0.000000e+00	3.999998e-29	3.999998e-29	-9.446370e-10	-9.446370e-10	-1.343122e-05	0.000000e+00	0.000000e+00	-2.333674e-05	-9.446366e-10	-9.377801e-10	1.684002e-10	9.446364e-10	3.480174e-07	2.333768e-05	-3.480174e-07	-9.446370e-10	0.000000e+00	0.000000e+00	-0.000000e+00	-0.000000e+00	-3.470728e-07	-2.333674e-05	3.478490e-07	6.310000e-16	9.446370e-10	9.446370e-10	-1.175424e-21	-4.691520e-20	1.308037e-05	-1.308226e-05	0.000000e+00
1.700000000000000e-01	7.999995e-01	7.999995e-01	3.508475e-01	3.508475e-01	7.929931e-01	1.700000e-01	8.000000e-01	0.000000e+00	0.000000e+00	3.999998e-29	3.999998e-29	-9.446370e-10	-9.446370e-10	-1.344444e-05	0.000000e+00	0.000000e+00	-2.344662e-05	-9.446366e-10	-9.379770e-10	1.744925e-10	9.446364e-10	3.612330e-07	2.344757e-05	-3.612330e-07	-9.446370e-10	0.000000e+00	0.000000e+00	-0.000000e+00	-0.000000e+00	-3.602884e-07	-2.344663e-05	3.610585e-07	6.300000e-16	9.446370e-10	9.446370e-10	9.836005e-21	-4.691520e-20	1.308037e-05	-1.308226e-05	0.000000e+00
1.710000000000000e-01	7.999995e-01	7.999995e-01	3.508475e-01	3.508475e-01	7.927168e-01	1.710000e-01	8.000000e-01	0.000000e+00	0.000000e+00	3.999998e-29	3.999998e-29	-9.446370e-10	-9.446370e-10	-1.345790e-05	0.000000e+00	0.000000e+00	-2.355593e-05	-9.446366e-10	-9.381682e-10	1.806695e-10	9.446364e-10	3.746950e-07	2.355688e-05	-3.746950e-07	-9.446370e-10	0.000000e+00	0.000000e+00	-0.000000e+00	-0.000000e+00	-3.737504e-07	-2.355594e-05	3.745143e-07	6.290000e-16	9.446370e-10	9.446370e-10	-1.388092e-20	2.774984e-19	1.308037e-05	-1.308226e-05	0.000000e+00
1.720000000000000e-01	7.999995e-01	7.999995e-01	3.508475e-01	3.508475e-01	7.924345e-01	1.720000e-01	8.000000e-01	0.000000e+00	0.000000e+00	3.999998e-29	3.999998e-29	-9.446370e-10	-9.446370e-10	-1.347161e-05	0.000000e+00	0.000000e+00	-2.366466e-05	-9.446366e-10	-9.383541e-10	1.869293e-10	9.446364e-10	3.884033e-07	2.366561e-05	-3.884033e-07	-9.446370e-10	0.000000e+00	0.000000e+00	-0.000000e+00	-0.000000e+00	-3.874587e-07	-2.366467e-05	3.882164e-07	6.280000e-16	9.446370e-10	9.446370e-10	-7.104654e-21	-4.691520e-20	1.308037e-05	-1.308226e-05	0.000000e+00
1.730000000000000e-01	7.999995e-01	7.999995e-01	3.508475e-01	3.508475e-01	7.921462e-01	1.730000e-01	8.000000e-01	0.000000e+00	0.000000e+00	3.999998e-29	3.999998e-29	-9.446370e-10	-9.446370e-10	-1.348557e-05	0.000000e+00	0.000000e+00	-2.377280e-05	-9.446366e-10	-9.385345e-10	1.932700e-10	9.446364e-10	4.023580e-07	2.377375e-05	-4.023580e-07	-9.446370e-10	0.000000e+00	0.000000e+00	-0.000000e+00	-0.000000e+00	-4.014133e-07	-2.377281e-05	4.021647e-07	6.270000e-16	9.446370e-10	9.446370e-10	9.836005e-21	-4.691520e-20	1.308037e-05	-1.308226e-05	0.000000e+00
1.740000000000000e-01	7.999995e-01	7.999995e-01	3.508475e-01	3.508475e-01	7.918518e-01	1.740000e-01	8.000000e-01	0.000000e+00	0.000000e+00	3.999998e-29	3.999998e-29	-9.446370e-10	-9.446370e-10	-1.349977e-05	0.000000e+00	0.000000e+00	-2.388035e-05	-9.446366e-10	-9.387098e-10	1.996896e-10	9.446364e-10	4.165588e-07	2.388130e-05	-4.165588e-07	-9.446370e-10	0.000000e+00	0.000000e+00	-0.000000e+00	-0.000000e+00	-4.156142e-07	-2.388036e-05	4.163591e-07	6.260000e-16	9.446370e-10	9.446370e-10	-7.104654e-21	-4.691520e-20	1.308037e-05	-1.308226e-05	0.000000e+00
1.750000000000000e-01	7.999995e-01	7.999995e-01	3.508475e-01	3.508475e-01	7.915513e-01	1.750000e-01	8.000000e-01	0.000000e+00	0.000000e+00	3.999998e-29	3.999998e-29	-9.446370e-10	-9.446370e-10	-1.351421e-05	0.000000e+00	0.000000e+00	-2.398730e-05	-9.446366e-10	-9.388800e-10	2.061860e-10	9.446364e-10	4.310059e-07	2.398824e-05	-4.310059e-07	-9.446370e-10	0.000000e+00	0.000000e+00	-0.000000e+00	-0.000000e+00	-4.300612e-07	-2.398731e-05	4.307997e-07	6.250000e-16	9.446370e-10	9.446370e-10	-1.175424e-21	-4.691520e-20	1.308037e-05	-1.308226e-05	0.000000e+00
1.760000000000000e-01	7.999995e-01	7.999995e-01	3.508475e-01	3.508475e-01	7.912446e-01	1.760000e-01	8.000000e-01	0.000000e+00	0.000000e+00	3.999998e-29	3.999998e-29	-9.446370e-10	-9.446370e-10	-1.352891e-05	0.000000e+00	0.000000e+00	-2.409364e-05	-9.446366e-10	-9.390454e-10	2.127573e-10	9.446364e-10	4.456991e-07	2.409459e-05	-4.456991e-07	-9.446370e-10	0.000000e+00	0.000000e+00	-0.000000e+00	-0.000000e+00	-4.447545e-07	-2.409365e-05	4.454864e-07	6.240000e-16	9.446370e-10	9.446370e-10	-1.175424e-21	-4.691520e-20	1.308037e-05	-1.308226e-05	0.000000e+00
1.770000000000000e-01	7.999995e-01	7.999995e-01	3.508475e-01	3.508475e-01	7.909317e-01	1.770000e-01	8.000000e-01	0.000000e+00	0.000000e+00	3.999998e-29	3.999998e-29	-9.446370e-10	-9.446370e-10	-1.354385e-05	0.000000e+00	0.000000e+00	-2.419938e-05	-9.446366e-10	-9.392059e-10	2.194013e-10	9.446364e-10	4.606385e-07	2.420032e-05	-4.606385e-07	-9.446370e-10	0.000000e+00	0.000000e+00	-0.000000e+00	-0.000000e+00	-4.596938e-07	-2.419938e-05	4.604191e-07	6.230000e-16	9.446370e-10	9.446370e-10	9.836005e-21	-4.691520e-20	1.308037e-05	-1.308226e-05	0.000000e+00
1.780000000000000e-01	7.999995e-01	7.999995e-01	3.508475e-01	3.508475e-01	7.906126e-01	1.780000e-01	8.000000e-01	0.000000e+00	0.000000e+00	3.999998e-29	3.999998e-29	-9.446370e-10	-9.446370e-10	-1.355903e-05	0.000000e+00	0.000000e+00	-2.430449e-05	-9.446366e-10	-9.393619e-10	2.261159e-10	9.446364e-10	4.758239e-07	2.430543e-05	-4.758239e-07	-9.446370e-10	0.000000e+00	0.000000e+00	-0.000000e+00	-0.000000e+00	-4.748792e-07	-2.430449e-05	4.755977e-07	6.220000e-16	9.446370e-10	9.446370e-10	-1.388092e-20	2.774984e-19	1.308037e-05	-1.308226e-05	0.000000e+00
1.790000000000000e-01	7.999995e-01	7.999995e-01	3.508475e-01	3.508475e-01	7.902871e-01	1.790000e-01	8.000000e-01	0.000000e+00	0.000000e+00	3.999998e-29	3.999998e-29	-9.446370e-10	-9.446370e-10	-1.357446e-05	0.000000e+00	0.000000e+00	-2.440898e-05	-9.446366e-10	-9.395135e-10	2.328990e-10	9.446364e-10	4.912553e-07	2.440992e-05	-4.912553e-07	-9.446370e-10	0.000000e+00	0.000000e+00	-0.000000e+00	-0.000000e+00	-4.903106e-07	-2.440898e-05	4.910224e-07	6.210000e-16	9.446370e-10	9.446370e-10	-7.104654e-21	-4.691520e-20	1.308037e-05	-1.308226e-05	0.000000e+00
1.800000000000000e-01	7.999995e-01	7.999995e-01	3.508475e-01	3.508475e-01	7.899554e-01	1.800000e-01	8.000000e-01	0.000000e+00	0.000000e+00	3.999998e-29	3.999998e-29	-9.446370e-10	-9.446370e-10	-1.359014e-05	0.000000e+00	0.000000e+00	-2.451284e-05	-9.446366e-10	-9.396606e-10	2.397483e-10	9.446364e-10	5.069326e-07	2.451378e-05	-5.069326e-07	-9.446370e-10	0.000000e+00	0.000000e+00	-0.000000e+00	-0.000000e+00	-5.059880e-07	-2.451284e-05	5.066929e-07	6.200000e-16	9.446370e-10	9.446370e-10	9.836005e-21	-4.691520e-20	1.308037e-05	-1.308226e-05	0.000000e+00
1.810000000000000e-01	7.999995e-01	7.999995e-01	3.508475e-01	3.508475e-01	7.896172e-01	1.810000e-01	8.000000e-01	0.000000e+00	0.000000e+00	3.999998e-29	3.999998e-29	-9.446370e-10	-9.446370e-10	-1.360606e-05	0.000000e+00	0.000000e+00	-2.461606e-05	-9.446366e-10	-9.398035e-10	2.466617e-10	9.446364e-10	5.228559e-07	2.461700e-05	-5.228559e-07	-9.446370e-10	0.000000e+00	0.000000e+00	-0.000000e+00	-0.000000e+00	-5.219113e-07	-2.461606e-05	5.226092e-07	6.190000e-16	9.446370e-10	9.446370e-10	-7.104654e-21	-4.691520e-20	1.308037e-05	-1.308226e-05	0.000000e+00
1.820000000000000e-01	7.999995e-01	7.999995e-01	3.508475e-01	3.508475e-01	7.892726e-01	1.820000e-01	8.000000e-01	0.000000e+00	0.000000e+00	3.999998e-29	3.999998e-29	-9.446370e-10	-9.446370e-10	-1.362223e-05	0.000000e+00	0.000000e+00	-2.471863e-05	-9.446366e-10	-9.399423e-10	2.536369e-10	9.446364e-10	5.390251e-07	2.471958e-05	-5.390251e-07	-9.446370e-10	0.000000e+00	0.000000e+00	-0.000000e+00	-0.000000e+00	-5.380804e-07	-2.471864e-05	5.387714e-07	6.180000e-16	9.446370e-10	9.446370e-10	-1.175424e-21	-4.691520e-20	1.308037e-05	-1.308226e-05	0.000000e+00
1.830000000000000e-01	7.999995e-01	7.999995e-01	3.508475e-01	3.508475e-01	7.889215e-01	1.830000e-01	8.000000e-01	0.000000e+00	0.000000e+00	3.999998e-29	3.999998e-29	-9.446370e-10	-9.446370e-10	-1.363865e-05	0.000000e+00	0.000000e+00	-2.482056e-05	-9.446366e-10	-9.400771e-10	2.606717e-10	9.446364e-10	5.554400e-07	2.482150e-05	-5.554400e-07	-9.446370e-10	0.000000e+00	0.000000e+00	-0.000000e+00	-0.000000e+00	-5.544953e-07	-2.482056e-05	5.551793e-07	6.170000e-16	9.446370e-10	9.446370e-10	-1.175424e-21	-4.691520e-20	1.308037e-05	-1.308226e-05	0.000000e+00
1.840000000000000e-01	7.999995e-01	7.999995e-01	3.508475e-01	3.508475e-01	7.885639e-01	1.840000e-01	8.000000e-01	0.000000e+00	0.000000e+00	3.999998e-29	3.999998e-29	-9.446370e-10	-9.446370e-10	-1.365531e-05	0.000000e+00	0.000000e+00	-2.492182e-05	-9.446366e-10	-9.402081e-10	2.677637e-10	9.446364e-10	5.721006e-07	2.492277e-05	-5.721006e-07	-9.446370e-10	0.000000e+00	0.000000e+00	-0.000000e+00	-0.000000e+00	-5.711560e-07	-2.492183e-05	5.718329e-07	6.160000e-16	9.446370e-10	9.446370e-10	9.836005e-21	-4.691520e-20	1.308037e-05	-1.308226e-05	0.000000e+00
1.850000000000000e-01	7.999995e-01	7.999995e-01	3.508475e-01	3.508475e-01	7.881997e-01	1.850000e-01	8.000000e-01	0.000000e+00	0.000000e+00	3.999998e-29	3.999998e-29	-9.446370e-10	-9.446370e-10	-1.367221e-05	0.000000e+00	0.000000e+00	-2.502243e-05	-9.446366e-10	-9.403353e-10	2.749106e-10	9.446364e-10	5.890070e-07	2.502337e-05	-5.890070e-07	-9.446370e-10	0.000000e+00	0.000000e+00	-0.000000e+00	-0.000000e+00	-5.880623e-07	-2.502243e-05	5.887321e-07	6.150000e-16	9.446370e-10	9.446370e-10	-1.388092e-20	2.774984e-19	1.308037e-05	-1.308226e-05	0.000000e+00
1.860000000000000e-01	7.999995e-01	7.999995e-01	3.508475e-01	3.508475e-01	7.878289e-01	1.860000e-01	8.000000e-01	0.000000e+00	0.000000e+00	3.999998e-29	3.999998e-29	-9.446370e-10	-9.446370e-10	-1.368937e-05	0.000000e+00	0.000000e+00	-2.512236e-05	-9.446366e-10	-9.404588e-10	2.821102e-10	9.446364e-10	6.061589e-07	2.512330e-05	-6.061589e-07	-9.446370e-10	0.000000e+00	0.000000e+00	-0.000000e+00	-0.000000e+00	-6.052143e-07	-2.512236e-05	6.058768e-07	6.140000e-16	9.446370e-10	9.446370e-10	-7.104654e-21	-4.691520e-20	1.308037e-05	-1.308226e-05	0.000000e+00
1.870000000000000e-01	7.999995e-01	7.999995e-01	3.508475e-01	3.508475e-01	7.874514e-01	1.870000e-01	8.000000e-01	0.000000e+00	0.000000e+00	3.999998e-29	3.999998e-29	-9.446370e-10	-9.446370e-10	-1.370676e-05	0.000000e+00	0.000000e+00	-2.522161e-05	-9.446366e-10	-9.405788e-10	2.893600e-10	9.446364e-10	6.235564e-07	2.522255e-05	-6.235564e-07	-9.446370e-10	0.000000e+00	0.000000e+00	-0.000000e+00	-0.000000e+00	-6.226118e-07	-2.522161e-05	6.232671e-07	6.130000e-16	9.446370e-10	9.446370e-10	9.836005e-21	-4.691520e-20	1.308037e-05	-1.308226e-05	0.000000e+00
1.880000000000000e-01	7.999995e-01	7.999995e-01	3.508475e-01	3.508475e-01	7.870671e-01	1.880000e-01	8.000000e-01	0.000000e+00	0.000000e+00	3.999998e-29	3.999998e-29	-9.446370e-10	-9.446370e-10	-1.372441e-05	0.000000e+00	0.000000e+00	-2.532017e-05	-9.446366e-10	-9.406954e-10	2.966576e-10	9.446364e-10	6.411995e-07	2.532111e-05	-6.411995e-07	-9.446370e-10	0.000000e+00	0.000000e+00	-0.000000e+00	-0.000000e+00	-6.402549e-07	-2.532017e-05	6.409028e-07	6.120000e-16	9.446370e-10	9.446370e-10	-7.104654e-21	-4.691520e-20	1.308037e-05	-1.308226e-05	0.000000e+00
1.890000000000000e-01	7.999995e-01	7.999995e-01	3.508475e-01	3.508475e-01	7.866761e-01	1.890000e-01	8.000000e-01	0.000000e+00	0.000000e+00	3.999998e-29	3.999998e-29	-9.446370e-10	-9.446370e-10	-1.374230e-05	0.000000e+00	0.000000e+00	-2.541804e-05	-9.446366e-10	-9.408085e-10	3.040006e-10	9.446364e-10	6.590880e-07	2.541899e-05	-6.590880e-07	-9.446370e-10	0.000000e+00	0.000000e+00	-0.000000e+00	-0.000000e+00	-6.581433e-07	-2.541805e-05	6.587840e-07	6.110000e-16	9.446370e-10	9.446370e-10	-1.175424e-21	-4.691520e-20	1.308037e-05	-1.308226e-05	0.000000e+00
1.900000000000000e-01	7.999995e-01	7.999995e-01	3.508475e-01	3.508475e-01	7.862782e-01	1.900000e-01	8.000000e-01	0.000000e+00	0.000000e+00	3.999998e-29	3.999998e-29	-9.446370e-10	-9.446370e-10	-1.376043e-05	0.000000e+00	0.000000e+00	-2.551521e-05	-9.446366e-10	-9.409185e-10	3.113867e-10	9.446364e-10	6.772218e-07	2.551616e-05	-6.772218e-07	-9.446370e-10	0.000000e+00	0.000000e+00	-0.000000e+00	-0.000000e+00	-6.762772e-07	-2.551522e-05	6.769104e-07	6.100000e-16	9.446370e-10	9.446370e-10	-1.175424e-21	-4.691520e-20	1.308037e-05	-1.308226e-05	0.000000e+00
1.910000000000000e-01	7.999995e-01	7.999995e-01	3.508475e-01	3.508475e-01	7.858735e-01	1.910000e-01	8.000000e-01	0.000000e+00	0.000000e+00	3.999998e-29	3.999998e-29	-9.446370e-10	-9.446370e-10	-1.377881e-05	0.000000e+00	0.000000e+00	-2.561168e-05	-9.446366e-10	-9.410253e-10	3.188133e-10	9.446364e-10	6.956010e-07	2.561262e-05	-6.956010e-07	-9.446370e-10	0.000000e+00	0.000000e+00	-0.000000e+00	-0.000000e+00	-6.946563e-07	-2.561168e-05	6.952822e-07	6.090000e-16	9.446370e-10	9.446370e-10	9.836005e-21	-4.691520e-20	1.308037e-05	-1.308226e-05	0.000000e+00
1.920000000000000e-01	7.999995e-01	7.999995e-01	3.508475e-01	3.508475e-01	7.854618e-01	1.920000e-01	8.000000e-01	0.000000e+00	0.000000e+00	3.999998e-29	3.999998e-29	-9.446370e-10	-9.446370e-10	-1.379743e-05	0.000000e+00	0.000000e+00	-2.570742e-05	-9.446366e-10	-9.411291e-10	3.262780e-10	9.446364e-10	7.142253e-07	2.570837e-05	-7.142253e-07	-9.446370e-10	0.000000e+00	0.000000e+00	-0.000000e+00	-0.000000e+00	-7.132807e-07	-2.570743e-05	7.138991e-07	6.080000e-16	9.446370e-10	9.446370e-10	-1.388092e-20	2.774984e-19	1.308037e-05	-1.308226e-05	0.000000e+00
1.930000000000000e-01	7.999995e-01	7.999995e-01	3.508475e-01	3.508475e-01	7.850431e-01	1.930000e-01	8.000000e-01	0.000000e+00	0.000000e+00	3.999998e-29	3.999998e-29	-9.446370e-10	-9.446370e-10	-1.381630e-05	0.000000e+00	0.000000e+00	-2.580245e-05	-9.446366e-10	-9.412298e-10	3.337784e-10	9.446364e-10	7.330949e-07	2.580339e-05	-7.330949e-07	-9.446370e-10	0.000000e+00	0.000000e+00	-0.000000e+00	-0.000000e+00	-7.321503e-07	-2.580245e-05	7.327612e-07	6.070000e-16	9.446370e-10	9.446370e-10	-7.104654e-21	-4.691520e-20	1.308037e-05	-1.308226e-05	0.000000e+00
1.940000000000000e-01	7.999995e-01	7.999995e-01	3.508475e-01	3.508475e-01	7.846173e-01	1.940000e-01	8.000000e-01	0.000000e+00	0.000000e+00	3.999998e-29	3.999998e-29	-9.446370e-10	-9.446370e-10	-1.383542e-05	0.000000e+00	0.000000e+00	-2.589674e-05	-9.446366e-10	-9.413276e-10	3.413119e-10	9.446364e-10	7.522096e-07	2.589769e-05	-7.522096e-07	-9.446370e-10	0.000000e+00	0.000000e+00	-0.000000e+00	-0.000000e+00	-7.512650e-07	-2.589674e-05	7.518683e-07	6.060000e-16	9.446370e-10	9.446370e-10	9.836005e-21	-4.691520e-20	1.308037e-05	-1.308226e-05	0.000000e+00
1.950000000000000e-01	7.999995e-01	7.999995e-01	3.508475e-01	3.508475e-01	7.841844e-01	1.950000e-01	8.000000e-01	0.000000e+00	0.000000e+00	3.999998e-29	3.999998e-29	-9.446370e-10	-9.446370e-10	-1.385478e-05	0.000000e+00	0.000000e+00	-2.599030e-05	-9.446366e-10	-9.414226e-10	3.488760e-10	9.446364e-10	7.715693e-07	2.599124e-05	-7.715693e-07	-9.446370e-10	0.000000e+00	0.000000e+00	-0.000000e+00	-0.000000e+00	-7.706247e-07	-2.599030e-05	7.712205e-07	6.050000e-16	9.446370e-10	9.446370e-10	-7.104654e-21	-4.691520e-20	1.308037e-05	-1.308226e-05	0.000000e+00
1.960000000000000e-01	7.999995e-01	7.999995e-01	3.508475e-01	3.508475e-01	7.837444e-01	1.960000e-01	8.000000e-01	0.000000e+00	0.000000e+00	3.999998e-29	3.999998e-29	-9.446370e-10	-9.446370e-10	-1.387438e-05	0.000000e+00	0.000000e+00	-2.608311e-05	-9.446366e-10	-9.415150e-10	3.564683e-10	9.446364e-10	7.911740e-07	2.608405e-05	-7.911740e-07	-9.446370e-10	0.000000e+00	0.000000e+00	-0.000000e+00	-0.000000e+00	-7.902294e-07	-2.608311e-05	7.908175e-07	6.040000e-16	9.446370e-10	9.446370e-10	-1.175424e-21	-4.691520e-20	1.308037e-05	-1.308226e-05	0.000000e+00
1.970000000000000e-01	7.999995e-01	7.999995e-01	3.508475e-01	3.508475e-01	7.832971e-01	1.970000e-01	8.000000e-01	0.000000e+00	0.000000e+00	3.999998e-29	3.999998e-29	-9.446370e-10	-9.446370e-10	-1.389423e-05	0.000000e+00	0.000000e+00	-2.617516e-05	-9.446366e-10	-9.416046e-10	3.640862e-10	9.446364e-10	8.110235e-07	2.617611e-05	-8.110235e-07	-9.446370e-10	0.000000e+00	0.000000e+00	-0.000000e+00	-0.000000e+00	-8.100789e-07	-2.617516e-05	8.106595e-07	6.030000e-16	9.446370e-10	9.446370e-10	-1.175424e-21	-4.691520e-20	1.308037e-05	-1.308226e-05	0.000000e+00
1.980000000000000e-01	7.999995e-01	7.999995e-01	3.508475e-01	3.508475e-01	7.828425e-01	1.980000e-01	8.000000e-01	0.000000e+00	0.000000e+00	3.999998e-29	3.999998e-29	-9.446370e-10	-9.446370e-10	-1.391433e-05	0.000000e+00	0.000000e+00	-2.626645e-05	-9.446366e-10	-9.416917e-10	3.717273e-10	9.446364e-10	8.311180e-07	2.626740e-05	-8.311179e-07	-9.446370e-10	0.000000e+00	0.000000e+00	-0.000000e+00	-0.000000e+00	-8.301733e-07	-2.626646e-05	8.307462e-07	6.020000e-16	9.446370e-10	9.446370e-10	9.836005e-21	-4.691520e-20	1.308037e-05	-1.308226e-05	0.000000e+00
1.990000000000000e-01	7.999995e-01	7.999995e-01	3.508475e-01	3.508475e-01	7.823806e-01	1.990000e-01	8.000000e-01	0.000000e+00	0.000000e+00	3.999998e-29	3.999998e-29	-9.446370e-10	-9.446370e-10	-1.393466e-05	0.000000e+00	0.000000e+00	-2.635697e-05	-9.446366e-10	-9.417762e-10	3.793889e-10	9.446364e-10	8.514571e-07	2.635792e-05	-8.514571e-07	-9.446370e-10	0.000000e+00	0.000000e+00	-0.000000e+00	-0.000000e+00	-8.505124e-07	-2.635698e-05	8.510777e-07	6.010000e-16	9.446370e-10	9.446370e-10	-1.388092e-20	2.774984e-19	1.308037e-05	-1.308226e-05	0.000000e+00
2.000000000000000e-01	7.999995e-01	7.999995e-01	3.508475e-01	3.508475e-01	7.819113e-01	2.000000e-01	8.000000e-01	0.000000e+00	0.000000e+00	3.999998e-29	3.999998e-29	-9.446370e-10	-9.446370e-10	-1.395525e-05	0.000000e+00	0.000000e+00	-2.644672e-05	-9.446366e-10	-9.418584e-10	3.870685e-10	9.446364e-10	8.720409e-07	2.644766e-05	-8.720409e-07	-9.446369e-10	0.000000e+00	0.000000e+00	-0.000000e+00	-0.000000e+00	-8.710962e-07	-2.644672e-05	8.716538e-07	6.000000e-16	9.446370e-10	9.446370e-10	-7.104654e-21	-4.691520e-20	1.308037e-05	-1.308226e-05	0.000000e+00
2.010000000000000e-01	7.999995e-01	7.999995e-01	3.508475e-01	3.508475e-01	7.814344e-01	2.010000e-01	8.000000e-01	0.000000e+00	0.000000e+00	3.999998e-29	3.999998e-29	-9.446370e-10	-9.446370e-10	-1.397608e-05	0.000000e+00	0.000000e+00	-2.653567e-05	-9.446366e-10	-9.419382e-10	3.947637e-10	9.446364e-10	8.928692e-07	2.653662e-05	-8.928692e-07	-9.446369e-10	0.000000e+00	0.000000e+00	-0.000000e+00	-0.000000e+00	-8.919246e-07	-2.653568e-05	8.924744e-07	5.990000e-16	9.446370e-10	9.446370e-10	9.836005e-21	-4.691520e-20	1.308037e-05	-1.308226e-05	0.000000e+00
2.020000000000000e-01	7.999995e-01	7.999995e-01	3.508475e-01	3.508475e-01	7.809501e-01	2.020000e-01	8.000000e-01	0.000000e+00	0.000000e+00	3.999998e-29	3.999998e-29	-9.446370e-10	-9.446370e-10	-1.399715e-05	0.000000e+00	0.000000e+00	-2.662383e-05	-9.446366e-10	-9.420157e-10	4.024718e-10	9.446364e-10	9.139420e-07	2.662478e-05	-9.139420e-07	-9.446369e-10	0.000000e+00	0.000000e+00	-0.000000e+00	-0.000000e+00	-9.129974e-07	-2.662384e-05	9.135396e-07	5.980000e-16	9.446370e-10	9.446370e-10	-7.104654e-21	-4.691520e-20	1.308037e-05	-1.308226e-05	0.000000e+00
2.030000000000000e-01	7.999995e-01	7.999995e-01	3.508475e-01	3.508475e-01	7.804581e-01	2.030000e-01	8.000000e-01	0.000000e+00	0.000000e+00	3.999998e-29	3.999998e-29	-9.446370e-10	-9.446370e-10	-1.401847e-05	0.000000e+00	0.000000e+00	-2.671119e-05	-9.446366e-10	-9.420910e-10	4.101904e-10	9.446364e-10	9.352593e-07	2.671213e-05	-9.352593e-07	-9.446369e-10	0.000000e+00	0.000000e+00	-0.000000e+00	-0.000000e+00	-9.343146e-07	-2.671119e-05	9.348491e-07	5.970000e-16	9.446370e-10	9.446370e-10	-1.175424e-21	-4.691520e-20	1.308037e-05	-1.308226e-05	0.000000e+00
2.040000000000000e-01	7.999995e-01	7.999995e-01	3.508475e-01	3.508475e-01	7.799584e-01	2.040000e-01	8.000000e-01	0.000000e+00	0.000000e+00	3.999998e-29	3.999998e-29	-9.446370e-10	-9.446370e-10	-1.404003e-05	0.000000e+00	0.000000e+00	-2.679773e-05	-9.446366e-10	-9.421640e-10	4.179168e-10	9.446364e-10	9.568208e-07	2.679868e-05	-9.568208e-07	-9.446369e-10	0.000000e+00	0.000000e+00	-0.000000e+00	-0.000000e+00	-9.558762e-07	-2.679773e-05	9.564029e-07	5.960000e-16	9.446370e-10	9.446370e-10	-1.175424e-21	-4.691520e-20	1.308037e-05	-1.308226e-05	0.000000e+00
2.050000000000000e-01	7.999995e-01	7.999995e-01	3.508475e-01	3.508475e-01	7.794511e-01	2.050000e-01	8.000000e-01	0.000000e+00	0.000000e+00	3.999998e-29	3.999998e-29	-9.446370e-10	-9.446370e-10	-1.406183e-05	0.000000e+00	0.000000e+00	-2.688345e-05	-9.446366e-10	-9.422351e-10	4.256487e-10	9.446364e-10	9.786268e-07	2.688440e-05	-9.786266e-07	-9.446369e-10	0.000000e+00	0.000000e+00	-0.000000e+00	-0.000000e+00	-9.776820e-07	-2.688346e-05	9.782010e-07	5.950000e-16	9.446370e-10	9.446370e-10	9.836005e-21	-4.691520e-20	1.308037e-05	-1.308226e-05	0.000000e+00
2.060000000000000e-01	7.999995e-01	7.999995e-01	3.508475e-01	3.508475e-01	7.789359e-01	2.060000e-01	8.000000e-01	0.000000e+00	0.000000e+00	3.999998e-29	3.999998e-29	-9.446370e-10	-9.446370e-10	-1.408388e-05	0.000000e+00	0.000000e+00	-2.696834e-05	-9.446366e-10	-9.423040e-10	4.333834e-10	9.446364e-10	1.000677e-06	2.696929e-05	-1.000677e-06	-9.446369e-10	0.000000e+00	0.000000e+00	-0.000000e+00	-0.000000e+00	-9.997320e-07	-2.696834e-05	1.000243e-06	5.940000e-16	9.446370e-10	9.446370e-10	-1.388092e-20	2.774984e-19	1.308037e-05	-1.308226e-05	0.000000e+00
2.070000000000000e-01	7.999995e-01	7.999995e-01	3.508475e-01	3.508475e-01	7.784128e-01	2.070000e-01	8.000000e-01	0.000000e+00	0.000000e+00	3.999998e-29	3.999998e-29	-9.446370e-10	-9.446370e-10	-1.410618e-05	0.000000e+00	0.000000e+00	-2.705239e-05	-9.446366e-10	-9.423711e-10	4.411184e-10	9.446364e-10	1.022971e-06	2.705334e-05	-1.022971e-06	-9.446369e-10	0.000000e+00	0.000000e+00	-0.000000e+00	-0.000000e+00	-1.022026e-06	-2.705240e-05	1.022530e-06	5.930000e-16	9.446370e-10	9.446370e-10	-7.104654e-21	-4.691520e-20	1.308037e-05	-1.308226e-05	0.000000e+00
2.080000000000000e-01	7.999995e-01	7.999995e-01	3.508475e-01	3.508475e-01	7.778818e-01	2.080000e-01	8.000000e-01	0.000000e+00	0.000000e+00	3.999998e-29	3.999998e-29	-9.446370e-10	-9.446370e-10	-1.412872e-05	0.000000e+00	0.000000e+00	-2.713559e-05	-9.446366e-10	-9.424361e-10	4.488512e-10	9.446364e-10	1.045509e-06	2.713654e-05	-1.045509e-06	-9.446369e-10	0.000000e+00	0.000000e+00	-0.000000e+00	-0.000000e+00	-1.044564e-06	-2.713560e-05	1.045060e-06	5.920000e-16	9.446370e-10	9.446370e-10	9.836005e-21	-4.691520e-20	1.308037e-05	-1.308226e-05	0.000000e+00
2.090000000000000e-01	7.999995e-01	7.999995e-01	3.508475e-01	3.508475e-01	7.773428e-01	2.090000e-01	8.000000e-01	0.000000e+00	0.000000e+00	3.999998e-29	3.999998e-29	-9.446370e-10	-9.446370e-10	-1.415150e-05	0.000000e+00	0.000000e+00	-2.721794e-05	-9.446366e-10	-9.424993e-10	4.565794e-10	9.446364e-10	1.068291e-06	2.721888e-05	-1.068291e-06	-9.446369e-10	0.000000e+00	0.000000e+00	-0.000000e+00	-0.000000e+00	-1.067346e-06	-2.721794e-05	1.067834e-06	5.910000e-16	9.446370e-10	9.446370e-10	-7.104654e-21	-4.691520e-20	1.308037e-05	-1.308226e-05	0.000000e+00
2.100000000000000e-01	7.999995e-01	7.999995e-01	3.508475e-01	3.508475e-01	7.767957e-01	2.100000e-01	8.000000e-01	0.000000e+00	0.000000e+00	3.999998e-29	3.999998e-29	-9.446370e-10	-9.446370e-10	-1.417452e-05	0.000000e+00	0.000000e+00	-2.729941e-05	-9.446366e-10	-9.425607e-10	4.643004e-10	9.446364e-10	1.091316e-06	2.730036e-05	-1.091316e-06	-9.446369e-10	0.000000e+00	0.000000e+00	-0.000000e+00	-0.000000e+00	-1.090372e-06	-2.729941e-05	1.090852e-06	5.900000e-16	9.446370e-10	9.446370e-10	-1.175424e-21	-4.691520e-20	1.308037e-05	-1.308226e-05	0.000000e+00
2.110000000000000e-01	7.999995e-01	7.999995e-01	3.508475e-01	3.508475e-01	7.762404e-01	2.110000e-01	8.000000e-01	0.000000e+00	0.000000e+00	3.999998e-29	3.999998e-29	-9.446370e-10	-9.446370e-10	-1.419779e-05	0.000000e+00	0.000000e+00	-2.738001e-05	-9.446366e-10	-9.426203e-10	4.720117e-10	9.446364e-10	1.114586e-06	2.738095e-05	-1.114586e-06	-9.446369e-10	0.000000e+00	0.000000e+00	-0.000000e+00	-0.000000e+00	-1.113641e-06	-2.738001e-05	1.114114e-06	5.890000e-16	9.446370e-10	9.446370e-10	-1.175424e-21	-4.691520e-20	1.308037e-05	-1.308226e-05	0.000000e+00
2.120000000000000e-01	7.999995e-01	7.999995e-01	3.508475e-01	3.508475e-01	7.756768e-01	2.120000e-01	8.000000e-01	0.000000e+00	0.000000e+00	3.999998e-29	3.999998e-29	-9.446370e-10	-9.446370e-10	-1.422131e-05	0.000000e+00	0.000000e+00	-2.745972e-05	-9.446366e-10	-9.426782e-10	4.797109e-10	9.446364e-10	1.138099e-06	2.746066e-05	-1.138099e-06	-9.446369e-10	0.000000e+00	0.000000e+00	-0.000000e+00	-0.000000e+00	-1.137154e-06	-2.745972e-05	1.137619e-06	5.880000e-16	9.446370e-10	9.446370e-10	9.836005e-21	-4.691520e-20	1.308037e-05	-1.308226e-05	0.000000e+00
2.130000000000000e-01	7.999995e-01	7.999995e-01	3.508475e-01	3.508475e-01	7.751050e-01	2.130000e-01	8.000000e-01	0.000000e+00	0.000000e+00	3.999998e-29	3.999998e-29	-9.446370e-10	-9.446370e-10	-1.424506e-05	0.000000e+00	0.000000e+00	-2.753853e-05	-9.446366e-10	-9.427344e-10	4.873956e-10	9.446364e-10	1.161855e-06	2.753948e-05	-1.161855e-06	-9.446369e-10	0.000000e+00	0.000000e+00	-0.000000e+00	-0.000000e+00	-1.160910e-06	-2.753853e-05	1.161368e-06	5.870000e-16	9.446370e-10	9.446370e-10	-1.388092e-20	2.774984e-19	1.308037e-05	-1.308226e-05	0.000000e+00
2.140000000000000e-01	7.999995e-01	7.999995e-01	3.508475e-01	3.508475e-01	7.745248e-01	2.140000e-01	8.000000e-01	0.000000e+00	0.000000e+00	3.999998e-29	3.999998e-29	-9.446370e-10	-9.446370e-10	-1.426906e-05	0.000000e+00	0.000000e+00	-2.761644e-05	-9.446366e-10	-9.427891e-10	4.950633e-10	9.446364e-10	1.185855e-06	2.761738e-05	-1.185855e-06	-9.446369e-10	0.000000e+00	0.000000e+00	-0.000000e+00	-0.000000e+00	-1.184910e-06	-2.761644e-05	1.185360e-06	5.860000e-16	9.446370e-10	9.446370e-10	-7.104654e-21	-4.691520e-20	1.308037e-05	-1.308226e-05	0.000000e+00
2.150000000000000e-01	7.999995e-01	7.999995e-01	3.508475e-01	3.508475e-01	7.739361e-01	2.150000e-01	8.000000e-01	0.000000e+00	0.000000e+00	3.999998e-29	3.999998e-29	-9.446370e-10	-9.446370e-10	-1.429331e-05	0.000000e+00	0.000000e+00	-2.769343e-05	-9.446366e-10	-9.428421e-10	5.027116e-10	9.446364e-10	1.210098e-06	2.769437e-05	-1.210098e-06	-9.446369e-10	0.000000e+00	0.000000e+00	-0.000000e+00	-0.000000e+00	-1.209153e-06	-2.769343e-05	1.209595e-06	5.850000e-16	9.446370e-10	9.446370e-10	9.836005e-21	-4.691520e-20	1.308037e-05	-1.308226e-05	0.000000e+00
2.160000000000000e-01	7.999995e-01	7.999995e-01	3.508475e-01	3.508475e-01	7.733388e-01	2.160000e-01	8.000000e-01	0.000000e+00	0.000000e+00	3.999998e-29	3.999998e-29	-9.446370e-10	-9.446370e-10	-1.431779e-05	0.000000e+00	0.000000e+00	-2.776949e-05	-9.446366e-10	-9.428937e-10	5.103381e-10	9.446364e-10	1.234584e-06	2.777043e-05	-1.234584e-06	-9.446369e-10	0.000000e+00	0.000000e+00	-0.000000e+00	-0.000000e+00	-1.233640e-06	-2.776949e-05	1.234074e-06	5.840000e-16	9.446370e-10	9.446370e-10	-7.104654e-21	-4.691520e-20	1.308037e-05	-1.308226e-05	0.000000e+00
2.170000000000000e-01	7.999995e-01	7.999995e-01	3.508475e-01	3.508475e-01	7.727329e-01	2.170000e-01	8.000000e-01	0.000000e+00	0.000000e+00	3.999998e-29	3.999998e-29	-9.446370e-10	-9.446370e-10	-1.434252e-05	0.000000e+00	0.000000e+00	-2.784461e-05	-9.446366e-10	-9.429437e-10	5.179405e-10	9.446364e-10	1.259314e-06	2.784555e-05	-1.259314e-06	-9.446369e-10	0.000000e+00	0.000000e+00	-0.000000e+00	-0.000000e+00	-1.258369e-06	-2.784461e-05	1.258796e-06	5.830000e-16	9.446370e-10	9.446370e-10	-1.175424e-21	-4.691520e-20	1.308037e-05	-1.308226e-05	0.000000e+00
2.180000000000000e-01	7.999995e-01	7.999995e-01	3.508475e-01	3.508475e-01	7.721183e-01	2.180000e-01	8.000000e-01	0.000000e+00	0.000000e+00	3.999998e-29	3.999998e-29	-9.446370e-10	-9.446370e-10	-1.436749e-05	0.000000e+00	0.000000e+00	-2.791878e-05	-9.446366e-10	-9.429924e-10	5.255163e-10	9.446364e-10	1.284286e-06	2.791973e-05	-1.284286e-06	-9.446369e-10	0.000000e+00	0.000000e+00	-0.000000e+00	-0.000000e+00	-1.283341e-06	-2.791878e-05	1.283760e-06	5.820000e-16	9.446370e-10	9.446370e-10	-1.175424e-21	-4.691520e-20	1.308037e-05	-1.308226e-05	0.000000e+00
2.190000000000000e-01	7.999995e-01	7.999995e-01	3.508475e-01	3.508475e-01	7.714948e-01	2.190000e-01	8.000000e-01	0.000000e+00	0.000000e+00	3.999998e-29	3.999998e-29	-9.446370e-10	-9.446370e-10	-1.439271e-05	0.000000e+00	0.000000e+00	-2.799200e-05	-9.446366e-10	-9.430395e-10	5.330633e-10	9.446364e-10	1.309501e-06	2.799294e-05	-1.309501e-06	-9.446369e-10	0.000000e+00	0.000000e+00	-0.000000e+00	-0.000000e+00	-1.308556e-06	-2.799200e-05	1.308968e-06	5.810000e-16	9.446370e-10	9.446370e-10	9.836005e-21	-4.691520e-20	1.308037e-05	-1.308226e-05	0.000000e+00
2.200000000000000e-01	7.999995e-01	7.999995e-01	3.508475e-01	3.508475e-01	7.708625e-01	2.200000e-01	8.000000e-01	0.000000e+00	0.000000e+00	3.999998e-29	3.999998e-29	-9.446370e-10	-9.446370e-10	-1.441817e-05	0.000000e+00	0.000000e+00	-2.806424e-05	-9.446366e-10	-9.430854e-10	5.405792e-10	9.446364e-10	1.334959e-06	2.806519e-05	-1.334959e-06	-9.446369e-10	0.000000e+00	0.000000e+00	-0.000000e+00	-0.000000e+00	-1.334014e-06	-2.806424e-05	1.334418e-06	5.800000e-16	9.446370e-10	9.446370e-10	-1.388092e-20	2.774984e-19	1.308037e-05	-1.308226e-05	0.000000e+00
2.210000000000000e-01	7.999995e-01	7.999995e-01	3.508475e-01	3.508475e-01	7.702211e-01	2.210000e-01	8.000000e-01	0.000000e+00	0.000000e+00	3.999998e-29	3.999998e-29	-9.446370e-10	-9.446370e-10	-1.444387e-05	0.000000e+00	0.000000e+00	-2.813550e-05	-9.446366e-10	-9.431299e-10	5.480617e-10	9.446364e-10	1.360659e-06	2.813645e-05	-1.360659e-06	-9.446369e-10	0.000000e+00	0.000000e+00	-0.000000e+00	-0.000000e+00	-1.359715e-06	-2.813551e-05	1.360111e-06	5.790000e-16	9.446370e-10	9.446370e-10	-7.104654e-21	-4.691520e-20	1.308037e-05	-1.308226e-05	0.000000e+00
2.220000000000000e-01	7.999995e-01	7.999995e-01	3.508475e-01	3.508475e-01	7.695708e-01	2.220000e-01	8.000000e-01	0.000000e+00	0.000000e+00	3.999998e-29	3.999998e-29	-9.446370e-10	-9.446370e-10	-1.446981e-05	0.000000e+00	0.000000e+00	-2.820577e-05	-9.446366e-10	-9.431732e-10	5.555086e-10	9.446364e-10	1.386602e-06	2.820672e-05	-1.386602e-06	-9.446369e-10	0.000000e+00	0.000000e+00	-0.000000e+00	-0.000000e+00	-1.385657e-06	-2.820578e-05	1.386047e-06	5.780000e-16	9.446370e-10	9.446370e-10	9.836005e-21	-4.691520e-20	1.308037e-05	-1.308226e-05	0.000000e+00
2.230000000000000e-01	7.999995e-01	7.999995e-01	3.508475e-01	3.508475e-01	7.689112e-01	2.230000e-01	8.000000e-01	0.000000e+00	0.000000e+00	3.999998e-29	3.999998e-29	-9.446370e-10	-9.446370e-10	-1.449599e-05	0.000000e+00	0.000000e+00	-2.827504e-05	-9.446366e-10	-9.432152e-10	5.629177e-10	9.446364e-10	1.412787e-06	2.827598e-05	-1.412787e-06	-9.446369e-10	0.000000e+00	0.000000e+00	-0.000000e+00	-0.000000e+00	-1.411843e-06	-2.827504e-05	1.412224e-06	5.770000e-16	9.446370e-10	9.446370e-10	-7.104654e-21	-4.691520e-20	1.308037e-05	-1.308226e-05	0.000000e+00
2.240000000000000e-01	7.999995e-01	7.999995e-01	3.508475e-01	3.508475e-01	7.682424e-01	2.240000e-01	8.000000e-01	0.000000e+00	0.000000e+00	3.999998e-29	3.999998e-29	-9.446370e-10	-9.446370e-10	-1.452242e-05	0.000000e+00	0.000000e+00	-2.834329e-05	-9.446366e-10	-9.432560e-10	5.702868e-10	9.446364e-10	1.439215e-06	2.834423e-05	-1.439215e-06	-9.446369e-10	0.000000e+00	0.000000e+00	-0.000000e+00	-0.000000e+00	-1.438270e-06	-2.834329e-05	1.438645e-06	5.760000e-16	9.446370e-10	9.446370e-10	-1.175424e-21	-4.691520e-20	1.308037e-05	-1.308226e-05	0.000000e+00
2.250000000000000e-01	7.999995e-01	7.999995e-01	3.508475e-01	3.508475e-01	7.675642e-01	2.250000e-01	8.000000e-01	0.000000e+00	0.000000e+00	3.999998e-29	3.999998e-29	-9.446370e-10	-9.446370e-10	-1.454909e-05	0.000000e+00	0.000000e+00	-2.841051e-05	-9.446366e-10	-9.432957e-10	5.776137e-10	9.446364e-10	1.465885e-06	2.841145e-05	-1.465885e-06	-9.446369e-10	0.000000e+00	0.000000e+00	-0.000000e+00	-0.000000e+00	-1.464940e-06	-2.841051e-05	1.465307e-06	5.750000e-16	9.446370e-10	9.446370e-10	-1.175424e-21	-4.691520e-20	1.308037e-05	-1.308226e-05	0.000000e+00
2.260000000000000e-01	7.999995e-01	7.999995e-01	3.508475e-01	3.508475e-01	7.668765e-01	2.260000e-01	8.000000e-01	0.000000e+00	0.000000e+00	3.999998e-29	3.999998e-29	-9.446370e-10	-9.446370e-10	-1.457600e-05	0.000000e+00	0.000000e+00	-2.847669e-05	-9.446366e-10	-9.433342e-10	5.848964e-10	9.446364e-10	1.492796e-06	2.847763e-05	-1.492796e-06	-9.446369e-10	0.000000e+00	0.000000e+00	-0.000000e+00	-0.000000e+00	-1.491851e-06	-2.847669e-05	1.492211e-06	5.740000e-16	9.446370e-10	9.446370e-10	9.836005e-21	-4.691520e-20	1.308037e-05	-1.308226e-05	0.000000e+00
2.270000000000000e-01	7.999995e-01	7.999995e-01	3.508475e-01	3.508475e-01	7.661793e-01	2.270000e-01	8.000000e-01	0.000000e+00	0.000000e+00	3.999998e-29	3.999998e-29	-9.446370e-10	-9.446370e-10	-1.460316e-05	0.000000e+00	0.000000e+00	-2.854182e-05	-9.446366e-10	-9.433716e-10	5.921327e-10	9.446364e-10	1.519950e-06	2.854276e-05	-1.519950e-06	-9.446369e-10	0.000000e+00	0.000000e+00	-0.000000e+00	-0.000000e+00	-1.519005e-06	-2.854182e-05	1.519357e-06	5.730000e-16	9.446370e-10	9.446370e-10	-1.388092e-20	2.774984e-19	1.308037e-05	-1.308226e-05	0.000000e+00
2.280000000000000e-01	7.999995e-01	7.999995e-01	3.508475e-01	3.508475e-01	7.654725e-01	2.280000e-01	8.000000e-01	0.000000e+00	0.000000e+00	3.999998e-29	3.999998e-29	-9.446370e-10	-9.446370e-10	-1.463055e-05	0.000000e+00	0.000000e+00	-2.860588e-05	-9.446366e-10	-9.434079e-10	5.993207e-10	9.446364e-10	1.547345e-06	2.860683e-05	-1.547345e-06	-9.446369e-10	0.000000e+00	0.000000e+00	-0.000000e+00	-0.000000e+00	-1.546400e-06	-2.860588e-05	1.546745e-06	5.720000e-16	9.446370e-10	9.446370e-10	-7.104654e-21	-4.691520e-20	1.308037e-05	-1.308226e-05	0.000000e+00
2.290000000000000e-01	7.999995e-01	7.999995e-01	3.508475e-01	3.508475e-01	7.647558e-01	2.290000e-01	8.000000e-01	0.000000e+00	0.000000e+00	3.999998e-29	3.999998e-29	-9.446370e-10	-9.446370e-10	-1.465819e-05	0.000000e+00	0.000000e+00	-2.866887e-05	-9.446366e-10	-9.434432e-10	6.064584e-10	9.446364e-10	1.574981e-06	2.866981e-05	-1.574981e-06	-9.446369e-10	0.000000e+00	0.000000e+00	-0.000000e+00	-0.000000e+00	-1.574037e-06	-2.866887e-05	1.574375e-06	5.710000e-16	9.446370e-10	9.446370e-10	9.836005e-21	-4.691520e-20	1.308037e-05	-1.308226e-05	0.000000e+00
2.300000000000000e-01	7.999995e-01	7.999995e-01	3.508475e-01	3.508475e-01	7.640294e-01	2.300000e-01	8.000000e-01	0.000000e+00	0.000000e+00	3.999998e-29	3.999998e-29	-9.446370e-10	-9.446370e-10	-1.468607e-05	0.000000e+00	0.000000e+00	-2.873076e-05	-9.446366e-10	-9.434774e-10	6.135437e-10	9.446364e-10	1.602860e-06	2.873171e-05	-1.602860e-06	-9.446369e-10	0.000000e+00	0.000000e+00	-0.000000e+00	-0.000000e+00	-1.601915e-06	-2.873076e-05	1.602246e-06	5.700000e-16	9.446370e-10	9.446370e-10	-7.104654e-21	-4.691520e-20	1.308037e-05	-1.308226e-05	0.000000e+00
2.310000000000000e-01	7.999995e-01	7.999995e-01	3.508475e-01	3.508475e-01	7.632929e-01	2.310000e-01	8.000000e-01	0.000000e+00	0.000000e+00	3.999998e-29	3.999998e-29	-9.446370e-10	-9.446370e-10	-1.471419e-05	0.000000e+00	0.000000e+00	-2.879156e-05	-9.446366e-10	-9.435107e-10	6.205748e-10	9.446363e-10	1.630979e-06	2.879250e-05	-1.630979e-06	-9.446369e-10	0.000000e+00	0.000000e+00	-0.000000e+00	-0.000000e+00	-1.630034e-06	-2.879156e-05	1.630358e-06	5.690000e-16	9.446370e-10	9.446370e-10	-1.175424e-21	-4.691520e-20	1.308037e-05	-1.308226e-05	0.000000e+00
2.320000000000000e-01	7.999995e-01	7.999995e-01	3.508475e-01	3.508475e-01	7.625464e-01	2.320000e-01	8.000000e-01	0.000000e+00	0.000000e+00	3.999998e-29	3.999998e-29	-9.446370e-10	-9.446370e-10	-1.474255e-05	0.000000e+00	0.000000e+00	-2.885123e-05	-9.446366e-10	-9.435430e-10	6.275498e-10	9.446363e-10	1.659340e-06	2.885218e-05	-1.659340e-06	-9.446369e-10	0.000000e+00	0.000000e+00	-0.000000e+00	-0.000000e+00	-1.658395e-06	-2.885123e-05	1.658712e-06	5.680000e-16	9.446370e-10	9.446370e-10	-1.175424e-21	-4.691520e-20	1.308037e-05	-1.308226e-05	0.000000e+00
2.330000000000000e-01	7.999995e-01	7.999995e-01	3.508475e-01	3.508475e-01	7.617896e-01	2.330000e-01	8.000000e-01	0.000000e+00	0.000000e+00	3.999998e-29	3.999998e-29	-9.446370e-10	-9.446370e-10	-1.477115e-05	0.000000e+00	0.000000e+00	-2.890978e-05	-9.446366e-10	-9.435744e-10	6.344668e-10	9.446363e-10	1.687941e-06	2.891072e-05	-1.687941e-06	-9.446369e-10	0.000000e+00	0.000000e+00	-0.000000e+00	-0.000000e+00	-1.686996e-06	-2.890978e-05	1.687307e-06	5.670000e-16	9.446370e-10	9.446370e-10	9.836005e-21	-4.691520e-20	1.308037e-05	-1.308226e-05	0.000000e+00
2.340000000000000e-01	7.999995e-01	7.999995e-01	3.508475e-01	3.508475e-01	7.610226e-01	2.340000e-01	8.000000e-01	0.000000e+00	0.000000e+00	3.999998e-29	3.999998e-29	-9.446370e-10	-9.446370e-10	-1.479999e-05	0.000000e+00	0.000000e+00	-2.896718e-05	-9.446366e-10	-9.436050e-10	6.413242e-10	9.446363e-10	1.716784e-06	2.896812e-05	-1.716784e-06	-9.446369e-10	0.000000e+00	0.000000e+00	-0.000000e+00	-0.000000e+00	-1.715839e-06	-2.896718e-05	1.716142e-06	5.660000e-16	9.446370e-10	9.446370e-10	-1.388092e-20	2.774984e-19	1.308037e-05	-1.308226e-05	0.000000e+00
2.350000000000000e-01	7.999995e-01	7.999995e-01	3.508475e-01	3.508475e-01	7.602451e-01	2.350000e-01	8.000000e-01	0.000000e+00	0.000000e+00	3.999998e-29	3.999998e-29	-9.446370e-10	-9.446370e-10	-1.482907e-05	0.000000e+00	0.000000e+00	-2.902342e-05	-9.446366e-10	-9.436346e-10	6.481201e-10	9.446363e-10	1.745867e-06	2.902437e-05	-1.745867e-06	-9.446368e-10	0.000000e+00	0.000000e+00	-0.000000e+00	-0.000000e+00	-1.744922e-06	-2.902342e-05	1.745219e-06	5.650000e-16	9.446370e-10	9.446370e-10	-7.104654e-21	-4.691520e-20	1.308037e-05	-1.308226e-05	0.000000e+00
2.360000000000000e-01	7.999995e-01	7.999995e-01	3.508475e-01	3.508475e-01	7.594571e-01	2.360000e-01	8.000000e-01	0.000000e+00	0.000000e+00	3.999998e-29	3.999998e-29	-9.446370e-10	-9.446370e-10	-1.485840e-05	0.000000e+00	0.000000e+00	-2.907849e-05	-9.446366e-10	-9.436634e-10	6.548527e-10	9.446363e-10	1.775190e-06	2.907944e-05	-1.775190e-06	-9.446368e-10	0.000000e+00	0.000000e+00	-0.000000e+00	-0.000000e+00	-1.774246e-06	-2.907850e-05	1.774535e-06	5.640000e-16	9.446370e-10	9.446370e-10	9.836005e-21	-4.691520e-20	1.308037e-05	-1.308226e-05	0.000000e+00
2.370000000000000e-01	7.999995e-01	7.999995e-01	3.508475e-01	3.508475e-01	7.586583e-01	2.370000e-01	8.000000e-01	0.000000e+00	0.000000e+00	3.999998e-29	3.999998e-29	-9.446370e-10	-9.446370e-10	-1.488796e-05	0.000000e+00	0.000000e+00	-2.913238e-05	-9.446366e-10	-9.436912e-10	6.615207e-10	9.446363e-10	1.804754e-06	2.913332e-05	-1.804754e-06	-9.446368e-10	0.000000e+00	0.000000e+00	-0.000000e+00	-0.000000e+00	-1.803810e-06	-2.913238e-05	1.804093e-06	5.630000e-16	9.446370e-10	9.446370e-10	-7.104654e-21	-4.691520e-20	1.308037e-05	-1.308226e-05	0.000000e+00
2.380000000000000e-01	7.999995e-01	7.999995e-01	3.508475e-01	3.508475e-01	7.578489e-01	2.380000e-01	8.000000e-01	0.000000e+00	0.000000e+00	3.999998e-29	3.999998e-29	-9.446370e-10	-9.446370e-10	-1.491777e-05	0.000000e+00	0.000000e+00	-2.918506e-05	-9.446366e-10	-9.437184e-10	6.681222e-10	9.446363e-10	1.834558e-06	2.918601e-05	-1.834558e-06	-9.446368e-10	0.000000e+00	0.000000e+00	-0.000000e+00	-0.000000e+00	-1.833614e-06	-2.918506e-05	1.833890e-06	5.620000e-16	9.446370e-10	9.446370e-10	-1.175424e-21	-4.691520e-20	1.308037e-05	-1.308226e-05	0.000000e+00
2.390000000000000e-01	7.999995e-01	7.999995e-01	3.508475e-01	3.508475e-01	7.570285e-01	2.390000e-01	8.000000e-01	0.000000e+00	0.000000e+00	3.999998e-29	3.999998e-29	-9.446370e-10	-9.446370e-10	-1.494781e-05	0.000000e+00	0.000000e+00	-2.923653e-05	-9.446366e-10	-9.437447e-10	6.746557e-10	9.446363e-10	1.864603e-06	2.923747e-05	-1.864603e-06	-9.446368e-10	0.000000e+00	0.000000e+00	-0.000000e+00	-0.000000e+00	-1.863658e-06	-2.923653e-05	1.863928e-06	5.610000e-16	9.446370e-10	9.446370e-10	-1.175424e-21	-4.691520e-20	1.308037e-05	-1.308226e-05	0.000000e+00
2.400000000000000e-01	7.999995e-01	7.999995e-01	3.508475e-01	3.508475e-01	7.561970e-01	2.400000e-01	8.000000e-01	0.000000e+00	0.000000e+00	3.999998e-29	3.999998e-29	-9.446370e-10	-9.446370e-10	-1.497809e-05	0.000000e+00	0.000000e+00	-2.928676e-05	-9.446366e-10	-9.437704e-10	6.811198e-10	9.446363e-10	1.894887e-06	2.928770e-05	-1.894887e-06	-9.446368e-10	0.000000e+00	0.000000e+00	-0.000000e+00	-0.000000e+00	-1.893942e-06	-2.928676e-05	1.894206e-06	5.600000e-16	9.446370e-10	9.446370e-10	9.836005e-21	-4.691520e-20	1.308037e-05	-1.308226e-05	0.000000e+00
2.410000000000000e-01	7.999995e-01	7.999995e-01	3.508475e-01	3.508475e-01	7.553543e-01	2.410000e-01	8.000000e-01	0.000000e+00	0.000000e+00	3.999998e-29	3.999998e-29	-9.446370e-10	-9.446370e-10	-1.500862e-05	0.000000e+00	0.000000e+00	-2.933574e-05	-9.446366e-10	-9.437953e-10	6.875129e-10	9.446363e-10	1.925411e-06	2.933669e-05	-1.925411e-06	-9.446368e-10	0.000000e+00	0.000000e+00	-0.000000e+00	-0.000000e+00	-1.924466e-06	-2.933574e-05	1.924723e-06	5.590000e-16	9.446370e-10	9.446370e-10	-1.388092e-20	2.774984e-19	1.308037e-05	-1.308226e-05	0.000000e+00
2.420000000000000e-01	7.999995e-01	7.999995e-01	3.508475e-01	3.508475e-01	7.545004e-01	2.420000e-01	8.000000e-01	0.000000e+00	0.000000e+00	3.999998e-29	3.999998e-29	-9.446370e-10	-9.446370e-10	-1.503938e-05	0.000000e+00	0.000000e+00	-2.938346e-05	-9.446366e-10	-9.438194e-10	6.938337e-10	9.446363e-10	1.956174e-06	2.938441e-05	-1.956174e-06	-9.446368e-10	0.000000e+00	0.000000e+00	-0.000000e+00	-0.000000e+00	-1.955229e-06	-2.938346e-05	1.955480e-06	5.580000e-16	9.446370e-10	9.446370e-10	-7.104654e-21	-4.691520e-20	1.308037e-05	-1.308226e-05	0.000000e+00
2.430000000000000e-01	7.999995e-01	7.999995e-01	3.508475e-01	3.508475e-01	7.536349e-01	2.430000e-01	8.000000e-01	0.000000e+00	0.000000e+00	3.999998e-29	3.999998e-29	-9.446370e-10	-9.446370e-10	-1.507038e-05	0.000000e+00	0.000000e+00	-2.942990e-05	-9.446366e-10	-9.438429e-10	7.000809e-10	9.446363e-10	1.987177e-06	2.943085e-05	-1.987177e-06	-9.446368e-10	0.000000e+00	0.000000e+00	-0.000000e+00	-0.000000e+00	-1.986232e-06	-2.942990e-05	1.986476e-06	5.570000e-16	9.446370e-10	9.446370e-10	9.836005e-21	-4.691520e-20	1.308037e-05	-1.308226e-05	0.000000e+00
2.440000000000000e-01	7.999995e-01	7.999995e-01	3.508475e-01	3.508475e-01	7.527578e-01	2.440000e-01	8.000000e-01	0.000000e+00	0.000000e+00	3.999998e-29	3.999998e-29	-9.446370e-10	-9.446370e-10	-1.510163e-05	0.000000e+00	0.000000e+00	-2.947505e-05	-9.446366e-10	-9.438657e-10	7.062531e-10	9.446363e-10	2.018418e-06	2.947599e-05	-2.018418e-06	-9.446368e-10	0.000000e+00	0.000000e+00	-0.000000e+00	-0.000000e+00	-2.017474e-06	-2.947505e-05	2.017712e-06	5.560000e-16	9.446370e-10	9.446370e-10	-7.104654e-21	-4.691520e-20	1.308037e-05	-1.308226e-05	0.000000e+00
2.450000000000000e-01	7.999995e-01	7.999995e-01	3.508475e-01	3.508475e-01	7.518691e-01	2.450000e-01	8.000000e-01	0.000000e+00	0.000000e+00	3.999998e-29	3.999998e-29	-9.446370e-10	-9.446370e-10	-1.513311e-05	0.000000e+00	0.000000e+00	-2.951888e-05	-9.446366e-10	-9.438877e-10	7.123491e-10	9.446363e-10	2.049899e-06	2.951982e-05	-2.049899e-06	-9.446368e-10	0.000000e+00	0.000000e+00	-0.000000e+00	-0.000000e+00	-2.048954e-06	-2.951888e-05	2.049187e-06	5.550000e-16	9.446370e-10	9.446370e-10	-1.175424e-21	-4.691520e-20	1.308037e-05	-1.308226e-05	0.000000e+00
2.460000000000000e-01	7.999995e-01	7.999995e-01	3.508475e-01	3.508475e-01	7.509684e-01	2.460000e-01	8.000000e-01	0.000000e+00	0.000000e+00	3.999998e-29	3.999998e-29	-9.446370e-10	-9.446370e-10	-1.516483e-05	0.000000e+00	0.000000e+00	-2.956138e-05	-9.446366e-10	-9.439093e-10	7.183678e-10	9.446363e-10	2.081619e-06	2.956232e-05	-2.081619e-06	-9.446368e-10	0.000000e+00	0.000000e+00	-0.000000e+00	-0.000000e+00	-2.080674e-06	-2.956138e-05	2.080900e-06	5.540000e-16	9.446370e-10	9.446370e-10	-1.175424e-21	-4.691520e-20	1.308037e-05	-1.308226e-05	0.000000e+00
2.470000000000000e-01	7.999995e-01	7.999995e-01	3.508475e-01	3.508475e-01	7.500556e-01	2.470000e-01	8.000000e-01	0.000000e+00	0.000000e+00	3.999998e-29	3.999998e-29	-9.446370e-10	-9.446370e-10	-1.519678e-05	0.000000e+00	0.000000e+00	-2.960252e-05	-9.446366e-10	-9.439302e-10	7.243079e-10	9.446363e-10	2.113577e-06	2.960347e-05	-2.113577e-06	-9.446368e-10	0.000000e+00	0.000000e+00	-0.000000e+00	-0.000000e+00	-2.112632e-06	-2.960253e-05	2.112852e-06	5.530000e-16	9.446370e-10	9.446370e-10	9.836005e-21	-4.691520e-20	1.308037e-05	-1.308226e-05	0.000000e+00
2.480000000000000e-01	7.999995e-01	7.999995e-01	3.508475e-01	3.508475e-01	7.491307e-01	2.480000e-01	8.000000e-01	0.000000e+00	0.000000e+00	3.999998e-29	3.999998e-29	-9.446370e-10	-9.446370e-10	-1.522898e-05	0.000000e+00	0.000000e+00	-2.964231e-05	-9.446366e-10	-9.439505e-10	7.301684e-10	9.446363e-10	2.145773e-06	2.964325e-05	-2.145773e-06	-9.446368e-10	0.000000e+00	0.000000e+00	-0.000000e+00	-0.000000e+00	-2.144828e-06	-2.964231e-05	2.145043e-06	5.520000e-16	9.446370e-10	9.446370e-10	-1.388092e-20	2.774984e-19	1.308037e-05	-1.308226e-05	0.000000e+00
2.490000000000000e-01	7.999995e-01	7.999995e-01	3.508475e-01	3.508475e-01	7.481933e-01	2.490000e-01	8.000000e-01	0.000000e+00	0.000000e+00	3.999998e-29	3.999998e-29	-9.446370e-10	-9.446370e-10	-1.526142e-05	0.000000e+00	0.000000e+00	-2.968070e-05	-9.446366e-10	-9.439701e-10	7.359483e-10	9.446363e-10	2.178208e-06	2.968165e-05	-2.178208e-06	-9.446368e-10	0.000000e+00	0.000000e+00	-0.000000e+00	-0.000000e+00	-2.177263e-06	-2.968071e-05	2.177472e-06	5.510000e-16	9.446370e-10	9.446370e-10	-7.104654e-21	-4.691520e-20	1.308037e-05	-1.308226e-05	0.000000e+00
2.500000000000000e-01	7.999995e-01	7.999995e-01	3.508475e-01	3.508475e-01	7.472434e-01	2.500000e-01	8.000000e-01	0.000000e+00	0.000000e+00	3.999998e-29	3.999998e-29	-9.446370e-10	-9.446370e-10	-1.529409e-05	0.000000e+00	0.000000e+00	-2.971770e-05	-9.446366e-10	-9.439892e-10	7.416466e-10	9.446363e-10	2.210880e-06	2.971864e-05	-2.210880e-06	-9.446368e-10	0.000000e+00	0.000000e+00	-0.000000e+00	-0.000000e+00	-2.209935e-06	-2.971770e-05	2.210138e-06	5.500000e-16	9.446370e-10	9.446370e-10	9.836005e-21	-4.691520e-20	1.308037e-05	-1.308226e-05	0.000000e+00
2.510000000000000e-01	7.999995e-01	7.999995e-01	3.508475e-01	3.508475e-01	7.462808e-01	2.510000e-01	8.000000e-01	0.000000e+00	0.000000e+00	3.999998e-29	3.999998e-29	-9.446370e-10	-9.446370e-10	-1.532700e-05	0.000000e+00	0.000000e+00	-2.975327e-05	-9.446366e-10	-9.440079e-10	7.472624e-10	9.446363e-10	2.243790e-06	2.975421e-05	-2.243790e-06	-9.446368e-10	0.000000e+00	0.000000e+00	-0.000000e+00	-0.000000e+00	-2.242846e-06	-2.975327e-05	2.243043e-06	5.490000e-16	9.446370e-10	9.446370e-10	-7.104654e-21	-4.691520e-20	1.308037e-05	-1.308226e-05	0.000000e+00
2.520000000000000e-01	7.999995e-01	7.999995e-01	3.508475e-01	3.508475e-01	7.453054e-01	2.520000e-01	8.000000e-01	0.000000e+00	0.000000e+00	3.999998e-29	3.999998e-29	-9.446370e-10	-9.446370e-10	-1.536014e-05	0.000000e+00	0.000000e+00	-2.978740e-05	-9.446366e-10	-9.440259e-10	7.527949e-10	9.446363e-10	2.276938e-06	2.978834e-05	-2.276938e-06	-9.446368e-10	0.000000e+00	0.000000e+00	-0.000000e+00	-0.000000e+00	-2.275993e-06	-2.978740e-05	2.276185e-06	5.480000e-16	9.446370e-10	9.446370e-10	-1.175424e-21	-4.691520e-20	1.308037e-05	-1.308226e-05	0.000000e+00
2.530000000000000e-01	7.999995e-01	7.999995e-01	3.508475e-01	3.508475e-01	7.443169e-01	2.530000e-01	8.000000e-01	0.000000e+00	0.000000e+00	3.999998e-29	3.999998e-29	-9.446370e-10	-9.446370e-10	-1.539353e-05	0.000000e+00	0.000000e+00	-2.982006e-05	-9.446366e-10	-9.440434e-10	7.582432e-10	9.446363e-10	2.310323e-06	2.982101e-05	-2.310323e-06	-9.446368e-10	0.000000e+00	0.000000e+00	-0.000000e+00	-0.000000e+00	-2.309378e-06	-2.982006e-05	2.309565e-06	5.470000e-16	9.446370e-10	9.446370e-10	-1.175424e-21	-4.691520e-20	1.308037e-05	-1.308226e-05	0.000000e+00
2.540000000000000e-01	7.999995e-01	7.999995e-01	3.508475e-01	3.508475e-01	7.433152e-01	2.540000e-01	8.000000e-01	0.000000e+00	0.000000e+00	3.999998e-29	3.999998e-29	-9.446370e-10	-9.446370e-10	-1.542715e-05	0.000000e+00	0.000000e+00	-2.985124e-05	-9.446366e-10	-9.440604e-10	7.636066e-10	9.446363e-10	2.343945e-06	2.985219e-05	-2.343945e-06	-9.446368e-10	0.000000e+00	0.000000e+00	-0.000000e+00	-0.000000e+00	-2.343000e-06	-2.985124e-05	2.343181e-06	5.460000e-16	9.446370e-10	9.446370e-10	9.836005e-21	-4.691520e-20	1.308037e-05	-1.308226e-05	0.000000e+00
2.550000000000000e-01	7.999995e-01	7.999995e-01	3.508475e-01	3.508475e-01	7.423000e-01	2.550000e-01	8.000000e-01	0.000000e+00	0.000000e+00	3.999998e-29	3.999998e-29	-9.446370e-10	-9.446370e-10	-1.546101e-05	0.000000e+00	0.000000e+00	-2.988092e-05	-9.446366e-10	-9.440769e-10	7.688845e-10	9.446363e-10	2.377804e-06	2.988186e-05	-2.377804e-06	-9.446368e-10	0.000000e+00	0.000000e+00	-0.000000e+00	-0.000000e+00	-2.376859e-06	-2.988092e-05	2.377035e-06	5.450000e-16	9.446370e-10	9.446370e-10	-1.388092e-20	2.774984e-19	1.308037e-05	-1.308226e-05	0.000000e+00
2.560000000000000e-01	7.999995e-01	7.999995e-01	3.508475e-01	3.508475e-01	7.412712e-01	2.560000e-01	8.000000e-01	0.000000e+00	0.000000e+00	3.999998e-29	3.999998e-29	-9.446370e-10	-9.446370e-10	-1.549511e-05	0.000000e+00	0.000000e+00	-2.990907e-05	-9.446366e-10	-9.440930e-10	7.740761e-10	9.446363e-10	2.411899e-06	2.991002e-05	-2.411899e-06	-9.446368e-10	0.000000e+00	0.000000e+00	-0.000000e+00	-0.000000e+00	-2.410954e-06	-2.990907e-05	2.411125e-06	5.440000e-16	9.446370e-10	9.446370e-10	-7.104654e-21	-4.691520e-20	1.308037e-05	-1.308226e-05	0.000000e+00
2.570000000000000e-01	7.999995e-01	7.999995e-01	3.508475e-01	3.508475e-01	7.402286e-01	2.570000e-01	8.000000e-01	0.000000e+00	0.000000e+00	3.999998e-29	3.999998e-29	-9.446370e-10	-9.446370e-10	-1.552944e-05	0.000000e+00	0.000000e+00	-2.993567e-05	-9.446366e-10	-9.441087e-10	7.791811e-10	9.446363e-10	2.446231e-06	2.993662e-05	-2.446231e-06	-9.446368e-10	0.000000e+00	0.000000e+00	-0.000000e+00	-0.000000e+00	-2.445286e-06	-2.993568e-05	2.445452e-06	5.430000e-16	9.446370e-10	9.446370e-10	9.836005e-21	-4.691520e-20	1.308037e-05	-1.308226e-05	0.000000e+00
2.580000000000000e-01	7.999995e-01	7.999995e-01	3.508475e-01	3.508475e-01	7.391720e-01	2.580000e-01	8.000000e-01	0.000000e+00	0.000000e+00	3.999998e-29	3.999998e-29	-9.446370e-10	-9.446370e-10	-1.556401e-05	0.000000e+00	0.000000e+00	-2.996071e-05	-9.446366e-10	-9.441238e-10	7.841987e-10	9.446363e-10	2.480799e-06	2.996165e-05	-2.480799e-06	-9.446367e-10	0.000000e+00	0.000000e+00	-0.000000e+00	-0.000000e+00	-2.479854e-06	-2.996071e-05	2.480015e-06	5.420000e-16	9.446370e-10	9.446370e-10	-7.104654e-21	-4.691520e-20	1.308037e-05	-1.308226e-05	0.000000e+00
2.590000000000000e-01	7.999995e-01	7.999995e-01	3.508475e-01	3.508475e-01	7.381012e-01	2.590000e-01	8.000000e-01	0.000000e+00	0.000000e+00	3.999998e-29	3.999998e-29	-9.446370e-10	-9.446370e-10	-1.559881e-05	0.000000e+00	0.000000e+00	-2.998415e-05	-9.446366e-10	-9.441385e-10	7.891287e-10	9.446363e-10	2.515603e-06	2.998510e-05	-2.515603e-06	-9.446367e-10	0.000000e+00	0.000000e+00	-0.000000e+00	-0.000000e+00	-2.514658e-06	-2.998415e-05	2.514813e-06	5.410000e-16	9.446370e-10	9.446370e-10	-1.175424e-21	-4.691520e-20	1.308037e-05	-1.308226e-05	0.000000e+00
2.600000000000000e-01	7.999995e-01	7.999995e-01	3.508475e-01	3.508475e-01	7.370159e-01	2.600000e-01	8.000000e-01	0.000000e+00	0.000000e+00	3.999998e-29	3.999998e-29	-9.446370e-10	-9.446370e-10	-1.563385e-05	0.000000e+00	0.000000e+00	-3.000598e-05	-9.446366e-10	-9.441528e-10	7.939705e-10	9.446363e-10	2.550642e-06	3.000692e-05	-2.550642e-06	-9.446367e-10	0.000000e+00	0.000000e+00	-0.000000e+00	-0.000000e+00	-2.549697e-06	-3.000598e-05	2.549848e-06	5.400000e-16	9.446370e-10	9.446370e-10	-1.175424e-21	-4.691520e-20	1.308037e-05	-1.308226e-05	0.000000e+00
2.610000000000000e-01	7.999995e-01	7.999995e-01	3.508475e-01	3.508475e-01	7.359160e-01	2.610000e-01	8.000000e-01	0.000000e+00	0.000000e+00	3.999998e-29	3.999998e-29	-9.446370e-10	-9.446370e-10	-1.566912e-05	0.000000e+00	0.000000e+00	-3.002616e-05	-9.446366e-10	-9.441666e-10	7.987239e-10	9.446361e-10	2.585916e-06	3.002711e-05	-2.585916e-06	-9.446367e-10	0.000000e+00	0.000000e+00	-0.000000e+00	-0.000000e+00	-2.584972e-06	-3.002616e-05	2.585117e-06	5.390000e-16	9.446370e-10	9.446370e-10	9.836005e-21	-4.691520e-20	1.308037e-05	-1.308226e-05	0.000000e+00
2.620000000000000e-01	7.999995e-01	7.999995e-01	3.508475e-01	3.508475e-01	7.348013e-01	2.620000e-01	8.000000e-01	0.000000e+00	0.000000e+00	3.999998e-29	3.999998e-29	-9.446370e-10	-9.446370e-10	-1.570463e-05	0.000000e+00	0.000000e+00	-3.004468e-05	-9.446366e-10	-9.441802e-10	8.033885e-10	9.446361e-10	2.621426e-06	3.004563e-05	-2.621426e-06	-9.446367e-10	0.000000e+00	0.000000e+00	-0.000000e+00	-0.000000e+00	-2.620481e-06	-3.004468e-05	2.620622e-06	5.380000e-16	9.446370e-10	9.446370e-10	-1.388092e-20	2.774984e-19	1.308037e-05	-1.308226e-05	0.000000e+00
2.630000000000000e-01	7.999995e-01	7.999995e-01	3.508475e-01	3.508475e-01	7.336714e-01	2.630000e-01	8.000000e-01	0.000000e+00	0.000000e+00	3.999998e-29	3.999998e-29	-9.446370e-10	-9.446370e-10	-1.574038e-05	0.000000e+00	0.000000e+00	-3.006151e-05	-9.446365e-10	-9.441933e-10	8.079641e-10	9.446361e-10	2.657170e-06	3.006246e-05	-2.657170e-06	-9.446367e-10	0.000000e+00	0.000000e+00	-0.000000e+00	-0.000000e+00	-2.656225e-06	-3.006151e-05	2.656362e-06	5.370000e-16	9.446370e-10	9.446370e-10	-7.104654e-21	-4.691520e-20	1.308037e-05	-1.308226e-05	0.000000e+00
2.640000000000000e-01	7.999995e-01	7.999995e-01	3.508475e-01	3.508475e-01	7.325262e-01	2.640000e-01	8.000000e-01	0.000000e+00	0.000000e+00	3.999998e-29	3.999998e-29	-9.446370e-10	-9.446370e-10	-1.577636e-05	0.000000e+00	0.000000e+00	-3.007663e-05	-9.446365e-10	-9.442059e-10	8.124507e-10	9.446361e-10	2.693149e-06	3.007757e-05	-2.693149e-06	-9.446367e-10	0.000000e+00	0.000000e+00	-0.000000e+00	-0.000000e+00	-2.692204e-06	-3.007663e-05	2.692336e-06	5.360000e-16	9.446370e-10	9.446370e-10	9.836005e-21	-4.691520e-20	1.308037e-05	-1.308226e-05	0.000000e+00
2.650000000000000e-01	7.999995e-01	7.999995e-01	3.508475e-01	3.508475e-01	7.313654e-01	2.650000e-01	8.000000e-01	0.000000e+00	0.000000e+00	3.999998e-29	3.999998e-29	-9.446370e-10	-9.446370e-10	-1.581257e-05	0.000000e+00	0.000000e+00	-3.009000e-05	-9.446365e-10	-9.442184e-10	8.168480e-10	9.446361e-10	2.729362e-06	3.009094e-05	-2.729362e-06	-9.446367e-10	0.000000e+00	0.000000e+00	-0.000000e+00	-0.000000e+00	-2.728417e-06	-3.009000e-05	2.728545e-06	5.350000e-16	9.446370e-10	9.446370e-10	-7.104654e-21	-4.691520e-20	1.308037e-05	-1.308226e-05	0.000000e+00
2.660000000000000e-01	7.999995e-01	7.999995e-01	3.508475e-01	3.508475e-01	7.301888e-01	2.660000e-01	8.000000e-01	0.000000e+00	0.000000e+00	3.999998e-29	3.999998e-29	-9.446370e-10	-9.446370e-10	-1.584902e-05	0.000000e+00	0.000000e+00	-3.010160e-05	-9.446365e-10	-9.442304e-10	8.211561e-10	9.446361e-10	2.765808e-06	3.010254e-05	-2.765808e-06	-9.446367e-10	0.000000e+00	0.000000e+00	-0.000000e+00	-0.000000e+00	-2.764864e-06	-3.010160e-05	2.764987e-06	5.340000e-16	9.446370e-10	9.446370e-10	-1.175424e-21	-4.691520e-20	1.308037e-05	-1.308226e-05	0.000000e+00
2.670000000000000e-01	7.999995e-01	7.999995e-01	3.508475e-01	3.508475e-01	7.289961e-01	2.670000e-01	8.000000e-01	0.000000e+00	0.000000e+00	3.999998e-29	3.999998e-29	-9.446370e-10	-9.446370e-10	-1.588570e-05	0.000000e+00	0.000000e+00	-3.011141e-05	-9.446365e-10	-9.442420e-10	8.253748e-10	9.446361e-10	2.802488e-06	3.011235e-05	-2.802488e-06	-9.446367e-10	0.000000e+00	0.000000e+00	-0.000000e+00	-0.000000e+00	-2.801544e-06	-3.011141e-05	2.801663e-06	5.330000e-16	9.446370e-10	9.446370e-10	-1.175424e-21	-4.691520e-20	1.308037e-05	-1.308226e-05	0.000000e+00
2.680000000000000e-01	7.999995e-01	7.999995e-01	3.508475e-01	3.508475e-01	7.277870e-01	2.680000e-01	8.000000e-01	0.000000e+00	0.000000e+00	3.999998e-29	3.999998e-29	-9.446370e-10	-9.446370e-10	-1.592261e-05	0.000000e+00	0.000000e+00	-3.011938e-05	-9.446365e-10	-9.442533e-10	8.295044e-10	9.446361e-10	2.839402e-06	3.012033e-05	-2.839402e-06	-9.446367e-10	0.000000e+00	0.000000e+00	-0.000000e+00	-0.000000e+00	-2.838457e-06	-3.011938e-05	2.838572e-06	5.320000e-16	9.446370e-10	9.446370e-10	9.836005e-21	-4.691520e-20	1.308037e-05	-1.308226e-05	0.000000e+00
2.690000000000000e-01	7.999995e-01	7.999995e-01	3.508475e-01	3.508475e-01	7.265613e-01	2.690000e-01	8.000000e-01	0.000000e+00	0.000000e+00	3.999998e-29	3.999998e-29	-9.446370e-10	-9.446370e-10	-1.595976e-05	0.000000e+00	0.000000e+00	-3.012551e-05	-9.446365e-10	-9.442643e-10	8.335447e-10	9.446361e-10	2.876548e-06	3.012645e-05	-2.876548e-06	-9.446367e-10	0.000000e+00	0.000000e+00	-0.000000e+00	-0.000000e+00	-2.875604e-06	-3.012551e-05	2.875714e-06	5.310000e-16	9.446370e-10	9.446370e-10	-1.388092e-20	2.774984e-19	1.308037e-05	-1.308226e-05	0.000000e+00
2.700000000000000e-01	7.999995e-01	7.999995e-01	3.508475e-01	3.508475e-01	7.253187e-01	2.700000e-01	8.000000e-01	0.000000e+00	0.000000e+00	3.999998e-29	3.999998e-29	-9.446370e-10	-9.446370e-10	-1.599714e-05	0.000000e+00	0.000000e+00	-3.012974e-05	-9.446365e-10	-9.442750e-10	8.374962e-10	9.446361e-10	2.913927e-06	3.013069e-05	-2.913927e-06	-9.446367e-10	0.000000e+00	0.000000e+00	-0.000000e+00	-0.000000e+00	-2.912982e-06	-3.012975e-05	2.913089e-06	5.300000e-16	9.446370e-10	9.446370e-10	-7.104654e-21	-4.691520e-20	1.308037e-05	-1.308226e-05	0.000000e+00
2.710000000000000e-01	7.999995e-01	7.999995e-01	3.508475e-01	3.508475e-01	7.240589e-01	2.710000e-01	8.000000e-01	0.000000e+00	0.000000e+00	3.999998e-29	3.999998e-29	-9.446370e-10	-9.446370e-10	-1.603475e-05	0.000000e+00	0.000000e+00	-3.013207e-05	-9.446365e-10	-9.442853e-10	8.413588e-10	9.446361e-10	2.951538e-06	3.013301e-05	-2.951538e-06	-9.446367e-10	0.000000e+00	0.000000e+00	-0.000000e+00	-0.000000e+00	-2.950593e-06	-3.013207e-05	2.950697e-06	5.290000e-16	9.446370e-10	9.446370e-10	9.836005e-21	-4.691520e-20	1.308037e-05	-1.308226e-05	0.000000e+00
2.720000000000000e-01	7.999995e-01	7.999995e-01	3.508475e-01	3.508475e-01	7.227816e-01	2.720000e-01	8.000000e-01	0.000000e+00	0.000000e+00	3.999998e-29	3.999998e-29	-9.446370e-10	-9.446370e-10	-1.607259e-05	0.000000e+00	0.000000e+00	-3.013244e-05	-9.446365e-10	-9.442954e-10	8.451330e-10	9.446361e-10	2.989381e-06	3.013338e-05	-2.989381e-06	-9.446367e-10	0.000000e+00	0.000000e+00	-0.000000e+00	-0.000000e+00	-2.988436e-06	-3.013244e-05	2.988536e-06	5.280000e-16	9.446370e-10	9.446370e-10	-7.104654e-21	-4.691520e-20	1.308037e-05	-1.308226e-05	0.000000e+00
2.730000000000000e-01	7.999995e-01	7.999995e-01	3.508475e-01	3.508475e-01	7.214864e-01	2.730000e-01	8.000000e-01	0.000000e+00	0.000000e+00	3.999998e-29	3.999998e-29	-9.446370e-10	-9.446370e-10	-1.611066e-05	0.000000e+00	0.000000e+00	-3.013083e-05	-9.446365e-10	-9.443052e-10	8.488191e-10	9.446361e-10	3.027455e-06	3.013177e-05	-3.027455e-06	-9.446367e-10	0.000000e+00	0.000000e+00	-0.000000e+00	-0.000000e+00	-3.026511e-06	-3.013083e-05	3.026606e-06	5.270000e-16	9.446370e-10	9.446370e-10	-1.175424e-21	-4.691520e-20	1.308037e-05	-1.308226e-05	0.000000e+00
2.740000000000000e-01	7.999995e-01	7.999995e-01	3.508475e-01	3.508475e-01	7.201732e-01	2.740000e-01	8.000000e-01	0.000000e+00	0.000000e+00	3.999998e-29	3.999998e-29	-9.446370e-10	-9.446370e-10	-1.614897e-05	0.000000e+00	0.000000e+00	-3.012720e-05	-9.446365e-10	-9.443147e-10	8.524173e-10	9.446361e-10	3.065761e-06	3.012815e-05	-3.065761e-06	-9.446366e-10	0.000000e+00	0.000000e+00	-0.000000e+00	-0.000000e+00	-3.064816e-06	-3.012720e-05	3.064908e-06	5.260000e-16	9.446370e-10	9.446370e-10	-1.175424e-21	-4.691520e-20	1.308037e-05	-1.308226e-05	0.000000e+00
2.750000000000000e-01	7.999995e-01	7.999995e-01	3.508475e-01	3.508475e-01	7.188414e-01	2.750000e-01	8.000000e-01	0.000000e+00	0.000000e+00	3.999998e-29	3.999998e-29	-9.446370e-10	-9.446370e-10	-1.618751e-05	0.000000e+00	0.000000e+00	-3.012153e-05	-9.446365e-10	-9.443240e-10	8.559282e-10	9.446361e-10	3.104297e-06	3.012247e-05	-3.104297e-06	-9.446366e-10	0.000000e+00	0.000000e+00	-0.000000e+00	-0.000000e+00	-3.103353e-06	-3.012153e-05	3.103441e-06	5.250000e-16	9.446370e-10	9.446370e-10	9.836005e-21	-4.691520e-20	1.308037e-05	-1.308226e-05	0.000000e+00
2.760000000000000e-01	7.999995e-01	7.999995e-01	3.508475e-01	3.508475e-01	7.174909e-01	2.760000e-01	8.000000e-01	0.000000e+00	0.000000e+00	3.999998e-29	3.999998e-29	-9.446370e-10	-9.446370e-10	-1.622627e-05	0.000000e+00	0.000000e+00	-3.011376e-05	-9.446365e-10	-9.443329e-10	8.593521e-10	9.446361e-10	3.143064e-06	3.011471e-05	-3.143064e-06	-9.446366e-10	0.000000e+00	0.000000e+00	-0.000000e+00	-0.000000e+00	-3.142119e-06	-3.011376e-05	3.142204e-06	5.240000e-16	9.446370e-10	9.446370e-10	-1.388092e-20	2.774984e-19	1.308037e-05	-1.308226e-05	0.000000e+00
2.770000000000000e-01	7.999995e-01	7.999995e-01	3.508475e-01	3.508475e-01	7.161212e-01	2.770000e-01	8.000000e-01	0.000000e+00	0.000000e+00	3.999998e-29	3.999998e-29	-9.446370e-10	-9.446370e-10	-1.626527e-05	0.000000e+00	0.000000e+00	-3.010388e-05	-9.446365e-10	-9.443416e-10	8.626897e-10	9.446361e-10	3.182060e-06	3.010483e-05	-3.182060e-06	-9.446366e-10	0.000000e+00	0.000000e+00	-0.000000e+00	-0.000000e+00	-3.181116e-06	-3.010388e-05	3.181198e-06	5.230000e-16	9.446370e-10	9.446370e-10	-7.104654e-21	-4.691520e-20	1.308037e-05	-1.308226e-05	0.000000e+00
2.780000000000000e-01	7.999995e-01	7.999995e-01	3.508475e-01	3.508475e-01	7.147320e-01	2.780000e-01	8.000000e-01	0.000000e+00	0.000000e+00	3.999998e-29	3.999998e-29	-9.446370e-10	-9.446370e-10	-1.630450e-05	0.000000e+00	0.000000e+00	-3.009183e-05	-9.446365e-10	-9.443500e-10	8.659414e-10	9.446360e-10	3.221286e-06	3.009278e-05	-3.221286e-06	-9.446366e-10	0.000000e+00	0.000000e+00	-0.000000e+00	-0.000000e+00	-3.220342e-06	-3.009183e-05	3.220420e-06	5.220000e-16	9.446370e-10	9.446370e-10	9.836005e-21	-4.691520e-20	1.308037e-05	-1.308226e-05	0.000000e+00
2.790000000000000e-01	7.999995e-01	7.999995e-01	3.508475e-01	3.508475e-01	7.133229e-01	2.790000e-01	8.000000e-01	0.000000e+00	0.000000e+00	3.999998e-29	3.999998e-29	-9.446370e-10	-9.446370e-10	-1.634395e-05	0.000000e+00	0.000000e+00	-3.007759e-05	-9.446365e-10	-9.443583e-10	8.691080e-10	9.446360e-10	3.260742e-06	3.007853e-05	-3.260742e-06	-9.446366e-10	0.000000e+00	0.000000e+00	-0.000000e+00	-0.000000e+00	-3.259797e-06	-3.007759e-05	3.259872e-06	5.210000e-16	9.446370e-10	9.446370e-10	-7.104654e-21	-4.691520e-20	1.308037e-05	-1.308226e-05	0.000000e+00
2.800000000000000e-01	7.999995e-01	7.999995e-01	3.508475e-01	3.508475e-01	7.118935e-01	2.800000e-01	8.000000e-01	0.000000e+00	0.000000e+00	3.999998e-29	3.999998e-29	-9.446370e-10	-9.446370e-10	-1.638369e-05	0.000000e+00	0.000000e+00	-3.006105e-05	-9.446365e-10	-9.443663e-10	8.721899e-10	9.446360e-10	3.300425e-06	3.006205e-05	-3.300425e-06	-1.001527e-09	0.000000e+00	0.000000e+00	-0.000000e+00	-0.000000e+00	-3.299481e-06	-3.006110e-05	3.299553e-06	5.689108e-11	9.446370e-10	9.446370e-10	-1.175424e-21	-4.691520e-20	1.308037e-05	-1.308226e-05	0.000000e+00
2.810000000000000e-01	7.999995e-01	7.999995e-01	3.508475e-01	3.508475e-01	7.104434e-01	2.810000e-01	8.000000e-01	0.000000e+00	0.000000e+00	3.999998e-29	3.999998e-29	-9.446370e-10	-9.446370e-10	-1.642386e-05	0.000000e+00	0.000000e+00	-3.004202e-05	-9.446365e-10	-9.443740e-10	8.751880e-10	9.446360e-10	3.340337e-06	3.004328e-05	-3.340337e-06	-1.262078e-09	0.000000e+00	0.000000e+00	-0.000000e+00	-0.000000e+00	-3.339393e-06	-3.004234e-05	3.339462e-06	3.174418e-10	9.446370e-10	9.446370e-10	-1.175424e-21	-4.691520e-20	1.308037e-05	-1.308226e-05	0.000000e+00
2.820000000000000e-01	7.999995e-01	7.999995e-01	3.508475e-01	3.508475e-01	7.089722e-01	2.820000e-01	8.000000e-01	0.000000e+00	0.000000e+00	3.999998e-29	3.999998e-29	-9.446370e-10	-9.446370e-10	-1.646448e-05	0.000000e+00	0.000000e+00	-3.002044e-05	-9.446365e-10	-9.443816e-10	8.781030e-10	9.446360e-10	3.380477e-06	3.002219e-05	-3.380477e-06	-1.742122e-09	0.000000e+00	0.000000e+00	-0.000000e+00	-0.000000e+00	-3.379532e-06	-3.002124e-05	3.379599e-06	7.974864e-10	9.446370e-10	9.446370e-10	9.836005e-21	-4.691520e-20	1.308037e-05	-1.308226e-05	0.000000e+00
2.830000000000000e-01	7.999995e-01	7.999995e-01	3.508475e-01	3.508475e-01	7.074794e-01	2.830000e-01	8.000000e-01	0.000000e+00	0.000000e+00	3.999998e-29	3.999998e-29	-9.446370e-10	-9.446370e-10	-1.650556e-05	0.000000e+00	0.000000e+00	-2.999627e-05	-9.446365e-10	-9.443889e-10	8.809357e-10	9.446360e-10	3.420844e-06	2.999872e-05	-3.420844e-06	-2.451192e-09	0.000000e+00	0.000000e+00	-0.000000e+00	-0.000000e+00	-3.419899e-06	-2.999778e-05	3.419963e-06	1.506556e-09	9.446370e-10	9.446370e-10	-1.388092e-20	2.774984e-19	1.308037e-05	-1.308226e-05	0.000000e+00
2.840000000000000e-01	7.999995e-01	7.999995e-01	3.508475e-01	3.508475e-01	7.059646e-01	2.840000e-01	8.000000e-01	0.000000e+00	0.000000e+00	3.999998e-29	3.999998e-29	-9.446370e-10	-9.446370e-10	-1.654710e-05	0.000000e+00	0.000000e+00	-2.996945e-05	-9.446365e-10	-9.443960e-10	8.836868e-10	9.446360e-10	3.461438e-06	2.997285e-05	-3.461438e-06	-3.399222e-09	0.000000e+00	0.000000e+00	-0.000000e+00	-0.000000e+00	-3.460493e-06	-2.997190e-05	3.460554e-06	2.454586e-09	9.446370e-10	9.446370e-10	-7.104654e-21	-4.691520e-20	1.308037e-05	-1.308226e-05	0.000000e+00
2.850000000000000e-01	7.999995e-01	7.999995e-01	3.508475e-01	3.508475e-01	7.044274e-01	2.850000e-01	8.000000e-01	0.000000e+00	0.000000e+00	3.999998e-29	3.999998e-29	-9.446370e-10	-9.446370e-10	-1.658912e-05	0.000000e+00	0.000000e+00	-2.993991e-05	-9.446365e-10	-9.444029e-10	8.863573e-10	9.446360e-10	3.502258e-06	2.994450e-05	-3.502258e-06	-4.596579e-09	0.000000e+00	0.000000e+00	-0.000000e+00	-0.000000e+00	-3.501313e-06	-2.994356e-05	3.501372e-06	3.651943e-09	9.446370e-10	9.446370e-10	9.836005e-21	-4.691520e-20	1.308037e-05	-1.308226e-05	0.000000e+00
2.860000000000000e-01	7.999995e-01	7.999995e-01	3.508475e-01	3.508475e-01	7.028673e-01	2.860000e-01	8.000000e-01	0.000000e+00	0.000000e+00	3.999998e-29	3.999998e-29	-9.446370e-10	-9.446370e-10	-1.663162e-05	0.000000e+00	0.000000e+00	-2.990759e-05	-9.446365e-10	-9.444096e-10	8.889480e-10	9.446360e-10	3.543304e-06	2.991365e-05	-3.543304e-06	-6.054079e-09	0.000000e+00	0.000000e+00	-0.000000e+00	-0.000000e+00	-3.542359e-06	-2.991270e-05	3.542415e-06	5.109442e-09	9.446370e-10	9.446370e-10	-7.104654e-21	-4.691520e-20	1.308037e-05	-1.308226e-05	0.000000e+00
2.870000000000000e-01	7.999995e-01	7.999995e-01	3.508475e-01	3.508475e-01	7.012836e-01	2.870000e-01	8.000000e-01	0.000000e+00	0.000000e+00	3.999998e-29	3.999998e-29	-9.446370e-10	-9.446370e-10	-1.667462e-05	0.000000e+00	0.000000e+00	-2.987244e-05	-9.446365e-10	-9.444161e-10	8.914600e-10	9.446360e-10	3.584575e-06	2.988023e-05	-3.584575e-06	-7.783017e-09	0.000000e+00	0.000000e+00	-0.000000e+00	-0.000000e+00	-3.583630e-06	-2.987928e-05	3.583683e-06	6.838381e-09	9.446370e-10	9.446370e-10	-1.175424e-21	-4.691520e-20	1.308037e-05	-1.308226e-05	0.000000e+00
2.880000000000000e-01	7.999995e-01	7.999995e-01	3.508475e-01	3.508475e-01	6.996760e-01	2.880000e-01	8.000000e-01	0.000000e+00	0.000000e+00	3.999998e-29	3.999998e-29	-9.446370e-10	-9.446370e-10	-1.671813e-05	0.000000e+00	0.000000e+00	-2.983440e-05	-9.446365e-10	-9.444224e-10	8.938941e-10	9.446360e-10	3.626070e-06	2.984419e-05	-3.626070e-06	-9.795194e-09	0.000000e+00	0.000000e+00	-0.000000e+00	-0.000000e+00	-3.625126e-06	-2.984325e-05	3.625176e-06	8.850558e-09	9.446370e-10	9.446370e-10	-1.175424e-21	-4.691520e-20	1.308037e-05	-1.308226e-05	0.000000e+00
2.890000000000000e-01	7.999995e-01	7.999995e-01	3.508475e-01	3.508475e-01	6.980439e-01	2.890000e-01	8.000000e-01	0.000000e+00	0.000000e+00	3.999998e-29	3.999998e-29	-9.446370e-10	-9.446370e-10	-1.676216e-05	0.000000e+00	0.000000e+00	-2.979338e-05	-9.446365e-10	-9.444285e-10	8.962514e-10	9.446360e-10	3.667790e-06	2.980548e-05	-3.667790e-06	-1.210295e-08	0.000000e+00	0.000000e+00	-0.000000e+00	-0.000000e+00	-3.666845e-06	-2.980454e-05	3.666894e-06	1.115831e-08	9.446370e-10	9.446370e-10	9.836005e-21	-4.691520e-20	1.308037e-05	-1.308226e-05	0.000000e+00
2.900000000000000e-01	7.999995e-01	7.999995e-01	3.508475e-01	3.508475e-01	6.963867e-01	2.900000e-01	8.000000e-01	0.000000e+00	0.000000e+00	3.999998e-29	3.999998e-29	-9.446370e-10	-9.446370e-10	-1.680672e-05	0.000000e+00	0.000000e+00	-2.974933e-05	-9.446365e-10	-9.444345e-10	8.985329e-10	9.446360e-10	3.709733e-06	2.976405e-05	-3.709733e-06	-1.471918e-08	0.000000e+00	0.000000e+00	-0.000000e+00	-0.000000e+00	-3.708788e-06	-2.976310e-05	3.708835e-06	1.377455e-08	9.446370e-10	9.446370e-10	-1.388092e-20	2.774984e-19	1.308037e-05	-1.308226e-05	0.000000e+00
2.910000000000000e-01	7.999995e-01	7.999995e-01	3.508475e-01	3.508475e-01	6.947038e-01	2.910000e-01	8.000000e-01	0.000000e+00	0.000000e+00	3.999998e-29	3.999998e-29	-9.446370e-10	-9.446370e-10	-1.685182e-05	0.000000e+00	0.000000e+00	-2.970217e-05	-9.446365e-10	-9.444403e-10	9.007396e-10	9.446359e-10	3.751899e-06	2.971983e-05	-3.751899e-06	-1.765740e-08	0.000000e+00	0.000000e+00	-0.000000e+00	-0.000000e+00	-3.750954e-06	-2.971888e-05	3.750998e-06	1.671276e-08	9.446370e-10	9.446370e-10	-7.104654e-21	-4.691520e-20	1.308037e-05	-1.308226e-05	0.000000e+00
2.920000000000000e-01	7.999995e-01	7.999995e-01	3.508475e-01	3.508475e-01	6.929946e-01	2.920000e-01	8.000000e-01	0.000000e+00	0.000000e+00	3.999998e-29	3.999998e-29	-9.446370e-10	-9.446370e-10	-1.689748e-05	0.000000e+00	0.000000e+00	-2.965182e-05	-9.446365e-10	-9.444460e-10	9.028728e-10	9.446359e-10	3.794287e-06	2.967275e-05	-3.794287e-06	-2.093175e-08	0.000000e+00	0.000000e+00	-0.000000e+00	-0.000000e+00	-3.793342e-06	-2.967181e-05	3.793384e-06	1.998711e-08	9.446370e-10	9.446370e-10	9.836005e-21	-4.691520e-20	1.308037e-05	-1.308226e-05	0.000000e+00
2.930000000000000e-01	7.999995e-01	7.999995e-01	3.508475e-01	3.508475e-01	6.912585e-01	2.930000e-01	8.000000e-01	0.000000e+00	0.000000e+00	3.999998e-29	3.999998e-29	-9.446370e-10	-9.446370e-10	-1.694372e-05	0.000000e+00	0.000000e+00	-2.959821e-05	-9.446365e-10	-9.444514e-10	9.049335e-10	9.446359e-10	3.836897e-06	2.962277e-05	-3.836897e-06	-2.455706e-08	0.000000e+00	0.000000e+00	-0.000000e+00	-0.000000e+00	-3.835952e-06	-2.962182e-05	3.835992e-06	2.361242e-08	9.446370e-10	9.446370e-10	-7.104654e-21	-4.691520e-20	1.308037e-05	-1.308226e-05	0.000000e+00
2.940000000000000e-01	7.999995e-01	7.999995e-01	3.508475e-01	3.508475e-01	6.894947e-01	2.940000e-01	8.000000e-01	0.000000e+00	0.000000e+00	3.999998e-29	3.999998e-29	-9.446370e-10	-9.446370e-10	-1.699054e-05	0.000000e+00	0.000000e+00	-2.954125e-05	-9.446365e-10	-9.444567e-10	9.069229e-10	9.446359e-10	3.879727e-06	2.956980e-05	-3.879727e-06	-2.854886e-08	0.000000e+00	0.000000e+00	-0.000000e+00	-0.000000e+00	-3.878783e-06	-2.956886e-05	3.878820e-06	2.760423e-08	9.446370e-10	9.446370e-10	-1.175424e-21	-4.691520e-20	1.308037e-05	-1.308226e-05	0.000000e+00
2.950000000000000e-01	7.999995e-01	7.999995e-01	3.508475e-01	3.508475e-01	6.877027e-01	2.950000e-01	8.000000e-01	0.000000e+00	0.000000e+00	3.999998e-29	3.999998e-29	-9.446370e-10	-9.446370e-10	-1.703796e-05	0.000000e+00	0.000000e+00	-2.948087e-05	-9.446365e-10	-9.444618e-10	9.088421e-10	9.446359e-10	3.922778e-06	2.951379e-05	-3.922778e-06	-3.292349e-08	0.000000e+00	0.000000e+00	-0.000000e+00	-0.000000e+00	-3.921833e-06	-2.951285e-05	3.921869e-06	3.197886e-08	9.446370e-10	9.446370e-10	-1.175424e-21	-4.691520e-20	1.308037e-05	-1.308226e-05	0.000000e+00
2.960000000000000e-01	7.999995e-01	7.999995e-01	3.508475e-01	3.508475e-01	6.858816e-01	2.960000e-01	8.000000e-01	0.000000e+00	0.000000e+00	3.999998e-29	3.999998e-29	-9.446370e-10	-9.446370e-10	-1.708601e-05	0.000000e+00	0.000000e+00	-2.941696e-05	-9.446365e-10	-9.444668e-10	9.106924e-10	9.446359e-10	3.966048e-06	2.945466e-05	-3.966048e-06	-3.769808e-08	0.000000e+00	0.000000e+00	-0.000000e+00	-0.000000e+00	-3.965103e-06	-2.945371e-05	3.965137e-06	3.675344e-08	9.446370e-10	9.446370e-10	9.836005e-21	-4.691520e-20	1.308037e-05	-1.308226e-05	0.000000e+00
2.970000000000000e-01	7.999995e-01	7.999995e-01	3.508475e-01	3.508475e-01	6.840307e-01	2.970000e-01	8.000000e-01	0.000000e+00	0.000000e+00	3.999998e-29	3.999998e-29	-9.446370e-10	-9.446370e-10	-1.713469e-05	0.000000e+00	0.000000e+00	-2.934944e-05	-9.446365e-10	-9.444717e-10	9.124750e-10	9.446359e-10	4.009536e-06	2.939233e-05	-4.009536e-06	-4.289063e-08	0.000000e+00	0.000000e+00	-0.000000e+00	-0.000000e+00	-4.008592e-06	-2.939139e-05	4.008624e-06	4.194599e-08	9.446370e-10	9.446370e-10	-1.388092e-20	2.774984e-19	1.308037e-05	-1.308226e-05	0.000000e+00
2.980000000000000e-01	7.999995e-01	7.999995e-01	3.508475e-01	3.508475e-01	6.821492e-01	2.980000e-01	8.000000e-01	0.000000e+00	0.000000e+00	3.999998e-29	3.999998e-29	-9.446370e-10	-9.446370e-10	-1.718403e-05	0.000000e+00	0.000000e+00	-2.927821e-05	-9.446365e-10	-9.444765e-10	9.141912e-10	9.446359e-10	4.053242e-06	2.932673e-05	-4.053242e-06	-4.852010e-08	0.000000e+00	0.000000e+00	-0.000000e+00	-0.000000e+00	-4.052298e-06	-2.932578e-05	4.052328e-06	4.757547e-08	9.446370e-10	9.446370e-10	-7.104654e-21	-4.691520e-20	1.308037e-05	-1.308226e-05	0.000000e+00
2.990000000000000e-01	7.999995e-01	7.999995e-01	3.508475e-01	3.508475e-01	6.802363e-01	2.990000e-01	8.000000e-01	0.000000e+00	0.000000e+00	3.999998e-29	3.999998e-29	-9.446370e-10	-9.446370e-10	-1.723404e-05	0.000000e+00	0.000000e+00	-2.920316e-05	-9.446365e-10	-9.444810e-10	9.158422e-10	9.446359e-10	4.097166e-06	2.925777e-05	-4.097166e-06	-5.460644e-08	0.000000e+00	0.000000e+00	-0.000000e+00	-0.000000e+00	-4.096221e-06	-2.925683e-05	4.096250e-06	5.366180e-08	9.446370e-10	9.446370e-10	9.836005e-21	-4.691520e-20	1.308037e-05	-1.308226e-05	0.000000e+00
3.000000000000000e-01	7.999995e-01	7.999995e-01	3.508475e-01	3.508475e-01	6.782910e-01	3.000000e-01	8.000000e-01	0.000000e+00	0.000000e+00	3.999998e-29	3.999998e-29	-9.446370e-10	-9.446370e-10	-1.728474e-05	0.000000e+00	0.000000e+00	-2.912420e-05	-9.446365e-10	-9.444855e-10	9.174293e-10	9.446358e-10	4.141305e-06	2.918537e-05	-4.141305e-06	-6.117067e-08	0.000000e+00	0.000000e+00	-0.000000e+00	-0.000000e+00	-4.140360e-06	-2.918443e-05	4.140388e-06	6.022603e-08	9.446370e-10	9.446370e-10	-7.104654e-21	-4.691520e-20	1.308037e-05	-1.308226e-05	0.000000e+00
3.010000000000000e-01	7.999995e-01	7.999995e-01	3.508475e-01	3.508475e-01	6.763125e-01	3.010000e-01	8.000000e-01	0.000000e+00	0.000000e+00	3.999998e-29	3.999998e-29	-9.446370e-10	-9.446370e-10	-1.733616e-05	0.000000e+00	0.000000e+00	-2.904121e-05	-9.446365e-10	-9.444898e-10	9.189538e-10	9.446358e-10	4.185660e-06	2.910944e-05	-4.185660e-06	-6.823495e-08	0.000000e+00	0.000000e+00	-0.000000e+00	-0.000000e+00	-4.184715e-06	-2.910850e-05	4.184741e-06	6.729032e-08	9.446370e-10	9.446370e-10	-1.175424e-21	-4.691520e-20	1.308037e-05	-1.308226e-05	0.000000e+00
3.020000000000000e-01	7.999995e-01	7.999995e-01	3.508475e-01	3.508475e-01	6.742997e-01	3.020000e-01	8.000000e-01	0.000000e+00	0.000000e+00	3.999998e-29	3.999998e-29	-9.446370e-10	-9.446370e-10	-1.738831e-05	0.000000e+00	0.000000e+00	-2.895406e-05	-9.446365e-10	-9.444940e-10	9.204171e-10	9.446358e-10	4.230229e-06	2.902989e-05	-4.230229e-06	-7.582271e-08	0.000000e+00	0.000000e+00	-0.000000e+00	-0.000000e+00	-4.229284e-06	-2.902894e-05	4.229308e-06	7.487807e-08	9.446370e-10	9.446370e-10	-1.175424e-21	-4.691520e-20	1.308037e-05	-1.308226e-05	0.000000e+00
3.030000000000000e-01	7.999995e-01	7.999995e-01	3.508475e-01	3.508475e-01	6.722517e-01	3.030000e-01	8.000000e-01	0.000000e+00	0.000000e+00	3.999998e-29	3.999998e-29	-9.446370e-10	-9.446370e-10	-1.744123e-05	0.000000e+00	0.000000e+00	-2.886265e-05	-9.446365e-10	-9.444981e-10	9.218205e-10	9.446358e-10	4.275011e-06	2.894661e-05	-4.275011e-06	-8.395867e-08	0.000000e+00	0.000000e+00	-0.000000e+00	-0.000000e+00	-4.274066e-06	-2.894566e-05	4.274089e-06	8.301404e-08	9.446370e-10	9.446370e-10	9.836005e-21	-4.691520e-20	1.308037e-05	-1.308226e-05	0.000000e+00
3.040000000000000e-01	7.999995e-01	7.999995e-01	3.508475e-01	3.508475e-01	6.701673e-01	3.040000e-01	8.000000e-01	0.000000e+00	0.000000e+00	3.999998e-29	3.999998e-29	-9.446370e-10	-9.446370e-10	-1.749494e-05	0.000000e+00	0.000000e+00	-2.876683e-05	-9.446365e-10	-9.445020e-10	9.231653e-10	9.446358e-10	4.320005e-06	2.885950e-05	-4.320005e-06	-9.266902e-08	0.000000e+00	0.000000e+00	-0.000000e+00	-0.000000e+00	-4.319060e-06	-2.885856e-05	4.319082e-06	9.172438e-08	9.446370e-10	9.446370e-10	-1.388092e-20	2.774984e-19	1.308037e-05	-1.308226e-05	0.000000e+00
3.050000000000000e-01	7.999995e-01	7.999995e-01	3.508475e-01	3.508475e-01	6.680455e-01	3.050000e-01	8.000000e-01	0.000000e+00	0.000000e+00	3.999998e-29	3.999998e-29	-9.446370e-10	-9.446370e-10	-1.754946e-05	0.000000e+00	0.000000e+00	-2.866648e-05	-9.446365e-10	-9.445059e-10	9.244528e-10	9.446358e-10	4.365211e-06	2.876846e-05	-4.365210e-06	-1.019814e-07	0.000000e+00	0.000000e+00	-0.000000e+00	-0.000000e+00	-4.364266e-06	-2.876752e-05	4.364286e-06	1.010368e-07	9.446370e-10	9.446370e-10	-7.104654e-21	-4.691520e-20	1.308037e-05	-1.308226e-05	0.000000e+00
3.060000000000000e-01	7.999995e-01	7.999995e-01	3.508475e-01	3.508475e-01	6.658850e-01	3.060000e-01	8.000000e-01	0.000000e+00	0.000000e+00	3.999998e-29	3.999998e-29	-9.446370e-10	-9.446370e-10	-1.760481e-05	0.000000e+00	0.000000e+00	-2.856145e-05	-9.446365e-10	-9.445097e-10	9.256846e-10	9.446358e-10	4.410626e-06	2.867337e-05	-4.410626e-06	-1.119253e-07	0.000000e+00	0.000000e+00	-0.000000e+00	-0.000000e+00	-4.409681e-06	-2.867243e-05	4.409701e-06	1.109807e-07	9.446370e-10	9.446370e-10	9.836005e-21	-4.691520e-20	1.308037e-05	-1.308226e-05	0.000000e+00
3.070000000000000e-01	7.999995e-01	7.999995e-01	3.508475e-01	3.508475e-01	6.636846e-01	3.070000e-01	8.000000e-01	0.000000e+00	0.000000e+00	3.999998e-29	3.999998e-29	-9.446370e-10	-9.446370e-10	-1.766105e-05	0.000000e+00	0.000000e+00	-2.845158e-05	-9.446365e-10	-9.445132e-10	9.268619e-10	9.446357e-10	4.456251e-06	2.857411e-05	-4.456250e-06	-1.225319e-07	0.000000e+00	0.000000e+00	-0.000000e+00	-0.000000e+00	-4.455306e-06	-2.857316e-05	4.455324e-06	1.215872e-07	9.446370e-10	9.446370e-10	-7.104654e-21	-4.691520e-20	1.308037e-05	-1.308226e-05	0.000000e+00
3.080000000000000e-01	7.999995e-01	7.999995e-01	3.508475e-01	3.508475e-01	6.614429e-01	3.080000e-01	8.000000e-01	0.000000e+00	0.000000e+00	3.999998e-29	3.999998e-29	-9.446370e-10	-9.446370e-10	-1.771818e-05	0.000000e+00	0.000000e+00	-2.833672e-05	-9.446365e-10	-9.445168e-10	9.279860e-10	9.446357e-10	4.502082e-06	2.847055e-05	-4.502082e-06	-1.338342e-07	0.000000e+00	0.000000e+00	-0.000000e+00	-0.000000e+00	-4.501138e-06	-2.846961e-05	4.501154e-06	1.328896e-07	9.446370e-10	9.446370e-10	-1.175424e-21	-4.691520e-20	1.308037e-05	-1.308226e-05	0.000000e+00
3.090000000000000e-01	7.999995e-01	7.999995e-01	3.508475e-01	3.508475e-01	6.591585e-01	3.090000e-01	8.000000e-01	0.000000e+00	0.000000e+00	3.999998e-29	3.999998e-29	-9.446370e-10	-9.446370e-10	-1.777625e-05	0.000000e+00	0.000000e+00	-2.821669e-05	-9.446365e-10	-9.445202e-10	9.290585e-10	9.446357e-10	4.548121e-06	2.836256e-05	-4.548121e-06	-1.458677e-07	0.000000e+00	0.000000e+00	-0.000000e+00	-0.000000e+00	-4.547176e-06	-2.836161e-05	4.547192e-06	1.449230e-07	9.446370e-10	9.446370e-10	-1.175424e-21	-4.691520e-20	1.308037e-05	-1.308226e-05	0.000000e+00
3.100000000000000e-01	7.999995e-01	7.999995e-01	3.508475e-01	3.508475e-01	6.568298e-01	3.100000e-01	8.000000e-01	0.000000e+00	0.000000e+00	3.999998e-29	3.999998e-29	-9.446370e-10	-9.446370e-10	-1.783530e-05	0.000000e+00	0.000000e+00	-2.809132e-05	-9.446365e-10	-9.445236e-10	9.300807e-10	9.446357e-10	4.594364e-06	2.824999e-05	-4.594364e-06	-1.586698e-07	0.000000e+00	0.000000e+00	-0.000000e+00	-0.000000e+00	-4.593419e-06	-2.824905e-05	4.593434e-06	1.577251e-07	9.446370e-10	9.446370e-10	9.836005e-21	-4.691520e-20	1.308037e-05	-1.308226e-05	0.000000e+00
3.110000000000000e-01	7.999995e-01	7.999995e-01	3.508475e-01	3.508475e-01	6.544554e-01	3.110000e-01	8.000000e-01	0.000000e+00	0.000000e+00	3.999998e-29	3.999998e-29	-9.446370e-10	-9.446370e-10	-1.789535e-05	0.000000e+00	0.000000e+00	-2.796042e-05	-9.446365e-10	-9.445268e-10	9.310540e-10	9.446357e-10	4.640811e-06	2.813270e-05	-4.640811e-06	-1.722806e-07	0.000000e+00	0.000000e+00	-0.000000e+00	-0.000000e+00	-4.639866e-06	-2.813176e-05	4.639880e-06	1.713360e-07	9.446370e-10	9.446370e-10	-1.388092e-20	2.774984e-19	1.308037e-05	-1.308226e-05	0.000000e+00
3.120000000000000e-01	7.999995e-01	7.999995e-01	3.508475e-01	3.508475e-01	6.520333e-01	3.120000e-01	8.000000e-01	0.000000e+00	0.000000e+00	3.999998e-29	3.999998e-29	-9.446370e-10	-9.446370e-10	-1.795647e-05	0.000000e+00	0.000000e+00	-2.782378e-05	-9.446365e-10	-9.445299e-10	9.319797e-10	9.446357e-10	4.687459e-06	2.801053e-05	-4.687459e-06	-1.867431e-07	0.000000e+00	0.000000e+00	-0.000000e+00	-0.000000e+00	-4.686515e-06	-2.800958e-05	4.686528e-06	1.857985e-07	9.446370e-10	9.446370e-10	-7.104654e-21	-4.691520e-20	1.308037e-05	-1.308226e-05	0.000000e+00
3.130000000000000e-01	7.999995e-01	7.999995e-01	3.508475e-01	3.508475e-01	6.495620e-01	3.130000e-01	8.000000e-01	0.000000e+00	0.000000e+00	3.999998e-29	3.999998e-29	-9.446370e-10	-9.446370e-10	-1.801867e-05	0.000000e+00	0.000000e+00	-2.768119e-05	-9.446365e-10	-9.445330e-10	9.328592e-10	9.446356e-10	4.734309e-06	2.788329e-05	-4.734308e-06	-2.021032e-07	0.000000e+00	0.000000e+00	-0.000000e+00	-0.000000e+00	-4.733364e-06	-2.788235e-05	4.733376e-06	2.011586e-07	9.446370e-10	9.446370e-10	9.836005e-21	-4.691520e-20	1.308037e-05	-1.308226e-05	0.000000e+00
3.140000000000000e-01	7.999995e-01	7.999995e-01	3.508475e-01	3.508475e-01	6.470394e-01	3.140000e-01	8.000000e-01	0.000000e+00	0.000000e+00	3.999998e-29	3.999998e-29	-9.446370e-10	-9.446370e-10	-1.808203e-05	0.000000e+00	0.000000e+00	-2.753242e-05	-9.446365e-10	-9.445360e-10	9.336941e-10	9.446356e-10	4.781356e-06	2.775083e-05	-4.781356e-06	-2.184100e-07	0.000000e+00	0.000000e+00	-0.000000e+00	-0.000000e+00	-4.780411e-06	-2.774988e-05	4.780422e-06	2.174654e-07	9.446370e-10	9.446370e-10	-7.104654e-21	-4.691520e-20	1.308037e-05	-1.308226e-05	0.000000e+00
3.150000000000000e-01	7.999995e-01	7.999995e-01	3.508475e-01	3.508475e-01	6.444633e-01	3.150000e-01	8.000000e-01	0.000000e+00	0.000000e+00	3.999998e-29	3.999998e-29	-9.446370e-10	-9.446370e-10	-1.814658e-05	0.000000e+00	0.000000e+00	-2.737722e-05	-9.446365e-10	-9.445389e-10	9.344855e-10	9.446356e-10	4.828601e-06	2.761293e-05	-4.828601e-06	-2.357164e-07	0.000000e+00	0.000000e+00	-0.000000e+00	-0.000000e+00	-4.827656e-06	-2.761199e-05	4.827666e-06	2.347718e-07	9.446370e-10	9.446370e-10	-1.175424e-21	-4.691520e-20	1.308037e-05	-1.308226e-05	0.000000e+00
3.160000000000000e-01	7.999995e-01	7.999995e-01	3.508475e-01	3.508475e-01	6.418316e-01	3.160000e-01	8.000000e-01	0.000000e+00	0.000000e+00	3.999998e-29	3.999998e-29	-9.446370e-10	-9.446370e-10	-1.821238e-05	0.000000e+00	0.000000e+00	-2.721532e-05	-9.446365e-10	-9.445417e-10	9.352350e-10	9.446356e-10	4.876040e-06	2.746940e-05	-4.876040e-06	-2.540793e-07	0.000000e+00	0.000000e+00	-0.000000e+00	-0.000000e+00	-4.875095e-06	-2.746846e-05	4.875104e-06	2.531347e-07	9.446370e-10	9.446370e-10	-1.175424e-21	-4.691520e-20	1.308037e-05	-1.308226e-05	0.000000e+00
3.170000000000000e-01	7.999995e-01	7.999995e-01	3.508475e-01	3.508475e-01	6.391420e-01	3.170000e-01	8.000000e-01	0.000000e+00	0.000000e+00	3.999998e-29	3.999998e-29	-9.446370e-10	-9.446370e-10	-1.827950e-05	0.000000e+00	0.000000e+00	-2.704646e-05	-9.446365e-10	-9.445443e-10	9.359438e-10	9.446356e-10	4.923672e-06	2.732002e-05	-4.923672e-06	-2.735601e-07	0.000000e+00	0.000000e+00	-0.000000e+00	-0.000000e+00	-4.922727e-06	-2.731907e-05	4.922736e-06	2.726155e-07	9.446370e-10	9.446370e-10	9.836005e-21	-4.691520e-20	1.308037e-05	-1.308226e-05	0.000000e+00
3.180000000000000e-01	7.999995e-01	7.999995e-01	3.508475e-01	3.508475e-01	6.363917e-01	3.180000e-01	8.000000e-01	0.000000e+00	0.000000e+00	3.999998e-29	3.999998e-29	-9.446370e-10	-9.446370e-10	-1.834798e-05	0.000000e+00	0.000000e+00	-2.687032e-05	-9.446365e-10	-9.445470e-10	9.366133e-10	9.446355e-10	4.971495e-06	2.716454e-05	-4.971495e-06	-2.942251e-07	0.000000e+00	0.000000e+00	-0.000000e+00	-0.000000e+00	-4.970550e-06	-2.716360e-05	4.970558e-06	2.932804e-07	9.446370e-10	9.446370e-10	-1.388092e-20	2.774984e-19	1.308037e-05	-1.308226e-05	0.000000e+00
3.190000000000000e-01	7.999995e-01	7.999995e-01	3.508475e-01	3.508475e-01	6.335781e-01	3.190000e-01	8.000000e-01	0.000000e+00	0.000000e+00	3.999998e-29	3.999998e-29	-9.446370e-10	-9.446370e-10	-1.841792e-05	0.000000e+00	0.000000e+00	-2.668657e-05	-9.446365e-10	-9.445495e-10	9.372451e-10	9.446355e-10	5.019506e-06	2.700272e-05	-5.019506e-06	-3.161459e-07	0.000000e+00	0.000000e+00	-0.000000e+00	-0.000000e+00	-5.018562e-06	-2.700177e-05	5.018569e-06	3.152013e-07	9.446370e-10	9.446370e-10	-7.104654e-21	-4.691520e-20	1.308037e-05	-1.308226e-05	0.000000e+00
3.200000000000000e-01	7.999995e-01	7.999995e-01	3.508475e-01	3.508475e-01	6.306980e-01	3.200000e-01	8.000000e-01	0.000000e+00	0.000000e+00	3.999998e-29	3.999998e-29	-9.446370e-10	-9.446370e-10	-1.848937e-05	0.000000e+00	0.000000e+00	-2.649487e-05	-9.446364e-10	-9.445520e-10	9.378401e-10	9.446355e-10	5.067703e-06	2.683427e-05	-5.067703e-06	-3.394007e-07	0.000000e+00	0.000000e+00	-0.000000e+00	-0.000000e+00	-5.066759e-06	-2.683333e-05	5.066765e-06	3.384560e-07	9.446370e-10	9.446370e-10	9.836005e-21	-4.691520e-20	1.308037e-05	-1.308226e-05	0.000000e+00
3.210000000000000e-01	7.999995e-01	7.999995e-01	3.508475e-01	3.508475e-01	6.277483e-01	3.210000e-01	8.000000e-01	0.000000e+00	0.000000e+00	3.999998e-29	3.999998e-29	-9.446370e-10	-9.446370e-10	-1.856242e-05	0.000000e+00	0.000000e+00	-2.629483e-05	-9.446364e-10	-9.445544e-10	9.383999e-10	9.446355e-10	5.116083e-06	2.665891e-05	-5.116083e-06	-3.640741e-07	0.000000e+00	0.000000e+00	-0.000000e+00	-0.000000e+00	-5.115139e-06	-2.665796e-05	5.115145e-06	3.631295e-07	9.446370e-10	9.446370e-10	-7.104654e-21	-4.691520e-20	1.308037e-05	-1.308226e-05	0.000000e+00
3.220000000000000e-01	7.999995e-01	7.999995e-01	3.508475e-01	3.508475e-01	6.247254e-01	3.220000e-01	8.000000e-01	0.000000e+00	0.000000e+00	3.999998e-29	3.999998e-29	-9.446370e-10	-9.446370e-10	-1.863717e-05	0.000000e+00	0.000000e+00	-2.608604e-05	-9.446364e-10	-9.445568e-10	9.389259e-10	9.446355e-10	5.164643e-06	2.647630e-05	-5.164643e-06	-3.902589e-07	0.000000e+00	0.000000e+00	-0.000000e+00	-0.000000e+00	-5.163699e-06	-2.647536e-05	5.163704e-06	3.893143e-07	9.446370e-10	9.446370e-10	-1.175424e-21	-4.691520e-20	1.308037e-05	-1.308226e-05	0.000000e+00
3.230000000000000e-01	7.999995e-01	7.999995e-01	3.508475e-01	3.508475e-01	6.216254e-01	3.230000e-01	8.000000e-01	0.000000e+00	0.000000e+00	3.999998e-29	3.999998e-29	-9.446370e-10	-9.446370e-10	-1.871370e-05	0.000000e+00	0.000000e+00	-2.586805e-05	-9.446364e-10	-9.445591e-10	9.394192e-10	9.446354e-10	5.213381e-06	2.628611e-05	-5.213381e-06	-4.180563e-07	0.000000e+00	0.000000e+00	-0.000000e+00	-0.000000e+00	-5.212436e-06	-2.628516e-05	5.212441e-06	4.171117e-07	9.446370e-10	9.446370e-10	-1.175424e-21	-4.691520e-20	1.308037e-05	-1.308226e-05	0.000000e+00
3.240000000000000e-01	7.999995e-01	7.999995e-01	3.508475e-01	3.508475e-01	6.184441e-01	3.240000e-01	8.000000e-01	0.000000e+00	0.000000e+00	3.999998e-29	3.999998e-29	-9.446370e-10	-9.446370e-10	-1.879213e-05	0.000000e+00	0.000000e+00	-2.564036e-05	-9.446364e-10	-9.445613e-10	9.398812e-10	9.446354e-10	5.262292e-06	2.608794e-05	-5.262291e-06	-4.475777e-07	0.000000e+00	0.000000e+00	-0.000000e+00	-0.000000e+00	-5.261347e-06	-2.608700e-05	5.261351e-06	4.466330e-07	9.446370e-10	9.446370e-10	9.836005e-21	-4.691520e-20	1.308037e-05	-1.308226e-05	0.000000e+00
3.250000000000000e-01	7.999995e-01	7.999995e-01	3.508475e-01	3.508475e-01	6.151768e-01	3.250000e-01	8.000000e-01	0.000000e+00	0.000000e+00	3.999998e-29	3.999998e-29	-9.446370e-10	-9.446370e-10	-1.887258e-05	0.000000e+00	0.000000e+00	-2.540244e-05	-9.446364e-10	-9.445634e-10	9.403130e-10	9.446354e-10	5.311372e-06	2.588139e-05	-5.311372e-06	-4.789454e-07	0.000000e+00	0.000000e+00	-0.000000e+00	-0.000000e+00	-5.310428e-06	-2.588044e-05	5.310432e-06	4.780007e-07	9.446370e-10	9.446370e-10	-1.388092e-20	2.774984e-19	1.308037e-05	-1.308226e-05	0.000000e+00
3.260000000000000e-01	7.999995e-01	7.999995e-01	3.508475e-01	3.508475e-01	6.118184e-01	3.260000e-01	8.000000e-01	0.000000e+00	0.000000e+00	3.999998e-29	3.999998e-29	-9.446370e-10	-9.446370e-10	-1.895518e-05	0.000000e+00	0.000000e+00	-2.515369e-05	-9.446364e-10	-9.445655e-10	9.407162e-10	9.446354e-10	5.360619e-06	2.566598e-05	-5.360619e-06	-5.122951e-07	0.000000e+00	0.000000e+00	-0.000000e+00	-0.000000e+00	-5.359675e-06	-2.566504e-05	5.359678e-06	5.113504e-07	9.446370e-10	9.446370e-10	-7.104654e-21	-4.691520e-20	1.308037e-05	-1.308226e-05	0.000000e+00
3.270000000000000e-01	7.999995e-01	7.999995e-01	3.508475e-01	3.508475e-01	6.083633e-01	3.270000e-01	8.000000e-01	0.000000e+00	0.000000e+00	3.999998e-29	3.999998e-29	-9.446370e-10	-9.446370e-10	-1.904007e-05	0.000000e+00	0.000000e+00	-2.489345e-05	-9.446364e-10	-9.445675e-10	9.410916e-10	9.446353e-10	5.410027e-06	2.544122e-05	-5.410027e-06	-5.477773e-07	0.000000e+00	0.000000e+00	-0.000000e+00	-0.000000e+00	-5.409083e-06	-2.544028e-05	5.409086e-06	5.468327e-07	9.446370e-10	9.446370e-10	7.294906e-21	2.774984e-19	1.308037e-05	-1.308226e-05	0.000000e+00
3.280000000000000e-01	7.999995e-01	7.999995e-01	3.508475e-01	3.508475e-01	6.048051e-01	3.280000e-01	8.000000e-01	0.000000e+00	0.000000e+00	3.999998e-29	3.999998e-29	-9.446370e-10	-9.446370e-10	-1.912741e-05	0.000000e+00	0.000000e+00	-2.462100e-05	-9.446364e-10	-9.445695e-10	9.414408e-10	9.446353e-10	5.459592e-06	2.520656e-05	-5.459592e-06	-5.855593e-07	0.000000e+00	0.000000e+00	-0.000000e+00	-0.000000e+00	-5.458648e-06	-2.520561e-05	5.458651e-06	5.846147e-07	9.446370e-10	9.446370e-10	-1.175424e-21	-4.691520e-20	1.308037e-05	-1.308226e-05	0.000000e+00
3.290000000000000e-01	7.999995e-01	7.999995e-01	3.508475e-01	3.508475e-01	6.011369e-01	3.290000e-01	8.000000e-01	0.000000e+00	0.000000e+00	3.999998e-29	3.999998e-29	-9.446370e-10	-9.446370e-10	-1.921740e-05	0.000000e+00	0.000000e+00	-2.433552e-05	-9.446364e-10	-9.445714e-10	9.417648e-10	9.446353e-10	5.509308e-06	2.496135e-05	-5.509308e-06	-6.258290e-07	0.000000e+00	0.000000e+00	-0.000000e+00	-0.000000e+00	-5.508363e-06	-2.496041e-05	5.508366e-06	6.248844e-07	9.446370e-10	9.446370e-10	7.294906e-21	2.774984e-19	1.308037e-05	-1.308226e-05	0.000000e+00
3.300000000000000e-01	7.999995e-01	7.999995e-01	3.508475e-01	3.508475e-01	5.973507e-01	3.300000e-01	8.000000e-01	0.000000e+00	0.000000e+00	3.999998e-29	3.999998e-29	-9.446370e-10	-9.446370e-10	-1.931023e-05	0.000000e+00	0.000000e+00	-2.403612e-05	-9.446364e-10	-9.445733e-10	9.420648e-10	9.446353e-10	5.559169e-06	2.470492e-05	-5.559169e-06	-6.687978e-07	0.000000e+00	0.000000e+00	-0.000000e+00	-0.000000e+00	-5.558225e-06	-2.470397e-05	5.558227e-06	6.678531e-07	9.446370e-10	9.446370e-10	-1.175424e-21	-4.691520e-20	1.308037e-05	-1.308226e-05	0.000000e+00
3.310000000000000e-01	7.999995e-01	7.999995e-01	3.508475e-01	3.508475e-01	5.934377e-01	3.310000e-01	8.000000e-01	0.000000e+00	0.000000e+00	3.999998e-29	3.999998e-29	-9.446370e-10	-9.446370e-10	-1.940614e-05	0.000000e+00	0.000000e+00	-2.372177e-05	-9.446364e-10	-9.445751e-10	9.423420e-10	9.446351e-10	5.609169e-06	2.443647e-05	-5.609169e-06	-7.147045e-07	0.000000e+00	0.000000e+00	-0.000000e+00	-0.000000e+00	-5.608224e-06	-2.443553e-05	5.608227e-06	7.137599e-07	9.446370e-10	9.446370e-10	7.294906e-21	2.774984e-19	1.308037e-05	-1.308226e-05	0.000000e+00
3.320000000000000e-01	7.999995e-01	7.999995e-01	3.508475e-01	3.508475e-01	5.893879e-01	3.320000e-01	8.000000e-01	0.000000e+00	0.000000e+00	3.999998e-29	3.999998e-29	-9.446370e-10	-9.446370e-10	-1.950539e-05	0.000000e+00	0.000000e+00	-2.339131e-05	-9.446364e-10	-9.445769e-10	9.425973e-10	9.446351e-10	5.659300e-06	2.415513e-05	-5.659300e-06	-7.638216e-07	0.000000e+00	0.000000e+00	-0.000000e+00	-0.000000e+00	-5.658355e-06	-2.415418e-05	5.658357e-06	7.628770e-07	9.446370e-10	9.446370e-10	-1.175424e-21	-4.691520e-20	1.308037e-05	-1.308226e-05	0.000000e+00
3.330000000000000e-01	7.999995e-01	7.999995e-01	3.508475e-01	3.508475e-01	5.851896e-01	3.330000e-01	8.000000e-01	0.000000e+00	0.000000e+00	3.999998e-29	3.999998e-29	-9.446370e-10	-9.446370e-10	-1.960828e-05	0.000000e+00	0.000000e+00	-2.304341e-05	-9.446364e-10	-9.445785e-10	9.428321e-10	9.446351e-10	5.709553e-06	2.385988e-05	-5.709553e-06	-8.164612e-07	0.000000e+00	0.000000e+00	-0.000000e+00	-0.000000e+00	-5.708608e-06	-2.385893e-05	5.708610e-06	8.155166e-07	9.446370e-10	9.446370e-10	7.294906e-21	2.774984e-19	1.308037e-05	-1.308226e-05	0.000000e+00
3.340000000000000e-01	7.999995e-01	7.999995e-01	3.508475e-01	3.508475e-01	5.808297e-01	3.340000e-01	8.000000e-01	0.000000e+00	0.000000e+00	3.999998e-29	3.999998e-29	-9.446370e-10	-9.446370e-10	-1.971517e-05	0.000000e+00	0.000000e+00	-2.267658e-05	-9.446364e-10	-9.445802e-10	9.430474e-10	9.446350e-10	5.759919e-06	2.354956e-05	-5.759919e-06	-8.729838e-07	0.000000e+00	0.000000e+00	-0.000000e+00	-0.000000e+00	-5.758974e-06	-2.354862e-05	5.758976e-06	8.720392e-07	9.446370e-10	9.446370e-10	-1.175424e-21	-4.691520e-20	1.308037e-05	-1.308226e-05	0.000000e+00
3.350000000000000e-01	7.999995e-01	7.999995e-01	3.508475e-01	3.508475e-01	5.762929e-01	3.350000e-01	8.000000e-01	0.000000e+00	0.000000e+00	3.999998e-29	3.999998e-29	-9.446370e-10	-9.446370e-10	-1.982646e-05	0.000000e+00	0.000000e+00	-2.228904e-05	-9.446364e-10	-9.445819e-10	9.432441e-10	9.446350e-10	5.810386e-06	2.322284e-05	-5.810386e-06	-9.338093e-07	0.000000e+00	0.000000e+00	-0.000000e+00	-0.000000e+00	-5.809442e-06	-2.322190e-05	5.809443e-06	9.328647e-07	9.446370e-10	9.446370e-10	7.294906e-21	2.774984e-19	1.308037e-05	-1.308226e-05	0.000000e+00
3.360000000000000e-01	7.999995e-01	7.999995e-01	3.508475e-01	3.508475e-01	5.715609e-01	3.360000e-01	8.000000e-01	0.000000e+00	0.000000e+00	3.999998e-29	3.999998e-29	-9.446370e-10	-9.446370e-10	-1.994264e-05	0.000000e+00	0.000000e+00	-2.187873e-05	-9.446364e-10	-9.445834e-10	9.434236e-10	9.446350e-10	5.860943e-06	2.287816e-05	-5.860943e-06	-9.994318e-07	0.000000e+00	0.000000e+00	-0.000000e+00	-0.000000e+00	-5.859998e-06	-2.287722e-05	5.859999e-06	9.984872e-07	9.446370e-10	9.446370e-10	-1.175424e-21	-4.691520e-20	1.308037e-05	-1.308226e-05	0.000000e+00
3.370000000000000e-01	7.999995e-01	7.999995e-01	3.508475e-01	3.508475e-01	5.666126e-01	3.370000e-01	8.000000e-01	0.000000e+00	0.000000e+00	3.999998e-29	3.999998e-29	-9.446370e-10	-9.446370e-10	-2.006427e-05	0.000000e+00	0.000000e+00	-2.144323e-05	-9.446363e-10	-9.445849e-10	9.435863e-10	9.446349e-10	5.911572e-06	2.251367e-05	-5.911572e-06	-1.070438e-06	0.000000e+00	0.000000e+00	-0.000000e+00	-0.000000e+00	-5.910628e-06	-2.251272e-05	5.910629e-06	1.069494e-06	9.446370e-10	9.446370e-10	7.294906e-21	2.774984e-19	1.308037e-05	-1.308226e-05	0.000000e+00
3.380000000000000e-01	7.999995e-01	7.999995e-01	3.508475e-01	3.508475e-01	5.614223e-01	3.380000e-01	8.000000e-01	0.000000e+00	0.000000e+00	3.999998e-29	3.999998e-29	-9.446370e-10	-9.446370e-10	-2.019206e-05	0.000000e+00	0.000000e+00	-2.097961e-05	-9.446363e-10	-9.445864e-10	9.437338e-10	9.446349e-10	5.962258e-06	2.212715e-05	-5.962258e-06	-1.147536e-06	0.000000e+00	0.000000e+00	-0.000000e+00	-0.000000e+00	-5.961313e-06	-2.212620e-05	5.961313e-06	1.146591e-06	9.446370e-10	9.446370e-10	-1.175424e-21	-4.691520e-20	1.308037e-05	-1.308226e-05	0.000000e+00
3.390000000000000e-01	7.999995e-01	7.999995e-01	3.508475e-01	3.508475e-01	5.559587e-01	3.390000e-01	8.000000e-01	0.000000e+00	0.000000e+00	3.999998e-29	3.999998e-29	-9.446370e-10	-9.446370e-10	-2.032683e-05	0.000000e+00	0.000000e+00	-2.048433e-05	-9.446363e-10	-9.445879e-10	9.438665e-10	9.446349e-10	6.012976e-06	2.171592e-05	-6.012976e-06	-1.231588e-06	0.000000e+00	0.000000e+00	-0.000000e+00	-0.000000e+00	-6.012031e-06	-2.171498e-05	6.012032e-06	1.230644e-06	9.446370e-10	9.446370e-10	7.294906e-21	2.774984e-19	1.308037e-05	-1.308226e-05	0.000000e+00
3.400000000000000e-01	7.999995e-01	7.999995e-01	3.508475e-01	3.508475e-01	5.501834e-01	3.400000e-01	8.000000e-01	0.000000e+00	0.000000e+00	3.999998e-29	3.999998e-29	-9.446370e-10	-9.446370e-10	-2.046963e-05	0.000000e+00	0.000000e+00	-1.995301e-05	-9.446363e-10	-9.445892e-10	9.439858e-10	9.446348e-10	6.063702e-06	2.127668e-05	-6.063702e-06	-1.323667e-06	0.000000e+00	0.000000e+00	-0.000000e+00	-0.000000e+00	-6.062757e-06	-2.127573e-05	6.062758e-06	1.322722e-06	9.446370e-10	9.446370e-10	-1.175424e-21	-4.691520e-20	1.308037e-05	-1.308226e-05	0.000000e+00
3.410000000000000e-01	7.999995e-01	7.999995e-01	3.508475e-01	3.508475e-01	5.440475e-01	3.410000e-01	8.000000e-01	0.000000e+00	0.000000e+00	3.999998e-29	3.999998e-29	-9.446370e-10	-9.446370e-10	-2.062180e-05	0.000000e+00	0.000000e+00	-1.938012e-05	-9.446363e-10	-9.445905e-10	9.440922e-10	9.446348e-10	6.114401e-06	2.080525e-05	-6.114401e-06	-1.425132e-06	0.000000e+00	0.000000e+00	-0.000000e+00	-0.000000e+00	-6.113456e-06	-2.080430e-05	6.113456e-06	1.424187e-06	9.446370e-10	9.446370e-10	7.294906e-21	2.774984e-19	1.308037e-05	-1.308226e-05	0.000000e+00
3.420000000000000e-01	7.999995e-01	7.999995e-01	3.508475e-01	3.508475e-01	5.374880e-01	3.420000e-01	8.000000e-01	0.000000e+00	0.000000e+00	3.999998e-29	3.999998e-29	-9.446370e-10	-9.446370e-10	-2.078504e-05	0.000000e+00	0.000000e+00	-1.875850e-05	-9.446361e-10	-9.445918e-10	9.441870e-10	9.446347e-10	6.165030e-06	2.029625e-05	-6.165030e-06	-1.537749e-06	0.000000e+00	0.000000e+00	-0.000000e+00	-0.000000e+00	-6.164085e-06	-2.029531e-05	6.164085e-06	1.536804e-06	9.446370e-10	9.446370e-10	-1.175424e-21	-4.691520e-20	1.308037e-05	-1.308226e-05	0.000000e+00
3.430000000000000e-01	7.999995e-01	7.999995e-01	3.508475e-01	3.508475e-01	5.304205e-01	3.430000e-01	8.000000e-01	0.000000e+00	0.000000e+00	3.999998e-29	3.999998e-29	-9.446370e-10	-9.446370e-10	-2.096168e-05	0.000000e+00	0.000000e+00	-1.807865e-05	-9.446361e-10	-9.445932e-10	9.442706e-10	9.446347e-10	6.215533e-06	1.974253e-05	-6.215533e-06	-1.663880e-06	0.000000e+00	0.000000e+00	-0.000000e+00	-0.000000e+00	-6.214588e-06	-1.974158e-05	6.214588e-06	1.662936e-06	9.446370e-10	9.446370e-10	7.294906e-21	2.774984e-19	1.308037e-05	-1.308226e-05	0.000000e+00
3.440000000000000e-01	7.999995e-01	7.999995e-01	3.508475e-01	3.508475e-01	5.227283e-01	3.440000e-01	8.000000e-01	0.000000e+00	0.000000e+00	3.999998e-29	3.999998e-29	-9.446370e-10	-9.446370e-10	-2.115491e-05	0.000000e+00	0.000000e+00	-1.732737e-05	-9.446361e-10	-9.445944e-10	9.443439e-10	9.446347e-10	6.265831e-06	1.913418e-05	-6.265831e-06	-1.806814e-06	0.000000e+00	0.000000e+00	-0.000000e+00	-0.000000e+00	-6.264887e-06	-1.913324e-05	6.264887e-06	1.805870e-06	9.446370e-10	9.446370e-10	-1.175424e-21	-4.691520e-20	1.308037e-05	-1.308226e-05	0.000000e+00
3.450000000000000e-01	7.999995e-01	7.999995e-01	3.508475e-01	3.508475e-01	5.142411e-01	3.450000e-01	8.000000e-01	0.000000e+00	0.000000e+00	3.999998e-29	3.999998e-29	-9.446370e-10	-9.446370e-10	-2.136944e-05	0.000000e+00	0.000000e+00	-1.648548e-05	-9.446360e-10	-9.445956e-10	9.444080e-10	9.446346e-10	6.315814e-06	1.845684e-05	-6.315814e-06	-1.971360e-06	0.000000e+00	0.000000e+00	-0.000000e+00	-0.000000e+00	-6.314869e-06	-1.845590e-05	6.314869e-06	1.970415e-06	9.446370e-10	9.446370e-10	7.294906e-21	2.774984e-19	1.308037e-05	-1.308226e-05	0.000000e+00
3.460000000000000e-01	7.999995e-01	7.999995e-01	3.508475e-01	3.508475e-01	5.046929e-01	3.460000e-01	8.000000e-01	0.000000e+00	0.000000e+00	3.999998e-29	3.999998e-29	-9.446370e-10	-9.446370e-10	-2.161262e-05	0.000000e+00	0.000000e+00	-1.552305e-05	-9.446359e-10	-9.445967e-10	9.444634e-10	9.446346e-10	6.365305e-06	1.768810e-05	-6.365305e-06	-2.165055e-06	0.000000e+00	0.000000e+00	-0.000000e+00	-0.000000e+00	-6.364360e-06	-1.768716e-05	6.364360e-06	2.164110e-06	9.446370e-10	9.446370e-10	-1.175424e-21	-4.691520e-20	1.308037e-05	-1.308226e-05	0.000000e+00
3.470000000000000e-01	7.999995e-01	7.999995e-01	3.508475e-01	3.508475e-01	4.936236e-01	3.470000e-01	8.000000e-01	0.000000e+00	0.000000e+00	3.999998e-29	3.999998e-29	-9.446370e-10	-9.446370e-10	-2.189725e-05	0.000000e+00	0.000000e+00	-1.438835e-05	-9.446358e-10	-9.445978e-10	9.445110e-10	9.446345e-10	6.414006e-06	1.678933e-05	-6.414006e-06	-2.400984e-06	0.000000e+00	0.000000e+00	-0.000000e+00	-0.000000e+00	-6.413062e-06	-1.678839e-05	6.413062e-06	2.400040e-06	9.446370e-10	9.446370e-10	7.294906e-21	2.774984e-19	1.308037e-05	-1.308226e-05	0.000000e+00
3.480000000000000e-01	7.999995e-01	7.999995e-01	3.508475e-01	3.508475e-01	4.800922e-01	3.480000e-01	8.000000e-01	0.000000e+00	0.000000e+00	3.999998e-29	3.999998e-29	-9.446370e-10	-9.446370e-10	-2.224957e-05	0.000000e+00	0.000000e+00	-1.297579e-05	-9.446355e-10	-9.445990e-10	9.445518e-10	9.446345e-10	6.461313e-06	1.568179e-05	-6.461313e-06	-2.705991e-06	0.000000e+00	0.000000e+00	-0.000000e+00	-0.000000e+00	-6.460369e-06	-1.568084e-05	6.460369e-06	2.705046e-06	9.446370e-10	9.446370e-10	9.836005e-21	-4.691520e-20	1.308037e-05	-1.308226e-05	0.000000e+00
3.490000000000000e-01	7.999995e-01	7.999995e-01	3.508475e-01	3.508475e-01	4.613877e-01	3.490000e-01	8.000000e-01	0.000000e+00	0.000000e+00	3.999998e-29	3.999998e-29	-9.446370e-10	-9.446370e-10	-2.274546e-05	0.000000e+00	0.000000e+00	-1.098320e-05	-9.446349e-10	-9.446001e-10	9.445873e-10	9.446344e-10	6.505500e-06	1.414089e-05	-6.505500e-06	-3.157697e-06	0.000000e+00	0.000000e+00	-0.000000e+00	-0.000000e+00	-6.504556e-06	-1.413995e-05	6.504556e-06	3.156752e-06	9.446370e-10	9.446370e-10	7.294906e-21	2.774984e-19	1.308037e-05	-1.308226e-05	0.000000e+00
3.500000000000000e-01	7.999995e-01	7.999995e-01	3.508475e-01	3.508475e-01	4.135109e-01	3.500000e-01	8.000000e-01	0.000000e+00	0.000000e+00	3.999998e-29	3.999998e-29	-9.446370e-10	-9.446370e-10	-2.408683e-05	0.000000e+00	0.000000e+00	-6.020224e-06	-9.446307e-10	-9.446011e-10	9.446240e-10	9.446344e-10	6.531433e-06	1.049336e-05	-6.531433e-06	-4.473137e-06	0.000000e+00	0.000000e+00	-0.000000e+00	-0.000000e+00	-6.530488e-06	-1.049242e-05	6.530488e-06	4.472192e-06	9.446370e-10	9.446370e-10	3.906774e-21	2.774984e-19	1.308037e-05	-1.308226e-05	0.000000e+00
3.510000000000000e-01	7.999995e-01	7.999995e-01	3.508475e-01	3.508475e-01	3.404659e-01	3.510000e-01	8.000000e-01	0.000000e+00	0.000000e+00	3.999998e-29	3.999998e-29	-9.446370e-10	-9.446370e-10	-2.654385e-05	0.000000e+00	0.000000e+00	9.464069e-07	-9.445899e-10	-9.446021e-10	9.446348e-10	9.446343e-10	6.541171e-06	5.974010e-06	-6.541171e-06	-6.920417e-06	0.000000e+00	0.000000e+00	-0.000000e+00	-0.000000e+00	-6.540227e-06	-5.973066e-06	6.540227e-06	6.919473e-06	9.446370e-10	9.446370e-10	7.294906e-21	2.774984e-19	1.308037e-05	-1.308226e-05	0.000000e+00
3.520000000000000e-01	7.999995e-01	7.999995e-01	3.508475e-01	3.508475e-01	2.675359e-01	3.520000e-01	8.000000e-01	0.000000e+00	0.000000e+00	3.999998e-29	3.999998e-29	-9.446370e-10	-9.446370e-10	-2.952693e-05	0.000000e+00	0.000000e+00	7.170966e-06	-9.442481e-10	-9.446031e-10	9.446361e-10	9.446343e-10	6.550434e-06	2.723270e-06	-6.550434e-06	-9.894236e-06	0.000000e+00	0.000000e+00	-0.000000e+00	-0.000000e+00	-6.549490e-06	-2.722326e-06	6.549489e-06	9.893291e-06	9.446370e-10	9.446370e-10	-7.104654e-21	-4.691520e-20	1.308037e-05	-1.308226e-05	0.000000e+00
3.530000000000000e-01	7.999995e-01	7.999995e-01	3.508475e-01	3.508475e-01	2.203623e-01	3.530000e-01	8.000000e-01	0.000000e+00	0.000000e+00	3.999998e-29	3.999998e-29	-9.446370e-10	-9.446370e-10	-3.162157e-05	0.000000e+00	0.000000e+00	1.070378e-05	-9.431017e-10	-9.446041e-10	9.446364e-10	9.446341e-10	6.543367e-06	1.292155e-06	-6.543367e-06	-1.199594e-05	0.000000e+00	0.000000e+00	-0.000000e+00	-0.000000e+00	-6.542424e-06	-1.291210e-06	6.542422e-06	1.199499e-05	9.446370e-10	9.446370e-10	7.294906e-21	2.774984e-19	1.308037e-05	-1.308226e-05	0.000000e+00
3.540000000000000e-01	7.999995e-01	7.999995e-01	3.508475e-01	3.508475e-01	2.075787e-01	3.540000e-01	8.000000e-01	0.000000e+00	0.000000e+00	3.999998e-29	3.999998e-29	-9.446370e-10	-9.446370e-10	-3.215589e-05	0.000000e+00	0.000000e+00	1.156344e-05	-9.424089e-10	-9.446049e-10	9.446364e-10	9.446341e-10	6.514928e-06	9.952565e-07	-6.514928e-06	-1.255870e-05	0.000000e+00	0.000000e+00	-0.000000e+00	-0.000000e+00	-6.513985e-06	-9.943119e-07	6.513983e-06	1.255775e-05	9.446370e-10	9.446370e-10	7.294906e-21	2.774984e-19	1.308037e-05	-1.308226e-05	0.000000e+00
3.550000000000000e-01	7.999995e-01	7.999995e-01	3.508475e-01	3.508475e-01	1.987668e-01	3.550000e-01	8.000000e-01	0.000000e+00	0.000000e+00	3.999998e-29	3.999998e-29	-9.446370e-10	-9.446370e-10	-3.250882e-05	0.000000e+00	0.000000e+00	1.212932e-05	-9.417568e-10	-9.446058e-10	9.446364e-10	9.446340e-10	6.484073e-06	8.131618e-07	-6.484073e-06	-1.294248e-05	0.000000e+00	0.000000e+00	-0.000000e+00	-0.000000e+00	-6.483132e-06	-8.122171e-07	6.483129e-06	1.294154e-05	9.446370e-10	9.446370e-10	3.906774e-21	2.774984e-19	1.308037e-05	-1.308226e-05	0.000000e+00
3.560000000000000e-01	7.999995e-01	7.999995e-01	3.508475e-01	3.508475e-01	1.917038e-01	3.560000e-01	8.000000e-01	0.000000e+00	0.000000e+00	3.999998e-29	3.999998e-29	-9.446370e-10	-9.446370e-10	-3.278139e-05	0.000000e+00	0.000000e+00	1.256644e-05	-9.410986e-10	-9.446067e-10	9.446364e-10	9.446339e-10	6.452196e-06	6.804941e-07	-6.452196e-06	-1.324693e-05	0.000000e+00	0.000000e+00	-0.000000e+00	-0.000000e+00	-6.451255e-06	-6.795495e-07	6.451251e-06	1.324599e-05	9.446370e-10	9.446370e-10	7.294906e-21	2.774984e-19	1.308037e-05	-1.308226e-05	0.000000e+00
3.570000000000000e-01	7.999995e-01	7.999995e-01	3.508475e-01	3.508475e-01	1.856893e-01	3.570000e-01	8.000000e-01	0.000000e+00	0.000000e+00	3.999998e-29	3.999998e-29	-9.446370e-10	-9.446370e-10	-3.300551e-05	0.000000e+00	0.000000e+00	1.292667e-05	-9.404209e-10	-9.446075e-10	9.446364e-10	9.446339e-10	6.419738e-06	5.768406e-07	-6.419738e-06	-1.350351e-05	0.000000e+00	0.000000e+00	-0.000000e+00	-0.000000e+00	-6.418798e-06	-5.758960e-07	6.418794e-06	1.350256e-05	9.446370e-10	9.446370e-10	3.906774e-21	2.774984e-19	1.308037e-05	-1.308226e-05	0.000000e+00
3.580000000000000e-01	7.999995e-01	7.999995e-01	3.508475e-01	3.508475e-01	1.803936e-01	3.580000e-01	8.000000e-01	0.000000e+00	0.000000e+00	3.999998e-29	3.999998e-29	-9.446370e-10	-9.446370e-10	-3.319624e-05	0.000000e+00	0.000000e+00	1.323440e-05	-9.397173e-10	-9.446084e-10	9.446364e-10	9.446338e-10	6.386909e-06	4.926704e-07	-6.386909e-06	-1.372707e-05	0.000000e+00	0.000000e+00	-0.000000e+00	-0.000000e+00	-6.385969e-06	-4.917258e-07	6.385964e-06	1.372613e-05	9.446370e-10	9.446370e-10	7.294906e-21	2.774984e-19	1.308037e-05	-1.308226e-05	0.000000e+00
3.590000000000000e-01	7.999995e-01	7.999995e-01	3.508475e-01	3.508475e-01	1.756302e-01	3.590000e-01	8.000000e-01	0.000000e+00	0.000000e+00	3.999998e-29	3.999998e-29	-9.446370e-10	-9.446370e-10	-3.336213e-05	0.000000e+00	0.000000e+00	1.350340e-05	-9.389848e-10	-9.446092e-10	9.446364e-10	9.446338e-10	6.353826e-06	4.226362e-07	-6.353826e-06	-1.392604e-05	0.000000e+00	0.000000e+00	-0.000000e+00	-0.000000e+00	-6.352887e-06	-4.216917e-07	6.352881e-06	1.392509e-05	9.446370e-10	9.446370e-10	3.906774e-21	2.774984e-19	1.308037e-05	-1.308226e-05	0.000000e+00
3.600000000000000e-01	7.999995e-01	7.999995e-01	3.508475e-01	3.508475e-01	1.712814e-01	3.600000e-01	8.000000e-01	0.000000e+00	0.000000e+00	3.999998e-29	3.999998e-29	-9.446370e-10	-9.446370e-10	-3.350857e-05	0.000000e+00	0.000000e+00	1.374235e-05	-9.382211e-10	-9.446099e-10	9.446364e-10	9.446337e-10	6.320566e-06	3.633916e-07	-6.320566e-06	-1.410574e-05	0.000000e+00	0.000000e+00	-0.000000e+00	-0.000000e+00	-6.319628e-06	-3.624470e-07	6.319622e-06	1.410480e-05	9.446370e-10	9.446370e-10	7.294906e-21	2.774984e-19	1.308037e-05	-1.308226e-05	0.000000e+00
3.610000000000000e-01	7.999995e-01	7.999995e-01	3.508475e-01	3.508475e-01	1.672673e-01	3.610000e-01	8.000000e-01	0.000000e+00	0.000000e+00	3.999998e-29	3.999998e-29	-9.446370e-10	-9.446370e-10	-3.363924e-05	0.000000e+00	0.000000e+00	1.395712e-05	-9.374249e-10	-9.446107e-10	9.446365e-10	9.446336e-10	6.287180e-06	3.126830e-07	-6.287180e-06	-1.426980e-05	0.000000e+00	0.000000e+00	-0.000000e+00	-0.000000e+00	-6.286243e-06	-3.117384e-07	6.286236e-06	1.426886e-05	9.446370e-10	9.446370e-10	3.906774e-21	2.774984e-19	1.308037e-05	-1.308226e-05	0.000000e+00
3.620000000000000e-01	7.999995e-01	7.999995e-01	3.508475e-01	3.508475e-01	1.635308e-01	3.620000e-01	8.000000e-01	0.000000e+00	0.000000e+00	3.999998e-29	3.999998e-29	-9.446370e-10	-9.446370e-10	-3.375678e-05	0.000000e+00	0.000000e+00	1.415190e-05	-9.365952e-10	-9.446114e-10	9.446365e-10	9.446336e-10	6.253706e-06	2.689107e-07	-6.253706e-06	-1.442082e-05	0.000000e+00	0.000000e+00	-0.000000e+00	-0.000000e+00	-6.252770e-06	-2.679661e-07	6.252762e-06	1.441987e-05	9.446370e-10	9.446370e-10	7.294906e-21	2.774984e-19	1.308037e-05	-1.308226e-05	0.000000e+00
3.630000000000000e-01	7.999995e-01	7.999995e-01	3.508475e-01	3.508475e-01	1.600292e-01	3.630000e-01	8.000000e-01	0.000000e+00	0.000000e+00	3.999998e-29	3.999998e-29	-9.446370e-10	-9.446370e-10	-3.386317e-05	0.000000e+00	0.000000e+00	1.432984e-05	-9.357313e-10	-9.446122e-10	9.446365e-10	9.446335e-10	6.220172e-06	2.308930e-07	-6.220172e-06	-1.456073e-05	0.000000e+00	0.000000e+00	-0.000000e+00	-0.000000e+00	-6.219236e-06	-2.299484e-07	6.219227e-06	1.455979e-05	9.446370e-10	9.446370e-10	3.906774e-21	2.774984e-19	1.308037e-05	-1.308226e-05	0.000000e+00
3.640000000000000e-01	7.999995e-01	7.999995e-01	3.508475e-01	3.508475e-01	1.567298e-01	3.640000e-01	8.000000e-01	0.000000e+00	0.000000e+00	3.999998e-29	3.999998e-29	-9.446370e-10	-9.446370e-10	-3.395990e-05	0.000000e+00	0.000000e+00	1.449331e-05	-9.348324e-10	-9.446128e-10	9.446365e-10	9.446334e-10	6.186597e-06	1.977289e-07	-6.186597e-06	-1.469104e-05	0.000000e+00	0.000000e+00	-0.000000e+00	-0.000000e+00	-6.185662e-06	-1.967843e-07	6.185652e-06	1.469009e-05	9.446370e-10	9.446370e-10	7.294906e-21	2.774984e-19	1.308037e-05	-1.308226e-05	0.000000e+00
3.650000000000000e-01	7.999995e-01	7.999995e-01	3.508475e-01	3.508475e-01	1.536069e-01	3.650000e-01	8.000000e-01	0.000000e+00	0.000000e+00	3.999998e-29	3.999998e-29	-9.446370e-10	-9.446370e-10	-3.404818e-05	0.000000e+00	0.000000e+00	1.464420e-05	-9.338982e-10	-9.446135e-10	9.446365e-10	9.446333e-10	6.153000e-06	1.687142e-07	-6.153000e-06	-1.481292e-05	0.000000e+00	0.000000e+00	-0.000000e+00	-0.000000e+00	-6.152066e-06	-1.677696e-07	6.152055e-06	1.481197e-05	9.446370e-10	9.446370e-10	3.906774e-21	2.774984e-19	1.308037e-05	-1.308226e-05	0.000000e+00
3.660000000000000e-01	7.999995e-01	7.999995e-01	3.508475e-01	3.508475e-01	1.506395e-01	3.660000e-01	8.000000e-01	0.000000e+00	0.000000e+00	3.999998e-29	3.999998e-29	-9.446370e-10	-9.446370e-10	-3.412899e-05	0.000000e+00	0.000000e+00	1.478404e-05	-9.329282e-10	-9.446142e-10	9.446365e-10	9.446331e-10	6.119395e-06	1.432869e-07	-6.119395e-06	-1.492733e-05	0.000000e+00	0.000000e+00	-0.000000e+00	-0.000000e+00	-6.118462e-06	-1.423423e-07	6.118451e-06	1.492638e-05	9.446370e-10	9.446370e-10	7.294906e-21	2.774984e-19	1.308037e-05	-1.308226e-05	0.000000e+00
3.670000000000000e-01	7.999995e-01	7.999995e-01	3.508475e-01	3.508475e-01	1.478109e-01	3.670000e-01	8.000000e-01	0.000000e+00	0.000000e+00	3.999998e-29	3.999998e-29	-9.446370e-10	-9.446370e-10	-3.420310e-05	0.000000e+00	0.000000e+00	1.491405e-05	-9.319221e-10	-9.446148e-10	9.446365e-10	9.446331e-10	6.085792e-06	1.209905e-07	-6.085792e-06	-1.503504e-05	0.000000e+00	0.000000e+00	-0.000000e+00	-0.000000e+00	-6.084861e-06	-1.200459e-07	6.084848e-06	1.503410e-05	9.446370e-10	9.446370e-10	3.906774e-21	2.774984e-19	1.308037e-05	-1.308226e-05	0.000000e+00
3.680000000000000e-01	7.999995e-01	7.999995e-01	3.508475e-01	3.508475e-01	1.451067e-01	3.680000e-01	8.000000e-01	0.000000e+00	0.000000e+00	3.999998e-29	3.999998e-29	-9.446370e-10	-9.446370e-10	-3.427118e-05	0.000000e+00	0.000000e+00	1.503527e-05	-9.308795e-10	-9.446154e-10	9.446365e-10	9.446330e-10	6.052202e-06	1.014488e-07	-6.052202e-06	-1.513672e-05	0.000000e+00	0.000000e+00	-0.000000e+00	-0.000000e+00	-6.051272e-06	-1.005042e-07	6.051258e-06	1.513577e-05	9.446370e-10	9.446370e-10	7.294906e-21	2.774984e-19	1.308037e-05	-1.308226e-05	0.000000e+00
3.690000000000000e-01	7.999995e-01	7.999995e-01	3.508475e-01	3.508475e-01	1.425152e-01	3.690000e-01	8.000000e-01	0.000000e+00	0.000000e+00	3.999998e-29	3.999998e-29	-9.446370e-10	-9.446370e-10	-3.433380e-05	0.000000e+00	0.000000e+00	1.514856e-05	-9.298001e-10	-9.446161e-10	9.446365e-10	9.446329e-10	6.018633e-06	8.434781e-08	-6.018633e-06	-1.523290e-05	0.000000e+00	0.000000e+00	-0.000000e+00	-0.000000e+00	-6.017703e-06	-8.340319e-08	6.017688e-06	1.523196e-05	9.446370e-10	9.446370e-10	3.906774e-21	2.774984e-19	1.308037e-05	-1.308226e-05	0.000000e+00
3.700000000000000e-01	7.999995e-01	7.999995e-01	3.508475e-01	3.508475e-01	1.400261e-01	3.700000e-01	8.000000e-01	0.000000e+00	0.000000e+00	3.999998e-29	3.999998e-29	-9.446370e-10	-9.446370e-10	-3.439142e-05	0.000000e+00	0.000000e+00	1.525465e-05	-9.286839e-10	-9.446166e-10	9.446365e-10	9.446328e-10	5.985090e-06	6.942239e-08	-5.985090e-06	-1.532407e-05	0.000000e+00	0.000000e+00	-0.000000e+00	-0.000000e+00	-5.984161e-06	-6.847777e-08	5.984145e-06	1.532312e-05	9.446370e-10	9.446370e-10	7.294906e-21	2.774984e-19	1.308037e-05	-1.308226e-05	0.000000e+00
3.710000000000000e-01	7.999995e-01	7.999995e-01	3.508475e-01	3.508475e-01	1.376309e-01	3.710000e-01	8.000000e-01	0.000000e+00	0.000000e+00	3.999998e-29	3.999998e-29	-9.446370e-10	-9.446370e-10	-3.444446e-05	0.000000e+00	0.000000e+00	1.535417e-05	-9.275304e-10	-9.446172e-10	9.446365e-10	9.446327e-10	5.951580e-06	5.644666e-08	-5.951580e-06	-1.541061e-05	0.000000e+00	0.000000e+00	-0.000000e+00	-0.000000e+00	-5.950653e-06	-5.550204e-08	5.950636e-06	1.540967e-05	9.446370e-10	9.446370e-10	3.906774e-21	2.774984e-19	1.308037e-05	-1.308226e-05	0.000000e+00
3.720000000000000e-01	7.999995e-01	7.999995e-01	3.508475e-01	3.508475e-01	1.353219e-01	3.720000e-01	8.000000e-01	0.000000e+00	0.000000e+00	3.999998e-29	3.999998e-29	-9.446370e-10	-9.446370e-10	-3.449326e-05	0.000000e+00	0.000000e+00	1.544766e-05	-9.263396e-10	-9.446177e-10	9.446365e-10	9.446326e-10	5.918109e-06	4.522641e-08	-5.918109e-06	-1.549289e-05	0.000000e+00	0.000000e+00	-0.000000e+00	-0.000000e+00	-5.917183e-06	-4.428179e-08	5.917164e-06	1.549195e-05	9.446370e-10	9.446370e-10	7.294906e-21	2.774984e-19	1.308037e-05	-1.308226e-05	0.000000e+00
3.730000000000000e-01	7.999995e-01	7.999995e-01	3.508475e-01	3.508475e-01	1.330925e-01	3.730000e-01	8.000000e-01	0.000000e+00	0.000000e+00	3.999998e-29	3.999998e-29	-9.446370e-10	-9.446370e-10	-3.453815e-05	0.000000e+00	0.000000e+00	1.553561e-05	-9.251113e-10	-9.446183e-10	9.446365e-10	9.446325e-10	5.884679e-06	3.559334e-08	-5.884680e-06	-1.557121e-05	0.000000e+00	0.000000e+00	-0.000000e+00	-0.000000e+00	-5.883755e-06	-3.464872e-08	5.883736e-06	1.557026e-05	9.446370e-10	9.446370e-10	-7.104654e-21	-4.691520e-20	1.308037e-05	-1.308226e-05	0.000000e+00
3.740000000000000e-01	7.999995e-01	7.999995e-01	3.508475e-01	3.508475e-01	1.309370e-01	3.740000e-01	8.000000e-01	0.000000e+00	0.000000e+00	3.999998e-29	3.999998e-29	-9.446370e-10	-9.446370e-10	-3.457940e-05	0.000000e+00	0.000000e+00	1.561843e-05	-9.238453e-10	-9.446187e-10	9.446365e-10	9.446324e-10	5.851298e-06	2.740095e-08	-5.851299e-06	-1.564584e-05	0.000000e+00	0.000000e+00	-0.000000e+00	-0.000000e+00	-5.850374e-06	-2.645633e-08	5.850354e-06	1.564489e-05	9.446370e-10	9.446370e-10	2.212708e-21	-4.691520e-20	1.308037e-05	-1.308226e-05	0.000000e+00
3.750000000000000e-01	7.999995e-01	7.999995e-01	3.508475e-01	3.508475e-01	1.288503e-01	3.750000e-01	8.000000e-01	0.000000e+00	0.000000e+00	3.999998e-29	3.999998e-29	-9.446370e-10	-9.446370e-10	-3.461724e-05	0.000000e+00	0.000000e+00	1.569649e-05	-9.225416e-10	-9.446193e-10	9.446365e-10	9.446323e-10	5.817967e-06	2.052034e-08	-5.817968e-06	-1.571701e-05	0.000000e+00	0.000000e+00	-0.000000e+00	-0.000000e+00	-5.817044e-06	-1.957572e-08	5.817023e-06	1.571607e-05	9.446370e-10	9.446370e-10	-1.175424e-21	-4.691520e-20	1.308037e-05	-1.308226e-05	0.000000e+00
3.760000000000000e-01	7.999995e-01	7.999995e-01	3.508475e-01	3.508475e-01	1.268277e-01	3.760000e-01	8.000000e-01	0.000000e+00	0.000000e+00	3.999998e-29	3.999998e-29	-9.446370e-10	-9.446370e-10	-3.465191e-05	0.000000e+00	0.000000e+00	1.577012e-05	-9.211999e-10	-9.446197e-10	9.446365e-10	9.446322e-10	5.784690e-06	1.483789e-08	-5.784690e-06	-1.578496e-05	0.000000e+00	0.000000e+00	-0.000000e+00	-0.000000e+00	-5.783768e-06	-1.389327e-08	5.783746e-06	1.578401e-05	9.446370e-10	9.446370e-10	3.906774e-21	2.774984e-19	1.308037e-05	-1.308226e-05	0.000000e+00
3.770000000000000e-01	7.999995e-01	7.999995e-01	3.508475e-01	3.508475e-01	1.248651e-01	3.770000e-01	8.000000e-01	0.000000e+00	0.000000e+00	3.999998e-29	3.999998e-29	-9.446370e-10	-9.446370e-10	-3.468358e-05	0.000000e+00	0.000000e+00	1.583960e-05	-9.198203e-10	-9.446202e-10	9.446365e-10	9.446320e-10	5.751469e-06	1.025279e-08	-5.751469e-06	-1.584985e-05	0.000000e+00	0.000000e+00	-0.000000e+00	-0.000000e+00	-5.750549e-06	-9.308169e-09	5.750524e-06	1.584891e-05	9.446370e-10	9.446370e-10	9.836005e-21	-4.691520e-20	1.308037e-05	-1.308226e-05	0.000000e+00
3.780000000000000e-01	7.999995e-01	7.999995e-01	3.508475e-01	3.508475e-01	1.229590e-01	3.780000e-01	8.000000e-01	0.000000e+00	0.000000e+00	3.999998e-29	3.999998e-29	-9.446370e-10	-9.446370e-10	-3.471246e-05	0.000000e+00	0.000000e+00	1.590521e-05	-9.184026e-10	-9.446207e-10	9.446365e-10	9.446319e-10	5.718307e-06	6.675220e-09	-5.718307e-06	-1.591188e-05	0.000000e+00	0.000000e+00	-0.000000e+00	-0.000000e+00	-5.717388e-06	-5.730600e-09	5.717362e-06	1.591094e-05	9.446370e-10	9.446370e-10	-1.388092e-20	2.774984e-19	1.308037e-05	-1.308226e-05	0.000000e+00
3.790000000000000e-01	7.999995e-01	7.999995e-01	3.508475e-01	3.508475e-01	1.211059e-01	3.790000e-01	8.000000e-01	0.000000e+00	0.000000e+00	3.999998e-29	3.999998e-29	-9.446370e-10	-9.446370e-10	-3.473867e-05	0.000000e+00	0.000000e+00	1.596717e-05	-9.169468e-10	-9.446212e-10	9.446365e-10	9.446318e-10	5.685206e-06	4.024782e-09	-5.685206e-06	-1.597120e-05	0.000000e+00	0.000000e+00	-0.000000e+00	-0.000000e+00	-5.684289e-06	-3.080161e-09	5.684262e-06	1.597025e-05	9.446370e-10	9.446370e-10	-7.104654e-21	-4.691520e-20	1.308037e-05	-1.308226e-05	0.000000e+00
3.800000000000000e-01	7.999995e-01	7.999995e-01	3.508475e-01	3.508475e-01	1.193028e-01	3.800000e-01	8.000000e-01	0.000000e+00	0.000000e+00	3.999998e-29	3.999998e-29	-9.446370e-10	-9.446370e-10	-3.476238e-05	0.000000e+00	0.000000e+00	1.602572e-05	-9.154528e-10	-9.446216e-10	9.446365e-10	9.446317e-10	5.652169e-06	2.229239e-09	-5.652170e-06	-1.602795e-05	0.000000e+00	0.000000e+00	-0.000000e+00	-0.000000e+00	-5.651254e-06	-1.284617e-09	5.651225e-06	1.602700e-05	9.446370e-10	9.446370e-10	9.836005e-21	-4.691520e-20	1.308037e-05	-1.308226e-05	0.000000e+00
3.810000000000000e-01	7.999995e-01	7.999995e-01	3.508475e-01	3.508475e-01	1.175471e-01	3.810000e-01	8.000000e-01	0.000000e+00	0.000000e+00	3.999998e-29	3.999998e-29	-9.446370e-10	-9.446370e-10	-3.478371e-05	0.000000e+00	0.000000e+00	1.608103e-05	-9.139206e-10	-9.446219e-10	9.446365e-10	9.446315e-10	5.619198e-06	1.223445e-09	-5.619198e-06	-1.608225e-05	0.000000e+00	0.000000e+00	-0.000000e+00	-0.000000e+00	-5.618284e-06	-2.788232e-10	5.618254e-06	1.608130e-05	9.446370e-10	9.446370e-10	-7.104654e-21	-4.691520e-20	1.308037e-05	-1.308226e-05	0.000000e+00
3.820000000000000e-01	7.999995e-01	7.999995e-01	3.508475e-01	3.508475e-01	1.158362e-01	3.820000e-01	8.000000e-01	0.000000e+00	0.000000e+00	3.999998e-29	3.999998e-29	-9.446370e-10	-9.446370e-10	-3.480279e-05	0.000000e+00	0.000000e+00	1.613329e-05	-9.123500e-10	-9.446224e-10	9.446365e-10	9.446314e-10	5.586294e-06	9.446227e-10	-5.586295e-06	-1.613423e-05	0.000000e+00	0.000000e+00	-0.000000e+00	-0.000000e+00	-5.585382e-06	-3.820000e-16	5.585350e-06	1.613329e-05	9.446370e-10	9.446370e-10	-1.175424e-21	-4.691520e-20	1.308037e-05	-1.308226e-05	0.000000e+00
3.830000000000000e-01	7.999995e-01	7.999995e-01	3.508475e-01	3.508475e-01	1.141678e-01	3.830000e-01	8.000000e-01	0.000000e+00	0.000000e+00	3.999998e-29	3.999998e-29	-9.446370e-10	-9.446370e-10	-3.481972e-05	0.000000e+00	0.000000e+00	1.618305e-05	-9.107413e-10	-9.446228e-10	9.446365e-10	9.446313e-10	5.553460e-06	9.446232e-10	-5.553460e-06	-1.618400e-05	0.000000e+00	0.000000e+00	-0.000000e+00	-0.000000e+00	-5.552549e-06	-3.830000e-16	5.552515e-06	1.618305e-05	9.446370e-10	9.446370e-10	-1.175424e-21	-4.691520e-20	1.308037e-05	-1.308226e-05	0.000000e+00
3.840000000000000e-01	7.999995e-01	7.999995e-01	3.508475e-01	3.508475e-01	1.125399e-01	3.840000e-01	8.000000e-01	0.000000e+00	0.000000e+00	3.999998e-29	3.999998e-29	-9.446370e-10	-9.446370e-10	-3.483461e-05	0.000000e+00	0.000000e+00	1.623071e-05	-9.090943e-10	-9.446232e-10	9.446365e-10	9.446310e-10	5.520696e-06	9.446236e-10	-5.520696e-06	-1.623165e-05	0.000000e+00	0.000000e+00	-0.000000e+00	-0.000000e+00	-5.519787e-06	-3.840000e-16	5.519751e-06	1.623071e-05	9.446370e-10	9.446370e-10	9.836005e-21	-4.691520e-20	1.308037e-05	-1.308226e-05	0.000000e+00
3.850000000000000e-01	7.999995e-01	7.999995e-01	3.508475e-01	3.508475e-01	1.109504e-01	3.850000e-01	8.000000e-01	0.000000e+00	0.000000e+00	3.999998e-29	3.999998e-29	-9.446370e-10	-9.446370e-10	-3.484756e-05	0.000000e+00	0.000000e+00	1.627634e-05	-9.074090e-10	-9.446235e-10	9.446365e-10	9.446309e-10	5.488004e-06	9.446239e-10	-5.488004e-06	-1.627729e-05	0.000000e+00	0.000000e+00	-0.000000e+00	-0.000000e+00	-5.487096e-06	-3.850000e-16	5.487059e-06	1.627634e-05	9.446370e-10	9.446370e-10	-1.388092e-20	2.774984e-19	1.308037e-05	-1.308226e-05	0.000000e+00
3.860000000000000e-01	7.999995e-01	7.999995e-01	3.508475e-01	3.508475e-01	1.093977e-01	3.860000e-01	8.000000e-01	0.000000e+00	0.000000e+00	3.999998e-29	3.999998e-29	-9.446370e-10	-9.446370e-10	-3.485864e-05	0.000000e+00	0.000000e+00	1.632005e-05	-9.056856e-10	-9.446239e-10	9.446365e-10	9.446308e-10	5.455385e-06	9.446243e-10	-5.455385e-06	-1.632099e-05	0.000000e+00	0.000000e+00	-0.000000e+00	-0.000000e+00	-5.454479e-06	-3.860000e-16	5.454440e-06	1.632005e-05	9.446370e-10	9.446370e-10	-7.104654e-21	-4.691520e-20	1.308037e-05	-1.308226e-05	0.000000e+00
3.870000000000000e-01	7.999995e-01	7.999995e-01	3.508475e-01	3.508475e-01	1.078799e-01	3.870000e-01	8.000000e-01	0.000000e+00	0.000000e+00	3.999998e-29	3.999998e-29	-9.446370e-10	-9.446370e-10	-3.486794e-05	0.000000e+00	0.000000e+00	1.636189e-05	-9.039239e-10	-9.446243e-10	9.446365e-10	9.446306e-10	5.422841e-06	9.446246e-10	-5.422841e-06	-1.636284e-05	0.000000e+00	0.000000e+00	-0.000000e+00	-0.000000e+00	-5.421937e-06	-3.870000e-16	5.421896e-06	1.636189e-05	9.446370e-10	9.446370e-10	9.836005e-21	-4.691520e-20	1.308037e-05	-1.308226e-05	0.000000e+00
3.880000000000000e-01	7.999995e-01	7.999995e-01	3.508475e-01	3.508475e-01	1.063957e-01	3.880000e-01	8.000000e-01	0.000000e+00	0.000000e+00	3.999998e-29	3.999998e-29	-9.446370e-10	-9.446370e-10	-3.487553e-05	0.000000e+00	0.000000e+00	1.640195e-05	-9.021240e-10	-9.446246e-10	9.446365e-10	9.446305e-10	5.390372e-06	9.446250e-10	-5.390373e-06	-1.640290e-05	0.000000e+00	0.000000e+00	-0.000000e+00	-0.000000e+00	-5.389471e-06	-3.880000e-16	5.389428e-06	1.640195e-05	9.446370e-10	9.446370e-10	-7.104654e-21	-4.691520e-20	1.308037e-05	-1.308226e-05	0.000000e+00
3.890000000000000e-01	7.999995e-01	7.999995e-01	3.508475e-01	3.508475e-01	1.049436e-01	3.890000e-01	8.000000e-01	0.000000e+00	0.000000e+00	3.999998e-29	3.999998e-29	-9.446370e-10	-9.446370e-10	-3.488149e-05	0.000000e+00	0.000000e+00	1.644031e-05	-9.002861e-10	-9.446249e-10	9.446365e-10	9.446303e-10	5.357981e-06	9.446254e-10	-5.357981e-06	-1.644125e-05	0.000000e+00	0.000000e+00	-0.000000e+00	-0.000000e+00	-5.357081e-06	-3.890000e-16	5.357036e-06	1.644031e-05	9.446370e-10	9.446370e-10	-1.175424e-21	-4.691520e-20	1.308037e-05	-1.308226e-05	0.000000e+00
3.900000000000000e-01	7.999995e-01	7.999995e-01	3.508475e-01	3.508475e-01	1.035221e-01	3.900000e-01	8.000000e-01	0.000000e+00	0.000000e+00	3.999998e-29	3.999998e-29	-9.446370e-10	-9.446370e-10	-3.488588e-05	0.000000e+00	0.000000e+00	1.647701e-05	-8.984102e-10	-9.446253e-10	9.446365e-10	9.446302e-10	5.325667e-06	9.446256e-10	-5.325667e-06	-1.647796e-05	0.000000e+00	0.000000e+00	-0.000000e+00	-0.000000e+00	-5.324769e-06	-3.900000e-16	5.324723e-06	1.647701e-05	9.446370e-10	9.446370e-10	-1.175424e-21	-4.691520e-20	1.308037e-05	-1.308226e-05	0.000000e+00
3.910000000000000e-01	7.999995e-01	7.999995e-01	3.508475e-01	3.508475e-01	1.021302e-01	3.910000e-01	8.000000e-01	0.000000e+00	0.000000e+00	3.999998e-29	3.999998e-29	-9.446370e-10	-9.446370e-10	-3.488877e-05	0.000000e+00	0.000000e+00	1.651213e-05	-8.964963e-10	-9.446256e-10	9.446365e-10	9.446299e-10	5.293432e-06	9.446259e-10	-5.293432e-06	-1.651307e-05	0.000000e+00	0.000000e+00	-0.000000e+00	-0.000000e+00	-5.292536e-06	-3.910000e-16	5.292487e-06	1.651213e-05	9.446370e-10	9.446370e-10	9.836005e-21	-4.691520e-20	1.308037e-05	-1.308226e-05	0.000000e+00
3.920000000000000e-01	7.999995e-01	7.999995e-01	3.508475e-01	3.508475e-01	1.007666e-01	3.920000e-01	8.000000e-01	0.000000e+00	0.000000e+00	3.999998e-29	3.999998e-29	-9.446370e-10	-9.446370e-10	-3.489020e-05	0.000000e+00	0.000000e+00	1.654571e-05	-8.945445e-10	-9.446259e-10	9.446365e-10	9.446297e-10	5.261277e-06	9.446263e-10	-5.261277e-06	-1.654666e-05	0.000000e+00	0.000000e+00	-0.000000e+00	-0.000000e+00	-5.260382e-06	-3.920000e-16	5.260332e-06	1.654571e-05	9.446370e-10	9.446370e-10	-1.388092e-20	2.774984e-19	1.308037e-05	-1.308226e-05	0.000000e+00
3.930000000000000e-01	7.999995e-01	7.999995e-01	3.508475e-01	3.508475e-01	9.943027e-02	3.930000e-01	8.000000e-01	0.000000e+00	0.000000e+00	3.999998e-29	3.999998e-29	-9.446370e-10	-9.446370e-10	-3.489023e-05	0.000000e+00	0.000000e+00	1.657782e-05	-8.925550e-10	-9.446262e-10	9.446365e-10	9.446296e-10	5.229202e-06	9.446266e-10	-5.229202e-06	-1.657876e-05	0.000000e+00	0.000000e+00	-0.000000e+00	-0.000000e+00	-5.228309e-06	-3.930000e-16	5.228257e-06	1.657782e-05	9.446370e-10	9.446370e-10	-7.104654e-21	-4.691520e-20	1.308037e-05	-1.308226e-05	0.000000e+00
3.940000000000000e-01	7.999995e-01	7.999995e-01	3.508475e-01	3.508475e-01	9.812014e-02	3.940000e-01	8.000000e-01	0.000000e+00	0.000000e+00	3.999998e-29	3.999998e-29	-9.446370e-10	-9.446370e-10	-3.488891e-05	0.000000e+00	0.000000e+00	1.660850e-05	-8.905278e-10	-9.446265e-10	9.446365e-10	9.446294e-10	5.197208e-06	9.446268e-10	-5.197208e-06	-1.660944e-05	0.000000e+00	0.000000e+00	-0.000000e+00	-0.000000e+00	-5.196317e-06	-3.940000e-16	5.196263e-06	1.660850e-05	9.446370e-10	9.446370e-10	9.836005e-21	-4.691520e-20	1.308037e-05	-1.308226e-05	0.000000e+00
3.950000000000000e-01	7.999995e-01	7.999995e-01	3.508475e-01	3.508475e-01	9.683525e-02	3.950000e-01	8.000000e-01	0.000000e+00	0.000000e+00	3.999998e-29	3.999998e-29	-9.446370e-10	-9.446370e-10	-3.488630e-05	0.000000e+00	0.000000e+00	1.663779e-05	-8.884631e-10	-9.446267e-10	9.446365e-10	9.446292e-10	5.165296e-06	9.446272e-10	-5.165296e-06	-1.663874e-05	0.000000e+00	0.000000e+00	-0.000000e+00	-0.000000e+00	-5.164408e-06	-3.950000e-16	5.164352e-06	1.663779e-05	9.446370e-10	9.446370e-10	-7.104654e-21	-4.691520e-20	1.308037e-05	-1.308226e-05	0.000000e+00
3.960000000000000e-01	7.999995e-01	7.999995e-01	3.508475e-01	3.508475e-01	9.557471e-02	3.960000e-01	8.000000e-01	0.000000e+00	0.000000e+00	3.999998e-29	3.999998e-29	-9.446370e-10	-9.446370e-10	-3.488243e-05	0.000000e+00	0.000000e+00	1.666575e-05	-8.863609e-10	-9.446270e-10	9.446365e-10	9.446289e-10	5.133467e-06	9.446274e-10	-5.133467e-06	-1.666670e-05	0.000000e+00	0.000000e+00	-0.000000e+00	-0.000000e+00	-5.132581e-06	-3.960000e-16	5.132523e-06	1.666575e-05	9.446370e-10	9.446370e-10	-1.175424e-21	-4.691520e-20	1.308037e-05	-1.308226e-05	0.000000e+00
3.970000000000000e-01	7.999995e-01	7.999995e-01	3.508475e-01	3.508475e-01	9.433768e-02	3.970000e-01	8.000000e-01	0.000000e+00	0.000000e+00	3.999998e-29	3.999998e-29	-9.446370e-10	-9.446370e-10	-3.487735e-05	0.000000e+00	0.000000e+00	1.669241e-05	-8.842215e-10	-9.446273e-10	9.446365e-10	9.446287e-10	5.101721e-06	9.446277e-10	-5.101722e-06	-1.669336e-05	0.000000e+00	0.000000e+00	-0.000000e+00	-0.000000e+00	-5.100837e-06	-3.970000e-16	5.100777e-06	1.669241e-05	9.446370e-10	9.446370e-10	-1.175424e-21	-4.691520e-20	1.308037e-05	-1.308226e-05	0.000000e+00
3.980000000000000e-01	7.999995e-01	7.999995e-01	3.508475e-01	3.508475e-01	9.312333e-02	3.980000e-01	8.000000e-01	0.000000e+00	0.000000e+00	3.999998e-29	3.999998e-29	-9.446370e-10	-9.446370e-10	-3.487109e-05	0.000000e+00	0.000000e+00	1.671782e-05	-8.820449e-10	-9.446275e-10	9.446365e-10	9.446285e-10	5.070060e-06	9.446279e-10	-5.070060e-06	-1.671877e-05	0.000000e+00	0.000000e+00	-0.000000e+00	-0.000000e+00	-5.069178e-06	-3.980000e-16	5.069116e-06	1.671782e-05	9.446370e-10	9.446370e-10	9.836005e-21	-4.691520e-20	1.308037e-05	-1.308226e-05	0.000000e+00
3.990000000000000e-01	7.999995e-01	7.999995e-01	3.508475e-01	3.508475e-01	9.193090e-02	3.990000e-01	8.000000e-01	0.000000e+00	0.000000e+00	3.999998e-29	3.999998e-29	-9.446370e-10	-9.446370e-10	-3.486370e-05	0.000000e+00	0.000000e+00	1.674201e-05	-8.798314e-10	-9.446278e-10	9.446365e-10	9.446283e-10	5.038483e-06	9.446282e-10	-5.038483e-06	-1.674296e-05	0.000000e+00	0.000000e+00	-0.000000e+00	-0.000000e+00	-5.037603e-06	-3.990000e-16	5.037538e-06	1.674201e-05	9.446370e-10	9.446370e-10	-1.388092e-20	2.774984e-19	1.308037e-05	-1.308226e-05	0.000000e+00
4.000000000000000e-01	7.999995e-01	7.999995e-01	3.508475e-01	3.508475e-01	9.075969e-02	4.000000e-01	8.000000e-01	0.000000e+00	0.000000e+00	3.999998e-29	3.999998e-29	-9.446370e-10	-9.446370e-10	-3.485522e-05	0.000000e+00	0.000000e+00	1.676502e-05	-8.775810e-10	-9.446280e-10	9.446365e-10	9.446280e-10	5.006991e-06	9.446285e-10	-5.006991e-06	-1.676596e-05	0.000000e+00	0.000000e+00	-0.000000e+00	-0.000000e+00	-5.006113e-06	-4.000000e-16	5.006046e-06	1.676502e-05	9.446370e-10	9.446370e-10	-7.104654e-21	-4.691520e-20	1.308037e-05	-1.308226e-05	0.000000e+00
4.010000000000000e-01	7.999995e-01	7.999995e-01	3.508475e-01	3.508475e-01	8.960900e-02	4.010000e-01	8.000000e-01	0.000000e+00	0.000000e+00	3.999998e-29	3.999998e-29	-9.446370e-10	-9.446370e-10	-3.484567e-05	0.000000e+00	0.000000e+00	1.678687e-05	-8.752940e-10	-9.446283e-10	9.446365e-10	9.446278e-10	4.975584e-06	9.446287e-10	-4.975585e-06	-1.678782e-05	0.000000e+00	0.000000e+00	-0.000000e+00	-0.000000e+00	-4.974710e-06	-4.010000e-16	4.974640e-06	1.678687e-05	9.446370e-10	9.446370e-10	9.836005e-21	-4.691520e-20	1.308037e-05	-1.308226e-05	0.000000e+00
4.020000000000000e-01	7.999995e-01	7.999995e-01	3.508475e-01	3.508475e-01	8.847819e-02	4.020000e-01	8.000000e-01	0.000000e+00	0.000000e+00	3.999998e-29	3.999998e-29	-9.446370e-10	-9.446370e-10	-3.483508e-05	0.000000e+00	0.000000e+00	1.680761e-05	-8.729705e-10	-9.446285e-10	9.446365e-10	9.446275e-10	4.944265e-06	9.446289e-10	-4.944265e-06	-1.680856e-05	0.000000e+00	0.000000e+00	-0.000000e+00	-0.000000e+00	-4.943392e-06	-4.020000e-16	4.943320e-06	1.680761e-05	9.446370e-10	9.446370e-10	-7.104654e-21	-4.691520e-20	1.308037e-05	-1.308226e-05	0.000000e+00
4.030000000000000e-01	7.999995e-01	7.999995e-01	3.508475e-01	3.508475e-01	8.736664e-02	4.030000e-01	8.000000e-01	0.000000e+00	0.000000e+00	3.999998e-29	3.999998e-29	-9.446370e-10	-9.446370e-10	-3.482350e-05	0.000000e+00	0.000000e+00	1.682726e-05	-8.706107e-10	-9.446287e-10	9.446365e-10	9.446273e-10	4.913031e-06	9.446292e-10	-4.913031e-06	-1.682821e-05	0.000000e+00	0.000000e+00	-0.000000e+00	-0.000000e+00	-4.912161e-06	-4.030000e-16	4.912087e-06	1.682726e-05	9.446370e-10	9.446370e-10	-1.175424e-21	-4.691520e-20	1.308037e-05	-1.308226e-05	0.000000e+00
4.040000000000000e-01	7.999995e-01	7.999995e-01	3.508475e-01	3.508475e-01	8.627377e-02	4.040000e-01	8.000000e-01	0.000000e+00	0.000000e+00	3.999998e-29	3.999998e-29	-9.446370e-10	-9.446370e-10	-3.481095e-05	0.000000e+00	0.000000e+00	1.684586e-05	-8.682148e-10	-9.446289e-10	9.446365e-10	9.446270e-10	4.881885e-06	9.446294e-10	-4.881885e-06	-1.684680e-05	0.000000e+00	0.000000e+00	-0.000000e+00	-0.000000e+00	-4.881017e-06	-4.040000e-16	4.880941e-06	1.684586e-05	9.446370e-10	9.446370e-10	-1.175424e-21	-4.691520e-20	1.308037e-05	-1.308226e-05	0.000000e+00
4.050000000000000e-01	7.999995e-01	7.999995e-01	3.508475e-01	3.508475e-01	8.519902e-02	4.050000e-01	8.000000e-01	0.000000e+00	0.000000e+00	3.999998e-29	3.999998e-29	-9.446370e-10	-9.446370e-10	-3.479746e-05	0.000000e+00	0.000000e+00	1.686342e-05	-8.657831e-10	-9.446292e-10	9.446365e-10	9.446267e-10	4.850827e-06	9.446296e-10	-4.850827e-06	-1.686437e-05	0.000000e+00	0.000000e+00	-0.000000e+00	-0.000000e+00	-4.849961e-06	-4.050000e-16	4.849882e-06	1.686342e-05	9.446370e-10	9.446370e-10	9.836005e-21	-4.691520e-20	1.308037e-05	-1.308226e-05	0.000000e+00
4.060000000000000e-01	7.999995e-01	7.999995e-01	3.508475e-01	3.508475e-01	8.414187e-02	4.060000e-01	8.000000e-01	0.000000e+00	0.000000e+00	3.999998e-29	3.999998e-29	-9.446370e-10	-9.446370e-10	-3.478305e-05	0.000000e+00	0.000000e+00	1.687998e-05	-8.633156e-10	-9.446294e-10	9.446365e-10	9.446265e-10	4.819856e-06	9.446297e-10	-4.819856e-06	-1.688093e-05	0.000000e+00	0.000000e+00	-0.000000e+00	-0.000000e+00	-4.818993e-06	-4.060000e-16	4.818911e-06	1.687998e-05	9.446370e-10	9.446370e-10	-1.388092e-20	2.774984e-19	1.308037e-05	-1.308226e-05	0.000000e+00
4.070000000000000e-01	7.999995e-01	7.999995e-01	3.508475e-01	3.508475e-01	8.310179e-02	4.070000e-01	8.000000e-01	0.000000e+00	0.000000e+00	3.999998e-29	3.999998e-29	-9.446370e-10	-9.446370e-10	-3.476775e-05	0.000000e+00	0.000000e+00	1.689556e-05	-8.608128e-10	-9.446296e-10	9.446365e-10	9.446262e-10	4.788974e-06	9.446299e-10	-4.788974e-06	-1.689651e-05	0.000000e+00	0.000000e+00	-0.000000e+00	-0.000000e+00	-4.788113e-06	-4.070000e-16	4.788029e-06	1.689556e-05	9.446370e-10	9.446370e-10	-7.104654e-21	-4.691520e-20	1.308037e-05	-1.308226e-05	0.000000e+00
4.080000000000000e-01	7.999995e-01	7.999995e-01	3.508475e-01	3.508475e-01	8.207832e-02	4.080000e-01	8.000000e-01	0.000000e+00	0.000000e+00	3.999998e-29	3.999998e-29	-9.446370e-10	-9.446370e-10	-3.475158e-05	0.000000e+00	0.000000e+00	1.691019e-05	-8.582746e-10	-9.446297e-10	9.446365e-10	9.446259e-10	4.758181e-06	9.446302e-10	-4.758181e-06	-1.691114e-05	0.000000e+00	0.000000e+00	-0.000000e+00	-0.000000e+00	-4.757323e-06	-4.080000e-16	4.757236e-06	1.691019e-05	9.446370e-10	9.446370e-10	9.836005e-21	-4.691520e-20	1.308037e-05	-1.308226e-05	0.000000e+00
4.090000000000000e-01	7.999995e-01	7.999995e-01	3.508475e-01	3.508475e-01	8.107100e-02	4.090000e-01	8.000000e-01	0.000000e+00	0.000000e+00	3.999998e-29	3.999998e-29	-9.446370e-10	-9.446370e-10	-3.473457e-05	0.000000e+00	0.000000e+00	1.692389e-05	-8.557015e-10	-9.446299e-10	9.446365e-10	9.446256e-10	4.727477e-06	9.446304e-10	-4.727477e-06	-1.692483e-05	0.000000e+00	0.000000e+00	-0.000000e+00	-0.000000e+00	-4.726621e-06	-4.090000e-16	4.726533e-06	1.692389e-05	9.446370e-10	9.446370e-10	-7.104654e-21	-4.691520e-20	1.308037e-05	-1.308226e-05	0.000000e+00
4.100000000000000e-01	7.999995e-01	7.999995e-01	3.508475e-01	3.508475e-01	8.007939e-02	4.100000e-01	8.000000e-01	0.000000e+00	0.000000e+00	3.999998e-29	3.999998e-29	-9.446370e-10	-9.446370e-10	-3.471674e-05	0.000000e+00	0.000000e+00	1.693667e-05	-8.530937e-10	-9.446302e-10	9.446365e-10	9.446253e-10	4.696863e-06	9.446305e-10	-4.696863e-06	-1.693762e-05	0.000000e+00	0.000000e+00	-0.000000e+00	-0.000000e+00	-4.696009e-06	-4.100000e-16	4.695918e-06	1.693667e-05	9.446370e-10	9.446370e-10	-1.175424e-21	-4.691520e-20	1.308037e-05	-1.308226e-05	0.000000e+00
4.110000000000000e-01	7.999995e-01	7.999995e-01	3.508475e-01	3.508475e-01	7.910306e-02	4.110000e-01	8.000000e-01	0.000000e+00	0.000000e+00	3.999998e-29	3.999998e-29	-9.446370e-10	-9.446370e-10	-3.469811e-05	0.000000e+00	0.000000e+00	1.694857e-05	-8.504513e-10	-9.446303e-10	9.446365e-10	9.446249e-10	4.666338e-06	9.446307e-10	-4.666338e-06	-1.694951e-05	0.000000e+00	0.000000e+00	-0.000000e+00	-0.000000e+00	-4.665488e-06	-4.110000e-16	4.665394e-06	1.694857e-05	9.446370e-10	9.446370e-10	-1.175424e-21	-4.691520e-20	1.308037e-05	-1.308226e-05	0.000000e+00
4.120000000000000e-01	7.999995e-01	7.999995e-01	3.508475e-01	3.508475e-01	7.814161e-02	4.120000e-01	8.000000e-01	0.000000e+00	0.000000e+00	3.999998e-29	3.999998e-29	-9.446370e-10	-9.446370e-10	-3.467871e-05	0.000000e+00	0.000000e+00	1.695960e-05	-8.477747e-10	-9.446305e-10	9.446365e-10	9.446246e-10	4.635904e-06	9.446308e-10	-4.635904e-06	-1.696054e-05	0.000000e+00	0.000000e+00	-0.000000e+00	-0.000000e+00	-4.635056e-06	-4.120000e-16	4.634959e-06	1.695960e-05	9.446370e-10	9.446370e-10	9.836005e-21	-4.691520e-20	1.308037e-05	-1.308226e-05	0.000000e+00
4.130000000000000e-01	7.999995e-01	7.999995e-01	3.508475e-01	3.508475e-01	7.719466e-02	4.130000e-01	8.000000e-01	0.000000e+00	0.000000e+00	3.999998e-29	3.999998e-29	-9.446370e-10	-9.446370e-10	-3.465855e-05	0.000000e+00	0.000000e+00	1.696978e-05	-8.450641e-10	-9.446306e-10	9.446365e-10	9.446243e-10	4.605560e-06	9.446310e-10	-4.605561e-06	-1.697073e-05	0.000000e+00	0.000000e+00	-0.000000e+00	-0.000000e+00	-4.604715e-06	-4.130000e-16	4.604616e-06	1.696978e-05	9.446370e-10	9.446370e-10	-1.388092e-20	2.774984e-19	1.308037e-05	-1.308226e-05	0.000000e+00
4.140000000000000e-01	7.999995e-01	7.999995e-01	3.508475e-01	3.508475e-01	7.626184e-02	4.140000e-01	8.000000e-01	0.000000e+00	0.000000e+00	3.999998e-29	3.999998e-29	-9.446370e-10	-9.446370e-10	-3.463765e-05	0.000000e+00	0.000000e+00	1.697913e-05	-8.423198e-10	-9.446308e-10	9.446365e-10	9.446239e-10	4.575308e-06	9.446312e-10	-4.575308e-06	-1.698008e-05	0.000000e+00	0.000000e+00	-0.000000e+00	-0.000000e+00	-4.574465e-06	-4.140000e-16	4.574363e-06	1.697913e-05	9.446370e-10	9.446370e-10	-7.104654e-21	-4.691520e-20	1.308037e-05	-1.308226e-05	0.000000e+00
4.150000000000000e-01	7.999995e-01	7.999995e-01	3.508475e-01	3.508475e-01	7.534279e-02	4.150000e-01	8.000000e-01	0.000000e+00	0.000000e+00	3.999998e-29	3.999998e-29	-9.446370e-10	-9.446370e-10	-3.461603e-05	0.000000e+00	0.000000e+00	1.698767e-05	-8.395420e-10	-9.446309e-10	9.446365e-10	9.446235e-10	4.545146e-06	9.446314e-10	-4.545146e-06	-1.698862e-05	0.000000e+00	0.000000e+00	-0.000000e+00	-0.000000e+00	-4.544307e-06	-4.150000e-16	4.544202e-06	1.698767e-05	9.446370e-10	9.446370e-10	9.836005e-21	-4.691520e-20	1.308037e-05	-1.308226e-05	0.000000e+00
4.160000000000000e-01	7.999995e-01	7.999995e-01	3.508475e-01	3.508475e-01	7.443717e-02	4.160000e-01	8.000000e-01	0.000000e+00	0.000000e+00	3.999998e-29	3.999998e-29	-9.446370e-10	-9.446370e-10	-3.459370e-05	0.000000e+00	0.000000e+00	1.699542e-05	-8.367311e-10	-9.446310e-10	9.446365e-10	9.446232e-10	4.515076e-06	9.446315e-10	-4.515076e-06	-1.699636e-05	0.000000e+00	0.000000e+00	-0.000000e+00	-0.000000e+00	-4.514240e-06	-4.160000e-16	4.514132e-06	1.699542e-05	9.446370e-10	9.446370e-10	-7.104654e-21	-4.691520e-20	1.308037e-05	-1.308226e-05	0.000000e+00
4.170000000000000e-01	7.999995e-01	7.999995e-01	3.508475e-01	3.508475e-01	7.354466e-02	4.170000e-01	8.000000e-01	0.000000e+00	0.000000e+00	3.999998e-29	3.999998e-29	-9.446370e-10	-9.446370e-10	-3.457069e-05	0.000000e+00	0.000000e+00	1.700238e-05	-8.338873e-10	-9.446313e-10	9.446365e-10	9.446228e-10	4.485098e-06	9.446317e-10	-4.485098e-06	-1.700333e-05	0.000000e+00	0.000000e+00	-0.000000e+00	-0.000000e+00	-4.484264e-06	-4.170000e-16	4.484154e-06	1.700238e-05	9.446370e-10	9.446370e-10	-1.175424e-21	-4.691520e-20	1.308037e-05	-1.308226e-05	0.000000e+00
4.180000000000000e-01	7.999995e-01	7.999995e-01	3.508475e-01	3.508475e-01	7.266493e-02	4.180000e-01	8.000000e-01	0.000000e+00	0.000000e+00	3.999998e-29	3.999998e-29	-9.446370e-10	-9.446370e-10	-3.454701e-05	0.000000e+00	0.000000e+00	1.700859e-05	-8.310110e-10	-9.446314e-10	9.446365e-10	9.446224e-10	4.455212e-06	9.446318e-10	-4.455212e-06	-1.700953e-05	0.000000e+00	0.000000e+00	-0.000000e+00	-0.000000e+00	-4.454381e-06	-4.180000e-16	4.454268e-06	1.700859e-05	9.446370e-10	9.446370e-10	-1.175424e-21	-4.691520e-20	1.308037e-05	-1.308226e-05	0.000000e+00
4.190000000000000e-01	7.999995e-01	7.999995e-01	3.508475e-01	3.508475e-01	7.179770e-02	4.190000e-01	8.000000e-01	0.000000e+00	0.000000e+00	3.999998e-29	3.999998e-29	-9.446370e-10	-9.446370e-10	-3.452267e-05	0.000000e+00	0.000000e+00	1.701405e-05	-8.281024e-10	-9.446315e-10	9.446365e-10	9.446219e-10	4.425418e-06	9.446319e-10	-4.425418e-06	-1.701499e-05	0.000000e+00	0.000000e+00	-0.000000e+00	-0.000000e+00	-4.424590e-06	-4.190000e-16	4.424473e-06	1.701405e-05	9.446370e-10	9.446370e-10	9.836005e-21	-4.691520e-20	1.308037e-05	-1.308226e-05	0.000000e+00
4.200000000000000e-01	7.999995e-01	7.999995e-01	3.508475e-01	3.508475e-01	7.094267e-02	4.200000e-01	8.000000e-01	0.000000e+00	0.000000e+00	3.999998e-29	3.999998e-29	-9.446370e-10	-9.446370e-10	-3.449770e-05	0.000000e+00	0.000000e+00	1.701878e-05	-8.251617e-10	-9.446317e-10	9.446365e-10	9.446216e-10	4.395717e-06	9.446320e-10	-4.395717e-06	-1.701972e-05	0.000000e+00	0.000000e+00	-0.000000e+00	-0.000000e+00	-4.394892e-06	-4.200000e-16	4.394772e-06	1.701878e-05	9.446370e-10	9.446370e-10	-1.388092e-20	2.774984e-19	1.308037e-05	-1.308226e-05	0.000000e+00
4.210000000000000e-01	7.999995e-01	7.999995e-01	3.508475e-01	3.508475e-01	7.009955e-02	4.210000e-01	8.000000e-01	0.000000e+00	0.000000e+00	3.999998e-29	3.999998e-29	-9.446370e-10	-9.446370e-10	-3.447210e-05	0.000000e+00	0.000000e+00	1.702278e-05	-8.221895e-10	-9.446318e-10	9.446365e-10	9.446212e-10	4.366108e-06	9.446323e-10	-4.366108e-06	-1.702373e-05	0.000000e+00	0.000000e+00	-0.000000e+00	-0.000000e+00	-4.365286e-06	-4.210000e-16	4.365163e-06	1.702278e-05	9.446370e-10	9.446370e-10	-7.104654e-21	-4.691520e-20	1.308037e-05	-1.308226e-05	0.000000e+00
4.220000000000000e-01	7.999995e-01	7.999995e-01	3.508475e-01	3.508475e-01	6.926809e-02	4.220000e-01	8.000000e-01	0.000000e+00	0.000000e+00	3.999998e-29	3.999998e-29	-9.446370e-10	-9.446370e-10	-3.444589e-05	0.000000e+00	0.000000e+00	1.702609e-05	-8.191858e-10	-9.446319e-10	9.446365e-10	9.446207e-10	4.336593e-06	9.446324e-10	-4.336593e-06	-1.702704e-05	0.000000e+00	0.000000e+00	-0.000000e+00	-0.000000e+00	-4.335774e-06	-4.220000e-16	4.335648e-06	1.702609e-05	9.446370e-10	9.446370e-10	9.836005e-21	-4.691520e-20	1.308037e-05	-1.308226e-05	0.000000e+00
4.230000000000000e-01	7.999995e-01	7.999995e-01	3.508475e-01	3.508475e-01	6.844801e-02	4.230000e-01	8.000000e-01	0.000000e+00	0.000000e+00	3.999998e-29	3.999998e-29	-9.446370e-10	-9.446370e-10	-3.441909e-05	0.000000e+00	0.000000e+00	1.702871e-05	-8.161512e-10	-9.446320e-10	9.446365e-10	9.446202e-10	4.307170e-06	9.446325e-10	-4.307170e-06	-1.702965e-05	0.000000e+00	0.000000e+00	-0.000000e+00	-0.000000e+00	-4.306354e-06	-4.230000e-16	4.306226e-06	1.702871e-05	9.446370e-10	9.446370e-10	-7.104654e-21	-4.691520e-20	1.308037e-05	-1.308226e-05	0.000000e+00
4.240000000000000e-01	7.999995e-01	7.999995e-01	3.508475e-01	3.508475e-01	6.763906e-02	4.240000e-01	8.000000e-01	0.000000e+00	0.000000e+00	3.999998e-29	3.999998e-29	-9.446370e-10	-9.446370e-10	-3.439170e-05	0.000000e+00	0.000000e+00	1.703065e-05	-8.130859e-10	-9.446322e-10	9.446365e-10	9.446197e-10	4.277842e-06	9.446326e-10	-4.277842e-06	-1.703159e-05	0.000000e+00	0.000000e+00	-0.000000e+00	-0.000000e+00	-4.277028e-06	-4.240000e-16	4.276897e-06	1.703065e-05	9.446370e-10	9.446370e-10	-1.175424e-21	-4.691520e-20	1.308037e-05	-1.308226e-05	0.000000e+00
4.250000000000000e-01	7.999995e-01	7.999995e-01	3.508475e-01	3.508475e-01	6.684102e-02	4.250000e-01	8.000000e-01	0.000000e+00	0.000000e+00	3.999998e-29	3.999998e-29	-9.446370e-10	-9.446370e-10	-3.436374e-05	0.000000e+00	0.000000e+00	1.703192e-05	-8.099902e-10	-9.446323e-10	9.446365e-10	9.446193e-10	4.248606e-06	9.446327e-10	-4.248606e-06	-1.703287e-05	0.000000e+00	0.000000e+00	-0.000000e+00	-0.000000e+00	-4.247796e-06	-4.250000e-16	4.247662e-06	1.703192e-05	9.446370e-10	9.446370e-10	-1.175424e-21	-4.691520e-20	1.308037e-05	-1.308226e-05	0.000000e+00
4.260000000000000e-01	7.999995e-01	7.999995e-01	3.508475e-01	3.508475e-01	6.605364e-02	4.260000e-01	8.000000e-01	0.000000e+00	0.000000e+00	3.999998e-29	3.999998e-29	-9.446370e-10	-9.446370e-10	-3.433522e-05	0.000000e+00	0.000000e+00	1.703255e-05	-8.068645e-10	-9.446324e-10	9.446365e-10	9.446187e-10	4.219465e-06	9.446328e-10	-4.219465e-06	-1.703349e-05	0.000000e+00	0.000000e+00	-0.000000e+00	-0.000000e+00	-4.218658e-06	-4.260000e-16	4.218521e-06	1.703255e-05	9.446370e-10	9.446370e-10	9.836005e-21	-4.691520e-20	1.308037e-05	-1.308226e-05	0.000000e+00
4.270000000000000e-01	7.999995e-01	7.999995e-01	3.508475e-01	3.508475e-01	6.527669e-02	4.270000e-01	8.000000e-01	0.000000e+00	0.000000e+00	3.999998e-29	3.999998e-29	-9.446370e-10	-9.446370e-10	-3.430615e-05	0.000000e+00	0.000000e+00	1.703253e-05	-8.037090e-10	-9.446325e-10	9.446366e-10	9.446183e-10	4.190418e-06	9.446329e-10	-4.190418e-06	-1.703347e-05	0.000000e+00	0.000000e+00	-0.000000e+00	-0.000000e+00	-4.189614e-06	-4.270000e-16	4.189473e-06	1.703253e-05	9.446370e-10	9.446370e-10	-1.388092e-20	2.774984e-19	1.308037e-05	-1.308226e-05	0.000000e+00
4.280000000000000e-01	7.999995e-01	7.999995e-01	3.508475e-01	3.508475e-01	6.450997e-02	4.280000e-01	8.000000e-01	0.000000e+00	0.000000e+00	3.999998e-29	3.999998e-29	-9.446370e-10	-9.446370e-10	-3.427655e-05	0.000000e+00	0.000000e+00	1.703188e-05	-8.005243e-10	-9.446326e-10	9.446366e-10	9.446177e-10	4.161465e-06	9.446330e-10	-4.161465e-06	-1.703282e-05	0.000000e+00	0.000000e+00	-0.000000e+00	-0.000000e+00	-4.160665e-06	-4.280000e-16	4.160520e-06	1.703188e-05	9.446370e-10	9.446370e-10	-7.104654e-21	-4.691520e-20	1.308037e-05	-1.308226e-05	0.000000e+00
4.290000000000000e-01	7.999995e-01	7.999995e-01	3.508475e-01	3.508475e-01	6.375324e-02	4.290000e-01	8.000000e-01	0.000000e+00	0.000000e+00	3.999998e-29	3.999998e-29	-9.446370e-10	-9.446370e-10	-3.424643e-05	0.000000e+00	0.000000e+00	1.703061e-05	-7.973106e-10	-9.446327e-10	9.446366e-10	9.446172e-10	4.132607e-06	9.446331e-10	-4.132607e-06	-1.703156e-05	0.000000e+00	0.000000e+00	-0.000000e+00	-0.000000e+00	-4.131809e-06	-4.290000e-16	4.131662e-06	1.703061e-05	9.446370e-10	9.446370e-10	9.836005e-21	-4.691520e-20	1.308037e-05	-1.308226e-05	0.000000e+00
4.300000000000000e-01	7.999995e-01	7.999995e-01	3.508475e-01	3.508475e-01	6.300633e-02	4.300000e-01	8.000000e-01	0.000000e+00	0.000000e+00	3.999998e-29	3.999998e-29	-9.446370e-10	-9.446370e-10	-3.421579e-05	0.000000e+00	0.000000e+00	1.702874e-05	-7.940681e-10	-9.446328e-10	9.446366e-10	9.446166e-10	4.103842e-06	9.446333e-10	-4.103842e-06	-1.702968e-05	0.000000e+00	0.000000e+00	-0.000000e+00	-0.000000e+00	-4.103048e-06	-4.300000e-16	4.102898e-06	1.702874e-05	9.446370e-10	9.446370e-10	-7.104654e-21	-4.691520e-20	1.308037e-05	-1.308226e-05	0.000000e+00
4.310000000000000e-01	7.999995e-01	7.999995e-01	3.508475e-01	3.508475e-01	6.226902e-02	4.310000e-01	8.000000e-01	0.000000e+00	0.000000e+00	3.999998e-29	3.999998e-29	-9.446370e-10	-9.446370e-10	-3.418465e-05	0.000000e+00	0.000000e+00	1.702627e-05	-7.907975e-10	-9.446329e-10	9.446366e-10	9.446161e-10	4.075173e-06	9.446334e-10	-4.075173e-06	-1.702721e-05	0.000000e+00	0.000000e+00	-0.000000e+00	-0.000000e+00	-4.074383e-06	-4.310000e-16	4.074229e-06	1.702627e-05	9.446370e-10	9.446370e-10	-1.175424e-21	-4.691520e-20	1.308037e-05	-1.308226e-05	0.000000e+00
4.320000000000000e-01	7.999995e-01	7.999995e-01	3.508475e-01	3.508475e-01	6.154113e-02	4.320000e-01	8.000000e-01	0.000000e+00	0.000000e+00	3.999998e-29	3.999998e-29	-9.446370e-10	-9.446370e-10	-3.415301e-05	0.000000e+00	0.000000e+00	1.702321e-05	-7.874989e-10	-9.446330e-10	9.446366e-10	9.446154e-10	4.046599e-06	9.446335e-10	-4.046599e-06	-1.702415e-05	0.000000e+00	0.000000e+00	-0.000000e+00	-0.000000e+00	-4.045812e-06	-4.320000e-16	4.045655e-06	1.702321e-05	9.446370e-10	9.446370e-10	-1.175424e-21	-4.691520e-20	1.308037e-05	-1.308226e-05	0.000000e+00
4.330000000000000e-01	7.999995e-01	7.999995e-01	3.508475e-01	3.508475e-01	6.082247e-02	4.330000e-01	8.000000e-01	0.000000e+00	0.000000e+00	3.999998e-29	3.999998e-29	-9.446370e-10	-9.446370e-10	-3.412090e-05	0.000000e+00	0.000000e+00	1.701957e-05	-7.841728e-10	-9.446331e-10	9.446366e-10	9.446148e-10	4.018121e-06	9.446336e-10	-4.018121e-06	-1.702051e-05	0.000000e+00	0.000000e+00	-0.000000e+00	-0.000000e+00	-4.017336e-06	-4.330000e-16	4.017176e-06	1.701957e-05	9.446370e-10	9.446370e-10	9.836005e-21	-4.691520e-20	1.308037e-05	-1.308226e-05	0.000000e+00
4.340000000000000e-01	7.999995e-01	7.999995e-01	3.508475e-01	3.508475e-01	6.011286e-02	4.340000e-01	8.000000e-01	0.000000e+00	0.000000e+00	3.999998e-29	3.999998e-29	-9.446370e-10	-9.446370e-10	-3.408831e-05	0.000000e+00	0.000000e+00	1.701536e-05	-7.808195e-10	-9.446331e-10	9.446366e-10	9.446142e-10	3.989737e-06	9.446336e-10	-3.989737e-06	-1.701631e-05	0.000000e+00	0.000000e+00	-0.000000e+00	-0.000000e+00	-3.988956e-06	-4.340000e-16	3.988792e-06	1.701536e-05	9.446370e-10	9.446370e-10	-1.388092e-20	2.774984e-19	1.308037e-05	-1.308226e-05	0.000000e+00
4.350000000000000e-01	7.999995e-01	7.999995e-01	3.508475e-01	3.508475e-01	5.941214e-02	4.350000e-01	8.000000e-01	0.000000e+00	0.000000e+00	3.999998e-29	3.999998e-29	-9.446370e-10	-9.446370e-10	-3.405525e-05	0.000000e+00	0.000000e+00	1.701060e-05	-7.774394e-10	-9.446333e-10	9.446366e-10	9.446135e-10	3.961449e-06	9.446337e-10	-3.961449e-06	-1.701154e-05	0.000000e+00	0.000000e+00	-0.000000e+00	-0.000000e+00	-3.960671e-06	-4.350000e-16	3.960504e-06	1.701060e-05	9.446370e-10	9.446370e-10	-7.104654e-21	-4.691520e-20	1.308037e-05	-1.308226e-05	0.000000e+00
4.360000000000000e-01	7.999995e-01	7.999995e-01	3.508475e-01	3.508475e-01	5.872012e-02	4.360000e-01	8.000000e-01	0.000000e+00	0.000000e+00	3.999998e-29	3.999998e-29	-9.446370e-10	-9.446370e-10	-3.402174e-05	0.000000e+00	0.000000e+00	1.700528e-05	-7.740329e-10	-9.446334e-10	9.446366e-10	9.446128e-10	3.933256e-06	9.446338e-10	-3.933256e-06	-1.700622e-05	0.000000e+00	0.000000e+00	-0.000000e+00	-0.000000e+00	-3.932482e-06	-4.360000e-16	3.932312e-06	1.700528e-05	9.446370e-10	9.446370e-10	9.836005e-21	-4.691520e-20	1.308037e-05	-1.308226e-05	0.000000e+00
4.370000000000000e-01	7.999995e-01	7.999995e-01	3.508475e-01	3.508475e-01	5.803665e-02	4.370000e-01	8.000000e-01	0.000000e+00	0.000000e+00	3.999998e-29	3.999998e-29	-9.446370e-10	-9.446370e-10	-3.398779e-05	0.000000e+00	0.000000e+00	1.699942e-05	-7.706003e-10	-9.446335e-10	9.446366e-10	9.446122e-10	3.905160e-06	9.446339e-10	-3.905160e-06	-1.700037e-05	0.000000e+00	0.000000e+00	-0.000000e+00	-0.000000e+00	-3.904389e-06	-4.370000e-16	3.904215e-06	1.699942e-05	9.446370e-10	9.446370e-10	-7.104654e-21	-4.691520e-20	1.308037e-05	-1.308226e-05	0.000000e+00
4.380000000000000e-01	7.999995e-01	7.999995e-01	3.508475e-01	3.508475e-01	5.736157e-02	4.380000e-01	8.000000e-01	0.000000e+00	0.000000e+00	3.999998e-29	3.999998e-29	-9.446370e-10	-9.446370e-10	-3.395340e-05	0.000000e+00	0.000000e+00	1.699303e-05	-7.671421e-10	-9.446336e-10	9.446366e-10	9.446114e-10	3.877159e-06	9.446339e-10	-3.877159e-06	-1.699397e-05	0.000000e+00	0.000000e+00	-0.000000e+00	-0.000000e+00	-3.876391e-06	-4.380000e-16	3.876214e-06	1.699303e-05	9.446370e-10	9.446370e-10	-1.175424e-21	-4.691520e-20	1.308037e-05	-1.308226e-05	0.000000e+00
4.390000000000000e-01	7.999995e-01	7.999995e-01	3.508475e-01	3.508475e-01	5.669472e-02	4.390000e-01	8.000000e-01	0.000000e+00	0.000000e+00	3.999998e-29	3.999998e-29	-9.446370e-10	-9.446370e-10	-3.391858e-05	0.000000e+00	0.000000e+00	1.698611e-05	-7.636586e-10	-9.446336e-10	9.446366e-10	9.446107e-10	3.849254e-06	9.446340e-10	-3.849254e-06	-1.698706e-05	0.000000e+00	0.000000e+00	-0.000000e+00	-0.000000e+00	-3.848490e-06	-4.390000e-16	3.848309e-06	1.698611e-05	9.446370e-10	9.446370e-10	-1.175424e-21	-4.691520e-20	1.308037e-05	-1.308226e-05	0.000000e+00
4.400000000000000e-01	7.999995e-01	7.999995e-01	3.508475e-01	3.508475e-01	5.603596e-02	4.400000e-01	8.000000e-01	0.000000e+00	0.000000e+00	3.999998e-29	3.999998e-29	-9.446370e-10	-9.446370e-10	-3.388333e-05	0.000000e+00	0.000000e+00	1.697868e-05	-7.601502e-10	-9.446337e-10	9.446366e-10	9.446099e-10	3.821445e-06	9.446341e-10	-3.821445e-06	-1.697962e-05	0.000000e+00	0.000000e+00	-0.000000e+00	-0.000000e+00	-3.820685e-06	-4.400000e-16	3.820501e-06	1.697868e-05	9.446370e-10	9.446370e-10	9.836005e-21	-4.691520e-20	1.308037e-05	-1.308226e-05	0.000000e+00
4.410000000000000e-01	7.999995e-01	7.999995e-01	3.508475e-01	3.508475e-01	5.538514e-02	4.410000e-01	8.000000e-01	0.000000e+00	0.000000e+00	3.999998e-29	3.999998e-29	-9.446370e-10	-9.446370e-10	-3.384767e-05	0.000000e+00	0.000000e+00	1.697073e-05	-7.566173e-10	-9.446338e-10	9.446366e-10	9.446092e-10	3.793733e-06	9.446343e-10	-3.793733e-06	-1.697168e-05	0.000000e+00	0.000000e+00	-0.000000e+00	-0.000000e+00	-3.792976e-06	-4.410000e-16	3.792788e-06	1.697073e-05	9.446370e-10	9.446370e-10	-1.388092e-20	2.774984e-19	1.308037e-05	-1.308226e-05	0.000000e+00
4.420000000000000e-01	7.999995e-01	7.999995e-01	3.508475e-01	3.508475e-01	5.474213e-02	4.420000e-01	8.000000e-01	0.000000e+00	0.000000e+00	3.999998e-29	3.999998e-29	-9.446370e-10	-9.446370e-10	-3.381161e-05	0.000000e+00	0.000000e+00	1.696228e-05	-7.530604e-10	-9.446338e-10	9.446366e-10	9.446084e-10	3.766117e-06	9.446343e-10	-3.766117e-06	-1.696323e-05	0.000000e+00	0.000000e+00	-0.000000e+00	-0.000000e+00	-3.765364e-06	-4.420000e-16	3.765172e-06	1.696228e-05	9.446370e-10	9.446370e-10	-7.104654e-21	-4.691520e-20	1.308037e-05	-1.308226e-05	0.000000e+00
4.430000000000000e-01	7.999995e-01	7.999995e-01	3.508475e-01	3.508475e-01	5.410678e-02	4.430000e-01	8.000000e-01	0.000000e+00	0.000000e+00	3.999998e-29	3.999998e-29	-9.446370e-10	-9.446370e-10	-3.377515e-05	0.000000e+00	0.000000e+00	1.695334e-05	-7.494798e-10	-9.446339e-10	9.446366e-10	9.446075e-10	3.738598e-06	9.446344e-10	-3.738598e-06	-1.695429e-05	0.000000e+00	0.000000e+00	-0.000000e+00	-0.000000e+00	-3.737848e-06	-4.430000e-16	3.737653e-06	1.695334e-05	9.446370e-10	9.446370e-10	9.836005e-21	-4.691520e-20	1.308037e-05	-1.308226e-05	0.000000e+00
4.440000000000000e-01	7.999995e-01	7.999995e-01	3.508475e-01	3.508475e-01	5.347895e-02	4.440000e-01	8.000000e-01	0.000000e+00	0.000000e+00	3.999998e-29	3.999998e-29	-9.446370e-10	-9.446370e-10	-3.373829e-05	0.000000e+00	0.000000e+00	1.694391e-05	-7.458758e-10	-9.446339e-10	9.446366e-10	9.446067e-10	3.711175e-06	9.446344e-10	-3.711175e-06	-1.694485e-05	0.000000e+00	0.000000e+00	-0.000000e+00	-0.000000e+00	-3.710429e-06	-4.440000e-16	3.710230e-06	1.694391e-05	9.446370e-10	9.446370e-10	-7.104654e-21	-4.691520e-20	1.308037e-05	-1.308226e-05	0.000000e+00
4.450000000000000e-01	7.999995e-01	7.999995e-01	3.508475e-01	3.508475e-01	5.285853e-02	4.450000e-01	8.000000e-01	0.000000e+00	0.000000e+00	3.999998e-29	3.999998e-29	-9.446370e-10	-9.446370e-10	-3.370105e-05	0.000000e+00	0.000000e+00	1.693400e-05	-7.422489e-10	-9.446340e-10	9.446366e-10	9.446058e-10	3.683849e-06	9.446345e-10	-3.683849e-06	-1.693494e-05	0.000000e+00	0.000000e+00	-0.000000e+00	-0.000000e+00	-3.683107e-06	-4.450000e-16	3.682905e-06	1.693400e-05	9.446370e-10	9.446370e-10	-1.175424e-21	-4.691520e-20	1.308037e-05	-1.308226e-05	0.000000e+00
4.460000000000000e-01	7.999995e-01	7.999995e-01	3.508475e-01	3.508475e-01	5.224539e-02	4.460000e-01	8.000000e-01	0.000000e+00	0.000000e+00	3.999998e-29	3.999998e-29	-9.446370e-10	-9.446370e-10	-3.366344e-05	0.000000e+00	0.000000e+00	1.692361e-05	-7.385996e-10	-9.446341e-10	9.446366e-10	9.446049e-10	3.656620e-06	9.446346e-10	-3.656620e-06	-1.692456e-05	0.000000e+00	0.000000e+00	-0.000000e+00	-0.000000e+00	-3.655882e-06	-4.460000e-16	3.655676e-06	1.692361e-05	9.446370e-10	9.446370e-10	-1.175424e-21	-4.691520e-20	1.308037e-05	-1.308226e-05	0.000000e+00
4.470000000000000e-01	7.999995e-01	7.999995e-01	3.508475e-01	3.508475e-01	5.163939e-02	4.470000e-01	8.000000e-01	0.000000e+00	0.000000e+00	3.999998e-29	3.999998e-29	-9.446370e-10	-9.446370e-10	-3.362545e-05	0.000000e+00	0.000000e+00	1.691276e-05	-7.349282e-10	-9.446341e-10	9.446366e-10	9.446041e-10	3.629489e-06	9.446346e-10	-3.629489e-06	-1.691370e-05	0.000000e+00	0.000000e+00	-0.000000e+00	-0.000000e+00	-3.628754e-06	-4.470000e-16	3.628544e-06	1.691276e-05	9.446370e-10	9.446370e-10	9.836005e-21	-4.691520e-20	1.308037e-05	-1.308226e-05	0.000000e+00
4.480000000000000e-01	7.999995e-01	7.999995e-01	3.508475e-01	3.508475e-01	5.104044e-02	4.480000e-01	8.000000e-01	0.000000e+00	0.000000e+00	3.999998e-29	3.999998e-29	-9.446370e-10	-9.446370e-10	-3.358710e-05	0.000000e+00	0.000000e+00	1.690144e-05	-7.312352e-10	-9.446343e-10	9.446366e-10	9.446031e-10	3.602454e-06	9.446347e-10	-3.602454e-06	-1.690238e-05	0.000000e+00	0.000000e+00	-0.000000e+00	-0.000000e+00	-3.601723e-06	-4.480000e-16	3.601509e-06	1.690144e-05	9.446370e-10	9.446370e-10	-1.388092e-20	2.774984e-19	1.308037e-05	-1.308226e-05	0.000000e+00
4.490000000000000e-01	7.999995e-01	7.999995e-01	3.508475e-01	3.508475e-01	5.044840e-02	4.490000e-01	8.000000e-01	0.000000e+00	0.000000e+00	3.999998e-29	3.999998e-29	-9.446370e-10	-9.446370e-10	-3.354839e-05	0.000000e+00	0.000000e+00	1.688967e-05	-7.275209e-10	-9.446343e-10	9.446366e-10	9.446021e-10	3.575517e-06	9.446347e-10	-3.575517e-06	-1.689061e-05	0.000000e+00	0.000000e+00	-0.000000e+00	-0.000000e+00	-3.574789e-06	-4.490000e-16	3.574572e-06	1.688967e-05	9.446370e-10	9.446370e-10	-7.104654e-21	-4.691520e-20	1.308037e-05	-1.308226e-05	0.000000e+00
4.500000000000000e-01	7.999995e-01	7.999995e-01	3.508475e-01	3.508475e-01	4.986316e-02	4.500000e-01	8.000000e-01	0.000000e+00	0.000000e+00	3.999998e-29	3.999998e-29	-9.446370e-10	-9.446370e-10	-3.350933e-05	0.000000e+00	0.000000e+00	1.687745e-05	-7.237857e-10	-9.446344e-10	9.446366e-10	9.446011e-10	3.548677e-06	9.446348e-10	-3.548677e-06	-1.687839e-05	0.000000e+00	0.000000e+00	-0.000000e+00	-0.000000e+00	-3.547953e-06	-4.500000e-16	3.547732e-06	1.687745e-05	9.446370e-10	9.446370e-10	9.836005e-21	-4.691520e-20	1.308037e-05	-1.308226e-05	0.000000e+00
4.510000000000000e-01	7.999995e-01	7.999995e-01	3.508475e-01	3.508475e-01	4.928463e-02	4.510000e-01	8.000000e-01	0.000000e+00	0.000000e+00	3.999998e-29	3.999998e-29	-9.446370e-10	-9.446370e-10	-3.346993e-05	0.000000e+00	0.000000e+00	1.686479e-05	-7.200301e-10	-9.446344e-10	9.446366e-10	9.446001e-10	3.521934e-06	9.446348e-10	-3.521934e-06	-1.686573e-05	0.000000e+00	0.000000e+00	-0.000000e+00	-0.000000e+00	-3.521214e-06	-4.510000e-16	3.520990e-06	1.686479e-05	9.446370e-10	9.446370e-10	-7.104654e-21	-4.691520e-20	1.308037e-05	-1.308226e-05	0.000000e+00
4.520000000000000e-01	7.999995e-01	7.999995e-01	3.508475e-01	3.508475e-01	4.871267e-02	4.520000e-01	8.000000e-01	0.000000e+00	0.000000e+00	3.999998e-29	3.999998e-29	-9.446370e-10	-9.446370e-10	-3.343018e-05	0.000000e+00	0.000000e+00	1.685168e-05	-7.162546e-10	-9.446345e-10	9.446366e-10	9.445990e-10	3.495289e-06	9.446349e-10	-3.495289e-06	-1.685263e-05	0.000000e+00	0.000000e+00	-0.000000e+00	-0.000000e+00	-3.494573e-06	-4.520000e-16	3.494345e-06	1.685168e-05	9.446370e-10	9.446370e-10	-1.175424e-21	-4.691520e-20	1.308037e-05	-1.308226e-05	0.000000e+00
4.530000000000000e-01	7.999995e-01	7.999995e-01	3.508475e-01	3.508475e-01	4.814721e-02	4.530000e-01	8.000000e-01	0.000000e+00	0.000000e+00	3.999998e-29	3.999998e-29	-9.446370e-10	-9.446370e-10	-3.339010e-05	0.000000e+00	0.000000e+00	1.683815e-05	-7.124594e-10	-9.446345e-10	9.446366e-10	9.445978e-10	3.468742e-06	9.446349e-10	-3.468742e-06	-1.683910e-05	0.000000e+00	0.000000e+00	-0.000000e+00	-0.000000e+00	-3.468030e-06	-4.530000e-16	3.467798e-06	1.683815e-05	9.446370e-10	9.446370e-10	-1.175424e-21	-4.691520e-20	1.308037e-05	-1.308226e-05	0.000000e+00
4.540000000000000e-01	7.999995e-01	7.999995e-01	3.508475e-01	3.508475e-01	4.758812e-02	4.540000e-01	8.000000e-01	0.000000e+00	0.000000e+00	3.999998e-29	3.999998e-29	-9.446370e-10	-9.446370e-10	-3.334969e-05	0.000000e+00	0.000000e+00	1.682419e-05	-7.086450e-10	-9.446346e-10	9.446366e-10	9.445967e-10	3.442293e-06	9.446350e-10	-3.442293e-06	-1.682514e-05	0.000000e+00	0.000000e+00	-0.000000e+00	-0.000000e+00	-3.441584e-06	-4.540000e-16	3.441348e-06	1.682419e-05	9.446370e-10	9.446370e-10	9.836005e-21	-4.691520e-20	1.308037e-05	-1.308226e-05	0.000000e+00
4.550000000000000e-01	7.999995e-01	7.999995e-01	3.508475e-01	3.508475e-01	4.703532e-02	4.550000e-01	8.000000e-01	0.000000e+00	0.000000e+00	3.999998e-29	3.999998e-29	-9.446370e-10	-9.446370e-10	-3.330896e-05	0.000000e+00	0.000000e+00	1.680981e-05	-7.048119e-10	-9.446346e-10	9.446366e-10	9.445956e-10	3.415941e-06	9.446350e-10	-3.415941e-06	-1.681076e-05	0.000000e+00	0.000000e+00	-0.000000e+00	-0.000000e+00	-3.415237e-06	-4.550000e-16	3.414997e-06	1.680981e-05	9.446370e-10	9.446370e-10	-1.388092e-20	2.774984e-19	1.308037e-05	-1.308226e-05	0.000000e+00
4.560000000000000e-01	7.999995e-01	7.999995e-01	3.508475e-01	3.508475e-01	4.648870e-02	4.560000e-01	8.000000e-01	0.000000e+00	0.000000e+00	3.999998e-29	3.999998e-29	-9.446370e-10	-9.446370e-10	-3.326792e-05	0.000000e+00	0.000000e+00	1.679502e-05	-7.009605e-10	-9.446347e-10	9.446366e-10	9.445944e-10	3.389688e-06	9.446351e-10	-3.389688e-06	-1.679596e-05	0.000000e+00	0.000000e+00	-0.000000e+00	-0.000000e+00	-3.388987e-06	-4.560000e-16	3.388743e-06	1.679502e-05	9.446370e-10	9.446370e-10	-7.104654e-21	-4.691520e-20	1.308037e-05	-1.308226e-05	0.000000e+00
4.570000000000000e-01	7.999995e-01	7.999995e-01	3.508475e-01	3.508475e-01	4.594817e-02	4.570000e-01	8.000000e-01	0.000000e+00	0.000000e+00	3.999998e-29	3.999998e-29	-9.446370e-10	-9.446370e-10	-3.322655e-05	0.000000e+00	0.000000e+00	1.677981e-05	-6.970912e-10	-9.446347e-10	9.446366e-10	9.445932e-10	3.363532e-06	9.446351e-10	-3.363532e-06	-1.678076e-05	0.000000e+00	0.000000e+00	-0.000000e+00	-0.000000e+00	-3.362835e-06	-4.570000e-16	3.362587e-06	1.677981e-05	9.446370e-10	9.446370e-10	9.836005e-21	-4.691520e-20	1.308037e-05	-1.308226e-05	0.000000e+00
4.580000000000000e-01	7.999995e-01	7.999995e-01	3.508475e-01	3.508475e-01	4.541364e-02	4.580000e-01	8.000000e-01	0.000000e+00	0.000000e+00	3.999998e-29	3.999998e-29	-9.446370e-10	-9.446370e-10	-3.318489e-05	0.000000e+00	0.000000e+00	1.676420e-05	-6.932044e-10	-9.446347e-10	9.446366e-10	9.445918e-10	3.337475e-06	9.446353e-10	-3.337475e-06	-1.676515e-05	0.000000e+00	0.000000e+00	-0.000000e+00	-0.000000e+00	-3.336781e-06	-4.580000e-16	3.336530e-06	1.676420e-05	9.446370e-10	9.446370e-10	-7.104654e-21	-4.691520e-20	1.308037e-05	-1.308226e-05	0.000000e+00
4.590000000000000e-01	7.999995e-01	7.999995e-01	3.508475e-01	3.508475e-01	4.488502e-02	4.590000e-01	8.000000e-01	0.000000e+00	0.000000e+00	3.999998e-29	3.999998e-29	-9.446370e-10	-9.446370e-10	-3.314291e-05	0.000000e+00	0.000000e+00	1.674819e-05	-6.893006e-10	-9.446348e-10	9.446366e-10	9.445905e-10	3.311516e-06	9.446353e-10	-3.311516e-06	-1.674913e-05	0.000000e+00	0.000000e+00	-0.000000e+00	-0.000000e+00	-3.310826e-06	-4.590000e-16	3.310571e-06	1.674819e-05	9.446370e-10	9.446370e-10	-1.175424e-21	-4.691520e-20	1.308037e-05	-1.308226e-05	0.000000e+00
4.600000000000000e-01	7.999995e-01	7.999995e-01	3.508475e-01	3.508475e-01	4.436222e-02	4.600000e-01	8.000000e-01	0.000000e+00	0.000000e+00	3.999998e-29	3.999998e-29	-9.446370e-10	-9.446370e-10	-3.310064e-05	0.000000e+00	0.000000e+00	1.673178e-05	-6.853800e-10	-9.446348e-10	9.446366e-10	9.445892e-10	3.285655e-06	9.446353e-10	-3.285655e-06	-1.673273e-05	0.000000e+00	0.000000e+00	-0.000000e+00	-0.000000e+00	-3.284969e-06	-4.600000e-16	3.284710e-06	1.673178e-05	9.446370e-10	9.446370e-10	-1.175424e-21	-4.691520e-20	1.308037e-05	-1.308226e-05	0.000000e+00
4.610000000000000e-01	7.999995e-01	7.999995e-01	3.508475e-01	3.508475e-01	4.384516e-02	4.610000e-01	8.000000e-01	0.000000e+00	0.000000e+00	3.999998e-29	3.999998e-29	-9.446370e-10	-9.446370e-10	-3.305809e-05	0.000000e+00	0.000000e+00	1.671499e-05	-6.814434e-10	-9.446349e-10	9.446366e-10	9.445879e-10	3.259892e-06	9.446354e-10	-3.259892e-06	-1.671593e-05	0.000000e+00	0.000000e+00	-0.000000e+00	-0.000000e+00	-3.259211e-06	-4.610000e-16	3.258948e-06	1.671499e-05	9.446370e-10	9.446370e-10	9.836005e-21	-4.691520e-20	1.308037e-05	-1.308226e-05	0.000000e+00
4.620000000000000e-01	7.999995e-01	7.999995e-01	3.508475e-01	3.508475e-01	4.333374e-02	4.620000e-01	8.000000e-01	0.000000e+00	0.000000e+00	3.999998e-29	3.999998e-29	-9.446370e-10	-9.446370e-10	-3.301524e-05	0.000000e+00	0.000000e+00	1.669780e-05	-6.774909e-10	-9.446349e-10	9.446366e-10	9.445864e-10	3.234228e-06	9.446354e-10	-3.234228e-06	-1.669875e-05	0.000000e+00	0.000000e+00	-0.000000e+00	-0.000000e+00	-3.233551e-06	-4.620000e-16	3.233284e-06	1.669780e-05	9.446370e-10	9.446370e-10	-1.388092e-20	2.774984e-19	1.308037e-05	-1.308226e-05	0.000000e+00
4.630000000000000e-01	7.999995e-01	7.999995e-01	3.508475e-01	3.508475e-01	4.282790e-02	4.630000e-01	8.000000e-01	0.000000e+00	0.000000e+00	3.999998e-29	3.999998e-29	-9.446370e-10	-9.446370e-10	-3.297211e-05	0.000000e+00	0.000000e+00	1.668024e-05	-6.735231e-10	-9.446349e-10	9.446366e-10	9.445849e-10	3.208663e-06	9.446355e-10	-3.208663e-06	-1.668118e-05	0.000000e+00	0.000000e+00	-0.000000e+00	-0.000000e+00	-3.207989e-06	-4.630000e-16	3.207718e-06	1.668024e-05	9.446370e-10	9.446370e-10	-7.104654e-21	-4.691520e-20	1.308037e-05	-1.308226e-05	0.000000e+00
4.640000000000000e-01	7.999995e-01	7.999995e-01	3.508475e-01	3.508475e-01	4.232754e-02	4.640000e-01	8.000000e-01	0.000000e+00	0.000000e+00	3.999998e-29	3.999998e-29	-9.446370e-10	-9.446370e-10	-3.292870e-05	0.000000e+00	0.000000e+00	1.666229e-05	-6.695404e-10	-9.446350e-10	9.446366e-10	9.445834e-10	3.183196e-06	9.446355e-10	-3.183196e-06	-1.666324e-05	0.000000e+00	0.000000e+00	-0.000000e+00	-0.000000e+00	-3.182527e-06	-4.640000e-16	3.182252e-06	1.666229e-05	9.446370e-10	9.446370e-10	9.836005e-21	-4.691520e-20	1.308037e-05	-1.308226e-05	0.000000e+00
4.650000000000000e-01	7.999995e-01	7.999995e-01	3.508475e-01	3.508475e-01	4.183260e-02	4.650000e-01	8.000000e-01	0.000000e+00	0.000000e+00	3.999998e-29	3.999998e-29	-9.446370e-10	-9.446370e-10	-3.288501e-05	0.000000e+00	0.000000e+00	1.664398e-05	-6.655432e-10	-9.446350e-10	9.446366e-10	9.445819e-10	3.157828e-06	9.446355e-10	-3.157828e-06	-1.664492e-05	0.000000e+00	0.000000e+00	-0.000000e+00	-0.000000e+00	-3.157163e-06	-4.650000e-16	3.156884e-06	1.664398e-05	9.446370e-10	9.446370e-10	-7.104654e-21	-4.691520e-20	1.308037e-05	-1.308226e-05	0.000000e+00
4.660000000000000e-01	7.999995e-01	7.999995e-01	3.508475e-01	3.508475e-01	4.134298e-02	4.660000e-01	8.000000e-01	0.000000e+00	0.000000e+00	3.999998e-29	3.999998e-29	-9.446370e-10	-9.446370e-10	-3.284106e-05	0.000000e+00	0.000000e+00	1.662529e-05	-6.615319e-10	-9.446350e-10	9.446366e-10	9.445802e-10	3.132559e-06	9.446356e-10	-3.132559e-06	-1.662624e-05	0.000000e+00	0.000000e+00	-0.000000e+00	-0.000000e+00	-3.131898e-06	-4.660000e-16	3.131615e-06	1.662529e-05	9.446370e-10	9.446370e-10	-1.175424e-21	-4.691520e-20	1.308037e-05	-1.308226e-05	0.000000e+00
4.670000000000000e-01	7.999995e-01	7.999995e-01	3.508475e-01	3.508475e-01	4.085863e-02	4.670000e-01	8.000000e-01	0.000000e+00	0.000000e+00	3.999998e-29	3.999998e-29	-9.446370e-10	-9.446370e-10	-3.279684e-05	0.000000e+00	0.000000e+00	1.660624e-05	-6.575070e-10	-9.446351e-10	9.446366e-10	9.445785e-10	3.107389e-06	9.446356e-10	-3.107389e-06	-1.660719e-05	0.000000e+00	0.000000e+00	-0.000000e+00	-0.000000e+00	-3.106731e-06	-4.670000e-16	3.106444e-06	1.660624e-05	9.446370e-10	9.446370e-10	-1.175424e-21	-4.691520e-20	1.308037e-05	-1.308226e-05	0.000000e+00
4.680000000000000e-01	7.999995e-01	7.999995e-01	3.508475e-01	3.508475e-01	4.037946e-02	4.680000e-01	8.000000e-01	0.000000e+00	0.000000e+00	3.999998e-29	3.999998e-29	-9.446370e-10	-9.446370e-10	-3.275236e-05	0.000000e+00	0.000000e+00	1.658683e-05	-6.534689e-10	-9.446351e-10	9.446366e-10	9.445769e-10	3.082318e-06	9.446356e-10	-3.082318e-06	-1.658778e-05	0.000000e+00	0.000000e+00	-0.000000e+00	-0.000000e+00	-3.081664e-06	-4.680000e-16	3.081373e-06	1.658683e-05	9.446370e-10	9.446370e-10	9.836005e-21	-4.691520e-20	1.308037e-05	-1.308226e-05	0.000000e+00
4.690000000000000e-01	7.999995e-01	7.999995e-01	3.508475e-01	3.508475e-01	3.990541e-02	4.690000e-01	8.000000e-01	0.000000e+00	0.000000e+00	3.999998e-29	3.999998e-29	-9.446370e-10	-9.446370e-10	-3.270762e-05	0.000000e+00	0.000000e+00	1.656707e-05	-6.494180e-10	-9.446351e-10	9.446366e-10	9.445751e-10	3.057345e-06	9.446356e-10	-3.057345e-06	-1.656801e-05	0.000000e+00	0.000000e+00	-0.000000e+00	-0.000000e+00	-3.056696e-06	-4.690000e-16	3.056400e-06	1.656707e-05	9.446370e-10	9.446370e-10	-1.388092e-20	2.774984e-19	1.308037e-05	-1.308226e-05	0.000000e+00
4.700000000000000e-01	7.999995e-01	7.999995e-01	3.508475e-01	3.508475e-01	3.943641e-02	4.700000e-01	8.000000e-01	0.000000e+00	0.000000e+00	3.999998e-29	3.999998e-29	-9.446370e-10	-9.446370e-10	-3.266263e-05	0.000000e+00	0.000000e+00	1.654695e-05	-6.453547e-10	-9.446353e-10	9.446366e-10	9.445733e-10	3.032472e-06	9.446357e-10	-3.032472e-06	-1.654789e-05	0.000000e+00	0.000000e+00	-0.000000e+00	-0.000000e+00	-3.031827e-06	-4.700000e-16	3.031527e-06	1.654695e-05	9.446370e-10	9.446370e-10	-7.104654e-21	-4.691520e-20	1.308037e-05	-1.308226e-05	0.000000e+00
4.710000000000000e-01	7.999995e-01	7.999995e-01	3.508475e-01	3.508475e-01	3.897238e-02	4.710000e-01	8.000000e-01	0.000000e+00	0.000000e+00	3.999998e-29	3.999998e-29	-9.446370e-10	-9.446370e-10	-3.261738e-05	0.000000e+00	0.000000e+00	1.652648e-05	-6.412796e-10	-9.446353e-10	9.446366e-10	9.445714e-10	3.007698e-06	9.446357e-10	-3.007698e-06	-1.652742e-05	0.000000e+00	0.000000e+00	-0.000000e+00	-0.000000e+00	-3.007056e-06	-4.710000e-16	3.006753e-06	1.652648e-05	9.446370e-10	9.446370e-10	9.836005e-21	-4.691520e-20	1.308037e-05	-1.308226e-05	0.000000e+00
4.720000000000000e-01	7.999995e-01	7.999995e-01	3.508475e-01	3.508475e-01	3.851326e-02	4.720000e-01	8.000000e-01	0.000000e+00	0.000000e+00	3.999998e-29	3.999998e-29	-9.446370e-10	-9.446370e-10	-3.257189e-05	0.000000e+00	0.000000e+00	1.650566e-05	-6.371929e-10	-9.446353e-10	9.446366e-10	9.445695e-10	2.983023e-06	9.446357e-10	-2.983023e-06	-1.650661e-05	0.000000e+00	0.000000e+00	-0.000000e+00	-0.000000e+00	-2.982385e-06	-4.720000e-16	2.982078e-06	1.650566e-05	9.446370e-10	9.446370e-10	-7.104654e-21	-4.691520e-20	1.308037e-05	-1.308226e-05	0.000000e+00
4.730000000000000e-01	7.999995e-01	7.999995e-01	3.508475e-01	3.508475e-01	3.805898e-02	4.730000e-01	8.000000e-01	0.000000e+00	0.000000e+00	3.999998e-29	3.999998e-29	-9.446370e-10	-9.446370e-10	-3.252616e-05	0.000000e+00	0.000000e+00	1.648451e-05	-6.330952e-10	-9.446353e-10	9.446366e-10	9.445675e-10	2.958447e-06	9.446358e-10	-2.958447e-06	-1.648545e-05	0.000000e+00	0.000000e+00	-0.000000e+00	-0.000000e+00	-2.957814e-06	-4.730000e-16	2.957502e-06	1.648451e-05	9.446370e-10	9.446370e-10	-1.175424e-21	-4.691520e-20	1.308037e-05	-1.308226e-05	0.000000e+00
4.740000000000000e-01	7.999995e-01	7.999995e-01	3.508475e-01	3.508475e-01	3.760948e-02	4.740000e-01	8.000000e-01	0.000000e+00	0.000000e+00	3.999998e-29	3.999998e-29	-9.446370e-10	-9.446370e-10	-3.248019e-05	0.000000e+00	0.000000e+00	1.646302e-05	-6.289868e-10	-9.446354e-10	9.446366e-10	9.445655e-10	2.933971e-06	9.446358e-10	-2.933971e-06	-1.646396e-05	0.000000e+00	0.000000e+00	-0.000000e+00	-0.000000e+00	-2.933342e-06	-4.740000e-16	2.933026e-06	1.646302e-05	9.446370e-10	9.446370e-10	-1.175424e-21	-4.691520e-20	1.308037e-05	-1.308226e-05	0.000000e+00
4.750000000000000e-01	7.999995e-01	7.999995e-01	3.508475e-01	3.508475e-01	3.716470e-02	4.750000e-01	8.000000e-01	0.000000e+00	0.000000e+00	3.999998e-29	3.999998e-29	-9.446370e-10	-9.446370e-10	-3.243399e-05	0.000000e+00	0.000000e+00	1.644119e-05	-6.248682e-10	-9.446354e-10	9.446366e-10	9.445634e-10	2.909594e-06	9.446358e-10	-2.909594e-06	-1.644213e-05	0.000000e+00	0.000000e+00	-0.000000e+00	-0.000000e+00	-2.908969e-06	-4.750000e-16	2.908649e-06	1.644119e-05	9.446370e-10	9.446370e-10	9.836005e-21	-4.691520e-20	1.308037e-05	-1.308226e-05	0.000000e+00
4.760000000000000e-01	7.999995e-01	7.999995e-01	3.508475e-01	3.508475e-01	3.672458e-02	4.760000e-01	8.000000e-01	0.000000e+00	0.000000e+00	3.999998e-29	3.999998e-29	-9.446370e-10	-9.446370e-10	-3.238755e-05	0.000000e+00	0.000000e+00	1.641903e-05	-6.207398e-10	-9.446354e-10	9.446366e-10	9.445613e-10	2.885316e-06	9.446358e-10	-2.885316e-06	-1.641998e-05	0.000000e+00	0.000000e+00	-0.000000e+00	-0.000000e+00	-2.884696e-06	-4.760000e-16	2.884372e-06	1.641903e-05	9.446370e-10	9.446370e-10	-1.388092e-20	2.774984e-19	1.308037e-05	-1.308226e-05	0.000000e+00
4.770000000000000e-01	7.999995e-01	7.999995e-01	3.508475e-01	3.508475e-01	3.628905e-02	4.770000e-01	8.000000e-01	0.000000e+00	0.000000e+00	3.999998e-29	3.999998e-29	-9.446370e-10	-9.446370e-10	-3.234089e-05	0.000000e+00	0.000000e+00	1.639654e-05	-6.166021e-10	-9.446354e-10	9.446366e-10	9.445591e-10	2.861138e-06	9.446359e-10	-2.861138e-06	-1.639749e-05	0.000000e+00	0.000000e+00	-0.000000e+00	-0.000000e+00	-2.860522e-06	-4.770000e-16	2.860194e-06	1.639655e-05	9.446370e-10	9.446370e-10	-7.104654e-21	-4.691520e-20	1.308037e-05	-1.308226e-05	0.000000e+00
4.780000000000000e-01	7.999995e-01	7.999995e-01	3.508475e-01	3.508475e-01	3.585806e-02	4.780000e-01	8.000000e-01	0.000000e+00	0.000000e+00	3.999998e-29	3.999998e-29	-9.446370e-10	-9.446370e-10	-3.229400e-05	0.000000e+00	0.000000e+00	1.637373e-05	-6.124554e-10	-9.446355e-10	9.446366e-10	9.445568e-10	2.837060e-06	9.446359e-10	-2.837060e-06	-1.637468e-05	0.000000e+00	0.000000e+00	-0.000000e+00	-0.000000e+00	-2.836448e-06	-4.780000e-16	2.836116e-06	1.637373e-05	9.446370e-10	9.446370e-10	9.836005e-21	-4.691520e-20	1.308037e-05	-1.308226e-05	0.000000e+00
4.790000000000000e-01	7.999995e-01	7.999995e-01	3.508475e-01	3.508475e-01	3.543154e-02	4.790000e-01	8.000000e-01	0.000000e+00	0.000000e+00	3.999998e-29	3.999998e-29	-9.446370e-10	-9.446370e-10	-3.224689e-05	0.000000e+00	0.000000e+00	1.635060e-05	-6.083002e-10	-9.446355e-10	9.446366e-10	9.445544e-10	2.813081e-06	9.446359e-10	-2.813081e-06	-1.635155e-05	0.000000e+00	0.000000e+00	-0.000000e+00	-0.000000e+00	-2.812473e-06	-4.790000e-16	2.812137e-06	1.635060e-05	9.446370e-10	9.446370e-10	-7.104654e-21	-4.691520e-20	1.308037e-05	-1.308226e-05	0.000000e+00
4.800000000000000e-01	7.999995e-01	7.999995e-01	3.508475e-01	3.508475e-01	3.500944e-02	4.800000e-01	8.000000e-01	0.000000e+00	0.000000e+00	3.999998e-29	3.999998e-29	-9.446370e-10	-9.446370e-10	-3.219956e-05	0.000000e+00	0.000000e+00	1.632715e-05	-6.041370e-10	-9.446355e-10	9.446366e-10	9.445520e-10	2.789203e-06	9.446359e-10	-2.789203e-06	-1.632810e-05	0.000000e+00	0.000000e+00	-0.000000e+00	-0.000000e+00	-2.788598e-06	-4.800000e-16	2.788258e-06	1.632715e-05	9.446370e-10	9.446370e-10	-1.175424e-21	-4.691520e-20	1.308037e-05	-1.308226e-05	0.000000e+00
4.810000000000000e-01	7.999995e-01	7.999995e-01	3.508475e-01	3.508475e-01	3.459172e-02	4.810000e-01	8.000000e-01	0.000000e+00	0.000000e+00	3.999998e-29	3.999998e-29	-9.446370e-10	-9.446370e-10	-3.215202e-05	0.000000e+00	0.000000e+00	1.630339e-05	-5.999660e-10	-9.446355e-10	9.446366e-10	9.445495e-10	2.765423e-06	9.446360e-10	-2.765423e-06	-1.630434e-05	0.000000e+00	0.000000e+00	-0.000000e+00	-0.000000e+00	-2.764823e-06	-4.810000e-16	2.764479e-06	1.630339e-05	9.446370e-10	9.446370e-10	-1.175424e-21	-4.691520e-20	1.308037e-05	-1.308226e-05	0.000000e+00
4.820000000000000e-01	7.999995e-01	7.999995e-01	3.508475e-01	3.508475e-01	3.417830e-02	4.820000e-01	8.000000e-01	0.000000e+00	0.000000e+00	3.999998e-29	3.999998e-29	-9.446370e-10	-9.446370e-10	-3.210427e-05	0.000000e+00	0.000000e+00	1.627932e-05	-5.957878e-10	-9.446355e-10	9.446366e-10	9.445470e-10	2.741744e-06	9.446360e-10	-2.741744e-06	-1.628026e-05	0.000000e+00	0.000000e+00	-0.000000e+00	-0.000000e+00	-2.741148e-06	-4.820000e-16	2.740799e-06	1.627932e-05	9.446370e-10	9.446370e-10	9.836005e-21	-4.691520e-20	1.308037e-05	-1.308226e-05	0.000000e+00
4.830000000000000e-01	7.999995e-01	7.999995e-01	3.508475e-01	3.508475e-01	3.376914e-02	4.830000e-01	8.000000e-01	0.000000e+00	0.000000e+00	3.999998e-29	3.999998e-29	-9.446370e-10	-9.446370e-10	-3.205630e-05	0.000000e+00	0.000000e+00	1.625493e-05	-5.916027e-10	-9.446356e-10	9.446366e-10	9.445443e-10	2.718164e-06	9.446360e-10	-2.718164e-06	-1.625588e-05	0.000000e+00	0.000000e+00	-0.000000e+00	-0.000000e+00	-2.717573e-06	-4.830000e-16	2.717220e-06	1.625493e-05	9.446370e-10	9.446370e-10	-1.388092e-20	2.774984e-19	1.308037e-05	-1.308226e-05	0.000000e+00
4.840000000000000e-01	7.999995e-01	7.999995e-01	3.508475e-01	3.508475e-01	3.336418e-02	4.840000e-01	8.000000e-01	0.000000e+00	0.000000e+00	3.999998e-29	3.999998e-29	-9.446370e-10	-9.446370e-10	-3.200814e-05	0.000000e+00	0.000000e+00	1.623024e-05	-5.874112e-10	-9.446356e-10	9.446366e-10	9.445417e-10	2.694685e-06	9.446360e-10	-2.694685e-06	-1.623119e-05	0.000000e+00	0.000000e+00	-0.000000e+00	-0.000000e+00	-2.694097e-06	-4.840000e-16	2.693740e-06	1.623024e-05	9.446370e-10	9.446370e-10	-7.104654e-21	-4.691520e-20	1.308037e-05	-1.308226e-05	0.000000e+00
4.850000000000000e-01	7.999995e-01	7.999995e-01	3.508475e-01	3.508475e-01	3.296338e-02	4.850000e-01	8.000000e-01	0.000000e+00	0.000000e+00	3.999998e-29	3.999998e-29	-9.446370e-10	-9.446370e-10	-3.195976e-05	0.000000e+00	0.000000e+00	1.620525e-05	-5.832138e-10	-9.446356e-10	9.446366e-10	9.445389e-10	2.671305e-06	9.446360e-10	-2.671305e-06	-1.620620e-05	0.000000e+00	0.000000e+00	-0.000000e+00	-0.000000e+00	-2.670722e-06	-4.850000e-16	2.670361e-06	1.620525e-05	9.446370e-10	9.446370e-10	9.836005e-21	-4.691520e-20	1.308037e-05	-1.308226e-05	0.000000e+00
4.860000000000000e-01	7.999995e-01	7.999995e-01	3.508475e-01	3.508475e-01	3.256669e-02	4.860000e-01	8.000000e-01	0.000000e+00	0.000000e+00	3.999998e-29	3.999998e-29	-9.446370e-10	-9.446370e-10	-3.191119e-05	0.000000e+00	0.000000e+00	1.617996e-05	-5.790107e-10	-9.446356e-10	9.446366e-10	9.445360e-10	2.648025e-06	9.446361e-10	-2.648025e-06	-1.618091e-05	0.000000e+00	0.000000e+00	-0.000000e+00	-0.000000e+00	-2.647447e-06	-4.860000e-16	2.647081e-06	1.617996e-05	9.446370e-10	9.446370e-10	-7.104654e-21	-4.691520e-20	1.308037e-05	-1.308226e-05	0.000000e+00
4.870000000000000e-01	7.999995e-01	7.999995e-01	3.508475e-01	3.508475e-01	3.217404e-02	4.870000e-01	8.000000e-01	0.000000e+00	0.000000e+00	3.999998e-29	3.999998e-29	-9.446370e-10	-9.446370e-10	-3.186243e-05	0.000000e+00	0.000000e+00	1.615437e-05	-5.748024e-10	-9.446356e-10	9.446366e-10	9.445330e-10	2.624846e-06	9.446361e-10	-2.624846e-06	-1.615532e-05	0.000000e+00	0.000000e+00	-0.000000e+00	-0.000000e+00	-2.624271e-06	-4.870000e-16	2.623901e-06	1.615437e-05	9.446370e-10	9.446370e-10	-1.175424e-21	-4.691520e-20	1.308037e-05	-1.308226e-05	0.000000e+00
4.880000000000000e-01	7.999995e-01	7.999995e-01	3.508475e-01	3.508475e-01	3.178541e-02	4.880000e-01	8.000000e-01	0.000000e+00	0.000000e+00	3.999998e-29	3.999998e-29	-9.446370e-10	-9.446370e-10	-3.181347e-05	0.000000e+00	0.000000e+00	1.612849e-05	-5.705894e-10	-9.446357e-10	9.446366e-10	9.445299e-10	2.601766e-06	9.446361e-10	-2.601766e-06	-1.612944e-05	0.000000e+00	0.000000e+00	-0.000000e+00	-0.000000e+00	-2.601196e-06	-4.880000e-16	2.600822e-06	1.612849e-05	9.446370e-10	9.446370e-10	-1.175424e-21	-4.691520e-20	1.308037e-05	-1.308226e-05	0.000000e+00
4.890000000000000e-01	7.999995e-01	7.999995e-01	3.508475e-01	3.508475e-01	3.140073e-02	4.890000e-01	8.000000e-01	0.000000e+00	0.000000e+00	3.999998e-29	3.999998e-29	-9.446370e-10	-9.446370e-10	-3.176431e-05	0.000000e+00	0.000000e+00	1.610232e-05	-5.663721e-10	-9.446357e-10	9.446366e-10	9.445268e-10	2.578787e-06	9.446361e-10	-2.578787e-06	-1.610326e-05	0.000000e+00	0.000000e+00	-0.000000e+00	-0.000000e+00	-2.578221e-06	-4.890000e-16	2.577843e-06	1.610232e-05	9.446370e-10	9.446370e-10	9.836005e-21	-4.691520e-20	1.308037e-05	-1.308226e-05	0.000000e+00
4.900000000000000e-01	7.999995e-01	7.999995e-01	3.508475e-01	3.508475e-01	3.101996e-02	4.900000e-01	8.000000e-01	0.000000e+00	0.000000e+00	3.999998e-29	3.999998e-29	-9.446370e-10	-9.446370e-10	-3.171497e-05	0.000000e+00	0.000000e+00	1.607586e-05	-5.621508e-10	-9.446357e-10	9.446366e-10	9.445236e-10	2.555908e-06	9.446361e-10	-2.555908e-06	-1.607680e-05	0.000000e+00	0.000000e+00	-0.000000e+00	-0.000000e+00	-2.555346e-06	-4.900000e-16	2.554964e-06	1.607586e-05	9.446370e-10	9.446370e-10	-1.388092e-20	2.774984e-19	1.308037e-05	-1.308226e-05	0.000000e+00
4.910000000000000e-01	7.999995e-01	7.999995e-01	3.508475e-01	3.508475e-01	3.064306e-02	4.910000e-01	8.000000e-01	0.000000e+00	0.000000e+00	3.999998e-29	3.999998e-29	-9.446370e-10	-9.446370e-10	-3.166544e-05	0.000000e+00	0.000000e+00	1.604911e-05	-5.579259e-10	-9.446357e-10	9.446366e-10	9.445202e-10	2.533129e-06	9.446363e-10	-2.533129e-06	-1.605005e-05	0.000000e+00	0.000000e+00	-0.000000e+00	-0.000000e+00	-2.532571e-06	-4.910000e-16	2.532185e-06	1.604911e-05	9.446370e-10	9.446370e-10	-7.104654e-21	-4.691520e-20	1.308037e-05	-1.308226e-05	0.000000e+00
4.920000000000000e-01	7.999995e-01	7.999995e-01	3.508475e-01	3.508475e-01	3.026998e-02	4.920000e-01	8.000000e-01	0.000000e+00	0.000000e+00	3.999998e-29	3.999998e-29	-9.446370e-10	-9.446370e-10	-3.161573e-05	0.000000e+00	0.000000e+00	1.602208e-05	-5.536979e-10	-9.446357e-10	9.446366e-10	9.445168e-10	2.510451e-06	9.446363e-10	-2.510451e-06	-1.602302e-05	0.000000e+00	0.000000e+00	-0.000000e+00	-0.000000e+00	-2.509897e-06	-4.920000e-16	2.509506e-06	1.602208e-05	9.446370e-10	9.446370e-10	9.836005e-21	-4.691520e-20	1.308037e-05	-1.308226e-05	0.000000e+00
4.930000000000000e-01	7.999995e-01	7.999995e-01	3.508475e-01	3.508475e-01	2.990067e-02	4.930000e-01	8.000000e-01	0.000000e+00	0.000000e+00	3.999998e-29	3.999998e-29	-9.446370e-10	-9.446370e-10	-3.156584e-05	0.000000e+00	0.000000e+00	1.599476e-05	-5.494672e-10	-9.446357e-10	9.446366e-10	9.445132e-10	2.487873e-06	9.446363e-10	-2.487873e-06	-1.599571e-05	0.000000e+00	0.000000e+00	-0.000000e+00	-0.000000e+00	-2.487323e-06	-4.930000e-16	2.486928e-06	1.599476e-05	9.446370e-10	9.446370e-10	-7.104654e-21	-4.691520e-20	1.308037e-05	-1.308226e-05	0.000000e+00
4.940000000000000e-01	7.999995e-01	7.999995e-01	3.508475e-01	3.508475e-01	2.953510e-02	4.940000e-01	8.000000e-01	0.000000e+00	0.000000e+00	3.999998e-29	3.999998e-29	-9.446370e-10	-9.446370e-10	-3.151577e-05	0.000000e+00	0.000000e+00	1.596717e-05	-5.452342e-10	-9.446358e-10	9.446366e-10	9.445097e-10	2.465395e-06	9.446363e-10	-2.465395e-06	-1.596812e-05	0.000000e+00	0.000000e+00	-0.000000e+00	-0.000000e+00	-2.464850e-06	-4.940000e-16	2.464451e-06	1.596717e-05	9.446370e-10	9.446370e-10	-1.175424e-21	-4.691520e-20	1.308037e-05	-1.308226e-05	0.000000e+00
4.950000000000000e-01	7.999995e-01	7.999995e-01	3.508475e-01	3.508475e-01	2.917322e-02	4.950000e-01	8.000000e-01	0.000000e+00	0.000000e+00	3.999998e-29	3.999998e-29	-9.446370e-10	-9.446370e-10	-3.146553e-05	0.000000e+00	0.000000e+00	1.593931e-05	-5.409993e-10	-9.446358e-10	9.446366e-10	9.445059e-10	2.443018e-06	9.446363e-10	-2.443018e-06	-1.594025e-05	0.000000e+00	0.000000e+00	-0.000000e+00	-0.000000e+00	-2.442477e-06	-4.950000e-16	2.442073e-06	1.593931e-05	9.446370e-10	9.446370e-10	-1.175424e-21	-4.691520e-20	1.308037e-05	-1.308226e-05	0.000000e+00
4.960000000000000e-01	7.999995e-01	7.999995e-01	3.508475e-01	3.508475e-01	2.881499e-02	4.960000e-01	8.000000e-01	0.000000e+00	0.000000e+00	3.999998e-29	3.999998e-29	-9.446370e-10	-9.446370e-10	-3.141511e-05	0.000000e+00	0.000000e+00	1.591117e-05	-5.367628e-10	-9.446358e-10	9.446366e-10	9.445020e-10	2.420741e-06	9.446363e-10	-2.420741e-06	-1.591211e-05	0.000000e+00	0.000000e+00	-0.000000e+00	-0.000000e+00	-2.420204e-06	-4.960000e-16	2.419796e-06	1.591117e-05	9.446370e-10	9.446370e-10	9.836005e-21	-4.691520e-20	1.308037e-05	-1.308226e-05	0.000000e+00
4.970000000000000e-01	7.999995e-01	7.999995e-01	3.508475e-01	3.508475e-01	2.846036e-02	4.970000e-01	8.000000e-01	0.000000e+00	0.000000e+00	3.999998e-29	3.999998e-29	-9.446370e-10	-9.446370e-10	-3.136453e-05	0.000000e+00	0.000000e+00	1.588275e-05	-5.325252e-10	-9.446358e-10	9.446366e-10	9.444981e-10	2.398565e-06	9.446363e-10	-2.398565e-06	-1.588370e-05	0.000000e+00	0.000000e+00	-0.000000e+00	-0.000000e+00	-2.398032e-06	-4.970000e-16	2.397620e-06	1.588275e-05	9.446370e-10	9.446370e-10	-1.388092e-20	2.774984e-19	1.308037e-05	-1.308226e-05	0.000000e+00
4.980000000000000e-01	7.999995e-01	7.999995e-01	3.508475e-01	3.508475e-01	2.810930e-02	4.980000e-01	8.000000e-01	0.000000e+00	0.000000e+00	3.999998e-29	3.999998e-29	-9.446370e-10	-9.446370e-10	-3.131377e-05	0.000000e+00	0.000000e+00	1.585407e-05	-5.282869e-10	-9.446358e-10	9.446366e-10	9.444940e-10	2.376489e-06	9.446364e-10	-2.376489e-06	-1.585502e-05	0.000000e+00	0.000000e+00	-0.000000e+00	-0.000000e+00	-2.375961e-06	-4.980000e-16	2.375544e-06	1.585407e-05	9.446370e-10	9.446370e-10	-7.104654e-21	-4.691520e-20	1.308037e-05	-1.308226e-05	0.000000e+00
4.990000000000000e-01	7.999995e-01	7.999995e-01	3.508475e-01	3.508475e-01	2.776177e-02	4.990000e-01	8.000000e-01	0.000000e+00	0.000000e+00	3.999998e-29	3.999998e-29	-9.446370e-10	-9.446370e-10	-3.126285e-05	0.000000e+00	0.000000e+00	1.582513e-05	-5.240481e-10	-9.446358e-10	9.446366e-10	9.444898e-10	2.354514e-06	9.446364e-10	-2.354514e-06	-1.582607e-05	0.000000e+00	0.000000e+00	-0.000000e+00	-0.000000e+00	-2.353990e-06	-4.990000e-16	2.353569e-06	1.582513e-05	9.446370e-10	9.446370e-10	9.836005e-21	-4.691520e-20	1.308037e-05	-1.308226e-05	0.000000e+00
5.000000000000000e-01	7.999995e-01	7.999995e-01	3.508475e-01	3.508475e-01	2.741773e-02	5.000000e-01	8.000000e-01	0.000000e+00	0.000000e+00	3.999998e-29	3.999998e-29	-9.446370e-10	-9.446370e-10	-3.121176e-05	0.000000e+00	0.000000e+00	1.579591e-05	-5.198095e-10	-9.446358e-10	9.446366e-10	9.444855e-10	2.332640e-06	9.446364e-10	-2.332640e-06	-1.579686e-05	0.000000e+00	0.000000e+00	-0.000000e+00	-0.000000e+00	-2.332120e-06	-5.000000e-16	2.331695e-06	1.579592e-05	9.446370e-10	9.446370e-10	-7.104654e-21	-4.691520e-20	1.308037e-05	-1.308226e-05	0.000000e+00
5.010000000000000e-01	7.999995e-01	7.999995e-01	3.508475e-01	3.508475e-01	2.707714e-02	5.010000e-01	8.000000e-01	0.000000e+00	0.000000e+00	3.999998e-29	3.999998e-29	-9.446370e-10	-9.446370e-10	-3.116052e-05	0.000000e+00	0.000000e+00	1.576644e-05	-5.155713e-10	-9.446359e-10	9.446366e-10	9.444810e-10	2.310866e-06	9.446364e-10	-2.310866e-06	-1.576739e-05	0.000000e+00	0.000000e+00	-0.000000e+00	-0.000000e+00	-2.310350e-06	-5.010000e-16	2.309921e-06	1.576644e-05	9.446370e-10	9.446370e-10	-1.175424e-21	-4.691520e-20	1.308037e-05	-1.308226e-05	0.000000e+00
5.020000000000000e-01	7.999995e-01	7.999995e-01	3.508475e-01	3.508475e-01	2.673996e-02	5.020000e-01	8.000000e-01	0.000000e+00	0.000000e+00	3.999998e-29	3.999998e-29	-9.446370e-10	-9.446370e-10	-3.110911e-05	0.000000e+00	0.000000e+00	1.573671e-05	-5.113339e-10	-9.446359e-10	9.446366e-10	9.444765e-10	2.289193e-06	9.446364e-10	-2.289193e-06	-1.573765e-05	0.000000e+00	0.000000e+00	-0.000000e+00	-0.000000e+00	-2.288682e-06	-5.020000e-16	2.288248e-06	1.573671e-05	9.446370e-10	9.446370e-10	-1.175424e-21	-4.691520e-20	1.308037e-05	-1.308226e-05	0.000000e+00
5.030000000000000e-01	7.999995e-01	7.999995e-01	3.508475e-01	3.508475e-01	2.640616e-02	5.030000e-01	8.000000e-01	0.000000e+00	0.000000e+00	3.999998e-29	3.999998e-29	-9.446370e-10	-9.446370e-10	-3.105755e-05	0.000000e+00	0.000000e+00	1.570672e-05	-5.070976e-10	-9.446359e-10	9.446366e-10	9.444717e-10	2.267621e-06	9.446364e-10	-2.267621e-06	-1.570766e-05	0.000000e+00	0.000000e+00	-0.000000e+00	-0.000000e+00	-2.267114e-06	-5.030000e-16	2.266676e-06	1.570672e-05	9.446370e-10	9.446370e-10	9.836005e-21	-4.691520e-20	1.308037e-05	-1.308226e-05	0.000000e+00
5.040000000000000e-01	7.999995e-01	7.999995e-01	3.508475e-01	3.508475e-01	2.607569e-02	5.040000e-01	8.000000e-01	0.000000e+00	0.000000e+00	3.999998e-29	3.999998e-29	-9.446370e-10	-9.446370e-10	-3.100583e-05	0.000000e+00	0.000000e+00	1.567647e-05	-5.028630e-10	-9.446359e-10	9.446366e-10	9.444668e-10	2.246149e-06	9.446364e-10	-2.246149e-06	-1.567742e-05	0.000000e+00	0.000000e+00	-0.000000e+00	-0.000000e+00	-2.245646e-06	-5.040000e-16	2.245205e-06	1.567647e-05	9.446370e-10	9.446370e-10	-1.388092e-20	2.774984e-19	1.308037e-05	-1.308226e-05	0.000000e+00
5.050000000000000e-01	7.999995e-01	7.999995e-01	3.508475e-01	3.508475e-01	2.574853e-02	5.050000e-01	8.000000e-01	0.000000e+00	0.000000e+00	3.999998e-29	3.999998e-29	-9.446370e-10	-9.446370e-10	-3.095396e-05	0.000000e+00	0.000000e+00	1.564597e-05	-4.986304e-10	-9.446359e-10	9.446366e-10	9.444618e-10	2.224779e-06	9.446365e-10	-2.224779e-06	-1.564692e-05	0.000000e+00	0.000000e+00	-0.000000e+00	-0.000000e+00	-2.224280e-06	-5.050000e-16	2.223834e-06	1.564597e-05	9.446370e-10	9.446370e-10	-7.104654e-21	-4.691520e-20	1.308037e-05	-1.308226e-05	0.000000e+00
5.060000000000000e-01	7.999995e-01	7.999995e-01	3.508475e-01	3.508475e-01	2.542463e-02	5.060000e-01	8.000000e-01	0.000000e+00	0.000000e+00	3.999998e-29	3.999998e-29	-9.446370e-10	-9.446370e-10	-3.090194e-05	0.000000e+00	0.000000e+00	1.561522e-05	-4.944000e-10	-9.446359e-10	9.446366e-10	9.444567e-10	2.203509e-06	9.446365e-10	-2.203509e-06	-1.561617e-05	0.000000e+00	0.000000e+00	-0.000000e+00	-0.000000e+00	-2.203015e-06	-5.060000e-16	2.202564e-06	1.561522e-05	9.446370e-10	9.446370e-10	9.836005e-21	-4.691520e-20	1.308037e-05	-1.308226e-05	0.000000e+00
5.070000000000000e-01	7.999995e-01	7.999995e-01	3.508475e-01	3.508475e-01	2.510397e-02	5.070000e-01	8.000000e-01	0.000000e+00	0.000000e+00	3.999998e-29	3.999998e-29	-9.446370e-10	-9.446370e-10	-3.084977e-05	0.000000e+00	0.000000e+00	1.558422e-05	-4.901724e-10	-9.446359e-10	9.446366e-10	9.444514e-10	2.182340e-06	9.446365e-10	-2.182340e-06	-1.558517e-05	0.000000e+00	0.000000e+00	-0.000000e+00	-0.000000e+00	-2.181850e-06	-5.070000e-16	2.181396e-06	1.558422e-05	9.446370e-10	9.446370e-10	-7.104654e-21	-4.691520e-20	1.308037e-05	-1.308226e-05	0.000000e+00
5.080000000000000e-01	7.999995e-01	7.999995e-01	3.508475e-01	3.508475e-01	2.478651e-02	5.080000e-01	8.000000e-01	0.000000e+00	0.000000e+00	3.999998e-29	3.999998e-29	-9.446370e-10	-9.446370e-10	-3.079746e-05	0.000000e+00	0.000000e+00	1.555298e-05	-4.859478e-10	-9.446359e-10	9.446366e-10	9.444460e-10	2.161272e-06	9.446365e-10	-2.161272e-06	-1.555392e-05	0.000000e+00	0.000000e+00	-0.000000e+00	-0.000000e+00	-2.160786e-06	-5.080000e-16	2.160328e-06	1.555298e-05	9.446370e-10	9.446370e-10	-1.175424e-21	-4.691520e-20	1.308037e-05	-1.308226e-05	0.000000e+00
5.090000000000000e-01	7.999995e-01	7.999995e-01	3.508475e-01	3.508475e-01	2.447222e-02	5.090000e-01	8.000000e-01	0.000000e+00	0.000000e+00	3.999998e-29	3.999998e-29	-9.446370e-10	-9.446370e-10	-3.074500e-05	0.000000e+00	0.000000e+00	1.552148e-05	-4.817268e-10	-9.446359e-10	9.446366e-10	9.444403e-10	2.140305e-06	9.446365e-10	-2.140305e-06	-1.552243e-05	0.000000e+00	0.000000e+00	-0.000000e+00	-0.000000e+00	-2.139824e-06	-5.090000e-16	2.139361e-06	1.552148e-05	9.446370e-10	9.446370e-10	-1.175424e-21	-4.691520e-20	1.308037e-05	-1.308226e-05	0.000000e+00
5.100000000000000e-01	7.999995e-01	7.999995e-01	3.508475e-01	3.508475e-01	2.416105e-02	5.100000e-01	8.000000e-01	0.000000e+00	0.000000e+00	3.999998e-29	3.999998e-29	-9.446370e-10	-9.446370e-10	-3.069239e-05	0.000000e+00	0.000000e+00	1.548975e-05	-4.775095e-10	-9.446360e-10	9.446366e-10	9.444345e-10	2.119440e-06	9.446365e-10	-2.119440e-06	-1.549069e-05	0.000000e+00	0.000000e+00	-0.000000e+00	-0.000000e+00	-2.118962e-06	-5.100000e-16	2.118495e-06	1.548975e-05	9.446370e-10	9.446370e-10	9.836005e-21	-4.691520e-20	1.308037e-05	-1.308226e-05	0.000000e+00
5.110000000000000e-01	7.999995e-01	7.999995e-01	3.508475e-01	3.508475e-01	2.385299e-02	5.110000e-01	8.000000e-01	0.000000e+00	0.000000e+00	3.999998e-29	3.999998e-29	-9.446370e-10	-9.446370e-10	-3.063965e-05	0.000000e+00	0.000000e+00	1.545777e-05	-4.732963e-10	-9.446360e-10	9.446366e-10	9.444285e-10	2.098675e-06	9.446365e-10	-2.098675e-06	-1.545871e-05	0.000000e+00	0.000000e+00	-0.000000e+00	-0.000000e+00	-2.098202e-06	-5.110000e-16	2.097730e-06	1.545777e-05	9.446370e-10	9.446370e-10	-1.388092e-20	2.774984e-19	1.308037e-05	-1.308226e-05	0.000000e+00
5.120000000000000e-01	7.999995e-01	7.999995e-01	3.508475e-01	3.508475e-01	2.354800e-02	5.120000e-01	8.000000e-01	0.000000e+00	0.000000e+00	3.999998e-29	3.999998e-29	-9.446370e-10	-9.446370e-10	-3.058677e-05	0.000000e+00	0.000000e+00	1.542555e-05	-4.690878e-10	-9.446360e-10	9.446366e-10	9.444224e-10	2.078011e-06	9.446365e-10	-2.078011e-06	-1.542650e-05	0.000000e+00	0.000000e+00	-0.000000e+00	-0.000000e+00	-2.077542e-06	-5.120000e-16	2.077066e-06	1.542555e-05	9.446370e-10	9.446370e-10	-7.104654e-21	-4.691520e-20	1.308037e-05	-1.308226e-05	0.000000e+00
5.130000000000000e-01	7.999995e-01	7.999995e-01	3.508475e-01	3.508475e-01	2.324604e-02	5.130000e-01	8.000000e-01	0.000000e+00	0.000000e+00	3.999998e-29	3.999998e-29	-9.446370e-10	-9.446370e-10	-3.053375e-05	0.000000e+00	0.000000e+00	1.539310e-05	-4.648841e-10	-9.446360e-10	9.446366e-10	9.444161e-10	2.057448e-06	9.446365e-10	-2.057448e-06	-1.539404e-05	0.000000e+00	0.000000e+00	-0.000000e+00	-0.000000e+00	-2.056984e-06	-5.130000e-16	2.056504e-06	1.539310e-05	9.446370e-10	9.446370e-10	9.836005e-21	-4.691520e-20	1.308037e-05	-1.308226e-05	0.000000e+00
5.140000000000000e-01	7.999995e-01	7.999995e-01	3.508475e-01	3.508475e-01	2.294709e-02	5.140000e-01	8.000000e-01	0.000000e+00	0.000000e+00	3.999998e-29	3.999998e-29	-9.446370e-10	-9.446370e-10	-3.048060e-05	0.000000e+00	0.000000e+00	1.536041e-05	-4.606856e-10	-9.446360e-10	9.446366e-10	9.444096e-10	2.036987e-06	9.446365e-10	-2.036987e-06	-1.536135e-05	0.000000e+00	0.000000e+00	-0.000000e+00	-0.000000e+00	-2.036526e-06	-5.140000e-16	2.036042e-06	1.536041e-05	9.446370e-10	9.446370e-10	-7.104654e-21	-4.691520e-20	1.308037e-05	-1.308226e-05	0.000000e+00
5.150000000000000e-01	7.999995e-01	7.999995e-01	3.508475e-01	3.508475e-01	2.265112e-02	5.150000e-01	8.000000e-01	0.000000e+00	0.000000e+00	3.999998e-29	3.999998e-29	-9.446370e-10	-9.446370e-10	-3.042732e-05	0.000000e+00	0.000000e+00	1.532748e-05	-4.564928e-10	-9.446360e-10	9.446366e-10	9.444029e-10	2.016627e-06	9.446366e-10	-2.016627e-06	-1.532843e-05	0.000000e+00	0.000000e+00	-0.000000e+00	-0.000000e+00	-2.016170e-06	-5.150000e-16	2.015682e-06	1.532748e-05	9.446370e-10	9.446370e-10	-1.175424e-21	-4.691520e-20	1.308037e-05	-1.308226e-05	0.000000e+00
5.160000000000000e-01	7.999995e-01	7.999995e-01	3.508475e-01	3.508475e-01	2.235809e-02	5.160000e-01	8.000000e-01	0.000000e+00	0.000000e+00	3.999998e-29	3.999998e-29	-9.446370e-10	-9.446370e-10	-3.037390e-05	0.000000e+00	0.000000e+00	1.529432e-05	-4.523059e-10	-9.446360e-10	9.446366e-10	9.443960e-10	1.996368e-06	9.446366e-10	-1.996368e-06	-1.529527e-05	0.000000e+00	0.000000e+00	-0.000000e+00	-0.000000e+00	-1.995915e-06	-5.160000e-16	1.995423e-06	1.529433e-05	9.446370e-10	9.446370e-10	-1.175424e-21	-4.691520e-20	1.308037e-05	-1.308226e-05	0.000000e+00
5.170000000000000e-01	7.999995e-01	7.999995e-01	3.508475e-01	3.508475e-01	2.206798e-02	5.170000e-01	8.000000e-01	0.000000e+00	0.000000e+00	3.999998e-29	3.999998e-29	-9.446370e-10	-9.446370e-10	-3.032036e-05	0.000000e+00	0.000000e+00	1.526094e-05	-4.481253e-10	-9.446360e-10	9.446366e-10	9.443889e-10	1.976210e-06	9.446366e-10	-1.976210e-06	-1.526188e-05	0.000000e+00	0.000000e+00	-0.000000e+00	-0.000000e+00	-1.975762e-06	-5.170000e-16	1.975265e-06	1.526094e-05	9.446370e-10	9.446370e-10	9.836005e-21	-4.691520e-20	1.308037e-05	-1.308226e-05	0.000000e+00
5.180000000000000e-01	7.999995e-01	7.999995e-01	3.508475e-01	3.508475e-01	2.178076e-02	5.180000e-01	8.000000e-01	0.000000e+00	0.000000e+00	3.999998e-29	3.999998e-29	-9.446370e-10	-9.446370e-10	-3.026668e-05	0.000000e+00	0.000000e+00	1.522732e-05	-4.439514e-10	-9.446360e-10	9.446366e-10	9.443816e-10	1.956153e-06	9.446366e-10	-1.956153e-06	-1.522827e-05	0.000000e+00	0.000000e+00	-0.000000e+00	-0.000000e+00	-1.955709e-06	-5.180000e-16	1.955209e-06	1.522732e-05	9.446370e-10	9.446370e-10	-1.388092e-20	2.774984e-19	1.308037e-05	-1.308226e-05	0.000000e+00
5.190000000000000e-01	7.999995e-01	7.999995e-01	3.508475e-01	3.508475e-01	2.149640e-02	5.190000e-01	8.000000e-01	0.000000e+00	0.000000e+00	3.999998e-29	3.999998e-29	-9.446370e-10	-9.446370e-10	-3.021288e-05	0.000000e+00	0.000000e+00	1.519348e-05	-4.397844e-10	-9.446360e-10	9.446366e-10	9.443740e-10	1.936198e-06	9.446366e-10	-1.936198e-06	-1.519442e-05	0.000000e+00	0.000000e+00	-0.000000e+00	-0.000000e+00	-1.935758e-06	-5.190000e-16	1.935254e-06	1.519348e-05	9.446370e-10	9.446370e-10	-7.104654e-21	-4.691520e-20	1.308037e-05	-1.308226e-05	0.000000e+00
5.200000000000000e-01	7.999995e-01	7.999995e-01	3.508475e-01	3.508475e-01	2.121486e-02	5.200000e-01	8.000000e-01	0.000000e+00	0.000000e+00	3.999998e-29	3.999998e-29	-9.446370e-10	-9.446370e-10	-3.015896e-05	0.000000e+00	0.000000e+00	1.515941e-05	-4.356248e-10	-9.446360e-10	9.446366e-10	9.443663e-10	1.916344e-06	9.446366e-10	-1.916344e-06	-1.516035e-05	0.000000e+00	0.000000e+00	-0.000000e+00	-0.000000e+00	-1.915909e-06	-5.200000e-16	1.915399e-06	1.515941e-05	9.446370e-10	9.446370e-10	9.836005e-21	-4.691520e-20	1.308037e-05	-1.308226e-05	0.000000e+00
5.210000000000000e-01	7.999995e-01	7.999995e-01	3.508475e-01	3.508475e-01	2.093614e-02	5.210000e-01	8.000000e-01	0.000000e+00	0.000000e+00	3.999998e-29	3.999998e-29	-9.446370e-10	-9.446370e-10	-3.010492e-05	0.000000e+00	0.000000e+00	1.512512e-05	-4.314728e-10	-9.446360e-10	9.446366e-10	9.443583e-10	1.896592e-06	9.446366e-10	-1.896592e-06	-1.512606e-05	0.000000e+00	0.000000e+00	-0.000000e+00	-0.000000e+00	-1.896160e-06	-5.210000e-16	1.895647e-06	1.512512e-05	9.446370e-10	9.446370e-10	-7.104654e-21	-4.691520e-20	1.308037e-05	-1.308226e-05	0.000000e+00
5.220000000000000e-01	7.999995e-01	7.999995e-01	3.508475e-01	3.508475e-01	2.066018e-02	5.220000e-01	8.000000e-01	0.000000e+00	0.000000e+00	3.999998e-29	3.999998e-29	-9.446370e-10	-9.446370e-10	-3.005075e-05	0.000000e+00	0.000000e+00	1.509060e-05	-4.273288e-10	-9.446360e-10	9.446366e-10	9.443500e-10	1.876940e-06	9.446366e-10	-1.876940e-06	-1.509155e-05	0.000000e+00	0.000000e+00	-0.000000e+00	-0.000000e+00	-1.876513e-06	-5.220000e-16	1.875996e-06	1.509060e-05	9.446370e-10	9.446370e-10	-1.175424e-21	-4.691520e-20	1.308037e-05	-1.308226e-05	0.000000e+00
5.230000000000000e-01	7.999995e-01	7.999995e-01	3.508475e-01	3.508475e-01	2.038698e-02	5.230000e-01	8.000000e-01	0.000000e+00	0.000000e+00	3.999998e-29	3.999998e-29	-9.446370e-10	-9.446370e-10	-2.999646e-05	0.000000e+00	0.000000e+00	1.505587e-05	-4.231932e-10	-9.446361e-10	9.446366e-10	9.443416e-10	1.857391e-06	9.446366e-10	-1.857391e-06	-1.505681e-05	0.000000e+00	0.000000e+00	-0.000000e+00	-0.000000e+00	-1.856968e-06	-5.230000e-16	1.856446e-06	1.505587e-05	9.446370e-10	9.446370e-10	-1.175424e-21	-4.691520e-20	1.308037e-05	-1.308226e-05	0.000000e+00
5.240000000000000e-01	7.999995e-01	7.999995e-01	3.508475e-01	3.508475e-01	2.011650e-02	5.240000e-01	8.000000e-01	0.000000e+00	0.000000e+00	3.999998e-29	3.999998e-29	-9.446370e-10	-9.446370e-10	-2.994206e-05	0.000000e+00	0.000000e+00	1.502091e-05	-4.190662e-10	-9.446361e-10	9.446366e-10	9.443329e-10	1.837942e-06	9.446366e-10	-1.837942e-06	-1.502186e-05	0.000000e+00	0.000000e+00	-0.000000e+00	-0.000000e+00	-1.837523e-06	-5.240000e-16	1.836998e-06	1.502091e-05	9.446370e-10	9.446370e-10	9.836005e-21	-4.691520e-20	1.308037e-05	-1.308226e-05	0.000000e+00
5.250000000000000e-01	7.999995e-01	7.999995e-01	3.508475e-01	3.508475e-01	1.984871e-02	5.250000e-01	8.000000e-01	0.000000e+00	0.000000e+00	3.999998e-29	3.999998e-29	-9.446370e-10	-9.446370e-10	-2.988754e-05	0.000000e+00	0.000000e+00	1.498574e-05	-4.149481e-10	-9.446361e-10	9.446366e-10	9.443240e-10	1.818595e-06	9.446366e-10	-1.818595e-06	-1.498669e-05	0.000000e+00	0.000000e+00	-0.000000e+00	-0.000000e+00	-1.818181e-06	-5.250000e-16	1.817651e-06	1.498574e-05	9.446370e-10	9.446370e-10	-1.388092e-20	2.774984e-19	1.308037e-05	-1.308226e-05	0.000000e+00
5.260000000000000e-01	7.999995e-01	7.999995e-01	3.508475e-01	3.508475e-01	1.958360e-02	5.260000e-01	8.000000e-01	0.000000e+00	0.000000e+00	3.999998e-29	3.999998e-29	-9.446370e-10	-9.446370e-10	-2.983291e-05	0.000000e+00	0.000000e+00	1.495035e-05	-4.108394e-10	-9.446361e-10	9.446366e-10	9.443147e-10	1.799350e-06	9.446366e-10	-1.799350e-06	-1.495130e-05	0.000000e+00	0.000000e+00	-0.000000e+00	-0.000000e+00	-1.798939e-06	-5.260000e-16	1.798405e-06	1.495035e-05	9.446370e-10	9.446370e-10	-7.104654e-21	-4.691520e-20	1.308037e-05	-1.308226e-05	0.000000e+00
5.270000000000000e-01	7.999995e-01	7.999995e-01	3.508475e-01	3.508475e-01	1.932113e-02	5.270000e-01	8.000000e-01	0.000000e+00	0.000000e+00	3.999998e-29	3.999998e-29	-9.446370e-10	-9.446370e-10	-2.977817e-05	0.000000e+00	0.000000e+00	1.491475e-05	-4.067403e-10	-9.446361e-10	9.446366e-10	9.443052e-10	1.780206e-06	9.446367e-10	-1.780206e-06	-1.491570e-05	0.000000e+00	0.000000e+00	-0.000000e+00	-0.000000e+00	-1.779800e-06	-5.270000e-16	1.779262e-06	1.491475e-05	9.446370e-10	9.446370e-10	9.836005e-21	-4.691520e-20	1.308037e-05	-1.308226e-05	0.000000e+00
5.280000000000000e-01	7.999995e-01	7.999995e-01	3.508475e-01	3.508475e-01	1.906129e-02	5.280000e-01	8.000000e-01	0.000000e+00	0.000000e+00	3.999998e-29	3.999998e-29	-9.446370e-10	-9.446370e-10	-2.972331e-05	0.000000e+00	0.000000e+00	1.487894e-05	-4.026511e-10	-9.446361e-10	9.446366e-10	9.442954e-10	1.761164e-06	9.446367e-10	-1.761164e-06	-1.487988e-05	0.000000e+00	0.000000e+00	-0.000000e+00	-0.000000e+00	-1.760761e-06	-5.280000e-16	1.760219e-06	1.487894e-05	9.446370e-10	9.446370e-10	-7.104654e-21	-4.691520e-20	1.308037e-05	-1.308226e-05	0.000000e+00
5.290000000000000e-01	7.999995e-01	7.999995e-01	3.508475e-01	3.508475e-01	1.880404e-02	5.290000e-01	8.000000e-01	0.000000e+00	0.000000e+00	3.999998e-29	3.999998e-29	-9.446370e-10	-9.446370e-10	-2.966834e-05	0.000000e+00	0.000000e+00	1.484291e-05	-3.985721e-10	-9.446361e-10	9.446366e-10	9.442853e-10	1.742223e-06	9.446367e-10	-1.742223e-06	-1.484386e-05	0.000000e+00	0.000000e+00	-0.000000e+00	-0.000000e+00	-1.741825e-06	-5.290000e-16	1.741279e-06	1.484291e-05	9.446370e-10	9.446370e-10	-1.175424e-21	-4.691520e-20	1.308037e-05	-1.308226e-05	0.000000e+00
5.300000000000000e-01	7.999995e-01	7.999995e-01	3.508475e-01	3.508475e-01	1.854936e-02	5.300000e-01	8.000000e-01	0.000000e+00	0.000000e+00	3.999998e-29	3.999998e-29	-9.446370e-10	-9.446370e-10	-2.961327e-05	0.000000e+00	0.000000e+00	1.480668e-05	-3.945037e-10	-9.446361e-10	9.446366e-10	9.442750e-10	1.723384e-06	9.446367e-10	-1.723384e-06	-1.480762e-05	0.000000e+00	0.000000e+00	-0.000000e+00	-0.000000e+00	-1.722990e-06	-5.300000e-16	1.722439e-06	1.480668e-05	9.446370e-10	9.446370e-10	-1.175424e-21	-4.691520e-20	1.308037e-05	-1.308226e-05	0.000000e+00
5.310000000000000e-01	7.999995e-01	7.999995e-01	3.508475e-01	3.508475e-01	1.829723e-02	5.310000e-01	8.000000e-01	0.000000e+00	0.000000e+00	3.999998e-29	3.999998e-29	-9.446370e-10	-9.446370e-10	-2.955809e-05	0.000000e+00	0.000000e+00	1.477023e-05	-3.904461e-10	-9.446361e-10	9.446366e-10	9.442643e-10	1.704647e-06	9.446367e-10	-1.704647e-06	-1.477118e-05	0.000000e+00	0.000000e+00	-0.000000e+00	-0.000000e+00	-1.704256e-06	-5.310000e-16	1.703702e-06	1.477023e-05	9.446370e-10	9.446370e-10	9.836005e-21	-4.691520e-20	1.308037e-05	-1.308226e-05	0.000000e+00
5.320000000000000e-01	7.999995e-01	7.999995e-01	3.508475e-01	3.508475e-01	1.804763e-02	5.320000e-01	8.000000e-01	0.000000e+00	0.000000e+00	3.999998e-29	3.999998e-29	-9.446370e-10	-9.446370e-10	-2.950280e-05	0.000000e+00	0.000000e+00	1.473358e-05	-3.863996e-10	-9.446361e-10	9.446366e-10	9.442533e-10	1.686011e-06	9.446367e-10	-1.686011e-06	-1.473453e-05	0.000000e+00	0.000000e+00	-0.000000e+00	-0.000000e+00	-1.685624e-06	-5.320000e-16	1.685066e-06	1.473358e-05	9.446370e-10	9.446370e-10	-1.388092e-20	2.774984e-19	1.308037e-05	-1.308226e-05	0.000000e+00
5.330000000000000e-01	7.999995e-01	7.999995e-01	3.508475e-01	3.508475e-01	1.780052e-02	5.330000e-01	8.000000e-01	0.000000e+00	0.000000e+00	3.999998e-29	3.999998e-29	-9.446370e-10	-9.446370e-10	-2.944741e-05	0.000000e+00	0.000000e+00	1.469672e-05	-3.823647e-10	-9.446361e-10	9.446366e-10	9.442420e-10	1.667477e-06	9.446367e-10	-1.667477e-06	-1.469767e-05	0.000000e+00	0.000000e+00	-0.000000e+00	-0.000000e+00	-1.667094e-06	-5.330000e-16	1.666532e-06	1.469672e-05	9.446370e-10	9.446370e-10	-7.104654e-21	-4.691520e-20	1.308037e-05	-1.308226e-05	0.000000e+00
5.340000000000000e-01	7.999995e-01	7.999995e-01	3.508475e-01	3.508475e-01	1.755590e-02	5.340000e-01	8.000000e-01	0.000000e+00	0.000000e+00	3.999998e-29	3.999998e-29	-9.446370e-10	-9.446370e-10	-2.939192e-05	0.000000e+00	0.000000e+00	1.465966e-05	-3.783415e-10	-9.446361e-10	9.446366e-10	9.442304e-10	1.649044e-06	9.446367e-10	-1.649044e-06	-1.466061e-05	0.000000e+00	0.000000e+00	-0.000000e+00	-0.000000e+00	-1.648666e-06	-5.340000e-16	1.648099e-06	1.465966e-05	9.446370e-10	9.446370e-10	9.836005e-21	-4.691520e-20	1.308037e-05	-1.308226e-05	0.000000e+00
5.350000000000000e-01	7.999995e-01	7.999995e-01	3.508475e-01	3.508475e-01	1.731373e-02	5.350000e-01	8.000000e-01	0.000000e+00	0.000000e+00	3.999998e-29	3.999998e-29	-9.446370e-10	-9.446370e-10	-2.933632e-05	0.000000e+00	0.000000e+00	1.462240e-05	-3.743303e-10	-9.446361e-10	9.446366e-10	9.442184e-10	1.630713e-06	9.446367e-10	-1.630713e-06	-1.462335e-05	0.000000e+00	0.000000e+00	-0.000000e+00	-0.000000e+00	-1.630339e-06	-5.350000e-16	1.629769e-06	1.462240e-05	9.446370e-10	9.446370e-10	-7.104654e-21	-4.691520e-20	1.308037e-05	-1.308226e-05	0.000000e+00
5.360000000000000e-01	7.999995e-01	7.999995e-01	3.508475e-01	3.508475e-01	1.707400e-02	5.360000e-01	8.000000e-01	0.000000e+00	0.000000e+00	3.999998e-29	3.999998e-29	-9.446370e-10	-9.446370e-10	-2.928063e-05	0.000000e+00	0.000000e+00	1.458494e-05	-3.703314e-10	-9.446361e-10	9.446366e-10	9.442059e-10	1.612484e-06	9.446367e-10	-1.612484e-06	-1.458588e-05	0.000000e+00	0.000000e+00	-0.000000e+00	-0.000000e+00	-1.612114e-06	-5.360000e-16	1.611540e-06	1.458494e-05	9.446370e-10	9.446370e-10	-1.175424e-21	-4.691520e-20	1.308037e-05	-1.308226e-05	0.000000e+00
5.370000000000000e-01	7.999995e-01	7.999995e-01	3.508475e-01	3.508475e-01	1.683668e-02	5.370000e-01	8.000000e-01	0.000000e+00	0.000000e+00	3.999998e-29	3.999998e-29	-9.446370e-10	-9.446370e-10	-2.922484e-05	0.000000e+00	0.000000e+00	1.454727e-05	-3.663452e-10	-9.446361e-10	9.446366e-10	9.441933e-10	1.594357e-06	9.446367e-10	-1.594357e-06	-1.454822e-05	0.000000e+00	0.000000e+00	-0.000000e+00	-0.000000e+00	-1.593991e-06	-5.370000e-16	1.593412e-06	1.454727e-05	9.446370e-10	9.446370e-10	-1.175424e-21	-4.691520e-20	1.308037e-05	-1.308226e-05	0.000000e+00
5.380000000000000e-01	7.999995e-01	7.999995e-01	3.508475e-01	3.508475e-01	1.660175e-02	5.380000e-01	8.000000e-01	0.000000e+00	0.000000e+00	3.999998e-29	3.999998e-29	-9.446370e-10	-9.446370e-10	-2.916895e-05	0.000000e+00	0.000000e+00	1.450941e-05	-3.623719e-10	-9.446361e-10	9.446366e-10	9.441802e-10	1.576331e-06	9.446367e-10	-1.576331e-06	-1.451035e-05	0.000000e+00	0.000000e+00	-0.000000e+00	-0.000000e+00	-1.575969e-06	-5.380000e-16	1.575387e-06	1.450941e-05	9.446370e-10	9.446370e-10	9.836005e-21	-4.691520e-20	1.308037e-05	-1.308226e-05	0.000000e+00
5.390000000000000e-01	7.999995e-01	7.999995e-01	3.508475e-01	3.508475e-01	1.636919e-02	5.390000e-01	8.000000e-01	0.000000e+00	0.000000e+00	3.999998e-29	3.999998e-29	-9.446370e-10	-9.446370e-10	-2.911296e-05	0.000000e+00	0.000000e+00	1.447135e-05	-3.584117e-10	-9.446361e-10	9.446366e-10	9.441666e-10	1.558408e-06	9.446367e-10	-1.558408e-06	-1.447229e-05	0.000000e+00	0.000000e+00	-0.000000e+00	-0.000000e+00	-1.558049e-06	-5.390000e-16	1.557463e-06	1.447135e-05	9.446370e-10	9.446370e-10	-1.388092e-20	2.774984e-19	1.308037e-05	-1.308226e-05	0.000000e+00
5.400000000000000e-01	7.999995e-01	7.999995e-01	3.508475e-01	3.508475e-01	1.613897e-02	5.400000e-01	8.000000e-01	0.000000e+00	0.000000e+00	3.999998e-29	3.999998e-29	-9.446370e-10	-9.446370e-10	-2.905688e-05	0.000000e+00	0.000000e+00	1.443309e-05	-3.544651e-10	-9.446363e-10	9.446366e-10	9.441528e-10	1.540586e-06	9.446367e-10	-1.540586e-06	-1.443403e-05	0.000000e+00	0.000000e+00	-0.000000e+00	-0.000000e+00	-1.540231e-06	-5.400000e-16	1.539641e-06	1.443309e-05	9.446370e-10	9.446370e-10	-7.104654e-21	-4.691520e-20	1.308037e-05	-1.308226e-05	0.000000e+00
5.410000000000000e-01	7.999995e-01	7.999995e-01	3.508475e-01	3.508475e-01	1.591109e-02	5.410000e-01	8.000000e-01	0.000000e+00	0.000000e+00	3.999998e-29	3.999998e-29	-9.446370e-10	-9.446370e-10	-2.900071e-05	0.000000e+00	0.000000e+00	1.439464e-05	-3.505321e-10	-9.446363e-10	9.446366e-10	9.441385e-10	1.522866e-06	9.446367e-10	-1.522866e-06	-1.439558e-05	0.000000e+00	0.000000e+00	-0.000000e+00	-0.000000e+00	-1.522515e-06	-5.410000e-16	1.521921e-06	1.439464e-05	9.446370e-10	9.446370e-10	9.836005e-21	-4.691520e-20	1.308037e-05	-1.308226e-05	0.000000e+00
5.420000000000000e-01	7.999995e-01	7.999995e-01	3.508475e-01	3.508475e-01	1.568551e-02	5.420000e-01	8.000000e-01	0.000000e+00	0.000000e+00	3.999998e-29	3.999998e-29	-9.446370e-10	-9.446370e-10	-2.894445e-05	0.000000e+00	0.000000e+00	1.435599e-05	-3.466132e-10	-9.446363e-10	9.446366e-10	9.441238e-10	1.505248e-06	9.446367e-10	-1.505248e-06	-1.435694e-05	0.000000e+00	0.000000e+00	-0.000000e+00	-0.000000e+00	-1.504901e-06	-5.420000e-16	1.504303e-06	1.435599e-05	9.446370e-10	9.446370e-10	-7.104654e-21	-4.691520e-20	1.308037e-05	-1.308226e-05	0.000000e+00
5.430000000000000e-01	7.999995e-01	7.999995e-01	3.508475e-01	3.508475e-01	1.546222e-02	5.430000e-01	8.000000e-01	0.000000e+00	0.000000e+00	3.999998e-29	3.999998e-29	-9.446370e-10	-9.446370e-10	-2.888809e-05	0.000000e+00	0.000000e+00	1.431715e-05	-3.427085e-10	-9.446363e-10	9.446366e-10	9.441087e-10	1.487732e-06	9.446368e-10	-1.487732e-06	-1.431810e-05	0.000000e+00	0.000000e+00	-0.000000e+00	-0.000000e+00	-1.487389e-06	-5.430000e-16	1.486787e-06	1.431715e-05	9.446370e-10	9.446370e-10	-1.175424e-21	-4.691520e-20	1.308037e-05	-1.308226e-05	0.000000e+00
5.440000000000000e-01	7.999995e-01	7.999995e-01	3.508475e-01	3.508475e-01	1.524119e-02	5.440000e-01	8.000000e-01	0.000000e+00	0.000000e+00	3.999998e-29	3.999998e-29	-9.446370e-10	-9.446370e-10	-2.883165e-05	0.000000e+00	0.000000e+00	1.427813e-05	-3.388184e-10	-9.446363e-10	9.446366e-10	9.440930e-10	1.470317e-06	9.446368e-10	-1.470317e-06	-1.427907e-05	0.000000e+00	0.000000e+00	-0.000000e+00	-0.000000e+00	-1.469978e-06	-5.440000e-16	1.469372e-06	1.427813e-05	9.446370e-10	9.446370e-10	-1.175424e-21	-4.691520e-20	1.308037e-05	-1.308226e-05	0.000000e+00
5.450000000000000e-01	7.999995e-01	7.999995e-01	3.508475e-01	3.508475e-01	1.502242e-02	5.450000e-01	8.000000e-01	0.000000e+00	0.000000e+00	3.999998e-29	3.999998e-29	-9.446370e-10	-9.446370e-10	-2.877512e-05	0.000000e+00	0.000000e+00	1.423891e-05	-3.349430e-10	-9.446363e-10	9.446366e-10	9.440769e-10	1.453005e-06	9.446368e-10	-1.453005e-06	-1.423985e-05	0.000000e+00	0.000000e+00	-0.000000e+00	-0.000000e+00	-1.452670e-06	-5.450000e-16	1.452060e-06	1.423891e-05	9.446370e-10	9.446370e-10	9.836005e-21	-4.691520e-20	1.308037e-05	-1.308226e-05	0.000000e+00
5.460000000000000e-01	7.999995e-01	7.999995e-01	3.508475e-01	3.508475e-01	1.480587e-02	5.460000e-01	8.000000e-01	0.000000e+00	0.000000e+00	3.999998e-29	3.999998e-29	-9.446370e-10	-9.446370e-10	-2.871850e-05	0.000000e+00	0.000000e+00	1.419950e-05	-3.310828e-10	-9.446363e-10	9.446366e-10	9.440604e-10	1.435794e-06	9.446368e-10	-1.435794e-06	-1.420044e-05	0.000000e+00	0.000000e+00	-0.000000e+00	-0.000000e+00	-1.435463e-06	-5.460000e-16	1.434850e-06	1.419950e-05	9.446370e-10	9.446370e-10	-1.388092e-20	2.774984e-19	1.308037e-05	-1.308226e-05	0.000000e+00
5.470000000000000e-01	7.999995e-01	7.999995e-01	3.508475e-01	3.508475e-01	1.459153e-02	5.470000e-01	8.000000e-01	0.000000e+00	0.000000e+00	3.999998e-29	3.999998e-29	-9.446370e-10	-9.446370e-10	-2.866180e-05	0.000000e+00	0.000000e+00	1.415990e-05	-3.272378e-10	-9.446363e-10	9.446366e-10	9.440434e-10	1.418686e-06	9.446368e-10	-1.418686e-06	-1.416085e-05	0.000000e+00	0.000000e+00	-0.000000e+00	-0.000000e+00	-1.418358e-06	-5.470000e-16	1.417741e-06	1.415990e-05	9.446370e-10	9.446370e-10	-7.104654e-21	-4.691520e-20	1.308037e-05	-1.308226e-05	0.000000e+00
5.480000000000000e-01	7.999995e-01	7.999995e-01	3.508475e-01	3.508475e-01	1.437938e-02	5.480000e-01	8.000000e-01	0.000000e+00	0.000000e+00	3.999998e-29	3.999998e-29	-9.446370e-10	-9.446370e-10	-2.860501e-05	0.000000e+00	0.000000e+00	1.412012e-05	-3.234084e-10	-9.446363e-10	9.446366e-10	9.440259e-10	1.401679e-06	9.446368e-10	-1.401679e-06	-1.412107e-05	0.000000e+00	0.000000e+00	-0.000000e+00	-0.000000e+00	-1.401356e-06	-5.480000e-16	1.400735e-06	1.412012e-05	9.446370e-10	9.446370e-10	9.836005e-21	-4.691520e-20	1.308037e-05	-1.308226e-05	0.000000e+00
5.490000000000000e-01	7.999995e-01	7.999995e-01	3.508475e-01	3.508475e-01	1.416940e-02	5.490000e-01	8.000000e-01	0.000000e+00	0.000000e+00	3.999998e-29	3.999998e-29	-9.446370e-10	-9.446370e-10	-2.854814e-05	0.000000e+00	0.000000e+00	1.408015e-05	-3.195948e-10	-9.446363e-10	9.446366e-10	9.440079e-10	1.384775e-06	9.446368e-10	-1.384775e-06	-1.408110e-05	0.000000e+00	0.000000e+00	-0.000000e+00	-0.000000e+00	-1.384455e-06	-5.490000e-16	1.383830e-06	1.408016e-05	9.446370e-10	9.446370e-10	-7.104654e-21	-4.691520e-20	1.308037e-05	-1.308226e-05	0.000000e+00
5.500000000000000e-01	7.999995e-01	7.999995e-01	3.508475e-01	3.508475e-01	1.396157e-02	5.500000e-01	8.000000e-01	0.000000e+00	0.000000e+00	3.999998e-29	3.999998e-29	-9.446370e-10	-9.446370e-10	-2.849118e-05	0.000000e+00	0.000000e+00	1.404000e-05	-3.157972e-10	-9.446363e-10	9.446366e-10	9.439892e-10	1.367972e-06	9.446368e-10	-1.367972e-06	-1.404095e-05	0.000000e+00	0.000000e+00	-0.000000e+00	-0.000000e+00	-1.367656e-06	-5.500000e-16	1.367028e-06	1.404001e-05	9.446370e-10	9.446370e-10	-1.175424e-21	-4.691520e-20	1.308037e-05	-1.308226e-05	0.000000e+00
5.510000000000000e-01	7.999995e-01	7.999995e-01	3.508475e-01	3.508475e-01	1.375588e-02	5.510000e-01	8.000000e-01	0.000000e+00	0.000000e+00	3.999998e-29	3.999998e-29	-9.446370e-10	-9.446370e-10	-2.843415e-05	0.000000e+00	0.000000e+00	1.399967e-05	-3.120160e-10	-9.446363e-10	9.446366e-10	9.439701e-10	1.351272e-06	9.446368e-10	-1.351272e-06	-1.400062e-05	0.000000e+00	0.000000e+00	-0.000000e+00	-0.000000e+00	-1.350960e-06	-5.510000e-16	1.350327e-06	1.399967e-05	9.446370e-10	9.446370e-10	-1.175424e-21	-4.691520e-20	1.308037e-05	-1.308226e-05	0.000000e+00
5.520000000000000e-01	7.999995e-01	7.999995e-01	3.508475e-01	3.508475e-01	1.355231e-02	5.520000e-01	8.000000e-01	0.000000e+00	0.000000e+00	3.999998e-29	3.999998e-29	-9.446370e-10	-9.446370e-10	-2.837704e-05	0.000000e+00	0.000000e+00	1.395915e-05	-3.082512e-10	-9.446363e-10	9.446366e-10	9.439505e-10	1.334673e-06	9.446368e-10	-1.334673e-06	-1.396010e-05	0.000000e+00	0.000000e+00	-0.000000e+00	-0.000000e+00	-1.334365e-06	-5.520000e-16	1.333729e-06	1.395916e-05	9.446370e-10	9.446370e-10	9.836005e-21	-4.691520e-20	1.308037e-05	-1.308226e-05	0.000000e+00
5.530000000000000e-01	7.999995e-01	7.999995e-01	3.508475e-01	3.508475e-01	1.335083e-02	5.530000e-01	8.000000e-01	0.000000e+00	0.000000e+00	3.999998e-29	3.999998e-29	-9.446370e-10	-9.446370e-10	-2.831984e-05	0.000000e+00	0.000000e+00	1.391846e-05	-3.045033e-10	-9.446363e-10	9.446366e-10	9.439302e-10	1.318177e-06	9.446368e-10	-1.318177e-06	-1.391940e-05	0.000000e+00	0.000000e+00	-0.000000e+00	-0.000000e+00	-1.317873e-06	-5.530000e-16	1.317232e-06	1.391846e-05	9.446370e-10	9.446370e-10	-1.388092e-20	2.774984e-19	1.308037e-05	-1.308226e-05	0.000000e+00
5.540000000000000e-01	7.999995e-01	7.999995e-01	3.508475e-01	3.508475e-01	1.315144e-02	5.540000e-01	8.000000e-01	0.000000e+00	0.000000e+00	3.999998e-29	3.999998e-29	-9.446370e-10	-9.446370e-10	-2.826257e-05	0.000000e+00	0.000000e+00	1.387758e-05	-3.007723e-10	-9.446363e-10	9.446366e-10	9.439093e-10	1.301783e-06	9.446368e-10	-1.301783e-06	-1.387853e-05	0.000000e+00	0.000000e+00	-0.000000e+00	-0.000000e+00	-1.301482e-06	-5.540000e-16	1.300838e-06	1.387758e-05	9.446370e-10	9.446370e-10	-7.104654e-21	-4.691520e-20	1.308037e-05	-1.308226e-05	0.000000e+00
5.550000000000000e-01	7.999995e-01	7.999995e-01	3.508475e-01	3.508475e-01	1.295411e-02	5.550000e-01	8.000000e-01	0.000000e+00	0.000000e+00	3.999998e-29	3.999998e-29	-9.446370e-10	-9.446370e-10	-2.820523e-05	0.000000e+00	0.000000e+00	1.383653e-05	-2.970586e-10	-9.446363e-10	9.446366e-10	9.438877e-10	1.285491e-06	9.446368e-10	-1.285491e-06	-1.383747e-05	0.000000e+00	0.000000e+00	-0.000000e+00	-0.000000e+00	-1.285194e-06	-5.550000e-16	1.284546e-06	1.383653e-05	9.446370e-10	9.446370e-10	9.836005e-21	-4.691520e-20	1.308037e-05	-1.308226e-05	0.000000e+00
5.560000000000000e-01	7.999995e-01	7.999995e-01	3.508475e-01	3.508475e-01	1.275883e-02	5.560000e-01	8.000000e-01	0.000000e+00	0.000000e+00	3.999998e-29	3.999998e-29	-9.446370e-10	-9.446370e-10	-2.814781e-05	0.000000e+00	0.000000e+00	1.379530e-05	-2.933623e-10	-9.446363e-10	9.446366e-10	9.438657e-10	1.269301e-06	9.446368e-10	-1.269301e-06	-1.379624e-05	0.000000e+00	0.000000e+00	-0.000000e+00	-0.000000e+00	-1.269007e-06	-5.560000e-16	1.268356e-06	1.379530e-05	9.446370e-10	9.446370e-10	-7.104654e-21	-4.691520e-20	1.308037e-05	-1.308226e-05	0.000000e+00
5.570000000000001e-01	7.999995e-01	7.999995e-01	3.508475e-01	3.508475e-01	1.256558e-02	5.570000e-01	8.000000e-01	0.000000e+00	0.000000e+00	3.999998e-29	3.999998e-29	-9.446370e-10	-9.446370e-10	-2.809031e-05	0.000000e+00	0.000000e+00	1.375389e-05	-2.896837e-10	-9.446363e-10	9.446366e-10	9.438429e-10	1.253213e-06	9.446368e-10	-1.253213e-06	-1.375483e-05	0.000000e+00	0.000000e+00	-0.000000e+00	-0.000000e+00	-1.252923e-06	-5.570000e-16	1.252268e-06	1.375389e-05	9.446370e-10	9.446370e-10	-1.175424e-21	-4.691520e-20	1.308037e-05	-1.308226e-05	0.000000e+00
5.580000000000001e-01	7.999995e-01	7.999995e-01	3.508475e-01	3.508475e-01	1.237435e-02	5.580000e-01	8.000000e-01	0.000000e+00	0.000000e+00	3.999998e-29	3.999998e-29	-9.446370e-10	-9.446370e-10	-2.803274e-05	0.000000e+00	0.000000e+00	1.371230e-05	-2.860229e-10	-9.446363e-10	9.446366e-10	9.438194e-10	1.237227e-06	9.446368e-10	-1.237227e-06	-1.371325e-05	0.000000e+00	0.000000e+00	-0.000000e+00	-0.000000e+00	-1.236941e-06	-5.580000e-16	1.236283e-06	1.371231e-05	9.446370e-10	9.446370e-10	-1.175424e-21	-4.691520e-20	1.308037e-05	-1.308226e-05	0.000000e+00
5.590000000000001e-01	7.999995e-01	7.999995e-01	3.508475e-01	3.508475e-01	1.218511e-02	5.590000e-01	8.000000e-01	0.000000e+00	0.000000e+00	3.999998e-29	3.999998e-29	-9.446370e-10	-9.446370e-10	-2.797510e-05	0.000000e+00	0.000000e+00	1.367055e-05	-2.823803e-10	-9.446363e-10	9.446366e-10	9.437953e-10	1.221344e-06	9.446368e-10	-1.221344e-06	-1.367149e-05	0.000000e+00	0.000000e+00	-0.000000e+00	-0.000000e+00	-1.221061e-06	-5.590000e-16	1.220399e-06	1.367055e-05	9.446370e-10	9.446370e-10	9.836005e-21	-4.691520e-20	1.308037e-05	-1.308226e-05	0.000000e+00
5.600000000000001e-01	7.999995e-01	7.999995e-01	3.508475e-01	3.508475e-01	1.199786e-02	5.600000e-01	8.000000e-01	0.000000e+00	0.000000e+00	3.999998e-29	3.999998e-29	-9.446370e-10	-9.446370e-10	-2.791739e-05	0.000000e+00	0.000000e+00	1.362861e-05	-2.787560e-10	-9.446363e-10	9.446366e-10	9.437704e-10	1.205563e-06	9.446368e-10	-1.205563e-06	-1.362956e-05	0.000000e+00	0.000000e+00	-0.000000e+00	-0.000000e+00	-1.205284e-06	-5.600000e-16	1.204618e-06	1.362862e-05	9.446370e-10	9.446370e-10	-1.388092e-20	2.774984e-19	1.308037e-05	-1.308226e-05	0.000000e+00
5.610000000000001e-01	7.999995e-01	7.999995e-01	3.508475e-01	3.508475e-01	1.181257e-02	5.610000e-01	8.000000e-01	0.000000e+00	0.000000e+00	3.999998e-29	3.999998e-29	-9.446370e-10	-9.446370e-10	-2.785960e-05	0.000000e+00	0.000000e+00	1.358651e-05	-2.751502e-10	-9.446363e-10	9.446366e-10	9.437447e-10	1.189884e-06	9.446368e-10	-1.189884e-06	-1.358746e-05	0.000000e+00	0.000000e+00	-0.000000e+00	-0.000000e+00	-1.189608e-06	-5.610000e-16	1.188939e-06	1.358651e-05	9.446370e-10	9.446370e-10	-7.104654e-21	-4.691520e-20	1.308037e-05	-1.308226e-05	0.000000e+00
5.620000000000001e-01	7.999995e-01	7.999995e-01	3.508475e-01	3.508475e-01	1.162923e-02	5.620000e-01	8.000000e-01	0.000000e+00	0.000000e+00	3.999998e-29	3.999998e-29	-9.446370e-10	-9.446370e-10	-2.780175e-05	0.000000e+00	0.000000e+00	1.354424e-05	-2.715632e-10	-9.446363e-10	9.446366e-10	9.437184e-10	1.174307e-06	9.446368e-10	-1.174307e-06	-1.354518e-05	0.000000e+00	0.000000e+00	-0.000000e+00	-0.000000e+00	-1.174035e-06	-5.620000e-16	1.173362e-06	1.354424e-05	9.446370e-10	9.446370e-10	9.836005e-21	-4.691520e-20	1.308037e-05	-1.308226e-05	0.000000e+00
5.630000000000001e-01	7.999995e-01	7.999995e-01	3.508475e-01	3.508475e-01	1.144782e-02	5.630000e-01	8.000000e-01	0.000000e+00	0.000000e+00	3.999998e-29	3.999998e-29	-9.446370e-10	-9.446370e-10	-2.774383e-05	0.000000e+00	0.000000e+00	1.350179e-05	-2.679951e-10	-9.446363e-10	9.446366e-10	9.436912e-10	1.158832e-06	9.446368e-10	-1.158832e-06	-1.350273e-05	0.000000e+00	0.000000e+00	-0.000000e+00	-0.000000e+00	-1.158564e-06	-5.630000e-16	1.157887e-06	1.350179e-05	9.446370e-10	9.446370e-10	-7.104654e-21	-4.691520e-20	1.308037e-05	-1.308226e-05	0.000000e+00
5.640000000000001e-01	7.999995e-01	7.999995e-01	3.508475e-01	3.508475e-01	1.126834e-02	5.640000e-01	8.000000e-01	0.000000e+00	0.000000e+00	3.999998e-29	3.999998e-29	-9.446370e-10	-9.446370e-10	-2.768584e-05	0.000000e+00	0.000000e+00	1.345918e-05	-2.644461e-10	-9.446363e-10	9.446366e-10	9.436634e-10	1.143460e-06	9.446368e-10	-1.143460e-06	-1.346012e-05	0.000000e+00	0.000000e+00	-0.000000e+00	-0.000000e+00	-1.143195e-06	-5.640000e-16	1.142515e-06	1.345918e-05	9.446370e-10	9.446370e-10	-1.175424e-21	-4.691520e-20	1.308037e-05	-1.308226e-05	0.000000e+00
5.650000000000001e-01	7.999995e-01	7.999995e-01	3.508475e-01	3.508475e-01	1.109076e-02	5.650000e-01	8.000000e-01	0.000000e+00	0.000000e+00	3.999998e-29	3.999998e-29	-9.446370e-10	-9.446370e-10	-2.762779e-05	0.000000e+00	0.000000e+00	1.341639e-05	-2.609164e-10	-9.446363e-10	9.446366e-10	9.436346e-10	1.128190e-06	9.446368e-10	-1.128190e-06	-1.341734e-05	0.000000e+00	0.000000e+00	-0.000000e+00	-0.000000e+00	-1.127929e-06	-5.650000e-16	1.127245e-06	1.341639e-05	9.446370e-10	9.446370e-10	-1.175424e-21	-4.691520e-20	1.308037e-05	-1.308226e-05	0.000000e+00
5.660000000000001e-01	7.999995e-01	7.999995e-01	3.508475e-01	3.508475e-01	1.091506e-02	5.660000e-01	8.000000e-01	0.000000e+00	0.000000e+00	3.999998e-29	3.999998e-29	-9.446370e-10	-9.446370e-10	-2.756967e-05	0.000000e+00	0.000000e+00	1.337344e-05	-2.574063e-10	-9.446363e-10	9.446366e-10	9.436050e-10	1.113022e-06	9.446369e-10	-1.113022e-06	-1.337439e-05	0.000000e+00	0.000000e+00	-0.000000e+00	-0.000000e+00	-1.112764e-06	-5.660000e-16	1.112077e-06	1.337344e-05	9.446370e-10	9.446370e-10	9.836005e-21	-4.691520e-20	1.308037e-05	-1.308226e-05	0.000000e+00
5.670000000000001e-01	7.999995e-01	7.999995e-01	3.508475e-01	3.508475e-01	1.074124e-02	5.670000e-01	8.000000e-01	0.000000e+00	0.000000e+00	3.999998e-29	3.999998e-29	-9.446370e-10	-9.446370e-10	-2.751149e-05	0.000000e+00	0.000000e+00	1.333032e-05	-2.539159e-10	-9.446363e-10	9.446366e-10	9.435744e-10	1.097956e-06	9.446369e-10	-1.097956e-06	-1.333127e-05	0.000000e+00	0.000000e+00	-0.000000e+00	-0.000000e+00	-1.097703e-06	-5.670000e-16	1.097012e-06	1.333033e-05	9.446370e-10	9.446370e-10	-1.388092e-20	2.774984e-19	1.308037e-05	-1.308226e-05	0.000000e+00
5.680000000000001e-01	7.999995e-01	7.999995e-01	3.508475e-01	3.508475e-01	1.056928e-02	5.680000e-01	8.000000e-01	0.000000e+00	0.000000e+00	3.999998e-29	3.999998e-29	-9.446370e-10	-9.446370e-10	-2.745324e-05	0.000000e+00	0.000000e+00	1.328704e-05	-2.504453e-10	-9.446363e-10	9.446366e-10	9.435430e-10	1.082993e-06	9.446369e-10	-1.082993e-06	-1.328799e-05	0.000000e+00	0.000000e+00	-0.000000e+00	-0.000000e+00	-1.082743e-06	-5.680000e-16	1.082049e-06	1.328704e-05	9.446370e-10	9.446370e-10	-7.104654e-21	-4.691520e-20	1.308037e-05	-1.308226e-05	0.000000e+00
5.690000000000001e-01	7.999995e-01	7.999995e-01	3.508475e-01	3.508475e-01	1.039917e-02	5.690000e-01	8.000000e-01	0.000000e+00	0.000000e+00	3.999998e-29	3.999998e-29	-9.446370e-10	-9.446370e-10	-2.739493e-05	0.000000e+00	0.000000e+00	1.324359e-05	-2.469949e-10	-9.446363e-10	9.446366e-10	9.435107e-10	1.068133e-06	9.446369e-10	-1.068133e-06	-1.324454e-05	0.000000e+00	0.000000e+00	-0.000000e+00	-0.000000e+00	-1.067885e-06	-5.690000e-16	1.067188e-06	1.324360e-05	9.446370e-10	9.446370e-10	9.836005e-21	-4.691520e-20	1.308037e-05	-1.308226e-05	0.000000e+00
5.700000000000001e-01	7.999995e-01	7.999995e-01	3.508475e-01	3.508475e-01	1.023089e-02	5.700000e-01	8.000000e-01	0.000000e+00	0.000000e+00	3.999998e-29	3.999998e-29	-9.446370e-10	-9.446370e-10	-2.733656e-05	0.000000e+00	0.000000e+00	1.319998e-05	-2.435647e-10	-9.446364e-10	9.446366e-10	9.434774e-10	1.053374e-06	9.446369e-10	-1.053374e-06	-1.320093e-05	0.000000e+00	0.000000e+00	-0.000000e+00	-0.000000e+00	-1.053131e-06	-5.700000e-16	1.052429e-06	1.319998e-05	9.446370e-10	9.446370e-10	-7.104654e-21	-4.691520e-20	1.308037e-05	-1.308226e-05	0.000000e+00
5.710000000000001e-01	7.999995e-01	7.999995e-01	3.508475e-01	3.508475e-01	1.006442e-02	5.710000e-01	8.000000e-01	0.000000e+00	0.000000e+00	3.999998e-29	3.999998e-29	-9.446370e-10	-9.446370e-10	-2.727813e-05	0.000000e+00	0.000000e+00	1.315621e-05	-2.401549e-10	-9.446364e-10	9.446366e-10	9.434432e-10	1.038718e-06	9.446369e-10	-1.038718e-06	-1.315715e-05	0.000000e+00	0.000000e+00	-0.000000e+00	-0.000000e+00	-1.038478e-06	-5.710000e-16	1.037773e-06	1.315621e-05	9.446370e-10	9.446370e-10	-1.175424e-21	-4.691520e-20	1.308037e-05	-1.308226e-05	0.000000e+00
5.720000000000001e-01	7.999995e-01	7.999995e-01	3.508475e-01	3.508475e-01	9.899754e-03	5.720000e-01	8.000000e-01	0.000000e+00	0.000000e+00	3.999998e-29	3.999998e-29	-9.446370e-10	-9.446370e-10	-2.721964e-05	0.000000e+00	0.000000e+00	1.311227e-05	-2.367657e-10	-9.446364e-10	9.446366e-10	9.434079e-10	1.024164e-06	9.446369e-10	-1.024164e-06	-1.311322e-05	0.000000e+00	0.000000e+00	-0.000000e+00	-0.000000e+00	-1.023927e-06	-5.720000e-16	1.023220e-06	1.311227e-05	9.446370e-10	9.446370e-10	-1.175424e-21	-4.691520e-20	1.308037e-05	-1.308226e-05	0.000000e+00
5.730000000000001e-01	7.999995e-01	7.999995e-01	3.508475e-01	3.508475e-01	9.736878e-03	5.730000e-01	8.000000e-01	0.000000e+00	0.000000e+00	3.999998e-29	3.999998e-29	-9.446370e-10	-9.446370e-10	-2.716110e-05	0.000000e+00	0.000000e+00	1.306818e-05	-2.333973e-10	-9.446364e-10	9.446366e-10	9.433716e-10	1.009713e-06	9.446369e-10	-1.009713e-06	-1.306912e-05	0.000000e+00	0.000000e+00	-0.000000e+00	-0.000000e+00	-1.009479e-06	-5.730000e-16	1.008768e-06	1.306818e-05	9.446370e-10	9.446370e-10	9.836005e-21	-4.691520e-20	1.308037e-05	-1.308226e-05	0.000000e+00
5.740000000000001e-01	7.999995e-01	7.999995e-01	3.508475e-01	3.508475e-01	9.575776e-03	5.740000e-01	8.000000e-01	0.000000e+00	0.000000e+00	3.999998e-29	3.999998e-29	-9.446370e-10	-9.446370e-10	-2.710249e-05	0.000000e+00	0.000000e+00	1.302392e-05	-2.300499e-10	-9.446364e-10	9.446366e-10	9.433342e-10	9.953638e-07	9.446369e-10	-9.953638e-07	-1.302486e-05	0.000000e+00	0.000000e+00	-0.000000e+00	-0.000000e+00	-9.951339e-07	-5.740000e-16	9.944192e-07	1.302392e-05	9.446370e-10	9.446370e-10	-1.388092e-20	2.774984e-19	1.308037e-05	-1.308226e-05	0.000000e+00
5.750000000000001e-01	7.999995e-01	7.999995e-01	3.508475e-01	3.508475e-01	9.416437e-03	5.750000e-01	8.000000e-01	0.000000e+00	0.000000e+00	3.999998e-29	3.999998e-29	-9.446370e-10	-9.446370e-10	-2.704383e-05	0.000000e+00	0.000000e+00	1.297950e-05	-2.267235e-10	-9.446364e-10	9.446366e-10	9.432957e-10	9.811173e-07	9.446369e-10	-9.811173e-07	-1.298045e-05	0.000000e+00	0.000000e+00	-0.000000e+00	-0.000000e+00	-9.808906e-07	-5.750000e-16	9.801727e-07	1.297950e-05	9.446370e-10	9.446370e-10	-7.104654e-21	-4.691520e-20	1.308037e-05	-1.308226e-05	0.000000e+00
5.760000000000001e-01	7.999995e-01	7.999995e-01	3.508475e-01	3.508475e-01	9.258845e-03	5.760000e-01	8.000000e-01	0.000000e+00	0.000000e+00	3.999998e-29	3.999998e-29	-9.446370e-10	-9.446370e-10	-2.698511e-05	0.000000e+00	0.000000e+00	1.293493e-05	-2.234185e-10	-9.446364e-10	9.446366e-10	9.432560e-10	9.669732e-07	9.446369e-10	-9.669732e-07	-1.293587e-05	0.000000e+00	0.000000e+00	-0.000000e+00	-0.000000e+00	-9.667498e-07	-5.760000e-16	9.660286e-07	1.293493e-05	9.446370e-10	9.446370e-10	9.836005e-21	-4.691520e-20	1.308037e-05	-1.308226e-05	0.000000e+00
5.770000000000000e-01	7.999995e-01	7.999995e-01	3.508475e-01	3.508475e-01	9.102988e-03	5.770000e-01	8.000000e-01	0.000000e+00	0.000000e+00	3.999998e-29	3.999998e-29	-9.446370e-10	-9.446370e-10	-2.692633e-05	0.000000e+00	0.000000e+00	1.289019e-05	-2.201348e-10	-9.446364e-10	9.446366e-10	9.432152e-10	9.529315e-07	9.446369e-10	-9.529315e-07	-1.289114e-05	0.000000e+00	0.000000e+00	-0.000000e+00	-0.000000e+00	-9.527114e-07	-5.770000e-16	9.519869e-07	1.289019e-05	9.446370e-10	9.446370e-10	-7.104654e-21	-4.691520e-20	1.308037e-05	-1.308226e-05	0.000000e+00
5.780000000000000e-01	7.999995e-01	7.999995e-01	3.508475e-01	3.508475e-01	8.948853e-03	5.780000e-01	8.000000e-01	0.000000e+00	0.000000e+00	3.999998e-29	3.999998e-29	-9.446370e-10	-9.446370e-10	-2.686750e-05	0.000000e+00	0.000000e+00	1.284530e-05	-2.168727e-10	-9.446364e-10	9.446366e-10	9.431732e-10	9.389923e-07	9.446369e-10	-9.389923e-07	-1.284625e-05	0.000000e+00	0.000000e+00	-0.000000e+00	-0.000000e+00	-9.387754e-07	-5.780000e-16	9.380476e-07	1.284531e-05	9.446370e-10	9.446370e-10	-1.175424e-21	-4.691520e-20	1.308037e-05	-1.308226e-05	0.000000e+00
5.790000000000000e-01	7.999995e-01	7.999995e-01	3.508475e-01	3.508475e-01	8.796427e-03	5.790000e-01	8.000000e-01	0.000000e+00	0.000000e+00	3.999998e-29	3.999998e-29	-9.446370e-10	-9.446370e-10	-2.680862e-05	0.000000e+00	0.000000e+00	1.280026e-05	-2.136323e-10	-9.446364e-10	9.446366e-10	9.431299e-10	9.251555e-07	9.446369e-10	-9.251555e-07	-1.280120e-05	0.000000e+00	0.000000e+00	-0.000000e+00	-0.000000e+00	-9.249418e-07	-5.790000e-16	9.242108e-07	1.280026e-05	9.446370e-10	9.446370e-10	-1.175424e-21	-4.691520e-20	1.308037e-05	-1.308226e-05	0.000000e+00
5.800000000000000e-01	7.999995e-01	7.999995e-01	3.508475e-01	3.508475e-01	8.645698e-03	5.800000e-01	8.000000e-01	0.000000e+00	0.000000e+00	3.999998e-29	3.999998e-29	-9.446370e-10	-9.446370e-10	-2.674969e-05	0.000000e+00	0.000000e+00	1.275506e-05	-2.104139e-10	-9.446364e-10	9.446366e-10	9.430854e-10	9.114212e-07	9.446369e-10	-9.114212e-07	-1.275600e-05	0.000000e+00	0.000000e+00	-0.000000e+00	-0.000000e+00	-9.112108e-07	-5.800000e-16	9.104766e-07	1.275506e-05	9.446370e-10	9.446370e-10	9.836005e-21	-4.691520e-20	1.308037e-05	-1.308226e-05	0.000000e+00
5.810000000000000e-01	7.999995e-01	7.999995e-01	3.508475e-01	3.508475e-01	8.496653e-03	5.810000e-01	8.000000e-01	0.000000e+00	0.000000e+00	3.999998e-29	3.999998e-29	-9.446370e-10	-9.446370e-10	-2.669070e-05	0.000000e+00	0.000000e+00	1.270970e-05	-2.072174e-10	-9.446364e-10	9.446366e-10	9.430395e-10	8.977894e-07	9.446369e-10	-8.977894e-07	-1.271065e-05	0.000000e+00	0.000000e+00	-0.000000e+00	-0.000000e+00	-8.975821e-07	-5.810000e-16	8.968447e-07	1.270970e-05	9.446370e-10	9.446370e-10	-1.388092e-20	2.774984e-19	1.308037e-05	-1.308226e-05	0.000000e+00
5.820000000000000e-01	7.999995e-01	7.999995e-01	3.508475e-01	3.508475e-01	8.349279e-03	5.820000e-01	8.000000e-01	0.000000e+00	0.000000e+00	3.999998e-29	3.999998e-29	-9.446370e-10	-9.446370e-10	-2.663166e-05	0.000000e+00	0.000000e+00	1.266420e-05	-2.040431e-10	-9.446364e-10	9.446366e-10	9.429924e-10	8.842600e-07	9.446369e-10	-8.842600e-07	-1.266514e-05	0.000000e+00	0.000000e+00	-0.000000e+00	-0.000000e+00	-8.840560e-07	-5.820000e-16	8.833154e-07	1.266420e-05	9.446370e-10	9.446370e-10	-7.104654e-21	-4.691520e-20	1.308037e-05	-1.308226e-05	0.000000e+00
5.830000000000000e-01	7.999995e-01	7.999995e-01	3.508475e-01	3.508475e-01	8.203563e-03	5.830000e-01	8.000000e-01	0.000000e+00	0.000000e+00	3.999998e-29	3.999998e-29	-9.446370e-10	-9.446370e-10	-2.657258e-05	0.000000e+00	0.000000e+00	1.261853e-05	-2.008911e-10	-9.446364e-10	9.446366e-10	9.429437e-10	8.708332e-07	9.446369e-10	-8.708332e-07	-1.261948e-05	0.000000e+00	0.000000e+00	-0.000000e+00	-0.000000e+00	-8.706323e-07	-5.830000e-16	8.698886e-07	1.261854e-05	9.446370e-10	9.446370e-10	9.836005e-21	-4.691520e-20	1.308037e-05	-1.308226e-05	0.000000e+00
5.840000000000000e-01	7.999995e-01	7.999995e-01	3.508475e-01	3.508475e-01	8.059494e-03	5.840000e-01	8.000000e-01	0.000000e+00	0.000000e+00	3.999998e-29	3.999998e-29	-9.446370e-10	-9.446370e-10	-2.651344e-05	0.000000e+00	0.000000e+00	1.257272e-05	-1.977615e-10	-9.446364e-10	9.446366e-10	9.428937e-10	8.575090e-07	9.446369e-10	-8.575090e-07	-1.257367e-05	0.000000e+00	0.000000e+00	-0.000000e+00	-0.000000e+00	-8.573112e-07	-5.840000e-16	8.565643e-07	1.257272e-05	9.446370e-10	9.446370e-10	-7.104654e-21	-4.691520e-20	1.308037e-05	-1.308226e-05	0.000000e+00
5.850000000000000e-01	7.999995e-01	7.999995e-01	3.508475e-01	3.508475e-01	7.917061e-03	5.850000e-01	8.000000e-01	0.000000e+00	0.000000e+00	3.999998e-29	3.999998e-29	-9.446370e-10	-9.446370e-10	-2.645425e-05	0.000000e+00	0.000000e+00	1.252676e-05	-1.946545e-10	-9.446364e-10	9.446366e-10	9.428421e-10	8.442872e-07	9.446369e-10	-8.442872e-07	-1.252770e-05	0.000000e+00	0.000000e+00	-0.000000e+00	-0.000000e+00	-8.440925e-07	-5.850000e-16	8.433425e-07	1.252676e-05	9.446370e-10	9.446370e-10	-1.175424e-21	-4.691520e-20	1.308037e-05	-1.308226e-05	0.000000e+00
5.860000000000000e-01	7.999995e-01	7.999995e-01	3.508475e-01	3.508475e-01	7.776250e-03	5.860000e-01	8.000000e-01	0.000000e+00	0.000000e+00	3.999998e-29	3.999998e-29	-9.446370e-10	-9.446370e-10	-2.639502e-05	0.000000e+00	0.000000e+00	1.248064e-05	-1.915702e-10	-9.446364e-10	9.446366e-10	9.427891e-10	8.311680e-07	9.446369e-10	-8.311680e-07	-1.248159e-05	0.000000e+00	0.000000e+00	-0.000000e+00	-0.000000e+00	-8.309764e-07	-5.860000e-16	8.302233e-07	1.248064e-05	9.446370e-10	9.446370e-10	-1.175424e-21	-4.691520e-20	1.308037e-05	-1.308226e-05	0.000000e+00
5.870000000000000e-01	7.999995e-01	7.999995e-01	3.508475e-01	3.508475e-01	7.637050e-03	5.870000e-01	8.000000e-01	0.000000e+00	0.000000e+00	3.999998e-29	3.999998e-29	-9.446370e-10	-9.446370e-10	-2.633574e-05	0.000000e+00	0.000000e+00	1.243438e-05	-1.885087e-10	-9.446364e-10	9.446366e-10	9.427344e-10	8.181513e-07	9.446369e-10	-8.181513e-07	-1.243532e-05	0.000000e+00	0.000000e+00	-0.000000e+00	-0.000000e+00	-8.179628e-07	-5.870000e-16	8.172067e-07	1.243438e-05	9.446370e-10	9.446370e-10	9.836005e-21	-4.691520e-20	1.308037e-05	-1.308226e-05	0.000000e+00
5.880000000000000e-01	7.999995e-01	7.999995e-01	3.508475e-01	3.508475e-01	7.499449e-03	5.880000e-01	8.000000e-01	0.000000e+00	0.000000e+00	3.999998e-29	3.999998e-29	-9.446370e-10	-9.446370e-10	-2.627641e-05	0.000000e+00	0.000000e+00	1.238796e-05	-1.854701e-10	-9.446364e-10	9.446366e-10	9.426782e-10	8.052372e-07	9.446369e-10	-8.052372e-07	-1.238891e-05	0.000000e+00	0.000000e+00	-0.000000e+00	-0.000000e+00	-8.050517e-07	-5.880000e-16	8.042925e-07	1.238797e-05	9.446370e-10	9.446370e-10	-1.388092e-20	2.774984e-19	1.308037e-05	-1.308226e-05	0.000000e+00
5.890000000000000e-01	7.999995e-01	7.999995e-01	3.508475e-01	3.508475e-01	7.363437e-03	5.890000e-01	8.000000e-01	0.000000e+00	0.000000e+00	3.999998e-29	3.999998e-29	-9.446370e-10	-9.446370e-10	-2.621704e-05	0.000000e+00	0.000000e+00	1.234140e-05	-1.824547e-10	-9.446364e-10	9.446366e-10	9.426203e-10	7.924257e-07	9.446369e-10	-7.924257e-07	-1.234235e-05	0.000000e+00	0.000000e+00	-0.000000e+00	-0.000000e+00	-7.922432e-07	-5.890000e-16	7.914811e-07	1.234141e-05	9.446370e-10	9.446370e-10	-7.104654e-21	-4.691520e-20	1.308037e-05	-1.308226e-05	0.000000e+00
5.900000000000000e-01	7.999995e-01	7.999995e-01	3.508475e-01	3.508475e-01	7.229000e-03	5.900000e-01	8.000000e-01	0.000000e+00	0.000000e+00	3.999998e-29	3.999998e-29	-9.446370e-10	-9.446370e-10	-2.615762e-05	0.000000e+00	0.000000e+00	1.229469e-05	-1.794624e-10	-9.446364e-10	9.446366e-10	9.425607e-10	7.797167e-07	9.446369e-10	-7.797167e-07	-1.229564e-05	0.000000e+00	0.000000e+00	-0.000000e+00	-0.000000e+00	-7.795373e-07	-5.900000e-16	7.787721e-07	1.229470e-05	9.446370e-10	9.446370e-10	9.836005e-21	-4.691520e-20	1.308037e-05	-1.308226e-05	0.000000e+00
5.910000000000000e-01	7.999995e-01	7.999995e-01	3.508475e-01	3.508475e-01	7.096129e-03	5.910000e-01	8.000000e-01	0.000000e+00	0.000000e+00	3.999998e-29	3.999998e-29	-9.446370e-10	-9.446370e-10	-2.609816e-05	0.000000e+00	0.000000e+00	1.224784e-05	-1.764933e-10	-9.446364e-10	9.446366e-10	9.424993e-10	7.671104e-07	9.446369e-10	-7.671104e-07	-1.224878e-05	0.000000e+00	0.000000e+00	-0.000000e+00	-0.000000e+00	-7.669339e-07	-5.910000e-16	7.661657e-07	1.224784e-05	9.446370e-10	9.446370e-10	-7.104654e-21	-4.691520e-20	1.308037e-05	-1.308226e-05	0.000000e+00
5.920000000000000e-01	7.999995e-01	7.999995e-01	3.508475e-01	3.508475e-01	6.964813e-03	5.920000e-01	8.000000e-01	0.000000e+00	0.000000e+00	3.999998e-29	3.999998e-29	-9.446370e-10	-9.446370e-10	-2.603865e-05	0.000000e+00	0.000000e+00	1.220084e-05	-1.735478e-10	-9.446364e-10	9.446366e-10	9.424361e-10	7.546066e-07	9.446369e-10	-7.546066e-07	-1.220178e-05	0.000000e+00	0.000000e+00	-0.000000e+00	-0.000000e+00	-7.544331e-07	-5.920000e-16	7.536620e-07	1.220084e-05	9.446370e-10	9.446370e-10	-1.175424e-21	-4.691520e-20	1.308037e-05	-1.308226e-05	0.000000e+00
5.930000000000000e-01	7.999995e-01	7.999995e-01	3.508475e-01	3.508475e-01	6.835039e-03	5.930000e-01	8.000000e-01	0.000000e+00	0.000000e+00	3.999998e-29	3.999998e-29	-9.446370e-10	-9.446370e-10	-2.597911e-05	0.000000e+00	0.000000e+00	1.215369e-05	-1.706257e-10	-9.446364e-10	9.446366e-10	9.423711e-10	7.422055e-07	9.446369e-10	-7.422055e-07	-1.215464e-05	0.000000e+00	0.000000e+00	-0.000000e+00	-0.000000e+00	-7.420349e-07	-5.930000e-16	7.412609e-07	1.215370e-05	9.446370e-10	9.446370e-10	-1.175424e-21	-4.691520e-20	1.308037e-05	-1.308226e-05	0.000000e+00
5.940000000000000e-01	7.999995e-01	7.999995e-01	3.508475e-01	3.508475e-01	6.706797e-03	5.940000e-01	8.000000e-01	0.000000e+00	0.000000e+00	3.999998e-29	3.999998e-29	-9.446370e-10	-9.446370e-10	-2.591952e-05	0.000000e+00	0.000000e+00	1.210640e-05	-1.677272e-10	-9.446364e-10	9.446366e-10	9.423040e-10	7.299070e-07	9.446369e-10	-7.299070e-07	-1.210735e-05	0.000000e+00	0.000000e+00	-0.000000e+00	-0.000000e+00	-7.297393e-07	-5.940000e-16	7.289624e-07	1.210640e-05	9.446370e-10	9.446370e-10	9.836005e-21	-4.691520e-20	1.308037e-05	-1.308226e-05	0.000000e+00
5.950000000000000e-01	7.999995e-01	7.999995e-01	3.508475e-01	3.508475e-01	6.580077e-03	5.950000e-01	8.000000e-01	0.000000e+00	0.000000e+00	3.999998e-29	3.999998e-29	-9.446370e-10	-9.446370e-10	-2.585989e-05	0.000000e+00	0.000000e+00	1.205897e-05	-1.648525e-10	-9.446364e-10	9.446366e-10	9.422351e-10	7.177111e-07	9.446369e-10	-7.177111e-07	-1.205991e-05	0.000000e+00	0.000000e+00	-0.000000e+00	-0.000000e+00	-7.175463e-07	-5.950000e-16	7.167665e-07	1.205897e-05	9.446370e-10	9.446370e-10	-1.388092e-20	2.774984e-19	1.308037e-05	-1.308226e-05	0.000000e+00
5.960000000000000e-01	7.999995e-01	7.999995e-01	3.508475e-01	3.508475e-01	6.454867e-03	5.960000e-01	8.000000e-01	0.000000e+00	0.000000e+00	3.999998e-29	3.999998e-29	-9.446370e-10	-9.446370e-10	-2.580022e-05	0.000000e+00	0.000000e+00	1.201139e-05	-1.620016e-10	-9.446364e-10	9.446366e-10	9.421640e-10	7.056179e-07	9.446369e-10	-7.056179e-07	-1.201233e-05	0.000000e+00	0.000000e+00	-0.000000e+00	-0.000000e+00	-7.054559e-07	-5.960000e-16	7.046733e-07	1.201139e-05	9.446370e-10	9.446370e-10	-7.104654e-21	-4.691520e-20	1.308037e-05	-1.308226e-05	0.000000e+00
5.970000000000000e-01	7.999995e-01	7.999995e-01	3.508475e-01	3.508475e-01	6.331157e-03	5.970000e-01	8.000000e-01	0.000000e+00	0.000000e+00	3.999998e-29	3.999998e-29	-9.446370e-10	-9.446370e-10	-2.574051e-05	0.000000e+00	0.000000e+00	1.196367e-05	-1.591746e-10	-9.446364e-10	9.446366e-10	9.420910e-10	6.936273e-07	9.446369e-10	-6.936273e-07	-1.196462e-05	0.000000e+00	0.000000e+00	-0.000000e+00	-0.000000e+00	-6.934682e-07	-5.970000e-16	6.926827e-07	1.196367e-05	9.446370e-10	9.446370e-10	9.836005e-21	-4.691520e-20	1.308037e-05	-1.308226e-05	0.000000e+00
5.980000000000000e-01	7.999995e-01	7.999995e-01	3.508475e-01	3.508475e-01	6.208938e-03	5.980000e-01	8.000000e-01	0.000000e+00	0.000000e+00	3.999998e-29	3.999998e-29	-9.446370e-10	-9.446370e-10	-2.568076e-05	0.000000e+00	0.000000e+00	1.191581e-05	-1.563716e-10	-9.446364e-10	9.446366e-10	9.420157e-10	6.817394e-07	9.446369e-10	-6.817394e-07	-1.191675e-05	0.000000e+00	0.000000e+00	-0.000000e+00	-0.000000e+00	-6.815831e-07	-5.980000e-16	6.807948e-07	1.191581e-05	9.446370e-10	9.446370e-10	-7.104654e-21	-4.691520e-20	1.308037e-05	-1.308226e-05	0.000000e+00
5.990000000000000e-01	7.999995e-01	7.999995e-01	3.508475e-01	3.508475e-01	6.088197e-03	5.990000e-01	8.000000e-01	0.000000e+00	0.000000e+00	3.999998e-29	3.999998e-29	-9.446370e-10	-9.446370e-10	-2.562097e-05	0.000000e+00	0.000000e+00	1.186781e-05	-1.535927e-10	-9.446364e-10	9.446366e-10	9.419382e-10	6.699541e-07	9.446369e-10	-6.699541e-07	-1.186875e-05	0.000000e+00	0.000000e+00	-0.000000e+00	-0.000000e+00	-6.698006e-07	-5.990000e-16	6.690095e-07	1.186781e-05	9.446370e-10	9.446370e-10	-1.175424e-21	-4.691520e-20	1.308037e-05	-1.308226e-05	0.000000e+00
6.000000000000000e-01	7.999995e-01	7.999995e-01	3.508475e-01	3.508475e-01	5.968926e-03	6.000000e-01	8.000000e-01	0.000000e+00	0.000000e+00	3.999998e-29	3.999998e-29	-9.446370e-10	-9.446370e-10	-2.556114e-05	0.000000e+00	0.000000e+00	1.181966e-05	-1.508380e-10	-9.446364e-10	9.446366e-10	9.418584e-10	6.582716e-07	9.446369e-10	-6.582716e-07	-1.182061e-05	0.000000e+00	0.000000e+00	-0.000000e+00	-0.000000e+00	-6.581208e-07	-6.000000e-16	6.573270e-07	1.181967e-05	9.446370e-10	9.446370e-10	-1.175424e-21	-4.691520e-20	1.308037e-05	-1.308226e-05	0.000000e+00
6.010000000000000e-01	7.999995e-01	7.999995e-01	3.508475e-01	3.508475e-01	5.851113e-03	6.010000e-01	8.000000e-01	0.000000e+00	0.000000e+00	3.999998e-29	3.999998e-29	-9.446370e-10	-9.446370e-10	-2.550128e-05	0.000000e+00	0.000000e+00	1.177138e-05	-1.481076e-10	-9.446364e-10	9.446366e-10	9.417762e-10	6.466917e-07	9.446370e-10	-6.466917e-07	-1.177233e-05	0.000000e+00	0.000000e+00	-0.000000e+00	-0.000000e+00	-6.465436e-07	-6.010000e-16	6.457471e-07	1.177139e-05	9.446370e-10	9.446370e-10	9.836005e-21	-4.691520e-20	1.308037e-05	-1.308226e-05	0.000000e+00
6.020000000000000e-01	7.999995e-01	7.999995e-01	3.508475e-01	3.508475e-01	5.734749e-03	6.020000e-01	8.000000e-01	0.000000e+00	0.000000e+00	3.999998e-29	3.999998e-29	-9.446370e-10	-9.446370e-10	-2.544138e-05	0.000000e+00	0.000000e+00	1.172296e-05	-1.454016e-10	-9.446364e-10	9.446366e-10	9.416917e-10	6.352146e-07	9.446370e-10	-6.352146e-07	-1.172391e-05	0.000000e+00	0.000000e+00	-0.000000e+00	-0.000000e+00	-6.350692e-07	-6.020000e-16	6.342700e-07	1.172296e-05	9.446370e-10	9.446370e-10	-1.388092e-20	2.774984e-19	1.308037e-05	-1.308226e-05	0.000000e+00
6.030000000000000e-01	7.999995e-01	7.999995e-01	3.508475e-01	3.508475e-01	5.619824e-03	6.030000e-01	8.000000e-01	0.000000e+00	0.000000e+00	3.999998e-29	3.999998e-29	-9.446370e-10	-9.446370e-10	-2.538145e-05	0.000000e+00	0.000000e+00	1.167440e-05	-1.427199e-10	-9.446364e-10	9.446366e-10	9.416046e-10	6.238401e-07	9.446370e-10	-6.238401e-07	-1.167535e-05	0.000000e+00	0.000000e+00	-0.000000e+00	-0.000000e+00	-6.236974e-07	-6.030000e-16	6.228955e-07	1.167440e-05	9.446370e-10	9.446370e-10	-7.104654e-21	-4.691520e-20	1.308037e-05	-1.308226e-05	0.000000e+00
6.040000000000000e-01	7.999995e-01	7.999995e-01	3.508475e-01	3.508475e-01	5.506329e-03	6.040000e-01	8.000000e-01	0.000000e+00	0.000000e+00	3.999998e-29	3.999998e-29	-9.446370e-10	-9.446370e-10	-2.532148e-05	0.000000e+00	0.000000e+00	1.162570e-05	-1.400629e-10	-9.446364e-10	9.446366e-10	9.415150e-10	6.125683e-07	9.446370e-10	-6.125683e-07	-1.162665e-05	0.000000e+00	0.000000e+00	-0.000000e+00	-0.000000e+00	-6.124283e-07	-6.040000e-16	6.116237e-07	1.162571e-05	9.446370e-10	9.446370e-10	9.836005e-21	-4.691520e-20	1.308037e-05	-1.308226e-05	0.000000e+00
6.050000000000000e-01	7.999995e-01	7.999995e-01	3.508475e-01	3.508475e-01	5.394252e-03	6.050000e-01	8.000000e-01	0.000000e+00	0.000000e+00	3.999998e-29	3.999998e-29	-9.446370e-10	-9.446370e-10	-2.526148e-05	0.000000e+00	0.000000e+00	1.157687e-05	-1.374304e-10	-9.446364e-10	9.446366e-10	9.414226e-10	6.013993e-07	9.446370e-10	-6.013993e-07	-1.157781e-05	0.000000e+00	0.000000e+00	-0.000000e+00	-0.000000e+00	-6.012619e-07	-6.050000e-16	6.004547e-07	1.157687e-05	9.446370e-10	9.446370e-10	-7.104654e-21	-4.691520e-20	1.308037e-05	-1.308226e-05	0.000000e+00
6.060000000000000e-01	7.999995e-01	7.999995e-01	3.508475e-01	3.508475e-01	5.283586e-03	6.060000e-01	8.000000e-01	0.000000e+00	0.000000e+00	3.999998e-29	3.999998e-29	-9.446370e-10	-9.446370e-10	-2.520144e-05	0.000000e+00	0.000000e+00	1.152790e-05	-1.348225e-10	-9.446364e-10	9.446366e-10	9.413276e-10	5.903330e-07	9.446370e-10	-5.903330e-07	-1.152884e-05	0.000000e+00	0.000000e+00	-0.000000e+00	-0.000000e+00	-5.901982e-07	-6.060000e-16	5.893884e-07	1.152790e-05	9.446370e-10	9.446370e-10	-1.175424e-21	-4.691520e-20	1.308037e-05	-1.308226e-05	0.000000e+00
6.070000000000000e-01	7.999995e-01	7.999995e-01	3.508475e-01	3.508475e-01	5.174320e-03	6.070000e-01	8.000000e-01	0.000000e+00	0.000000e+00	3.999998e-29	3.999998e-29	-9.446370e-10	-9.446370e-10	-2.514137e-05	0.000000e+00	0.000000e+00	1.147879e-05	-1.322394e-10	-9.446364e-10	9.446366e-10	9.412298e-10	5.793694e-07	9.446370e-10	-5.793694e-07	-1.147974e-05	0.000000e+00	0.000000e+00	-0.000000e+00	-0.000000e+00	-5.792372e-07	-6.070000e-16	5.784248e-07	1.147880e-05	9.446370e-10	9.446370e-10	-1.175424e-21	-4.691520e-20	1.308037e-05	-1.308226e-05	0.000000e+00
6.080000000000000e-01	7.999995e-01	7.999995e-01	3.508475e-01	3.508475e-01	5.066445e-03	6.080000e-01	8.000000e-01	0.000000e+00	0.000000e+00	3.999998e-29	3.999998e-29	-9.446370e-10	-9.446370e-10	-2.508127e-05	0.000000e+00	0.000000e+00	1.142955e-05	-1.296811e-10	-9.446364e-10	9.446366e-10	9.411291e-10	5.685087e-07	9.446370e-10	-5.685087e-07	-1.143050e-05	0.000000e+00	0.000000e+00	-0.000000e+00	-0.000000e+00	-5.683789e-07	-6.080000e-16	5.675640e-07	1.142955e-05	9.446370e-10	9.446370e-10	9.836005e-21	-4.691520e-20	1.308037e-05	-1.308226e-05	0.000000e+00
6.090000000000000e-01	7.999995e-01	7.999995e-01	3.508475e-01	3.508475e-01	4.959952e-03	6.090000e-01	8.000000e-01	0.000000e+00	0.000000e+00	3.999998e-29	3.999998e-29	-9.446370e-10	-9.446370e-10	-2.502113e-05	0.000000e+00	0.000000e+00	1.138018e-05	-1.271477e-10	-9.446364e-10	9.446366e-10	9.410253e-10	5.577506e-07	9.446370e-10	-5.577506e-07	-1.138112e-05	0.000000e+00	0.000000e+00	-0.000000e+00	-0.000000e+00	-5.576234e-07	-6.090000e-16	5.568059e-07	1.138018e-05	9.446370e-10	9.446370e-10	-1.388092e-20	2.774984e-19	1.308037e-05	-1.308226e-05	0.000000e+00
6.100000000000000e-01	7.999995e-01	7.999995e-01	3.508475e-01	3.508475e-01	4.854830e-03	6.100000e-01	8.000000e-01	0.000000e+00	0.000000e+00	3.999998e-29	3.999998e-29	-9.446370e-10	-9.446370e-10	-2.496097e-05	0.000000e+00	0.000000e+00	1.133067e-05	-1.246392e-10	-9.446364e-10	9.446366e-10	9.409185e-10	5.470953e-07	9.446370e-10	-5.470953e-07	-1.133161e-05	0.000000e+00	0.000000e+00	-0.000000e+00	-0.000000e+00	-5.469706e-07	-6.100000e-16	5.461507e-07	1.133067e-05	9.446370e-10	9.446370e-10	-7.104654e-21	-4.691520e-20	1.308037e-05	-1.308226e-05	0.000000e+00
6.110000000000000e-01	7.999995e-01	7.999995e-01	3.508475e-01	3.508475e-01	4.751072e-03	6.110000e-01	8.000000e-01	0.000000e+00	0.000000e+00	3.999998e-29	3.999998e-29	-9.446370e-10	-9.446370e-10	-2.490077e-05	0.000000e+00	0.000000e+00	1.128102e-05	-1.221556e-10	-9.446364e-10	9.446366e-10	9.408085e-10	5.365428e-07	9.446370e-10	-5.365428e-07	-1.128197e-05	0.000000e+00	0.000000e+00	-0.000000e+00	-0.000000e+00	-5.364206e-07	-6.110000e-16	5.355981e-07	1.128103e-05	9.446370e-10	9.446370e-10	9.836005e-21	-4.691520e-20	1.308037e-05	-1.308226e-05	0.000000e+00
6.120000000000000e-01	7.999995e-01	7.999995e-01	3.508475e-01	3.508475e-01	4.648668e-03	6.120000e-01	8.000000e-01	0.000000e+00	0.000000e+00	3.999998e-29	3.999998e-29	-9.446370e-10	-9.446370e-10	-2.484055e-05	0.000000e+00	0.000000e+00	1.123125e-05	-1.196971e-10	-9.446364e-10	9.446366e-10	9.406954e-10	5.260930e-07	9.446370e-10	-5.260930e-07	-1.123219e-05	0.000000e+00	0.000000e+00	-0.000000e+00	-0.000000e+00	-5.259733e-07	-6.120000e-16	5.251483e-07	1.123125e-05	9.446370e-10	9.446370e-10	-7.104654e-21	-4.691520e-20	1.308037e-05	-1.308226e-05	0.000000e+00
6.130000000000000e-01	7.999995e-01	7.999995e-01	3.508475e-01	3.508475e-01	4.547609e-03	6.130000e-01	8.000000e-01	0.000000e+00	0.000000e+00	3.999998e-29	3.999998e-29	-9.446370e-10	-9.446370e-10	-2.478029e-05	0.000000e+00	0.000000e+00	1.118134e-05	-1.172637e-10	-9.446364e-10	9.446366e-10	9.405788e-10	5.157460e-07	9.446370e-10	-5.157460e-07	-1.118228e-05	0.000000e+00	0.000000e+00	-0.000000e+00	-0.000000e+00	-5.156288e-07	-6.130000e-16	5.148014e-07	1.118134e-05	9.446370e-10	9.446370e-10	-1.175424e-21	-4.691520e-20	1.308037e-05	-1.308226e-05	0.000000e+00
6.140000000000000e-01	7.999995e-01	7.999995e-01	3.508475e-01	3.508475e-01	4.447887e-03	6.140000e-01	8.000000e-01	0.000000e+00	0.000000e+00	3.999998e-29	3.999998e-29	-9.446370e-10	-9.446370e-10	-2.472001e-05	0.000000e+00	0.000000e+00	1.113130e-05	-1.148554e-10	-9.446364e-10	9.446366e-10	9.404588e-10	5.055018e-07	9.446370e-10	-5.055018e-07	-1.113224e-05	0.000000e+00	0.000000e+00	-0.000000e+00	-0.000000e+00	-5.053870e-07	-6.140000e-16	5.045572e-07	1.113130e-05	9.446370e-10	9.446370e-10	-1.175424e-21	-4.691520e-20	1.308037e-05	-1.308226e-05	0.000000e+00
6.150000000000000e-01	7.999995e-01	7.999995e-01	3.508475e-01	3.508475e-01	4.349492e-03	6.150000e-01	8.000000e-01	0.000000e+00	0.000000e+00	3.999998e-29	3.999998e-29	-9.446370e-10	-9.446370e-10	-2.465970e-05	0.000000e+00	0.000000e+00	1.108113e-05	-1.124724e-10	-9.446364e-10	9.446366e-10	9.403353e-10	4.953604e-07	9.446370e-10	-4.953604e-07	-1.108207e-05	0.000000e+00	0.000000e+00	-0.000000e+00	-0.000000e+00	-4.952480e-07	-6.150000e-16	4.944158e-07	1.108113e-05	9.446370e-10	9.446370e-10	9.836005e-21	-4.691520e-20	1.308037e-05	-1.308226e-05	0.000000e+00
6.160000000000000e-01	7.999995e-01	7.999995e-01	3.508475e-01	3.508475e-01	4.252416e-03	6.160000e-01	8.000000e-01	0.000000e+00	0.000000e+00	3.999998e-29	3.999998e-29	-9.446370e-10	-9.446370e-10	-2.459936e-05	0.000000e+00	0.000000e+00	1.103083e-05	-1.101145e-10	-9.446364e-10	9.446366e-10	9.402081e-10	4.853219e-07	9.446370e-10	-4.853219e-07	-1.103177e-05	0.000000e+00	0.000000e+00	-0.000000e+00	-0.000000e+00	-4.852118e-07	-6.160000e-16	4.843773e-07	1.103083e-05	9.446370e-10	9.446370e-10	-1.388092e-20	2.774984e-19	1.308037e-05	-1.308226e-05	0.000000e+00
6.170000000000000e-01	7.999995e-01	7.999995e-01	3.508475e-01	3.508475e-01	4.156650e-03	6.170000e-01	8.000000e-01	0.000000e+00	0.000000e+00	3.999998e-29	3.999998e-29	-9.446370e-10	-9.446370e-10	-2.453899e-05	0.000000e+00	0.000000e+00	1.098040e-05	-1.077819e-10	-9.446364e-10	9.446366e-10	9.400771e-10	4.753861e-07	9.446370e-10	-4.753861e-07	-1.098134e-05	0.000000e+00	0.000000e+00	-0.000000e+00	-0.000000e+00	-4.752783e-07	-6.170000e-16	4.744415e-07	1.098040e-05	9.446370e-10	9.446370e-10	-7.104654e-21	-4.691520e-20	1.308037e-05	-1.308226e-05	0.000000e+00
6.180000000000000e-01	7.999995e-01	7.999995e-01	3.508475e-01	3.508475e-01	4.062186e-03	6.180000e-01	8.000000e-01	0.000000e+00	0.000000e+00	3.999998e-29	3.999998e-29	-9.446370e-10	-9.446370e-10	-2.447860e-05	0.000000e+00	0.000000e+00	1.092984e-05	-1.054747e-10	-9.446364e-10	9.446366e-10	9.399423e-10	4.655532e-07	9.446370e-10	-4.655532e-07	-1.093078e-05	0.000000e+00	0.000000e+00	-0.000000e+00	-0.000000e+00	-4.654477e-07	-6.180000e-16	4.646085e-07	1.092984e-05	9.446370e-10	9.446370e-10	9.836005e-21	-4.691520e-20	1.308037e-05	-1.308226e-05	0.000000e+00
6.190000000000000e-01	7.999995e-01	7.999995e-01	3.508475e-01	3.508475e-01	3.969015e-03	6.190000e-01	8.000000e-01	0.000000e+00	0.000000e+00	3.999998e-29	3.999998e-29	-9.446370e-10	-9.446370e-10	-2.441818e-05	0.000000e+00	0.000000e+00	1.087915e-05	-1.031928e-10	-9.446364e-10	9.446366e-10	9.398035e-10	4.558231e-07	9.446370e-10	-4.558231e-07	-1.088010e-05	0.000000e+00	0.000000e+00	-0.000000e+00	-0.000000e+00	-4.557199e-07	-6.190000e-16	4.548785e-07	1.087916e-05	9.446370e-10	9.446370e-10	-7.104654e-21	-4.691520e-20	1.308037e-05	-1.308226e-05	0.000000e+00
6.200000000000000e-01	7.999995e-01	7.999995e-01	3.508475e-01	3.508475e-01	3.877129e-03	6.200000e-01	8.000000e-01	0.000000e+00	0.000000e+00	3.999998e-29	3.999998e-29	-9.446370e-10	-9.446370e-10	-2.435774e-05	0.000000e+00	0.000000e+00	1.082833e-05	-1.009363e-10	-9.446364e-10	9.446366e-10	9.396606e-10	4.461958e-07	9.446370e-10	-4.461958e-07	-1.082928e-05	0.000000e+00	0.000000e+00	-0.000000e+00	-0.000000e+00	-4.460949e-07	-6.200000e-16	4.452512e-07	1.082834e-05	9.446370e-10	9.446370e-10	-1.175424e-21	-4.691520e-20	1.308037e-05	-1.308226e-05	0.000000e+00
6.210000000000000e-01	7.999995e-01	7.999995e-01	3.508475e-01	3.508475e-01	3.786519e-03	6.210000e-01	8.000000e-01	0.000000e+00	0.000000e+00	3.999998e-29	3.999998e-29	-9.446370e-10	-9.446370e-10	-2.429727e-05	0.000000e+00	0.000000e+00	1.077739e-05	-9.870520e-11	-9.446364e-10	9.446366e-10	9.395135e-10	4.366714e-07	9.446370e-10	-4.366714e-07	-1.077834e-05	0.000000e+00	0.000000e+00	-0.000000e+00	-0.000000e+00	-4.365727e-07	-6.210000e-16	4.357267e-07	1.077740e-05	9.446370e-10	9.446370e-10	-1.175424e-21	-4.691520e-20	1.308037e-05	-1.308226e-05	0.000000e+00
6.220000000000000e-01	7.999995e-01	7.999995e-01	3.508475e-01	3.508475e-01	3.697178e-03	6.220000e-01	8.000000e-01	0.000000e+00	0.000000e+00	3.999998e-29	3.999998e-29	-9.446370e-10	-9.446370e-10	-2.423678e-05	0.000000e+00	0.000000e+00	1.072632e-05	-9.649958e-11	-9.446364e-10	9.446366e-10	9.393619e-10	4.272498e-07	9.446370e-10	-4.272498e-07	-1.072727e-05	0.000000e+00	0.000000e+00	-0.000000e+00	-0.000000e+00	-4.271533e-07	-6.220000e-16	4.263051e-07	1.072633e-05	9.446370e-10	9.446370e-10	9.836005e-21	-4.691520e-20	1.308037e-05	-1.308226e-05	0.000000e+00
6.230000000000000e-01	7.999995e-01	7.999995e-01	3.508475e-01	3.508475e-01	3.609097e-03	6.230000e-01	8.000000e-01	0.000000e+00	0.000000e+00	3.999998e-29	3.999998e-29	-9.446370e-10	-9.446370e-10	-2.417626e-05	0.000000e+00	0.000000e+00	1.067512e-05	-9.431943e-11	-9.446364e-10	9.446366e-10	9.392059e-10	4.179310e-07	9.446370e-10	-4.179310e-07	-1.067607e-05	0.000000e+00	0.000000e+00	-0.000000e+00	-0.000000e+00	-4.178367e-07	-6.230000e-16	4.169864e-07	1.067513e-05	9.446370e-10	9.446370e-10	-1.388092e-20	2.774984e-19	1.308037e-05	-1.308226e-05	0.000000e+00
6.240000000000000e-01	7.999995e-01	7.999995e-01	3.508475e-01	3.508475e-01	3.522268e-03	6.240000e-01	8.000000e-01	0.000000e+00	0.000000e+00	3.999998e-29	3.999998e-29	-9.446370e-10	-9.446370e-10	-2.411572e-05	0.000000e+00	0.000000e+00	1.062380e-05	-9.216480e-11	-9.446364e-10	9.446366e-10	9.390454e-10	4.087151e-07	9.446370e-10	-4.087151e-07	-1.062475e-05	0.000000e+00	0.000000e+00	-0.000000e+00	-0.000000e+00	-4.086230e-07	-6.240000e-16	4.077705e-07	1.062381e-05	9.446370e-10	9.446370e-10	-7.104654e-21	-4.691520e-20	1.308037e-05	-1.308226e-05	0.000000e+00
6.250000000000000e-01	7.999995e-01	7.999995e-01	3.508475e-01	3.508475e-01	3.436684e-03	6.250000e-01	8.000000e-01	0.000000e+00	0.000000e+00	3.999998e-29	3.999998e-29	-9.446370e-10	-9.446370e-10	-2.405516e-05	0.000000e+00	0.000000e+00	1.057235e-05	-9.003570e-11	-9.446364e-10	9.446366e-10	9.388800e-10	3.996021e-07	9.446370e-10	-3.996021e-07	-1.057330e-05	0.000000e+00	0.000000e+00	-0.000000e+00	-0.000000e+00	-3.995121e-07	-6.250000e-16	3.986575e-07	1.057236e-05	9.446370e-10	9.446370e-10	9.836005e-21	-4.691520e-20	1.308037e-05	-1.308226e-05	0.000000e+00
6.260000000000000e-01	7.999995e-01	7.999995e-01	3.508475e-01	3.508475e-01	3.352336e-03	6.260000e-01	8.000000e-01	0.000000e+00	0.000000e+00	3.999998e-29	3.999998e-29	-9.446370e-10	-9.446370e-10	-2.399458e-05	0.000000e+00	0.000000e+00	1.052078e-05	-8.793215e-11	-9.446364e-10	9.446366e-10	9.387098e-10	3.905919e-07	9.446370e-10	-3.905919e-07	-1.052173e-05	0.000000e+00	0.000000e+00	-0.000000e+00	-0.000000e+00	-3.905040e-07	-6.260000e-16	3.896473e-07	1.052079e-05	9.446370e-10	9.446370e-10	-7.104654e-21	-4.691520e-20	1.308037e-05	-1.308226e-05	0.000000e+00
6.270000000000000e-01	7.999995e-01	7.999995e-01	3.508475e-01	3.508475e-01	3.269216e-03	6.270000e-01	8.000000e-01	0.000000e+00	0.000000e+00	3.999998e-29	3.999998e-29	-9.446370e-10	-9.446370e-10	-2.393398e-05	0.000000e+00	0.000000e+00	1.046909e-05	-8.585418e-11	-9.446364e-10	9.446366e-10	9.385345e-10	3.816847e-07	9.446370e-10	-3.816847e-07	-1.047003e-05	0.000000e+00	0.000000e+00	-0.000000e+00	-0.000000e+00	-3.815988e-07	-6.270000e-16	3.807400e-07	1.046909e-05	9.446370e-10	9.446370e-10	-1.175424e-21	-4.691520e-20	1.308037e-05	-1.308226e-05	0.000000e+00
6.280000000000000e-01	7.999995e-01	7.999995e-01	3.508475e-01	3.508475e-01	3.187317e-03	6.280000e-01	8.000000e-01	0.000000e+00	0.000000e+00	3.999998e-29	3.999998e-29	-9.446370e-10	-9.446370e-10	-2.387335e-05	0.000000e+00	0.000000e+00	1.041727e-05	-8.380179e-11	-9.446364e-10	9.446366e-10	9.383541e-10	3.728803e-07	9.446370e-10	-3.728803e-07	-1.041821e-05	0.000000e+00	0.000000e+00	-0.000000e+00	-0.000000e+00	-3.727964e-07	-6.280000e-16	3.719356e-07	1.041727e-05	9.446370e-10	9.446370e-10	-1.175424e-21	-4.691520e-20	1.308037e-05	-1.308226e-05	0.000000e+00
6.290000000000000e-01	7.999995e-01	7.999995e-01	3.508475e-01	3.508475e-01	3.106632e-03	6.290000e-01	8.000000e-01	0.000000e+00	0.000000e+00	3.999998e-29	3.999998e-29	-9.446370e-10	-9.446370e-10	-2.381271e-05	0.000000e+00	0.000000e+00	1.036532e-05	-8.177502e-11	-9.446364e-10	9.446366e-10	9.381682e-10	3.641788e-07	9.446370e-10	-3.641788e-07	-1.036627e-05	0.000000e+00	0.000000e+00	-0.000000e+00	-0.000000e+00	-3.640970e-07	-6.290000e-16	3.632341e-07	1.036533e-05	9.446370e-10	9.446370e-10	9.836005e-21	-4.691520e-20	1.308037e-05	-1.308226e-05	0.000000e+00
6.300000000000000e-01	7.999995e-01	7.999995e-01	3.508475e-01	3.508475e-01	3.027152e-03	6.300000e-01	8.000000e-01	0.000000e+00	0.000000e+00	3.999998e-29	3.999998e-29	-9.446370e-10	-9.446370e-10	-2.375204e-05	0.000000e+00	0.000000e+00	1.031326e-05	-7.977385e-11	-9.446364e-10	9.446366e-10	9.379770e-10	3.555801e-07	9.446370e-10	-3.555801e-07	-1.031420e-05	0.000000e+00	0.000000e+00	-0.000000e+00	-0.000000e+00	-3.555004e-07	-6.300000e-16	3.546355e-07	1.031326e-05	9.446370e-10	9.446370e-10	-1.388092e-20	2.774984e-19	1.308037e-05	-1.308226e-05	0.000000e+00
6.310000000000000e-01	7.999995e-01	7.999995e-01	3.508475e-01	3.508475e-01	2.948869e-03	6.310000e-01	8.000000e-01	0.000000e+00	0.000000e+00	3.999998e-29	3.999998e-29	-9.446370e-10	-9.446370e-10	-2.369136e-05	0.000000e+00	0.000000e+00	1.026107e-05	-7.779832e-11	-9.446364e-10	9.446366e-10	9.377801e-10	3.470844e-07	9.446370e-10	-3.470844e-07	-1.026201e-05	0.000000e+00	0.000000e+00	-0.000000e+00	-0.000000e+00	-3.470066e-07	-6.310000e-16	3.461398e-07	1.026107e-05	9.446370e-10	9.446370e-10	-7.104654e-21	-4.691520e-20	1.308037e-05	-1.308226e-05	0.000000e+00
6.320000000000000e-01	7.999995e-01	7.999995e-01	3.508475e-01	3.508475e-01	2.871778e-03	6.320000e-01	8.000000e-01	0.000000e+00	0.000000e+00	3.999998e-29	3.999998e-29	-9.446370e-10	-9.446370e-10	-2.363066e-05	0.000000e+00	0.000000e+00	1.020876e-05	-7.584841e-11	-9.446364e-10	9.446366e-10	9.375772e-10	3.386916e-07	9.446370e-10	-3.386916e-07	-1.020970e-05	0.000000e+00	0.000000e+00	-0.000000e+00	-0.000000e+00	-3.386157e-07	-6.320000e-16	3.377469e-07	1.020876e-05	9.446370e-10	9.446370e-10	9.836005e-21	-4.691520e-20	1.308037e-05	-1.308226e-05	0.000000e+00
6.330000000000000e-01	7.999995e-01	7.999995e-01	3.508475e-01	3.508475e-01	2.795869e-03	6.330000e-01	8.000000e-01	0.000000e+00	0.000000e+00	3.999998e-29	3.999998e-29	-9.446370e-10	-9.446370e-10	-2.356994e-05	0.000000e+00	0.000000e+00	1.015633e-05	-7.392414e-11	-9.446365e-10	9.446366e-10	9.373685e-10	3.304017e-07	9.446370e-10	-3.304017e-07	-1.015727e-05	0.000000e+00	0.000000e+00	-0.000000e+00	-0.000000e+00	-3.303277e-07	-6.330000e-16	3.294570e-07	1.015633e-05	9.446370e-10	9.446370e-10	-7.104654e-21	-4.691520e-20	1.308037e-05	-1.308226e-05	0.000000e+00
6.340000000000000e-01	7.999995e-01	7.999995e-01	3.508475e-01	3.508475e-01	2.721136e-03	6.340000e-01	8.000000e-01	0.000000e+00	0.000000e+00	3.999998e-29	3.999998e-29	-9.446370e-10	-9.446370e-10	-2.350920e-05	0.000000e+00	0.000000e+00	1.010377e-05	-7.202552e-11	-9.446365e-10	9.446366e-10	9.371536e-10	3.222146e-07	9.446370e-10	-3.222146e-07	-1.010472e-05	0.000000e+00	0.000000e+00	-0.000000e+00	-0.000000e+00	-3.221426e-07	-6.340000e-16	3.212700e-07	1.010378e-05	9.446370e-10	9.446370e-10	-1.175424e-21	-4.691520e-20	1.308037e-05	-1.308226e-05	0.000000e+00
6.350000000000000e-01	7.999995e-01	7.999995e-01	3.508475e-01	3.508475e-01	2.647572e-03	6.350000e-01	8.000000e-01	0.000000e+00	0.000000e+00	3.999998e-29	3.999998e-29	-9.446370e-10	-9.446370e-10	-2.344844e-05	0.000000e+00	0.000000e+00	1.005110e-05	-7.015255e-11	-9.446365e-10	9.446366e-10	9.369323e-10	3.141306e-07	9.446370e-10	-3.141306e-07	-1.005205e-05	0.000000e+00	0.000000e+00	-0.000000e+00	-0.000000e+00	-3.140604e-07	-6.350000e-16	3.131860e-07	1.005111e-05	9.446370e-10	9.446370e-10	-1.175424e-21	-4.691520e-20	1.308037e-05	-1.308226e-05	0.000000e+00
6.360000000000000e-01	7.999995e-01	7.999995e-01	3.508475e-01	3.508475e-01	2.575170e-03	6.360000e-01	8.000000e-01	0.000000e+00	0.000000e+00	3.999998e-29	3.999998e-29	-9.446370e-10	-9.446370e-10	-2.338767e-05	0.000000e+00	0.000000e+00	9.998312e-06	-6.830522e-11	-9.446365e-10	9.446366e-10	9.367045e-10	3.061494e-07	9.446370e-10	-3.061494e-07	-9.999257e-06	0.000000e+00	0.000000e+00	-0.000000e+00	-0.000000e+00	-3.060811e-07	-6.360000e-16	3.052048e-07	9.998320e-06	9.446370e-10	9.446370e-10	9.836005e-21	-4.691520e-20	1.308037e-05	-1.308226e-05	0.000000e+00
6.370000000000000e-01	7.999995e-01	7.999995e-01	3.508475e-01	3.508475e-01	2.503921e-03	6.370000e-01	8.000000e-01	0.000000e+00	0.000000e+00	3.999998e-29	3.999998e-29	-9.446370e-10	-9.446370e-10	-2.332688e-05	0.000000e+00	0.000000e+00	9.945401e-06	-6.648353e-11	-9.446365e-10	9.446366e-10	9.364699e-10	2.982712e-07	9.446370e-10	-2.982712e-07	-9.946346e-06	0.000000e+00	0.000000e+00	-0.000000e+00	-0.000000e+00	-2.982047e-07	-6.370000e-16	2.973266e-07	9.945409e-06	9.446370e-10	9.446370e-10	-1.388092e-20	2.774984e-19	1.308037e-05	-1.308226e-05	0.000000e+00
6.380000000000000e-01	7.999995e-01	7.999995e-01	3.508475e-01	3.508475e-01	2.433820e-03	6.380000e-01	8.000000e-01	0.000000e+00	0.000000e+00	3.999998e-29	3.999998e-29	-9.446370e-10	-9.446370e-10	-2.326608e-05	0.000000e+00	0.000000e+00	9.892372e-06	-6.468748e-11	-9.446365e-10	9.446366e-10	9.362283e-10	2.904959e-07	9.446370e-10	-2.904959e-07	-9.893317e-06	0.000000e+00	0.000000e+00	-0.000000e+00	-0.000000e+00	-2.904312e-07	-6.380000e-16	2.895513e-07	9.892381e-06	9.446370e-10	9.446370e-10	-7.104654e-21	-4.691520e-20	1.308037e-05	-1.308226e-05	0.000000e+00
6.390000000000000e-01	7.999995e-01	7.999995e-01	3.508475e-01	3.508475e-01	2.364859e-03	6.390000e-01	8.000000e-01	0.000000e+00	0.000000e+00	3.999998e-29	3.999998e-29	-9.446370e-10	-9.446370e-10	-2.320526e-05	0.000000e+00	0.000000e+00	9.839226e-06	-6.291705e-11	-9.446365e-10	9.446366e-10	9.359797e-10	2.828235e-07	9.446370e-10	-2.828235e-07	-9.840170e-06	0.000000e+00	0.000000e+00	-0.000000e+00	-0.000000e+00	-2.827606e-07	-6.390000e-16	2.818789e-07	9.839234e-06	9.446370e-10	9.446370e-10	9.836005e-21	-4.691520e-20	1.308037e-05	-1.308226e-05	0.000000e+00
6.400000000000000e-01	7.999995e-01	7.999995e-01	3.508475e-01	3.508475e-01	2.297031e-03	6.400000e-01	8.000000e-01	0.000000e+00	0.000000e+00	3.999998e-29	3.999998e-29	-9.446370e-10	-9.446370e-10	-2.314442e-05	0.000000e+00	0.000000e+00	9.785960e-06	-6.117224e-11	-9.446365e-10	9.446366e-10	9.357237e-10	2.752541e-07	9.446370e-10	-2.752541e-07	-9.786905e-06	0.000000e+00	0.000000e+00	-0.000000e+00	-0.000000e+00	-2.751929e-07	-6.400000e-16	2.743095e-07	9.785969e-06	9.446370e-10	9.446370e-10	-7.104654e-21	-4.691520e-20	1.308037e-05	-1.308226e-05	0.000000e+00
6.410000000000000e-01	7.999995e-01	7.999995e-01	3.508475e-01	3.508475e-01	2.230329e-03	6.410000e-01	8.000000e-01	0.000000e+00	0.000000e+00	3.999998e-29	3.999998e-29	-9.446370e-10	-9.446370e-10	-2.308357e-05	0.000000e+00	0.000000e+00	9.732578e-06	-5.945305e-11	-9.446365e-10	9.446366e-10	9.354602e-10	2.677876e-07	9.446370e-10	-2.677876e-07	-9.733523e-06	0.000000e+00	0.000000e+00	-0.000000e+00	-0.000000e+00	-2.677282e-07	-6.410000e-16	2.668430e-07	9.732587e-06	9.446370e-10	9.446370e-10	-1.175424e-21	-4.691520e-20	1.308037e-05	-1.308226e-05	0.000000e+00
6.420000000000000e-01	7.999995e-01	7.999995e-01	3.508475e-01	3.508475e-01	2.164748e-03	6.420000e-01	8.000000e-01	0.000000e+00	0.000000e+00	3.999998e-29	3.999998e-29	-9.446370e-10	-9.446370e-10	-2.302271e-05	0.000000e+00	0.000000e+00	9.679080e-06	-5.775944e-11	-9.446365e-10	9.446366e-10	9.351887e-10	2.604241e-07	9.446370e-10	-2.604241e-07	-9.680024e-06	0.000000e+00	0.000000e+00	-0.000000e+00	-0.000000e+00	-2.603663e-07	-6.420000e-16	2.594794e-07	9.679089e-06	9.446370e-10	9.446370e-10	-1.175424e-21	-4.691520e-20	1.308037e-05	-1.308226e-05	0.000000e+00
6.430000000000000e-01	7.999995e-01	7.999995e-01	3.508475e-01	3.508475e-01	2.100279e-03	6.430000e-01	8.000000e-01	0.000000e+00	0.000000e+00	3.999998e-29	3.999998e-29	-9.446370e-10	-9.446370e-10	-2.296184e-05	0.000000e+00	0.000000e+00	9.625464e-06	-5.609142e-11	-9.446365e-10	9.446366e-10	9.349094e-10	2.531635e-07	9.446370e-10	-2.531635e-07	-9.626409e-06	0.000000e+00	0.000000e+00	-0.000000e+00	-0.000000e+00	-2.531074e-07	-6.430000e-16	2.522189e-07	9.625474e-06	9.446370e-10	9.446370e-10	9.836005e-21	-4.691520e-20	1.308037e-05	-1.308226e-05	0.000000e+00
6.440000000000000e-01	7.999995e-01	7.999995e-01	3.508475e-01	3.508475e-01	2.036916e-03	6.440000e-01	8.000000e-01	0.000000e+00	0.000000e+00	3.999998e-29	3.999998e-29	-9.446370e-10	-9.446370e-10	-2.290095e-05	0.000000e+00	0.000000e+00	9.571733e-06	-5.444896e-11	-9.446365e-10	9.446366e-10	9.346217e-10	2.460059e-07	9.446370e-10	-2.460059e-07	-9.572678e-06	0.000000e+00	0.000000e+00	-0.000000e+00	-0.000000e+00	-2.459514e-07	-6.440000e-16	2.450613e-07	9.571743e-06	9.446370e-10	9.446370e-10	-1.388092e-20	2.774984e-19	1.308037e-05	-1.308226e-05	0.000000e+00
6.450000000000000e-01	7.999995e-01	7.999995e-01	3.508475e-01	3.508475e-01	1.974653e-03	6.450000e-01	8.000000e-01	0.000000e+00	0.000000e+00	3.999998e-29	3.999998e-29	-9.446370e-10	-9.446370e-10	-2.284005e-05	0.000000e+00	0.000000e+00	9.517888e-06	-5.283205e-11	-9.446365e-10	9.446366e-10	9.343255e-10	2.389513e-07	9.446370e-10	-2.389513e-07	-9.518832e-06	0.000000e+00	0.000000e+00	-0.000000e+00	-0.000000e+00	-2.388984e-07	-6.450000e-16	2.380066e-07	9.517898e-06	9.446370e-10	9.446370e-10	-7.104654e-21	-4.691520e-20	1.308037e-05	-1.308226e-05	0.000000e+00
6.460000000000000e-01	7.999995e-01	7.999995e-01	3.508475e-01	3.508475e-01	1.913482e-03	6.460000e-01	8.000000e-01	0.000000e+00	0.000000e+00	3.999998e-29	3.999998e-29	-9.446370e-10	-9.446370e-10	-2.277913e-05	0.000000e+00	0.000000e+00	9.463926e-06	-5.124066e-11	-9.446365e-10	9.446366e-10	9.340205e-10	2.319996e-07	9.446370e-10	-2.319996e-07	-9.464871e-06	0.000000e+00	0.000000e+00	-0.000000e+00	-0.000000e+00	-2.319483e-07	-6.460000e-16	2.310549e-07	9.463937e-06	9.446370e-10	9.446370e-10	9.836005e-21	-4.691520e-20	1.308037e-05	-1.308226e-05	0.000000e+00
6.470000000000000e-01	7.999995e-01	7.999995e-01	3.508475e-01	3.508475e-01	1.853399e-03	6.470000e-01	8.000000e-01	0.000000e+00	0.000000e+00	3.999998e-29	3.999998e-29	-9.446370e-10	-9.446370e-10	-2.271821e-05	0.000000e+00	0.000000e+00	9.409850e-06	-4.967477e-11	-9.446365e-10	9.446366e-10	9.337066e-10	2.251509e-07	9.446370e-10	-2.251509e-07	-9.410795e-06	0.000000e+00	0.000000e+00	-0.000000e+00	-0.000000e+00	-2.251012e-07	-6.470000e-16	2.242062e-07	9.409861e-06	9.446370e-10	9.446370e-10	-7.104654e-21	-4.691520e-20	1.308037e-05	-1.308226e-05	0.000000e+00
6.480000000000000e-01	7.999995e-01	7.999995e-01	3.508475e-01	3.508475e-01	1.794395e-03	6.480000e-01	8.000000e-01	0.000000e+00	0.000000e+00	3.999998e-29	3.999998e-29	-9.446370e-10	-9.446370e-10	-2.265727e-05	0.000000e+00	0.000000e+00	9.355661e-06	-4.813436e-11	-9.446365e-10	9.446366e-10	9.333834e-10	2.184051e-07	9.446371e-10	-2.184051e-07	-9.356606e-06	0.000000e+00	0.000000e+00	-0.000000e+00	-0.000000e+00	-2.183570e-07	-6.480000e-16	2.174605e-07	9.355673e-06	9.446370e-10	9.446370e-10	-1.175424e-21	-4.691520e-20	1.308037e-05	-1.308226e-05	0.000000e+00
6.490000000000000e-01	7.999995e-01	7.999995e-01	3.508475e-01	3.508475e-01	1.736465e-03	6.490000e-01	8.000000e-01	0.000000e+00	0.000000e+00	3.999998e-29	3.999998e-29	-9.446370e-10	-9.446370e-10	-2.259633e-05	0.000000e+00	0.000000e+00	9.301358e-06	-4.661940e-11	-9.446365e-10	9.446366e-10	9.330505e-10	2.117624e-07	9.446371e-10	-2.117624e-07	-9.302303e-06	0.000000e+00	0.000000e+00	-0.000000e+00	-0.000000e+00	-2.117157e-07	-6.490000e-16	2.108177e-07	9.301370e-06	9.446370e-10	9.446370e-10	-1.175424e-21	-4.691520e-20	1.308037e-05	-1.308226e-05	0.000000e+00
6.500000000000000e-01	7.999995e-01	7.999995e-01	3.508475e-01	3.508475e-01	1.679602e-03	6.500000e-01	8.000000e-01	0.000000e+00	0.000000e+00	3.999998e-29	3.999998e-29	-9.446370e-10	-9.446370e-10	-2.253537e-05	0.000000e+00	0.000000e+00	9.246942e-06	-4.512985e-11	-9.446365e-10	9.446366e-10	9.327079e-10	2.052226e-07	9.446371e-10	-2.052226e-07	-9.247887e-06	0.000000e+00	0.000000e+00	-0.000000e+00	-0.000000e+00	-2.051775e-07	-6.500000e-16	2.042780e-07	9.246954e-06	9.446370e-10	9.446370e-10	9.836005e-21	-4.691520e-20	1.308037e-05	-1.308226e-05	0.000000e+00
6.510000000000000e-01	7.999995e-01	7.999995e-01	3.508475e-01	3.508475e-01	1.623800e-03	6.510000e-01	8.000000e-01	0.000000e+00	0.000000e+00	3.999998e-29	3.999998e-29	-9.446370e-10	-9.446370e-10	-2.247441e-05	0.000000e+00	0.000000e+00	9.192413e-06	-4.366571e-11	-9.446365e-10	9.446366e-10	9.323552e-10	1.987858e-07	9.446371e-10	-1.987858e-07	-9.193358e-06	0.000000e+00	0.000000e+00	-0.000000e+00	-0.000000e+00	-1.987421e-07	-6.510000e-16	1.978412e-07	9.192425e-06	9.446370e-10	9.446370e-10	-1.388092e-20	2.774984e-19	1.308037e-05	-1.308226e-05	0.000000e+00
6.520000000000000e-01	7.999995e-01	7.999995e-01	3.508475e-01	3.508475e-01	1.569053e-03	6.520000e-01	8.000000e-01	0.000000e+00	0.000000e+00	3.999998e-29	3.999998e-29	-9.446370e-10	-9.446370e-10	-2.241343e-05	0.000000e+00	0.000000e+00	9.137771e-06	-4.222692e-11	-9.446365e-10	9.446366e-10	9.319919e-10	1.924520e-07	9.446371e-10	-1.924520e-07	-9.138716e-06	0.000000e+00	0.000000e+00	-0.000000e+00	-0.000000e+00	-1.924098e-07	-6.520000e-16	1.915074e-07	9.137784e-06	9.446370e-10	9.446370e-10	-7.104654e-21	-4.691520e-20	1.308037e-05	-1.308226e-05	0.000000e+00
6.530000000000000e-01	7.999995e-01	7.999995e-01	3.508475e-01	3.508475e-01	1.515355e-03	6.530000e-01	8.000000e-01	0.000000e+00	0.000000e+00	3.999998e-29	3.999998e-29	-9.446370e-10	-9.446370e-10	-2.235245e-05	0.000000e+00	0.000000e+00	9.083019e-06	-4.081346e-11	-9.446365e-10	9.446366e-10	9.316180e-10	1.862212e-07	9.446371e-10	-1.862212e-07	-9.083963e-06	0.000000e+00	0.000000e+00	-0.000000e+00	-0.000000e+00	-1.861804e-07	-6.530000e-16	1.852766e-07	9.083032e-06	9.446370e-10	9.446370e-10	9.836005e-21	-4.691520e-20	1.308037e-05	-1.308226e-05	0.000000e+00
6.540000000000000e-01	7.999995e-01	7.999995e-01	3.508475e-01	3.508475e-01	1.462699e-03	6.540000e-01	8.000000e-01	0.000000e+00	0.000000e+00	3.999998e-29	3.999998e-29	-9.446370e-10	-9.446370e-10	-2.229146e-05	0.000000e+00	0.000000e+00	9.028155e-06	-3.942529e-11	-9.446365e-10	9.446366e-10	9.312330e-10	1.800934e-07	9.446371e-10	-1.800934e-07	-9.029099e-06	0.000000e+00	0.000000e+00	-0.000000e+00	-0.000000e+00	-1.800540e-07	-6.540000e-16	1.791488e-07	9.028167e-06	9.446370e-10	9.446370e-10	-7.104654e-21	-4.691520e-20	1.308037e-05	-1.308226e-05	0.000000e+00
6.550000000000000e-01	7.999995e-01	7.999995e-01	3.508475e-01	3.508475e-01	1.411080e-03	6.550000e-01	8.000000e-01	0.000000e+00	0.000000e+00	3.999998e-29	3.999998e-29	-9.446370e-10	-9.446370e-10	-2.223046e-05	0.000000e+00	0.000000e+00	8.973179e-06	-3.806237e-11	-9.446365e-10	9.446366e-10	9.308366e-10	1.740686e-07	9.446371e-10	-1.740686e-07	-8.974123e-06	0.000000e+00	0.000000e+00	-0.000000e+00	-0.000000e+00	-1.740305e-07	-6.550000e-16	1.731240e-07	8.973193e-06	9.446370e-10	9.446370e-10	-1.175424e-21	-4.691520e-20	1.308037e-05	-1.308226e-05	0.000000e+00
6.560000000000000e-01	7.999995e-01	7.999995e-01	3.508475e-01	3.508475e-01	1.360491e-03	6.560000e-01	8.000000e-01	0.000000e+00	0.000000e+00	3.999998e-29	3.999998e-29	-9.446370e-10	-9.446370e-10	-2.216945e-05	0.000000e+00	0.000000e+00	8.918093e-06	-3.672466e-11	-9.446365e-10	9.446366e-10	9.304285e-10	1.681468e-07	9.446371e-10	-1.681468e-07	-8.919038e-06	0.000000e+00	0.000000e+00	-0.000000e+00	-0.000000e+00	-1.681101e-07	-6.560000e-16	1.672022e-07	8.918108e-06	9.446370e-10	9.446370e-10	-1.175424e-21	-4.691520e-20	1.308037e-05	-1.308226e-05	0.000000e+00
6.570000000000000e-01	7.999995e-01	7.999995e-01	3.508475e-01	3.508475e-01	1.310926e-03	6.570000e-01	8.000000e-01	0.000000e+00	0.000000e+00	3.999998e-29	3.999998e-29	-9.446370e-10	-9.446370e-10	-2.210843e-05	0.000000e+00	0.000000e+00	8.862898e-06	-3.541214e-11	-9.446365e-10	9.446366e-10	9.300083e-10	1.623280e-07	9.446371e-10	-1.623280e-07	-8.863842e-06	0.000000e+00	0.000000e+00	-0.000000e+00	-0.000000e+00	-1.622926e-07	-6.570000e-16	1.613834e-07	8.862912e-06	9.446370e-10	9.446370e-10	9.836005e-21	-4.691520e-20	1.308037e-05	-1.308226e-05	0.000000e+00
6.580000000000000e-01	7.999995e-01	7.999995e-01	3.508475e-01	3.508475e-01	1.262380e-03	6.580000e-01	8.000000e-01	0.000000e+00	0.000000e+00	3.999998e-29	3.999998e-29	-9.446370e-10	-9.446370e-10	-2.204741e-05	0.000000e+00	0.000000e+00	8.807591e-06	-3.412474e-11	-9.446365e-10	9.446366e-10	9.295757e-10	1.566122e-07	9.446371e-10	-1.566122e-07	-8.808536e-06	0.000000e+00	0.000000e+00	-0.000000e+00	-0.000000e+00	-1.565781e-07	-6.580000e-16	1.556676e-07	8.807607e-06	9.446370e-10	9.446370e-10	-1.388092e-20	2.774984e-19	1.308037e-05	-1.308226e-05	0.000000e+00
6.590000000000000e-01	7.999995e-01	7.999995e-01	3.508475e-01	3.508475e-01	1.214847e-03	6.590000e-01	8.000000e-01	0.000000e+00	0.000000e+00	3.999998e-29	3.999998e-29	-9.446370e-10	-9.446370e-10	-2.198638e-05	0.000000e+00	0.000000e+00	8.752177e-06	-3.286244e-11	-9.446365e-10	9.446366e-10	9.291303e-10	1.509994e-07	9.446371e-10	-1.509994e-07	-8.753122e-06	0.000000e+00	0.000000e+00	-0.000000e+00	-0.000000e+00	-1.509666e-07	-6.590000e-16	1.500548e-07	8.752192e-06	9.446370e-10	9.446370e-10	-7.104654e-21	-4.691520e-20	1.308037e-05	-1.308226e-05	0.000000e+00
6.600000000000000e-01	7.999995e-01	7.999995e-01	3.508475e-01	3.508475e-01	1.168320e-03	6.600000e-01	8.000000e-01	0.000000e+00	0.000000e+00	3.999998e-29	3.999998e-29	-9.446370e-10	-9.446370e-10	-2.192535e-05	0.000000e+00	0.000000e+00	8.696653e-06	-3.162518e-11	-9.446365e-10	9.446366e-10	9.286717e-10	1.454897e-07	9.446371e-10	-1.454897e-07	-8.697597e-06	0.000000e+00	0.000000e+00	-0.000000e+00	-0.000000e+00	-1.454581e-07	-6.600000e-16	1.445450e-07	8.696668e-06	9.446370e-10	9.446370e-10	9.836005e-21	-4.691520e-20	1.308037e-05	-1.308226e-05	0.000000e+00
6.610000000000000e-01	7.999995e-01	7.999995e-01	3.508475e-01	3.508475e-01	1.122795e-03	6.610000e-01	8.000000e-01	0.000000e+00	0.000000e+00	3.999998e-29	3.999998e-29	-9.446370e-10	-9.446370e-10	-2.186431e-05	0.000000e+00	0.000000e+00	8.641020e-06	-3.041291e-11	-9.446365e-10	9.446366e-10	9.281996e-10	1.400829e-07	9.446371e-10	-1.400829e-07	-8.641965e-06	0.000000e+00	0.000000e+00	-0.000000e+00	-0.000000e+00	-1.400525e-07	-6.610000e-16	1.391383e-07	8.641036e-06	9.446370e-10	9.446370e-10	-7.104654e-21	-4.691520e-20	1.308037e-05	-1.308226e-05	0.000000e+00
6.620000000000000e-01	7.999995e-01	7.999995e-01	3.508475e-01	3.508475e-01	1.078265e-03	6.620000e-01	8.000000e-01	0.000000e+00	0.000000e+00	3.999998e-29	3.999998e-29	-9.446370e-10	-9.446370e-10	-2.180327e-05	0.000000e+00	0.000000e+00	8.585280e-06	-2.922560e-11	-9.446365e-10	9.446366e-10	9.277135e-10	1.347792e-07	9.446371e-10	-1.347792e-07	-8.586225e-06	0.000000e+00	0.000000e+00	-0.000000e+00	-0.000000e+00	-1.347500e-07	-6.620000e-16	1.338346e-07	8.585297e-06	9.446370e-10	9.446370e-10	-1.175424e-21	-4.691520e-20	1.308037e-05	-1.308226e-05	0.000000e+00
6.630000000000000e-01	7.999995e-01	7.999995e-01	3.508475e-01	3.508475e-01	1.034725e-03	6.630000e-01	8.000000e-01	0.000000e+00	0.000000e+00	3.999998e-29	3.999998e-29	-9.446370e-10	-9.446370e-10	-2.174222e-05	0.000000e+00	0.000000e+00	8.529431e-06	-2.806318e-11	-9.446365e-10	9.446366e-10	9.272130e-10	1.295786e-07	9.446371e-10	-1.295786e-07	-8.530376e-06	0.000000e+00	0.000000e+00	-0.000000e+00	-0.000000e+00	-1.295505e-07	-6.630000e-16	1.286339e-07	8.529450e-06	9.446370e-10	9.446370e-10	-1.175424e-21	-4.691520e-20	1.308037e-05	-1.308226e-05	0.000000e+00
6.640000000000000e-01	7.999995e-01	7.999995e-01	3.508475e-01	3.508475e-01	9.921686e-04	6.640000e-01	8.000000e-01	0.000000e+00	0.000000e+00	3.999998e-29	3.999998e-29	-9.446370e-10	-9.446370e-10	-2.168117e-05	0.000000e+00	0.000000e+00	8.473477e-06	-2.692561e-11	-9.446365e-10	9.446366e-10	9.266977e-10	1.244809e-07	9.446371e-10	-1.244809e-07	-8.474421e-06	0.000000e+00	0.000000e+00	-0.000000e+00	-0.000000e+00	-1.244540e-07	-6.640000e-16	1.235363e-07	8.473494e-06	9.446370e-10	9.446370e-10	9.836005e-21	-4.691520e-20	1.308037e-05	-1.308226e-05	0.000000e+00
6.650000000000000e-01	7.999995e-01	7.999995e-01	3.508475e-01	3.508475e-01	9.505910e-04	6.650000e-01	8.000000e-01	0.000000e+00	0.000000e+00	3.999998e-29	3.999998e-29	-9.446370e-10	-9.446370e-10	-2.162011e-05	0.000000e+00	0.000000e+00	8.417414e-06	-2.581283e-11	-9.446365e-10	9.446366e-10	9.261672e-10	1.194863e-07	9.446371e-10	-1.194863e-07	-8.418358e-06	0.000000e+00	0.000000e+00	-0.000000e+00	-0.000000e+00	-1.194604e-07	-6.650000e-16	1.185416e-07	8.417433e-06	9.446370e-10	9.446370e-10	-1.388092e-20	2.774984e-19	1.308037e-05	-1.308226e-05	0.000000e+00
6.660000000000000e-01	7.999995e-01	7.999995e-01	3.508475e-01	3.508475e-01	9.099864e-04	6.660000e-01	8.000000e-01	0.000000e+00	0.000000e+00	3.999998e-29	3.999998e-29	-9.446370e-10	-9.446370e-10	-2.155905e-05	0.000000e+00	0.000000e+00	8.361245e-06	-2.472479e-11	-9.446365e-10	9.446366e-10	9.256210e-10	1.145947e-07	9.446371e-10	-1.145947e-07	-8.362190e-06	0.000000e+00	0.000000e+00	-0.000000e+00	-0.000000e+00	-1.145699e-07	-6.660000e-16	1.136500e-07	8.361264e-06	9.446370e-10	9.446370e-10	-7.104654e-21	-4.691520e-20	1.308037e-05	-1.308226e-05	0.000000e+00
6.670000000000000e-01	7.999995e-01	7.999995e-01	3.508475e-01	3.508475e-01	8.703493e-04	6.670000e-01	8.000000e-01	0.000000e+00	0.000000e+00	3.999998e-29	3.999998e-29	-9.446370e-10	-9.446370e-10	-2.149798e-05	0.000000e+00	0.000000e+00	8.304970e-06	-2.366144e-11	-9.446365e-10	9.446366e-10	9.250586e-10	1.098061e-07	9.446371e-10	-1.098061e-07	-8.305915e-06	0.000000e+00	0.000000e+00	-0.000000e+00	-0.000000e+00	-1.097824e-07	-6.670000e-16	1.088615e-07	8.304990e-06	9.446370e-10	9.446370e-10	9.836005e-21	-4.691520e-20	1.308037e-05	-1.308226e-05	0.000000e+00
6.680000000000000e-01	7.999995e-01	7.999995e-01	3.508475e-01	3.508475e-01	8.316744e-04	6.680000e-01	8.000000e-01	0.000000e+00	0.000000e+00	3.999998e-29	3.999998e-29	-9.446370e-10	-9.446370e-10	-2.143692e-05	0.000000e+00	0.000000e+00	8.248589e-06	-2.262271e-11	-9.446365e-10	9.446366e-10	9.244796e-10	1.051206e-07	9.446371e-10	-1.051206e-07	-8.249534e-06	0.000000e+00	0.000000e+00	-0.000000e+00	-0.000000e+00	-1.050979e-07	-6.680000e-16	1.041759e-07	8.248609e-06	9.446370e-10	9.446370e-10	-7.104654e-21	-4.691520e-20	1.308037e-05	-1.308226e-05	0.000000e+00
6.690000000000000e-01	7.999995e-01	7.999995e-01	3.508475e-01	3.508475e-01	7.939561e-04	6.690000e-01	8.000000e-01	0.000000e+00	0.000000e+00	3.999998e-29	3.999998e-29	-9.446370e-10	-9.446370e-10	-2.137585e-05	0.000000e+00	0.000000e+00	8.192103e-06	-2.160855e-11	-9.446365e-10	9.446366e-10	9.238835e-10	1.005381e-07	9.446371e-10	-1.005381e-07	-8.193048e-06	0.000000e+00	0.000000e+00	-0.000000e+00	-0.000000e+00	-1.005165e-07	-6.690000e-16	9.959345e-08	8.192124e-06	9.446370e-10	9.446370e-10	-1.175424e-21	-4.691520e-20	1.308037e-05	-1.308226e-05	0.000000e+00
6.700000000000000e-01	7.999995e-01	7.999995e-01	3.508475e-01	3.508475e-01	7.571892e-04	6.700000e-01	8.000000e-01	0.000000e+00	0.000000e+00	3.999998e-29	3.999998e-29	-9.446370e-10	-9.446370e-10	-2.131478e-05	0.000000e+00	0.000000e+00	8.135513e-06	-2.061889e-11	-9.446365e-10	9.446366e-10	9.232697e-10	9.605864e-08	9.446371e-10	-9.605864e-08	-8.136457e-06	0.000000e+00	0.000000e+00	-0.000000e+00	-0.000000e+00	-9.603803e-08	-6.700000e-16	9.511401e-08	8.135534e-06	9.446370e-10	9.446370e-10	-1.175424e-21	-4.691520e-20	1.308037e-05	-1.308226e-05	0.000000e+00
6.710000000000000e-01	7.999995e-01	7.999995e-01	3.508475e-01	3.508475e-01	7.213684e-04	6.710000e-01	8.000000e-01	0.000000e+00	0.000000e+00	3.999998e-29	3.999998e-29	-9.446370e-10	-9.446370e-10	-2.125371e-05	0.000000e+00	0.000000e+00	8.078817e-06	-1.965368e-11	-9.446365e-10	9.446366e-10	9.226378e-10	9.168225e-08	9.446371e-10	-9.168225e-08	-8.079762e-06	0.000000e+00	0.000000e+00	-0.000000e+00	-0.000000e+00	-9.166259e-08	-6.710000e-16	9.073761e-08	8.078839e-06	9.446370e-10	9.446370e-10	9.836005e-21	-4.691520e-20	1.308037e-05	-1.308226e-05	0.000000e+00
6.720000000000000e-01	7.999995e-01	7.999995e-01	3.508475e-01	3.508475e-01	6.864883e-04	6.720000e-01	8.000000e-01	0.000000e+00	0.000000e+00	3.999998e-29	3.999998e-29	-9.446370e-10	-9.446370e-10	-2.119263e-05	0.000000e+00	0.000000e+00	8.022017e-06	-1.871285e-11	-9.446365e-10	9.446366e-10	9.219872e-10	8.740890e-08	9.446371e-10	-8.740890e-08	-8.022962e-06	0.000000e+00	0.000000e+00	-0.000000e+00	-0.000000e+00	-8.739019e-08	-6.720000e-16	8.646426e-08	8.022040e-06	9.446370e-10	9.446370e-10	-1.388092e-20	2.774984e-19	1.308037e-05	-1.308226e-05	0.000000e+00
6.730000000000000e-01	7.999995e-01	7.999995e-01	3.508475e-01	3.508475e-01	6.525439e-04	6.730000e-01	8.000000e-01	0.000000e+00	0.000000e+00	3.999998e-29	3.999998e-29	-9.446370e-10	-9.446370e-10	-2.113156e-05	0.000000e+00	0.000000e+00	7.965114e-06	-1.779634e-11	-9.446365e-10	9.446366e-10	9.213174e-10	8.323860e-08	9.446371e-10	-8.323860e-08	-7.966058e-06	0.000000e+00	0.000000e+00	-0.000000e+00	-0.000000e+00	-8.322080e-08	-6.730000e-16	8.229397e-08	7.965136e-06	9.446370e-10	9.446370e-10	-7.104654e-21	-4.691520e-20	1.308037e-05	-1.308226e-05	0.000000e+00
6.740000000000000e-01	7.999995e-01	7.999995e-01	3.508475e-01	3.508475e-01	6.195299e-04	6.740000e-01	8.000000e-01	0.000000e+00	0.000000e+00	3.999998e-29	3.999998e-29	-9.446370e-10	-9.446370e-10	-2.107049e-05	0.000000e+00	0.000000e+00	7.908106e-06	-1.690408e-11	-9.446365e-10	9.446366e-10	9.206277e-10	7.917135e-08	9.446371e-10	-7.917135e-08	-7.909051e-06	0.000000e+00	0.000000e+00	-0.000000e+00	-0.000000e+00	-7.915445e-08	-6.740000e-16	7.822672e-08	7.908130e-06	9.446370e-10	9.446370e-10	9.836005e-21	-4.691520e-20	1.308037e-05	-1.308226e-05	0.000000e+00
6.750000000000000e-01	7.999995e-01	7.999995e-01	3.508475e-01	3.508475e-01	5.874411e-04	6.750000e-01	8.000000e-01	0.000000e+00	0.000000e+00	3.999998e-29	3.999998e-29	-9.446370e-10	-9.446370e-10	-2.100941e-05	0.000000e+00	0.000000e+00	7.850996e-06	-1.603600e-11	-9.446365e-10	9.446366e-10	9.199177e-10	7.520716e-08	9.446371e-10	-7.520716e-08	-7.851941e-06	0.000000e+00	0.000000e+00	-0.000000e+00	-0.000000e+00	-7.519112e-08	-6.750000e-16	7.426252e-08	7.851020e-06	9.446370e-10	9.446370e-10	-7.104654e-21	-4.691520e-20	1.308037e-05	-1.308226e-05	0.000000e+00
6.760000000000000e-01	7.999995e-01	7.999995e-01	3.508475e-01	3.508475e-01	5.562726e-04	6.760000e-01	8.000000e-01	0.000000e+00	0.000000e+00	3.999998e-29	3.999998e-29	-9.446370e-10	-9.446370e-10	-2.094834e-05	0.000000e+00	0.000000e+00	7.793783e-06	-1.519204e-11	-9.446365e-10	9.446366e-10	9.191867e-10	7.134602e-08	9.446371e-10	-7.134602e-08	-7.794727e-06	0.000000e+00	0.000000e+00	-0.000000e+00	-0.000000e+00	-7.133083e-08	-6.760000e-16	7.040138e-08	7.793808e-06	9.446370e-10	9.446370e-10	-1.175424e-21	-4.691520e-20	1.308037e-05	-1.308226e-05	0.000000e+00
6.770000000000000e-01	7.999995e-01	7.999995e-01	3.508475e-01	3.508475e-01	5.260191e-04	6.770000e-01	8.000000e-01	0.000000e+00	0.000000e+00	3.999998e-29	3.999998e-29	-9.446370e-10	-9.446370e-10	-2.088726e-05	0.000000e+00	0.000000e+00	7.736468e-06	-1.437213e-11	-9.446365e-10	9.446366e-10	9.184340e-10	6.758794e-08	9.446371e-10	-6.758794e-08	-7.737412e-06	0.000000e+00	0.000000e+00	-0.000000e+00	-0.000000e+00	-6.757357e-08	-6.770000e-16	6.664330e-08	7.736494e-06	9.446370e-10	9.446370e-10	-1.175424e-21	-4.691520e-20	1.308037e-05	-1.308226e-05	0.000000e+00
6.780000000000000e-01	7.999995e-01	7.999995e-01	3.508475e-01	3.508475e-01	4.966759e-04	6.780000e-01	8.000000e-01	0.000000e+00	0.000000e+00	3.999998e-29	3.999998e-29	-9.446370e-10	-9.446370e-10	-2.082619e-05	0.000000e+00	0.000000e+00	7.679049e-06	-1.357619e-11	-9.446365e-10	9.446366e-10	9.176591e-10	6.393292e-08	9.446371e-10	-6.393292e-08	-7.679994e-06	0.000000e+00	0.000000e+00	-0.000000e+00	-0.000000e+00	-6.391934e-08	-6.780000e-16	6.298828e-08	7.679077e-06	9.446370e-10	9.446370e-10	9.836005e-21	-4.691520e-20	1.308037e-05	-1.308226e-05	0.000000e+00
6.790000000000000e-01	7.999995e-01	7.999995e-01	3.508475e-01	3.508475e-01	4.682378e-04	6.790000e-01	8.000000e-01	0.000000e+00	0.000000e+00	3.999998e-29	3.999998e-29	-9.446370e-10	-9.446370e-10	-2.076512e-05	0.000000e+00	0.000000e+00	7.621531e-06	-1.280415e-11	-9.446365e-10	9.446366e-10	9.168612e-10	6.038096e-08	9.446371e-10	-6.038096e-08	-7.622475e-06	0.000000e+00	0.000000e+00	-0.000000e+00	-0.000000e+00	-6.036815e-08	-6.790000e-16	5.943632e-08	7.621558e-06	9.446370e-10	9.446370e-10	-1.388092e-20	2.774984e-19	1.308037e-05	-1.308226e-05	0.000000e+00
6.800000000000000e-01	7.999995e-01	7.999995e-01	3.508475e-01	3.508475e-01	4.407000e-04	6.800000e-01	8.000000e-01	0.000000e+00	0.000000e+00	3.999998e-29	3.999998e-29	-9.446370e-10	-9.446370e-10	-2.070405e-05	0.000000e+00	0.000000e+00	7.563910e-06	-1.205594e-11	-9.446365e-10	9.446366e-10	9.160398e-10	5.693206e-08	9.446371e-10	-5.693206e-08	-7.564855e-06	0.000000e+00	0.000000e+00	-0.000000e+00	-0.000000e+00	-5.692000e-08	-6.800000e-16	5.598742e-08	7.563939e-06	9.446370e-10	9.446370e-10	-7.104654e-21	-4.691520e-20	1.308037e-05	-1.308226e-05	0.000000e+00
6.810000000000000e-01	7.999995e-01	7.999995e-01	3.508475e-01	3.508475e-01	4.140575e-04	6.810000e-01	8.000000e-01	0.000000e+00	0.000000e+00	3.999998e-29	3.999998e-29	-9.446370e-10	-9.446370e-10	-2.064298e-05	0.000000e+00	0.000000e+00	7.506188e-06	-1.133149e-11	-9.446365e-10	9.446366e-10	9.151940e-10	5.358622e-08	9.446371e-10	-5.358622e-08	-7.507133e-06	0.000000e+00	0.000000e+00	-0.000000e+00	-0.000000e+00	-5.357489e-08	-6.810000e-16	5.264159e-08	7.506218e-06	9.446370e-10	9.446370e-10	9.836005e-21	-4.691520e-20	1.308037e-05	-1.308226e-05	0.000000e+00
6.820000000000001e-01	7.999995e-01	7.999995e-01	3.508475e-01	3.508475e-01	3.883056e-04	6.820000e-01	8.000000e-01	0.000000e+00	0.000000e+00	3.999998e-29	3.999998e-29	-9.446370e-10	-9.446370e-10	-2.058192e-05	0.000000e+00	0.000000e+00	7.448366e-06	-1.063072e-11	-9.446365e-10	9.446366e-10	9.143233e-10	5.034346e-08	9.446371e-10	-5.034346e-08	-7.449311e-06	0.000000e+00	0.000000e+00	-0.000000e+00	-0.000000e+00	-5.033282e-08	-6.820000e-16	4.939882e-08	7.448396e-06	9.446370e-10	9.446370e-10	-7.104654e-21	-4.691520e-20	1.308037e-05	-1.308226e-05	0.000000e+00
6.830000000000001e-01	7.999995e-01	7.999995e-01	3.508475e-01	3.508475e-01	3.634394e-04	6.830000e-01	8.000000e-01	0.000000e+00	0.000000e+00	3.999998e-29	3.999998e-29	-9.446370e-10	-9.446370e-10	-2.052086e-05	0.000000e+00	0.000000e+00	7.390444e-06	-9.953553e-12	-9.446365e-10	9.446366e-10	9.134268e-10	4.720375e-08	9.446371e-10	-4.720375e-08	-7.391388e-06	0.000000e+00	0.000000e+00	-0.000000e+00	-0.000000e+00	-4.719380e-08	-6.830000e-16	4.625912e-08	7.390475e-06	9.446370e-10	9.446370e-10	-1.175424e-21	-4.691520e-20	1.308037e-05	-1.308226e-05	0.000000e+00
6.840000000000001e-01	7.999995e-01	7.999995e-01	3.508475e-01	3.508475e-01	3.394540e-04	6.840000e-01	8.000000e-01	0.000000e+00	0.000000e+00	3.999998e-29	3.999998e-29	-9.446370e-10	-9.446370e-10	-2.045980e-05	0.000000e+00	0.000000e+00	7.332421e-06	-9.299909e-12	-9.446365e-10	9.446366e-10	9.125038e-10	4.416712e-08	9.446371e-10	-4.416712e-08	-7.333366e-06	0.000000e+00	0.000000e+00	-0.000000e+00	-0.000000e+00	-4.415782e-08	-6.840000e-16	4.322249e-08	7.332454e-06	9.446370e-10	9.446370e-10	-1.175424e-21	-4.691520e-20	1.308037e-05	-1.308226e-05	0.000000e+00
6.850000000000001e-01	7.999995e-01	7.999995e-01	3.508475e-01	3.508475e-01	3.163449e-04	6.850000e-01	8.000000e-01	0.000000e+00	0.000000e+00	3.999998e-29	3.999998e-29	-9.446370e-10	-9.446370e-10	-2.039874e-05	0.000000e+00	0.000000e+00	7.274300e-06	-8.669711e-12	-9.446365e-10	9.446366e-10	9.115535e-10	4.123356e-08	9.446371e-10	-4.123356e-08	-7.275244e-06	0.000000e+00	0.000000e+00	-0.000000e+00	-0.000000e+00	-4.122489e-08	-6.850000e-16	4.028892e-08	7.274332e-06	9.446370e-10	9.446370e-10	9.836005e-21	-4.691520e-20	1.308037e-05	-1.308226e-05	0.000000e+00
6.860000000000001e-01	7.999995e-01	7.999995e-01	3.508475e-01	3.508475e-01	2.941073e-04	6.860000e-01	8.000000e-01	0.000000e+00	0.000000e+00	3.999998e-29	3.999998e-29	-9.446370e-10	-9.446370e-10	-2.033769e-05	0.000000e+00	0.000000e+00	7.216078e-06	-8.062878e-12	-9.446365e-10	9.446366e-10	9.105751e-10	3.840307e-08	9.446371e-10	-3.840307e-08	-7.217023e-06	0.000000e+00	0.000000e+00	-0.000000e+00	-0.000000e+00	-3.839501e-08	-6.860000e-16	3.745844e-08	7.216112e-06	9.446370e-10	9.446370e-10	-1.388092e-20	2.774984e-19	1.308037e-05	-1.308226e-05	0.000000e+00
6.870000000000001e-01	7.999995e-01	7.999995e-01	3.508475e-01	3.508475e-01	2.727365e-04	6.870000e-01	8.000000e-01	0.000000e+00	0.000000e+00	3.999998e-29	3.999998e-29	-9.446370e-10	-9.446370e-10	-2.027664e-05	0.000000e+00	0.000000e+00	7.157758e-06	-7.479329e-12	-9.446365e-10	9.446366e-10	9.095678e-10	3.567566e-08	9.446371e-10	-3.567566e-08	-7.158702e-06	0.000000e+00	0.000000e+00	-0.000000e+00	-0.000000e+00	-3.566818e-08	-6.870000e-16	3.473102e-08	7.157793e-06	9.446370e-10	9.446370e-10	-7.104654e-21	-4.691520e-20	1.308037e-05	-1.308226e-05	0.000000e+00
6.880000000000001e-01	7.999995e-01	7.999995e-01	3.508475e-01	3.508475e-01	2.522279e-04	6.880000e-01	8.000000e-01	0.000000e+00	0.000000e+00	3.999998e-29	3.999998e-29	-9.446370e-10	-9.446370e-10	-2.021560e-05	0.000000e+00	0.000000e+00	7.099339e-06	-6.918981e-12	-9.446365e-10	9.446366e-10	9.085306e-10	3.305132e-08	9.446371e-10	-3.305132e-08	-7.100284e-06	0.000000e+00	0.000000e+00	-0.000000e+00	-0.000000e+00	-3.304440e-08	-6.880000e-16	3.210668e-08	7.099375e-06	9.446370e-10	9.446370e-10	9.836005e-21	-4.691520e-20	1.308037e-05	-1.308226e-05	0.000000e+00
6.890000000000001e-01	7.999995e-01	7.999995e-01	3.508475e-01	3.508475e-01	2.325770e-04	6.890000e-01	8.000000e-01	0.000000e+00	0.000000e+00	3.999998e-29	3.999998e-29	-9.446370e-10	-9.446370e-10	-2.015456e-05	0.000000e+00	0.000000e+00	7.040822e-06	-6.381751e-12	-9.446365e-10	9.446366e-10	9.074628e-10	3.053005e-08	9.446371e-10	-3.053005e-08	-7.041766e-06	0.000000e+00	0.000000e+00	-0.000000e+00	-0.000000e+00	-3.052367e-08	-6.890000e-16	2.958542e-08	7.040859e-06	9.446370e-10	9.446370e-10	-7.104654e-21	-4.691520e-20	1.308037e-05	-1.308226e-05	0.000000e+00
6.900000000000001e-01	7.999995e-01	7.999995e-01	3.508475e-01	3.508475e-01	2.137791e-04	6.900000e-01	8.000000e-01	0.000000e+00	0.000000e+00	3.999998e-29	3.999998e-29	-9.446370e-10	-9.446370e-10	-2.009353e-05	0.000000e+00	0.000000e+00	6.982207e-06	-5.867556e-12	-9.446365e-10	9.446366e-10	9.063634e-10	2.811186e-08	9.446371e-10	-2.811186e-08	-6.983151e-06	0.000000e+00	0.000000e+00	-0.000000e+00	-0.000000e+00	-2.810600e-08	-6.900000e-16	2.716723e-08	6.982245e-06	9.446370e-10	9.446370e-10	-1.175424e-21	-4.691520e-20	1.308037e-05	-1.308226e-05	0.000000e+00
6.910000000000001e-01	7.999995e-01	7.999995e-01	3.508475e-01	3.508475e-01	1.958297e-04	6.910000e-01	8.000000e-01	0.000000e+00	0.000000e+00	3.999998e-29	3.999998e-29	-9.446370e-10	-9.446370e-10	-2.003250e-05	0.000000e+00	0.000000e+00	6.923494e-06	-5.376308e-12	-9.446365e-10	9.446366e-10	9.052315e-10	2.579675e-08	9.446371e-10	-2.579675e-08	-6.924439e-06	0.000000e+00	0.000000e+00	-0.000000e+00	-0.000000e+00	-2.579138e-08	-6.910000e-16	2.485212e-08	6.923533e-06	9.446370e-10	9.446370e-10	-1.175424e-21	-4.691520e-20	1.308037e-05	-1.308226e-05	0.000000e+00
6.920000000000001e-01	7.999995e-01	7.999995e-01	3.508475e-01	3.508475e-01	1.787245e-04	6.920000e-01	8.000000e-01	0.000000e+00	0.000000e+00	3.999998e-29	3.999998e-29	-9.446370e-10	-9.446370e-10	-1.997148e-05	0.000000e+00	0.000000e+00	6.864684e-06	-4.907923e-12	-9.446365e-10	9.446366e-10	9.040661e-10	2.358472e-08	9.446371e-10	-2.358472e-08	-6.865629e-06	0.000000e+00	0.000000e+00	-0.000000e+00	-0.000000e+00	-2.357982e-08	-6.920000e-16	2.264009e-08	6.864725e-06	9.446370e-10	9.446370e-10	9.836005e-21	-4.691520e-20	1.308037e-05	-1.308226e-05	0.000000e+00
6.930000000000001e-01	7.999995e-01	7.999995e-01	3.508475e-01	3.508475e-01	1.624588e-04	6.930000e-01	8.000000e-01	0.000000e+00	0.000000e+00	3.999998e-29	3.999998e-29	-9.446370e-10	-9.446370e-10	-1.991046e-05	0.000000e+00	0.000000e+00	6.805777e-06	-4.462311e-12	-9.446365e-10	9.446366e-10	9.028662e-10	2.147577e-08	9.446371e-10	-2.147577e-08	-6.806722e-06	0.000000e+00	0.000000e+00	-0.000000e+00	-0.000000e+00	-2.147131e-08	-6.930000e-16	2.053114e-08	6.805819e-06	9.446370e-10	9.446370e-10	-1.388092e-20	2.774984e-19	1.308037e-05	-1.308226e-05	0.000000e+00
6.940000000000001e-01	7.999995e-01	7.999995e-01	3.508475e-01	3.508475e-01	1.470284e-04	6.940000e-01	8.000000e-01	0.000000e+00	0.000000e+00	3.999998e-29	3.999998e-29	-9.446370e-10	-9.446370e-10	-1.984945e-05	0.000000e+00	0.000000e+00	6.746774e-06	-4.039385e-12	-9.446365e-10	9.446366e-10	9.016309e-10	1.946990e-08	9.446371e-10	-1.946990e-08	-6.747718e-06	0.000000e+00	0.000000e+00	-0.000000e+00	-0.000000e+00	-1.946586e-08	-6.940000e-16	1.852527e-08	6.746816e-06	9.446370e-10	9.446370e-10	-7.104654e-21	-4.691520e-20	1.308037e-05	-1.308226e-05	0.000000e+00
6.950000000000001e-01	7.999995e-01	7.999995e-01	3.508475e-01	3.508475e-01	1.324287e-04	6.950000e-01	8.000000e-01	0.000000e+00	0.000000e+00	3.999998e-29	3.999998e-29	-9.446370e-10	-9.446370e-10	-1.978845e-05	0.000000e+00	0.000000e+00	6.687674e-06	-3.639056e-12	-9.446365e-10	9.446366e-10	9.003590e-10	1.756712e-08	9.446371e-10	-1.756712e-08	-6.688618e-06	0.000000e+00	0.000000e+00	-0.000000e+00	-0.000000e+00	-1.756348e-08	-6.950000e-16	1.662248e-08	6.687718e-06	9.446370e-10	9.446370e-10	9.836005e-21	-4.691520e-20	1.308037e-05	-1.308226e-05	0.000000e+00
6.960000000000001e-01	7.999995e-01	7.999995e-01	3.508475e-01	3.508475e-01	1.186556e-04	6.960000e-01	8.000000e-01	0.000000e+00	0.000000e+00	3.999998e-29	3.999998e-29	-9.446370e-10	-9.446370e-10	-1.972745e-05	0.000000e+00	0.000000e+00	6.628477e-06	-3.261233e-12	-9.446365e-10	9.446366e-10	8.990496e-10	1.576741e-08	9.446371e-10	-1.576741e-08	-6.629422e-06	0.000000e+00	0.000000e+00	-0.000000e+00	-0.000000e+00	-1.576415e-08	-6.960000e-16	1.482278e-08	6.628523e-06	9.446370e-10	9.446370e-10	-7.104654e-21	-4.691520e-20	1.308037e-05	-1.308226e-05	0.000000e+00
6.970000000000001e-01	7.999995e-01	7.999995e-01	3.508475e-01	3.508475e-01	1.057046e-04	6.970000e-01	8.000000e-01	0.000000e+00	0.000000e+00	3.999998e-29	3.999998e-29	-9.446370e-10	-9.446370e-10	-1.966646e-05	0.000000e+00	0.000000e+00	6.569186e-06	-2.905825e-12	-9.446365e-10	9.446366e-10	8.977013e-10	1.407079e-08	9.446371e-10	-1.407079e-08	-6.570131e-06	0.000000e+00	0.000000e+00	-0.000000e+00	-0.000000e+00	-1.406789e-08	-6.970000e-16	1.312616e-08	6.569233e-06	9.446370e-10	9.446370e-10	-1.175424e-21	-4.691520e-20	1.308037e-05	-1.308226e-05	0.000000e+00
6.980000000000001e-01	7.999995e-01	7.999995e-01	3.508475e-01	3.508475e-01	9.357152e-05	6.980000e-01	8.000000e-01	0.000000e+00	0.000000e+00	3.999998e-29	3.999998e-29	-9.446370e-10	-9.446370e-10	-1.960548e-05	0.000000e+00	0.000000e+00	6.509799e-06	-2.572740e-12	-9.446365e-10	9.446366e-10	8.963132e-10	1.247726e-08	9.446371e-10	-1.247726e-08	-6.510743e-06	0.000000e+00	0.000000e+00	-0.000000e+00	-0.000000e+00	-1.247468e-08	-6.980000e-16	1.153262e-08	6.509847e-06	9.446370e-10	9.446370e-10	-1.175424e-21	-4.691520e-20	1.308037e-05	-1.308226e-05	0.000000e+00
6.990000000000001e-01	7.999995e-01	7.999995e-01	3.508475e-01	3.508475e-01	8.225207e-05	6.990000e-01	8.000000e-01	0.000000e+00	0.000000e+00	3.999998e-29	3.999998e-29	-9.446370e-10	-9.446370e-10	-1.954451e-05	0.000000e+00	0.000000e+00	6.450317e-06	-2.261886e-12	-9.446365e-10	9.446366e-10	8.948841e-10	1.098680e-08	9.446371e-10	-1.098680e-08	-6.451261e-06	0.000000e+00	0.000000e+00	-0.000000e+00	-0.000000e+00	-1.098454e-08	-6.990000e-16	1.004217e-08	6.450366e-06	9.446370e-10	9.446370e-10	9.836005e-21	-4.691520e-20	1.308037e-05	-1.308226e-05	0.000000e+00
7.000000000000001e-01	7.999995e-01	7.999995e-01	3.508475e-01	3.508475e-01	7.174202e-05	7.000000e-01	8.000000e-01	0.000000e+00	0.000000e+00	3.999998e-29	3.999998e-29	-9.446370e-10	-9.446370e-10	-1.948355e-05	0.000000e+00	0.000000e+00	6.390740e-06	-1.973168e-12	-9.446365e-10	9.446366e-10	8.934127e-10	9.599439e-09	9.446371e-10	-9.599439e-09	-6.391684e-06	0.000000e+00	0.000000e+00	-0.000000e+00	-0.000000e+00	-9.597467e-09	-7.000000e-16	8.654803e-09	6.390791e-06	9.446370e-10	9.446370e-10	-1.388092e-20	2.774984e-19	1.308037e-05	-1.308226e-05	0.000000e+00
7.010000000000001e-01	7.999995e-01	7.999995e-01	3.508475e-01	3.508475e-01	6.203722e-05	7.010000e-01	8.000000e-01	0.000000e+00	0.000000e+00	3.999998e-29	3.999998e-29	-9.446370e-10	-9.446370e-10	-1.942259e-05	0.000000e+00	0.000000e+00	6.331068e-06	-1.706491e-12	-9.446365e-10	9.446366e-10	8.918978e-10	8.315162e-09	9.446373e-10	-8.315162e-09	-6.332013e-06	0.000000e+00	0.000000e+00	-0.000000e+00	-0.000000e+00	-8.313455e-09	-7.010000e-16	7.370525e-09	6.331121e-06	9.446370e-10	9.446370e-10	-7.104654e-21	-4.691520e-20	1.308037e-05	-1.308226e-05	0.000000e+00
7.020000000000001e-01	7.999995e-01	7.999995e-01	3.508475e-01	3.508475e-01	5.313348e-05	7.020000e-01	8.000000e-01	0.000000e+00	0.000000e+00	3.999998e-29	3.999998e-29	-9.446370e-10	-9.446370e-10	-1.936165e-05	0.000000e+00	0.000000e+00	6.271302e-06	-1.461761e-12	-9.446365e-10	9.446366e-10	8.903380e-10	7.133970e-09	9.446373e-10	-7.133970e-09	-6.272247e-06	0.000000e+00	0.000000e+00	-0.000000e+00	-0.000000e+00	-7.132508e-09	-7.020000e-16	6.189333e-09	6.271357e-06	9.446370e-10	9.446370e-10	9.836005e-21	-4.691520e-20	1.308037e-05	-1.308226e-05	0.000000e+00
7.030000000000001e-01	7.999995e-01	7.999995e-01	3.508475e-01	3.508475e-01	4.502671e-05	7.030000e-01	8.000000e-01	0.000000e+00	0.000000e+00	3.999998e-29	3.999998e-29	-9.446370e-10	-9.446370e-10	-1.930071e-05	0.000000e+00	0.000000e+00	6.211443e-06	-1.238881e-12	-9.446365e-10	9.446366e-10	8.887321e-10	6.055866e-09	9.446373e-10	-6.055866e-09	-6.212387e-06	0.000000e+00	0.000000e+00	-0.000000e+00	-0.000000e+00	-6.054627e-09	-7.030000e-16	5.111230e-09	6.211499e-06	9.446370e-10	9.446370e-10	-7.104654e-21	-4.691520e-20	1.308037e-05	-1.308226e-05	0.000000e+00
7.040000000000000e-01	7.999995e-01	7.999995e-01	3.508475e-01	3.508475e-01	3.771281e-05	7.040000e-01	8.000000e-01	0.000000e+00	0.000000e+00	3.999998e-29	3.999998e-29	-9.446370e-10	-9.446370e-10	-1.923978e-05	0.000000e+00	0.000000e+00	6.151490e-06	-1.037754e-12	-9.446365e-10	9.446366e-10	8.870788e-10	5.080851e-09	9.446373e-10	-5.080851e-09	-6.152434e-06	0.000000e+00	0.000000e+00	-0.000000e+00	-0.000000e+00	-5.079813e-09	-7.040000e-16	4.136214e-09	6.151547e-06	9.446370e-10	9.446370e-10	-1.175424e-21	-4.691520e-20	1.308037e-05	-1.308226e-05	0.000000e+00
7.050000000000000e-01	7.999995e-01	7.999995e-01	3.508475e-01	3.508475e-01	3.118771e-05	7.050000e-01	8.000000e-01	0.000000e+00	0.000000e+00	3.999998e-29	3.999998e-29	-9.446370e-10	-9.446370e-10	-1.917886e-05	0.000000e+00	0.000000e+00	6.091443e-06	-8.582830e-13	-9.446365e-10	9.446366e-10	8.853765e-10	4.208924e-09	9.446373e-10	-4.208924e-09	-6.092388e-06	0.000000e+00	0.000000e+00	-0.000000e+00	-0.000000e+00	-4.208065e-09	-7.050000e-16	3.264287e-09	6.091503e-06	9.446370e-10	9.446370e-10	-1.175424e-21	-4.691520e-20	1.308037e-05	-1.308226e-05	0.000000e+00
7.060000000000000e-01	7.999995e-01	7.999995e-01	3.508475e-01	3.508475e-01	2.544739e-05	7.060000e-01	8.000000e-01	0.000000e+00	0.000000e+00	3.999998e-29	3.999998e-29	-9.446370e-10	-9.446370e-10	-1.911795e-05	0.000000e+00	0.000000e+00	6.031304e-06	-7.003684e-13	-9.446365e-10	9.446366e-10	8.836240e-10	3.440086e-09	9.446373e-10	-3.440086e-09	-6.032249e-06	0.000000e+00	0.000000e+00	-0.000000e+00	-0.000000e+00	-3.439385e-09	-7.060000e-16	2.495449e-09	6.031365e-06	9.446370e-10	9.446370e-10	9.836005e-21	-4.691520e-20	1.308037e-05	-1.308226e-05	0.000000e+00
7.070000000000000e-01	7.999995e-01	7.999995e-01	3.508475e-01	3.508475e-01	2.048784e-05	7.070000e-01	8.000000e-01	0.000000e+00	0.000000e+00	3.999998e-29	3.999998e-29	-9.446370e-10	-9.446370e-10	-1.905705e-05	0.000000e+00	0.000000e+00	5.971072e-06	-5.639113e-13	-9.446365e-10	9.446366e-10	8.818196e-10	2.774337e-09	9.446373e-10	-2.774337e-09	-5.972016e-06	0.000000e+00	0.000000e+00	-0.000000e+00	-0.000000e+00	-2.773773e-09	-7.070000e-16	1.829700e-09	5.971135e-06	9.446370e-10	9.446370e-10	-1.388092e-20	2.774984e-19	1.308037e-05	-1.308226e-05	0.000000e+00
7.080000000000000e-01	7.999995e-01	7.999995e-01	3.508475e-01	3.508475e-01	1.630509e-05	7.080000e-01	8.000000e-01	0.000000e+00	0.000000e+00	3.999998e-29	3.999998e-29	-9.446370e-10	-9.446370e-10	-1.899617e-05	0.000000e+00	0.000000e+00	5.910747e-06	-4.488119e-13	-9.446365e-10	9.446366e-10	8.799618e-10	2.211677e-09	9.446373e-10	-2.211677e-09	-5.911692e-06	0.000000e+00	0.000000e+00	-0.000000e+00	-0.000000e+00	-2.211228e-09	-7.080000e-16	1.267040e-09	5.910812e-06	9.446370e-10	9.446370e-10	-7.104654e-21	-4.691520e-20	1.308037e-05	-1.308226e-05	0.000000e+00
7.090000000000000e-01	7.999995e-01	7.999995e-01	3.508475e-01	3.508475e-01	1.289520e-05	7.090000e-01	8.000000e-01	0.000000e+00	0.000000e+00	3.999998e-29	3.999998e-29	-9.446370e-10	-9.446370e-10	-1.893529e-05	0.000000e+00	0.000000e+00	5.850331e-06	-3.549694e-13	-9.446365e-10	9.446366e-10	8.780490e-10	1.752107e-09	9.446373e-10	-1.752107e-09	-5.851275e-06	0.000000e+00	0.000000e+00	-0.000000e+00	-0.000000e+00	-1.751752e-09	-7.090000e-16	8.074706e-10	5.850397e-06	9.446370e-10	9.446370e-10	9.836005e-21	-4.691520e-20	1.308037e-05	-1.308226e-05	0.000000e+00
7.100000000000000e-01	7.999995e-01	7.999995e-01	3.508475e-01	3.508475e-01	1.025426e-05	7.100000e-01	8.000000e-01	0.000000e+00	0.000000e+00	3.999998e-29	3.999998e-29	-9.446370e-10	-9.446370e-10	-1.887443e-05	0.000000e+00	0.000000e+00	5.789822e-06	-2.822825e-13	-9.446365e-10	9.446366e-10	8.760797e-10	1.395627e-09	9.446373e-10	-1.395627e-09	-5.790767e-06	0.000000e+00	0.000000e+00	-0.000000e+00	-0.000000e+00	-1.395345e-09	-7.100000e-16	4.509907e-10	5.789891e-06	9.446370e-10	9.446370e-10	-7.104654e-21	-4.691520e-20	1.308037e-05	-1.308226e-05	0.000000e+00
7.110000000000000e-01	7.999995e-01	7.999995e-01	3.508475e-01	3.508475e-01	8.378388e-06	7.110000e-01	8.000000e-01	0.000000e+00	0.000000e+00	3.999998e-29	3.999998e-29	-9.446370e-10	-9.446370e-10	-1.881357e-05	0.000000e+00	0.000000e+00	5.729222e-06	-2.306491e-13	-9.446365e-10	9.446366e-10	8.740522e-10	1.142237e-09	9.446373e-10	-1.142238e-09	-5.730167e-06	0.000000e+00	0.000000e+00	-0.000000e+00	-0.000000e+00	-1.142007e-09	-7.110000e-16	1.976009e-10	5.729293e-06	9.446370e-10	9.446370e-10	-1.175424e-21	-4.691520e-20	1.308037e-05	-1.308226e-05	0.000000e+00
7.120000000000000e-01	7.999995e-01	7.999995e-01	3.508475e-01	3.508475e-01	7.263719e-06	7.120000e-01	8.000000e-01	0.000000e+00	0.000000e+00	3.999998e-29	3.999998e-29	-9.446370e-10	-9.446370e-10	-1.875273e-05	0.000000e+00	0.000000e+00	5.668531e-06	-1.999666e-13	-9.446365e-10	9.446366e-10	8.719647e-10	9.919379e-10	9.446373e-10	-9.919379e-10	-5.669476e-06	0.000000e+00	0.000000e+00	-0.000000e+00	-0.000000e+00	-9.917379e-10	-7.120000e-16	4.730132e-11	5.668604e-06	9.446370e-10	9.446370e-10	-1.175424e-21	-4.691520e-20	1.308037e-05	-1.308226e-05	0.000000e+00
7.130000000000000e-01	7.999995e-01	7.999995e-01	3.508475e-01	3.508475e-01	6.905762e-06	7.130000e-01	8.000000e-01	0.000000e+00	0.000000e+00	3.999998e-29	3.999998e-29	-9.446370e-10	-9.446370e-10	-1.869190e-05	0.000000e+00	0.000000e+00	5.607749e-06	-1.901132e-13	-9.446365e-10	9.446366e-10	8.698154e-10	9.446374e-10	9.446373e-10	-9.446374e-10	-5.608693e-06	0.000000e+00	0.000000e+00	-0.000000e+00	-0.000000e+00	-9.444472e-10	-7.130000e-16	7.999931e-16	5.607823e-06	9.446370e-10	9.446370e-10	9.836005e-21	-4.691520e-20	1.308037e-05	-1.308226e-05	0.000000e+00
7.140000000000000e-01	7.999995e-01	7.999995e-01	3.508475e-01	3.508475e-01	6.894216e-06	7.140000e-01	8.000000e-01	0.000000e+00	0.000000e+00	3.999998e-29	3.999998e-29	-9.446370e-10	-9.446370e-10	-1.863103e-05	0.000000e+00	0.000000e+00	5.546879e-06	-1.897954e-13	-9.446365e-10	9.446366e-10	8.676026e-10	9.446374e-10	9.446373e-10	-9.446374e-10	-5.547824e-06	0.000000e+00	0.000000e+00	-0.000000e+00	-0.000000e+00	-9.444476e-10	-7.140000e-16	7.999931e-16	5.546956e-06	9.446370e-10	9.446370e-10	-1.388092e-20	2.774984e-19	1.308037e-05	-1.308226e-05	0.000000e+00
7.150000000000000e-01	7.999995e-01	7.999995e-01	3.508475e-01	3.508475e-01	6.882708e-06	7.150000e-01	8.000000e-01	0.000000e+00	0.000000e+00	3.999998e-29	3.999998e-29	-9.446370e-10	-9.446370e-10	-1.857008e-05	0.000000e+00	0.000000e+00	5.485925e-06	-1.894786e-13	-9.446365e-10	9.446366e-10	8.653243e-10	9.446374e-10	9.446373e-10	-9.446374e-10	-5.486870e-06	0.000000e+00	0.000000e+00	-0.000000e+00	-0.000000e+00	-9.444480e-10	-7.150000e-16	7.999931e-16	5.486004e-06	9.446370e-10	9.446370e-10	-7.104654e-21	-4.691520e-20	1.308037e-05	-1.308226e-05	0.000000e+00
7.160000000000000e-01	7.999995e-01	7.999995e-01	3.508475e-01	3.508475e-01	6.871239e-06	7.160000e-01	8.000000e-01	0.000000e+00	0.000000e+00	3.999998e-29	3.999998e-29	-9.446370e-10	-9.446370e-10	-1.850904e-05	0.000000e+00	0.000000e+00	5.424887e-06	-1.891629e-13	-9.446365e-10	9.446366e-10	8.629787e-10	9.446374e-10	9.446373e-10	-9.446374e-10	-5.425832e-06	0.000000e+00	0.000000e+00	-0.000000e+00	-0.000000e+00	-9.444482e-10	-7.160000e-16	7.999931e-16	5.424969e-06	9.446370e-10	9.446370e-10	9.836005e-21	-4.691520e-20	1.308037e-05	-1.308226e-05	0.000000e+00
7.170000000000000e-01	7.999995e-01	7.999995e-01	3.508475e-01	3.508475e-01	6.859808e-06	7.170000e-01	8.000000e-01	0.000000e+00	0.000000e+00	3.999998e-29	3.999998e-29	-9.446370e-10	-9.446370e-10	-1.844792e-05	0.000000e+00	0.000000e+00	5.363764e-06	-1.888482e-13	-9.446365e-10	9.446366e-10	8.605637e-10	9.446374e-10	9.446373e-10	-9.446374e-10	-5.364709e-06	0.000000e+00	0.000000e+00	-0.000000e+00	-0.000000e+00	-9.444485e-10	-7.170000e-16	7.999931e-16	5.363848e-06	9.446370e-10	9.446370e-10	-7.104654e-21	-4.691520e-20	1.308037e-05	-1.308226e-05	0.000000e+00
7.180000000000000e-01	7.999995e-01	7.999995e-01	3.508475e-01	3.508475e-01	6.848415e-06	7.180000e-01	8.000000e-01	0.000000e+00	0.000000e+00	3.999998e-29	3.999998e-29	-9.446370e-10	-9.446370e-10	-1.838671e-05	0.000000e+00	0.000000e+00	5.302557e-06	-1.885346e-13	-9.446365e-10	9.446366e-10	8.580772e-10	9.446374e-10	9.446373e-10	-9.446374e-10	-5.303502e-06	0.000000e+00	0.000000e+00	-0.000000e+00	-0.000000e+00	-9.444489e-10	-7.180000e-16	7.999931e-16	5.302644e-06	9.446370e-10	9.446370e-10	-1.175424e-21	-4.691520e-20	1.308037e-05	-1.308226e-05	0.000000e+00
7.190000000000000e-01	7.999995e-01	7.999995e-01	3.508475e-01	3.508475e-01	6.837060e-06	7.190000e-01	8.000000e-01	0.000000e+00	0.000000e+00	3.999998e-29	3.999998e-29	-9.446370e-10	-9.446370e-10	-1.832542e-05	0.000000e+00	0.000000e+00	5.241266e-06	-1.882220e-13	-9.446365e-10	9.446366e-10	8.555173e-10	9.446374e-10	9.446373e-10	-9.446374e-10	-5.242211e-06	0.000000e+00	0.000000e+00	-0.000000e+00	-0.000000e+00	-9.444492e-10	-7.190000e-16	7.999932e-16	5.241355e-06	9.446370e-10	9.446370e-10	-1.175424e-21	-4.691520e-20	1.308037e-05	-1.308226e-05	0.000000e+00
7.200000000000000e-01	7.999995e-01	7.999995e-01	3.508475e-01	3.508475e-01	6.825742e-06	7.200000e-01	8.000000e-01	0.000000e+00	0.000000e+00	3.999998e-29	3.999998e-29	-9.446370e-10	-9.446370e-10	-1.826404e-05	0.000000e+00	0.000000e+00	5.179891e-06	-1.879105e-13	-9.446365e-10	9.446366e-10	8.528816e-10	9.446374e-10	9.446373e-10	-9.446374e-10	-5.180835e-06	0.000000e+00	0.000000e+00	-0.000000e+00	-0.000000e+00	-9.444495e-10	-7.200000e-16	7.999932e-16	5.179983e-06	9.446370e-10	9.446370e-10	9.836005e-21	-4.691520e-20	1.308037e-05	-1.308226e-05	0.000000e+00
7.210000000000000e-01	7.999995e-01	7.999995e-01	3.508475e-01	3.508475e-01	6.814461e-06	7.210000e-01	8.000000e-01	0.000000e+00	0.000000e+00	3.999998e-29	3.999998e-29	-9.446370e-10	-9.446370e-10	-1.820258e-05	0.000000e+00	0.000000e+00	5.118431e-06	-1.876000e-13	-9.446365e-10	9.446366e-10	8.501679e-10	9.446374e-10	9.446373e-10	-9.446374e-10	-5.119376e-06	0.000000e+00	0.000000e+00	-0.000000e+00	-0.000000e+00	-9.444499e-10	-7.210000e-16	7.999932e-16	5.118525e-06	9.446370e-10	9.446370e-10	-1.388092e-20	2.774984e-19	1.308037e-05	-1.308226e-05	0.000000e+00
7.220000000000000e-01	7.999995e-01	7.999995e-01	3.508475e-01	3.508475e-01	6.803218e-06	7.220000e-01	8.000000e-01	0.000000e+00	0.000000e+00	3.999998e-29	3.999998e-29	-9.446370e-10	-9.446370e-10	-1.814104e-05	0.000000e+00	0.000000e+00	5.056887e-06	-1.872905e-13	-9.446365e-10	9.446366e-10	8.473741e-10	9.446374e-10	9.446373e-10	-9.446374e-10	-5.057832e-06	0.000000e+00	0.000000e+00	-0.000000e+00	-0.000000e+00	-9.444501e-10	-7.220000e-16	7.999932e-16	5.056984e-06	9.446370e-10	9.446370e-10	-7.104654e-21	-4.691520e-20	1.308037e-05	-1.308226e-05	0.000000e+00
7.230000000000000e-01	7.999995e-01	7.999995e-01	3.508475e-01	3.508475e-01	6.792012e-06	7.230000e-01	8.000000e-01	0.000000e+00	0.000000e+00	3.999998e-29	3.999998e-29	-9.446370e-10	-9.446370e-10	-1.807941e-05	0.000000e+00	0.000000e+00	4.995259e-06	-1.869820e-13	-9.446365e-10	9.446366e-10	8.444976e-10	9.446374e-10	9.446373e-10	-9.446374e-10	-4.996204e-06	0.000000e+00	0.000000e+00	-0.000000e+00	-0.000000e+00	-9.444504e-10	-7.230000e-16	7.999932e-16	4.995359e-06	9.446370e-10	9.446370e-10	9.836005e-21	-4.691520e-20	1.308037e-05	-1.308226e-05	0.000000e+00
7.240000000000000e-01	7.999995e-01	7.999995e-01	3.508475e-01	3.508475e-01	6.780843e-06	7.240000e-01	8.000000e-01	0.000000e+00	0.000000e+00	3.999998e-29	3.999998e-29	-9.446370e-10	-9.446370e-10	-1.801770e-05	0.000000e+00	0.000000e+00	4.933547e-06	-1.866746e-13	-9.446365e-10	9.446366e-10	8.415360e-10	9.446374e-10	9.446373e-10	-9.446374e-10	-4.934492e-06	0.000000e+00	0.000000e+00	-0.000000e+00	-0.000000e+00	-9.444507e-10	-7.240000e-16	7.999932e-16	4.933650e-06	9.446370e-10	9.446370e-10	-7.104654e-21	-4.691520e-20	1.308037e-05	-1.308226e-05	0.000000e+00
7.250000000000000e-01	7.999995e-01	7.999995e-01	3.508475e-01	3.508475e-01	6.769710e-06	7.250000e-01	8.000000e-01	0.000000e+00	0.000000e+00	3.999998e-29	3.999998e-29	-9.446370e-10	-9.446370e-10	-1.795590e-05	0.000000e+00	0.000000e+00	4.871751e-06	-1.863681e-13	-9.446365e-10	9.446366e-10	8.384868e-10	9.446374e-10	9.446373e-10	-9.446374e-10	-4.872695e-06	0.000000e+00	0.000000e+00	-0.000000e+00	-0.000000e+00	-9.444511e-10	-7.250000e-16	7.999932e-16	4.871857e-06	9.446370e-10	9.446370e-10	-1.175424e-21	-4.691520e-20	1.308037e-05	-1.308226e-05	0.000000e+00
7.260000000000000e-01	7.999995e-01	7.999995e-01	3.508475e-01	3.508475e-01	6.758614e-06	7.260000e-01	8.000000e-01	0.000000e+00	0.000000e+00	3.999998e-29	3.999998e-29	-9.446370e-10	-9.446370e-10	-1.789402e-05	0.000000e+00	0.000000e+00	4.809870e-06	-1.860627e-13	-9.446365e-10	9.446366e-10	8.353475e-10	9.446374e-10	9.446373e-10	-9.446374e-10	-4.810815e-06	0.000000e+00	0.000000e+00	-0.000000e+00	-0.000000e+00	-9.444513e-10	-7.260000e-16	7.999932e-16	4.809980e-06	9.446370e-10	9.446370e-10	-1.175424e-21	-4.691520e-20	1.308037e-05	-1.308226e-05	0.000000e+00
7.270000000000000e-01	7.999995e-01	7.999995e-01	3.508475e-01	3.508475e-01	6.747554e-06	7.270000e-01	8.000000e-01	0.000000e+00	0.000000e+00	3.999998e-29	3.999998e-29	-9.446370e-10	-9.446370e-10	-1.783206e-05	0.000000e+00	0.000000e+00	4.747906e-06	-1.857582e-13	-9.446365e-10	9.446366e-10	8.321152e-10	9.446374e-10	9.446373e-10	-9.446374e-10	-4.748851e-06	0.000000e+00	0.000000e+00	-0.000000e+00	-0.000000e+00	-9.444516e-10	-7.270000e-16	7.999932e-16	4.748018e-06	9.446370e-10	9.446370e-10	9.836005e-21	-4.691520e-20	1.308037e-05	-1.308226e-05	0.000000e+00
7.280000000000000e-01	7.999995e-01	7.999995e-01	3.508475e-01	3.508475e-01	6.736531e-06	7.280000e-01	8.000000e-01	0.000000e+00	0.000000e+00	3.999998e-29	3.999998e-29	-9.446370e-10	-9.446370e-10	-1.777001e-05	0.000000e+00	0.000000e+00	4.685858e-06	-1.854548e-13	-9.446365e-10	9.446366e-10	8.287874e-10	9.446374e-10	9.446373e-10	-9.446374e-10	-4.686802e-06	0.000000e+00	0.000000e+00	-0.000000e+00	-0.000000e+00	-9.444520e-10	-7.280000e-16	7.999932e-16	4.685974e-06	9.446370e-10	9.446370e-10	-1.388092e-20	2.774984e-19	1.308037e-05	-1.308226e-05	0.000000e+00
7.290000000000000e-01	7.999995e-01	7.999995e-01	3.508475e-01	3.508475e-01	6.725543e-06	7.290000e-01	8.000000e-01	0.000000e+00	0.000000e+00	3.999998e-29	3.999998e-29	-9.446370e-10	-9.446370e-10	-1.770788e-05	0.000000e+00	0.000000e+00	4.623725e-06	-1.851523e-13	-9.446365e-10	9.446366e-10	8.253612e-10	9.446374e-10	9.446373e-10	-9.446374e-10	-4.624670e-06	0.000000e+00	0.000000e+00	-0.000000e+00	-0.000000e+00	-9.444523e-10	-7.290000e-16	7.999933e-16	4.623844e-06	9.446370e-10	9.446370e-10	-7.104654e-21	-4.691520e-20	1.308037e-05	-1.308226e-05	0.000000e+00
7.300000000000000e-01	7.999995e-01	7.999995e-01	3.508475e-01	3.508475e-01	6.714591e-06	7.300000e-01	8.000000e-01	0.000000e+00	0.000000e+00	3.999998e-29	3.999998e-29	-9.446370e-10	-9.446370e-10	-1.764566e-05	0.000000e+00	0.000000e+00	4.561509e-06	-1.848508e-13	-9.446365e-10	9.446366e-10	8.218337e-10	9.446374e-10	9.446373e-10	-9.446374e-10	-4.562453e-06	0.000000e+00	0.000000e+00	-0.000000e+00	-0.000000e+00	-9.444525e-10	-7.300000e-16	7.999933e-16	4.561632e-06	9.446370e-10	9.446370e-10	9.836005e-21	-4.691520e-20	1.308037e-05	-1.308226e-05	0.000000e+00
7.310000000000000e-01	7.999995e-01	7.999995e-01	3.508475e-01	3.508475e-01	6.703675e-06	7.310000e-01	8.000000e-01	0.000000e+00	0.000000e+00	3.999998e-29	3.999998e-29	-9.446370e-10	-9.446370e-10	-1.758336e-05	0.000000e+00	0.000000e+00	4.499208e-06	-1.845503e-13	-9.446365e-10	9.446366e-10	8.182018e-10	9.446374e-10	9.446373e-10	-9.446374e-10	-4.500153e-06	0.000000e+00	0.000000e+00	-0.000000e+00	-0.000000e+00	-9.444528e-10	-7.310000e-16	7.999933e-16	4.499335e-06	9.446370e-10	9.446370e-10	-7.104654e-21	-4.691520e-20	1.308037e-05	-1.308226e-05	0.000000e+00
7.320000000000000e-01	7.999995e-01	7.999995e-01	3.508475e-01	3.508475e-01	6.692794e-06	7.320000e-01	8.000000e-01	0.000000e+00	0.000000e+00	3.999998e-29	3.999998e-29	-9.446370e-10	-9.446370e-10	-1.752098e-05	0.000000e+00	0.000000e+00	4.436824e-06	-1.842508e-13	-9.446365e-10	9.446366e-10	8.144625e-10	9.446374e-10	9.446373e-10	-9.446374e-10	-4.437769e-06	0.000000e+00	0.000000e+00	-0.000000e+00	-0.000000e+00	-9.444532e-10	-7.320000e-16	7.999933e-16	4.436954e-06	9.446370e-10	9.446370e-10	-1.175424e-21	-4.691520e-20	1.308037e-05	-1.308226e-05	0.000000e+00
7.330000000000000e-01	7.999995e-01	7.999995e-01	3.508475e-01	3.508475e-01	6.681948e-06	7.330000e-01	8.000000e-01	0.000000e+00	0.000000e+00	3.999998e-29	3.999998e-29	-9.446370e-10	-9.446370e-10	-1.745851e-05	0.000000e+00	0.000000e+00	4.374356e-06	-1.839523e-13	-9.446365e-10	9.446366e-10	8.106126e-10	9.446374e-10	9.446373e-10	-9.446374e-10	-4.375301e-06	0.000000e+00	0.000000e+00	-0.000000e+00	-0.000000e+00	-9.444534e-10	-7.330000e-16	7.999933e-16	4.374490e-06	9.446370e-10	9.446370e-10	-1.175424e-21	-4.691520e-20	1.308037e-05	-1.308226e-05	0.000000e+00
7.340000000000000e-01	7.999995e-01	7.999995e-01	3.508475e-01	3.508475e-01	6.671138e-06	7.340000e-01	8.000000e-01	0.000000e+00	0.000000e+00	3.999998e-29	3.999998e-29	-9.446370e-10	-9.446370e-10	-1.739596e-05	0.000000e+00	0.000000e+00	4.311804e-06	-1.836547e-13	-9.446365e-10	9.446366e-10	8.066489e-10	9.446374e-10	9.446373e-10	-9.446374e-10	-4.312748e-06	0.000000e+00	0.000000e+00	-0.000000e+00	-0.000000e+00	-9.444537e-10	-7.340000e-16	7.999933e-16	4.311942e-06	9.446370e-10	9.446370e-10	9.836005e-21	-4.691520e-20	1.308037e-05	-1.308226e-05	0.000000e+00
7.350000000000000e-01	7.999995e-01	7.999995e-01	3.508475e-01	3.508475e-01	6.660362e-06	7.350000e-01	8.000000e-01	0.000000e+00	0.000000e+00	3.999998e-29	3.999998e-29	-9.446370e-10	-9.446370e-10	-1.733332e-05	0.000000e+00	0.000000e+00	4.249168e-06	-1.833581e-13	-9.446366e-10	9.446366e-10	8.025680e-10	9.446374e-10	9.446373e-10	-9.446374e-10	-4.250112e-06	0.000000e+00	0.000000e+00	-0.000000e+00	-0.000000e+00	-9.444541e-10	-7.350000e-16	7.999933e-16	4.249310e-06	9.446370e-10	9.446370e-10	-1.388092e-20	2.774984e-19	1.308037e-05	-1.308226e-05	0.000000e+00
7.360000000000000e-01	7.999995e-01	7.999995e-01	3.508475e-01	3.508475e-01	6.649621e-06	7.360000e-01	8.000000e-01	0.000000e+00	0.000000e+00	3.999998e-29	3.999998e-29	-9.446370e-10	-9.446370e-10	-1.727060e-05	0.000000e+00	0.000000e+00	4.186448e-06	-1.830624e-13	-9.446366e-10	9.446366e-10	7.983663e-10	9.446374e-10	9.446373e-10	-9.446374e-10	-4.187393e-06	0.000000e+00	0.000000e+00	-0.000000e+00	-0.000000e+00	-9.444543e-10	-7.360000e-16	7.999933e-16	4.186595e-06	9.446370e-10	9.446370e-10	-7.104654e-21	-4.691520e-20	1.308037e-05	-1.308226e-05	0.000000e+00
7.370000000000000e-01	7.999995e-01	7.999995e-01	3.508475e-01	3.508475e-01	6.638915e-06	7.370000e-01	8.000000e-01	0.000000e+00	0.000000e+00	3.999998e-29	3.999998e-29	-9.446370e-10	-9.446370e-10	-1.720780e-05	0.000000e+00	0.000000e+00	4.123644e-06	-1.827677e-13	-9.446366e-10	9.446366e-10	7.940404e-10	9.446374e-10	9.446373e-10	-9.446374e-10	-4.124589e-06	0.000000e+00	0.000000e+00	-0.000000e+00	-0.000000e+00	-9.444546e-10	-7.370000e-16	7.999933e-16	4.123795e-06	9.446370e-10	9.446370e-10	9.836005e-21	-4.691520e-20	1.308037e-05	-1.308226e-05	0.000000e+00
7.380000000000000e-01	7.999995e-01	7.999995e-01	3.508475e-01	3.508475e-01	6.628243e-06	7.380000e-01	8.000000e-01	0.000000e+00	0.000000e+00	3.999998e-29	3.999998e-29	-9.446370e-10	-9.446370e-10	-1.714491e-05	0.000000e+00	0.000000e+00	4.060757e-06	-1.824739e-13	-9.446366e-10	9.446366e-10	7.895865e-10	9.446374e-10	9.446373e-10	-9.446374e-10	-4.061702e-06	0.000000e+00	0.000000e+00	-0.000000e+00	-0.000000e+00	-9.444550e-10	-7.380000e-16	7.999934e-16	4.060912e-06	9.446370e-10	9.446370e-10	-7.104654e-21	-4.691520e-20	1.308037e-05	-1.308226e-05	0.000000e+00
7.390000000000000e-01	7.999995e-01	7.999995e-01	3.508475e-01	3.508475e-01	6.617606e-06	7.390000e-01	8.000000e-01	0.000000e+00	0.000000e+00	3.999998e-29	3.999998e-29	-9.446370e-10	-9.446370e-10	-1.708194e-05	0.000000e+00	0.000000e+00	3.997786e-06	-1.821811e-13	-9.446366e-10	9.446366e-10	7.850010e-10	9.446374e-10	9.446373e-10	-9.446374e-10	-3.998731e-06	0.000000e+00	0.000000e+00	-0.000000e+00	-0.000000e+00	-9.444552e-10	-7.390000e-16	7.999934e-16	3.997946e-06	9.446370e-10	9.446370e-10	-1.175424e-21	-4.691520e-20	1.308037e-05	-1.308226e-05	0.000000e+00
7.400000000000000e-01	7.999995e-01	7.999995e-01	3.508475e-01	3.508475e-01	6.607002e-06	7.400000e-01	8.000000e-01	0.000000e+00	0.000000e+00	3.999998e-29	3.999998e-29	-9.446370e-10	-9.446370e-10	-1.701888e-05	0.000000e+00	0.000000e+00	3.934731e-06	-1.818892e-13	-9.446366e-10	9.446366e-10	7.802797e-10	9.446374e-10	9.446373e-10	-9.446374e-10	-3.935676e-06	0.000000e+00	0.000000e+00	-0.000000e+00	-0.000000e+00	-9.444555e-10	-7.400000e-16	7.999934e-16	3.934896e-06	9.446370e-10	9.446370e-10	-1.175424e-21	-4.691520e-20	1.308037e-05	-1.308226e-05	0.000000e+00
7.410000000000000e-01	7.999995e-01	7.999995e-01	3.508475e-01	3.508475e-01	6.596433e-06	7.410000e-01	8.000000e-01	0.000000e+00	0.000000e+00	3.999998e-29	3.999998e-29	-9.446370e-10	-9.446370e-10	-1.695575e-05	0.000000e+00	0.000000e+00	3.871593e-06	-1.815983e-13	-9.446366e-10	9.446366e-10	7.754189e-10	9.446374e-10	9.446373e-10	-9.446374e-10	-3.872537e-06	0.000000e+00	0.000000e+00	-0.000000e+00	-0.000000e+00	-9.444558e-10	-7.410000e-16	7.999934e-16	3.871762e-06	9.446370e-10	9.446370e-10	9.836005e-21	-4.691520e-20	1.308037e-05	-1.308226e-05	0.000000e+00
7.420000000000000e-01	7.999995e-01	7.999995e-01	3.508475e-01	3.508475e-01	6.585897e-06	7.420000e-01	8.000000e-01	0.000000e+00	0.000000e+00	3.999998e-29	3.999998e-29	-9.446370e-10	-9.446370e-10	-1.689252e-05	0.000000e+00	0.000000e+00	3.808371e-06	-1.813083e-13	-9.446366e-10	9.446366e-10	7.704143e-10	9.446374e-10	9.446373e-10	-9.446374e-10	-3.809315e-06	0.000000e+00	0.000000e+00	-0.000000e+00	-0.000000e+00	-9.444561e-10	-7.420000e-16	7.999934e-16	3.808545e-06	9.446370e-10	9.446370e-10	-1.388092e-20	2.774984e-19	1.308037e-05	-1.308226e-05	0.000000e+00
7.430000000000000e-01	7.999995e-01	7.999995e-01	3.508475e-01	3.508475e-01	6.575395e-06	7.430000e-01	8.000000e-01	0.000000e+00	0.000000e+00	3.999998e-29	3.999998e-29	-9.446370e-10	-9.446370e-10	-1.682922e-05	0.000000e+00	0.000000e+00	3.745065e-06	-1.810192e-13	-9.446366e-10	9.446366e-10	7.652617e-10	9.446374e-10	9.446373e-10	-9.446374e-10	-3.746009e-06	0.000000e+00	0.000000e+00	-0.000000e+00	-0.000000e+00	-9.444564e-10	-7.430000e-16	7.999934e-16	3.745244e-06	9.446370e-10	9.446370e-10	-7.104654e-21	-4.691520e-20	1.308037e-05	-1.308226e-05	0.000000e+00
7.440000000000000e-01	7.999995e-01	7.999995e-01	3.508475e-01	3.508475e-01	6.564926e-06	7.440000e-01	8.000000e-01	0.000000e+00	0.000000e+00	3.999998e-29	3.999998e-29	-9.446370e-10	-9.446370e-10	-1.676583e-05	0.000000e+00	0.000000e+00	3.681675e-06	-1.807310e-13	-9.446366e-10	9.446366e-10	7.599568e-10	9.446374e-10	9.446373e-10	-9.446374e-10	-3.682620e-06	0.000000e+00	0.000000e+00	-0.000000e+00	-0.000000e+00	-9.444566e-10	-7.440000e-16	7.999934e-16	3.681860e-06	9.446370e-10	9.446370e-10	9.836005e-21	-4.691520e-20	1.308037e-05	-1.308226e-05	0.000000e+00
7.450000000000000e-01	7.999995e-01	7.999995e-01	3.508475e-01	3.508475e-01	6.554490e-06	7.450000e-01	8.000000e-01	0.000000e+00	0.000000e+00	3.999998e-29	3.999998e-29	-9.446370e-10	-9.446370e-10	-1.670236e-05	0.000000e+00	0.000000e+00	3.618202e-06	-1.804437e-13	-9.446366e-10	9.446366e-10	7.544949e-10	9.446374e-10	9.446373e-10	-9.446374e-10	-3.619147e-06	0.000000e+00	0.000000e+00	-0.000000e+00	-0.000000e+00	-9.444570e-10	-7.450000e-16	7.999934e-16	3.618392e-06	9.446370e-10	9.446370e-10	-7.104654e-21	-4.691520e-20	1.308037e-05	-1.308226e-05	0.000000e+00
7.460000000000000e-01	7.999995e-01	7.999995e-01	3.508475e-01	3.508475e-01	6.544088e-06	7.460000e-01	8.000000e-01	0.000000e+00	0.000000e+00	3.999998e-29	3.999998e-29	-9.446370e-10	-9.446370e-10	-1.663880e-05	0.000000e+00	0.000000e+00	3.554646e-06	-1.801574e-13	-9.446366e-10	9.446366e-10	7.488715e-10	9.446374e-10	9.446373e-10	-9.446374e-10	-3.555590e-06	0.000000e+00	0.000000e+00	-0.000000e+00	-0.000000e+00	-9.444573e-10	-7.460000e-16	7.999934e-16	3.554841e-06	9.446370e-10	9.446370e-10	-1.175424e-21	-4.691520e-20	1.308037e-05	-1.308226e-05	0.000000e+00
7.470000000000000e-01	7.999995e-01	7.999995e-01	3.508475e-01	3.508475e-01	6.533719e-06	7.470000e-01	8.000000e-01	0.000000e+00	0.000000e+00	3.999998e-29	3.999998e-29	-9.446370e-10	-9.446370e-10	-1.657516e-05	0.000000e+00	0.000000e+00	3.491005e-06	-1.798720e-13	-9.446366e-10	9.446366e-10	7.430817e-10	9.446374e-10	9.446373e-10	-9.446374e-10	-3.491950e-06	0.000000e+00	0.000000e+00	-0.000000e+00	-0.000000e+00	-9.444575e-10	-7.470000e-16	7.999934e-16	3.491207e-06	9.446370e-10	9.446370e-10	-1.175424e-21	-4.691520e-20	1.308037e-05	-1.308226e-05	0.000000e+00
7.480000000000000e-01	7.999995e-01	7.999995e-01	3.508475e-01	3.508475e-01	6.523383e-06	7.480000e-01	8.000000e-01	0.000000e+00	0.000000e+00	3.999998e-29	3.999998e-29	-9.446370e-10	-9.446370e-10	-1.651143e-05	0.000000e+00	0.000000e+00	3.427282e-06	-1.795874e-13	-9.446366e-10	9.446366e-10	7.371208e-10	9.446374e-10	9.446373e-10	-9.446374e-10	-3.428226e-06	0.000000e+00	0.000000e+00	-0.000000e+00	-0.000000e+00	-9.444578e-10	-7.480000e-16	7.999935e-16	3.427489e-06	9.446370e-10	9.446370e-10	9.836005e-21	-4.691520e-20	1.308037e-05	-1.308226e-05	0.000000e+00
7.490000000000000e-01	7.999995e-01	7.999995e-01	3.508475e-01	3.508475e-01	6.513078e-06	7.490000e-01	8.000000e-01	0.000000e+00	0.000000e+00	3.999998e-29	3.999998e-29	-9.446370e-10	-9.446370e-10	-1.644763e-05	0.000000e+00	0.000000e+00	3.363474e-06	-1.793038e-13	-9.446366e-10	9.446366e-10	7.309835e-10	9.446374e-10	9.446373e-10	-9.446374e-10	-3.364419e-06	0.000000e+00	0.000000e+00	-0.000000e+00	-0.000000e+00	-9.444581e-10	-7.490000e-16	7.999935e-16	3.363688e-06	9.446370e-10	9.446370e-10	-1.388092e-20	2.774984e-19	1.308037e-05	-1.308226e-05	0.000000e+00
7.500000000000000e-01	7.999995e-01	7.999995e-01	3.508475e-01	3.508475e-01	6.502807e-06	7.500000e-01	8.000000e-01	0.000000e+00	0.000000e+00	3.999998e-29	3.999998e-29	-9.446370e-10	-9.446370e-10	-1.638374e-05	0.000000e+00	0.000000e+00	3.299584e-06	-1.790210e-13	-9.446366e-10	9.446366e-10	7.246648e-10	9.446374e-10	9.446373e-10	-9.446374e-10	-3.300528e-06	0.000000e+00	0.000000e+00	-0.000000e+00	-0.000000e+00	-9.444584e-10	-7.500000e-16	7.999935e-16	3.299804e-06	9.446370e-10	9.446370e-10	-7.104654e-21	-4.691520e-20	1.308037e-05	-1.308226e-05	0.000000e+00
7.510000000000000e-01	7.999995e-01	7.999995e-01	3.508475e-01	3.508475e-01	6.492568e-06	7.510000e-01	8.000000e-01	0.000000e+00	0.000000e+00	3.999998e-29	3.999998e-29	-9.446370e-10	-9.446370e-10	-1.631976e-05	0.000000e+00	0.000000e+00	3.235609e-06	-1.787392e-13	-9.446366e-10	9.446366e-10	7.181591e-10	9.446374e-10	9.446373e-10	-9.446374e-10	-3.236554e-06	0.000000e+00	0.000000e+00	-0.000000e+00	-0.000000e+00	-9.444586e-10	-7.510000e-16	7.999935e-16	3.235836e-06	9.446370e-10	9.446370e-10	9.836005e-21	-4.691520e-20	1.308037e-05	-1.308226e-05	0.000000e+00
7.520000000000000e-01	7.999995e-01	7.999995e-01	3.508475e-01	3.508475e-01	6.482361e-06	7.520000e-01	8.000000e-01	0.000000e+00	0.000000e+00	3.999998e-29	3.999998e-29	-9.446370e-10	-9.446370e-10	-1.625570e-05	0.000000e+00	0.000000e+00	3.171552e-06	-1.784582e-13	-9.446366e-10	9.446366e-10	7.114611e-10	9.446374e-10	9.446373e-10	-9.446374e-10	-3.172496e-06	0.000000e+00	0.000000e+00	-0.000000e+00	-0.000000e+00	-9.444590e-10	-7.520000e-16	7.999935e-16	3.171785e-06	9.446370e-10	9.446370e-10	-7.104654e-21	-4.691520e-20	1.308037e-05	-1.308226e-05	0.000000e+00
7.530000000000000e-01	7.999995e-01	7.999995e-01	3.508475e-01	3.508475e-01	6.472186e-06	7.530000e-01	8.000000e-01	0.000000e+00	0.000000e+00	3.999998e-29	3.999998e-29	-9.446370e-10	-9.446370e-10	-1.619156e-05	0.000000e+00	0.000000e+00	3.107411e-06	-1.781781e-13	-9.446366e-10	9.446366e-10	7.045649e-10	9.446374e-10	9.446373e-10	-9.446374e-10	-3.108355e-06	0.000000e+00	0.000000e+00	-0.000000e+00	-0.000000e+00	-9.444592e-10	-7.530000e-16	7.999935e-16	3.107651e-06	9.446370e-10	9.446370e-10	-1.175424e-21	-4.691520e-20	1.308037e-05	-1.308226e-05	0.000000e+00
7.540000000000000e-01	7.999995e-01	7.999995e-01	3.508475e-01	3.508475e-01	6.462044e-06	7.540000e-01	8.000000e-01	0.000000e+00	0.000000e+00	3.999998e-29	3.999998e-29	-9.446370e-10	-9.446370e-10	-1.612734e-05	0.000000e+00	0.000000e+00	3.043186e-06	-1.778989e-13	-9.446366e-10	9.446366e-10	6.974649e-10	9.446374e-10	9.446373e-10	-9.446374e-10	-3.044131e-06	0.000000e+00	0.000000e+00	-0.000000e+00	-0.000000e+00	-9.444595e-10	-7.540000e-16	7.999936e-16	3.043433e-06	9.446370e-10	9.446370e-10	-1.175424e-21	-4.691520e-20	1.308037e-05	-1.308226e-05	0.000000e+00
7.550000000000000e-01	7.999995e-01	7.999995e-01	3.508475e-01	3.508475e-01	6.451932e-06	7.550000e-01	8.000000e-01	0.000000e+00	0.000000e+00	3.999998e-29	3.999998e-29	-9.446370e-10	-9.446370e-10	-1.606303e-05	0.000000e+00	0.000000e+00	2.978878e-06	-1.776206e-13	-9.446366e-10	9.446366e-10	6.901548e-10	9.446374e-10	9.446373e-10	-9.446374e-10	-2.979823e-06	0.000000e+00	0.000000e+00	-0.000000e+00	-0.000000e+00	-9.444597e-10	-7.550000e-16	7.999936e-16	2.979133e-06	9.446370e-10	9.446370e-10	9.836005e-21	-4.691520e-20	1.308037e-05	-1.308226e-05	0.000000e+00
7.560000000000000e-01	7.999995e-01	7.999995e-01	3.508475e-01	3.508475e-01	6.441853e-06	7.560000e-01	8.000000e-01	0.000000e+00	0.000000e+00	3.999998e-29	3.999998e-29	-9.446370e-10	-9.446370e-10	-1.599864e-05	0.000000e+00	0.000000e+00	2.914487e-06	-1.773431e-13	-9.446366e-10	9.446366e-10	6.826285e-10	9.446374e-10	9.446374e-10	-9.446374e-10	-2.915432e-06	0.000000e+00	0.000000e+00	-0.000000e+00	-0.000000e+00	-9.444601e-10	-7.560000e-16	7.999936e-16	2.914749e-06	9.446370e-10	9.446370e-10	-1.388092e-20	2.774984e-19	1.308037e-05	-1.308226e-05	0.000000e+00
7.570000000000000e-01	7.999995e-01	7.999995e-01	3.508475e-01	3.508475e-01	6.431805e-06	7.570000e-01	8.000000e-01	0.000000e+00	0.000000e+00	3.999998e-29	3.999998e-29	-9.446370e-10	-9.446370e-10	-1.593417e-05	0.000000e+00	0.000000e+00	2.850013e-06	-1.770665e-13	-9.446366e-10	9.446366e-10	6.748797e-10	9.446374e-10	9.446374e-10	-9.446374e-10	-2.850957e-06	0.000000e+00	0.000000e+00	-0.000000e+00	-0.000000e+00	-9.444603e-10	-7.570000e-16	7.999936e-16	2.850282e-06	9.446370e-10	9.446370e-10	-7.104654e-21	-4.691520e-20	1.308037e-05	-1.308226e-05	0.000000e+00
7.580000000000000e-01	7.999995e-01	7.999995e-01	3.508475e-01	3.508475e-01	6.421787e-06	7.580000e-01	8.000000e-01	0.000000e+00	0.000000e+00	3.999998e-29	3.999998e-29	-9.446370e-10	-9.446370e-10	-1.586961e-05	0.000000e+00	0.000000e+00	2.785455e-06	-1.767908e-13	-9.446366e-10	9.446366e-10	6.669016e-10	9.446374e-10	9.446374e-10	-9.446374e-10	-2.786399e-06	0.000000e+00	0.000000e+00	-0.000000e+00	-0.000000e+00	-9.444606e-10	-7.580000e-16	7.999936e-16	2.785732e-06	9.446370e-10	9.446370e-10	9.836005e-21	-4.691520e-20	1.308037e-05	-1.308226e-05	0.000000e+00
7.590000000000000e-01	7.999995e-01	7.999995e-01	3.508475e-01	3.508475e-01	6.411802e-06	7.590000e-01	8.000000e-01	0.000000e+00	0.000000e+00	3.999998e-29	3.999998e-29	-9.446370e-10	-9.446370e-10	-1.580497e-05	0.000000e+00	0.000000e+00	2.720814e-06	-1.765159e-13	-9.446366e-10	9.446366e-10	6.586876e-10	9.446374e-10	9.446374e-10	-9.446374e-10	-2.721758e-06	0.000000e+00	0.000000e+00	-0.000000e+00	-0.000000e+00	-9.444608e-10	-7.590000e-16	7.999936e-16	2.721100e-06	9.446370e-10	9.446370e-10	-7.104654e-21	-4.691520e-20	1.308037e-05	-1.308226e-05	0.000000e+00
7.600000000000000e-01	7.999995e-01	7.999995e-01	3.508475e-01	3.508475e-01	6.401847e-06	7.600000e-01	8.000000e-01	0.000000e+00	0.000000e+00	3.999998e-29	3.999998e-29	-9.446370e-10	-9.446370e-10	-1.574024e-05	0.000000e+00	0.000000e+00	2.656089e-06	-1.762419e-13	-9.446366e-10	9.446366e-10	6.502307e-10	9.446374e-10	9.446374e-10	-9.446374e-10	-2.657034e-06	0.000000e+00	0.000000e+00	-0.000000e+00	-0.000000e+00	-9.444612e-10	-7.600000e-16	7.999936e-16	2.656384e-06	9.446370e-10	9.446370e-10	-1.175424e-21	-4.691520e-20	1.308037e-05	-1.308226e-05	0.000000e+00
7.610000000000000e-01	7.999995e-01	7.999995e-01	3.508475e-01	3.508475e-01	6.391923e-06	7.610000e-01	8.000000e-01	0.000000e+00	0.000000e+00	3.999998e-29	3.999998e-29	-9.446370e-10	-9.446370e-10	-1.567543e-05	0.000000e+00	0.000000e+00	2.591282e-06	-1.759687e-13	-9.446366e-10	9.446366e-10	6.415237e-10	9.446374e-10	9.446374e-10	-9.446374e-10	-2.592226e-06	0.000000e+00	0.000000e+00	-0.000000e+00	-0.000000e+00	-9.444614e-10	-7.610000e-16	7.999936e-16	2.591585e-06	9.446370e-10	9.446370e-10	-1.175424e-21	-4.691520e-20	1.308037e-05	-1.308226e-05	0.000000e+00
7.620000000000000e-01	7.999995e-01	7.999995e-01	3.508475e-01	3.508475e-01	6.382030e-06	7.620000e-01	8.000000e-01	0.000000e+00	0.000000e+00	3.999998e-29	3.999998e-29	-9.446370e-10	-9.446370e-10	-1.561054e-05	0.000000e+00	0.000000e+00	2.526391e-06	-1.756964e-13	-9.446366e-10	9.446366e-10	6.325592e-10	9.446374e-10	9.446374e-10	-9.446374e-10	-2.527335e-06	0.000000e+00	0.000000e+00	-0.000000e+00	-0.000000e+00	-9.444617e-10	-7.620000e-16	7.999936e-16	2.526703e-06	9.446370e-10	9.446370e-10	9.836005e-21	-4.691520e-20	1.308037e-05	-1.308226e-05	0.000000e+00
7.630000000000000e-01	7.999995e-01	7.999995e-01	3.508475e-01	3.508475e-01	6.372168e-06	7.630000e-01	8.000000e-01	0.000000e+00	0.000000e+00	3.999998e-29	3.999998e-29	-9.446370e-10	-9.446370e-10	-1.554557e-05	0.000000e+00	0.000000e+00	2.461417e-06	-1.754249e-13	-9.446366e-10	9.446366e-10	6.233295e-10	9.446374e-10	9.446374e-10	-9.446374e-10	-2.462361e-06	0.000000e+00	0.000000e+00	-0.000000e+00	-0.000000e+00	-9.444620e-10	-7.630000e-16	7.999936e-16	2.461738e-06	9.446370e-10	9.446370e-10	-1.388092e-20	2.774984e-19	1.308037e-05	-1.308226e-05	0.000000e+00
7.640000000000000e-01	7.999995e-01	7.999995e-01	3.508475e-01	3.508475e-01	6.362336e-06	7.640000e-01	8.000000e-01	0.000000e+00	0.000000e+00	3.999998e-29	3.999998e-29	-9.446370e-10	-9.446370e-10	-1.548051e-05	0.000000e+00	0.000000e+00	2.396360e-06	-1.751542e-13	-9.446366e-10	9.446366e-10	6.138269e-10	9.446374e-10	9.446374e-10	-9.446374e-10	-2.397304e-06	0.000000e+00	0.000000e+00	-0.000000e+00	-0.000000e+00	-9.444623e-10	-7.640000e-16	7.999937e-16	2.396690e-06	9.446370e-10	9.446370e-10	-7.104654e-21	-4.691520e-20	1.308037e-05	-1.308226e-05	0.000000e+00
7.650000000000000e-01	7.999995e-01	7.999995e-01	3.508475e-01	3.508475e-01	6.352534e-06	7.650000e-01	8.000000e-01	0.000000e+00	0.000000e+00	3.999998e-29	3.999998e-29	-9.446370e-10	-9.446370e-10	-1.541537e-05	0.000000e+00	0.000000e+00	2.331219e-06	-1.748844e-13	-9.446366e-10	9.446366e-10	6.040432e-10	9.446374e-10	9.446374e-10	-9.446374e-10	-2.332164e-06	0.000000e+00	0.000000e+00	-0.000000e+00	-0.000000e+00	-9.444625e-10	-7.650000e-16	7.999937e-16	2.331560e-06	9.446370e-10	9.446370e-10	9.836005e-21	-4.691520e-20	1.308037e-05	-1.308226e-05	0.000000e+00
7.660000000000000e-01	7.999995e-01	7.999995e-01	3.508475e-01	3.508475e-01	6.342762e-06	7.660000e-01	8.000000e-01	0.000000e+00	0.000000e+00	3.999998e-29	3.999998e-29	-9.446370e-10	-9.446370e-10	-1.535015e-05	0.000000e+00	0.000000e+00	2.265996e-06	-1.746154e-13	-9.446366e-10	9.446366e-10	5.939702e-10	9.446374e-10	9.446374e-10	-9.446374e-10	-2.266940e-06	0.000000e+00	0.000000e+00	-0.000000e+00	-0.000000e+00	-9.444628e-10	-7.660000e-16	7.999937e-16	2.266346e-06	9.446370e-10	9.446370e-10	-7.104654e-21	-4.691520e-20	1.308037e-05	-1.308226e-05	0.000000e+00
7.670000000000000e-01	7.999995e-01	7.999995e-01	3.508475e-01	3.508475e-01	6.333020e-06	7.670000e-01	8.000000e-01	0.000000e+00	0.000000e+00	3.999998e-29	3.999998e-29	-9.446370e-10	-9.446370e-10	-1.528484e-05	0.000000e+00	0.000000e+00	2.200689e-06	-1.743473e-13	-9.446366e-10	9.446366e-10	5.835992e-10	9.446374e-10	9.446374e-10	-9.446374e-10	-2.201634e-06	0.000000e+00	0.000000e+00	-0.000000e+00	-0.000000e+00	-9.444631e-10	-7.670000e-16	7.999937e-16	2.201050e-06	9.446370e-10	9.446370e-10	-1.175424e-21	-4.691520e-20	1.308037e-05	-1.308226e-05	0.000000e+00
7.680000000000000e-01	7.999995e-01	7.999995e-01	3.508475e-01	3.508475e-01	6.323309e-06	7.680000e-01	8.000000e-01	0.000000e+00	0.000000e+00	3.999998e-29	3.999998e-29	-9.446370e-10	-9.446370e-10	-1.521945e-05	0.000000e+00	0.000000e+00	2.135299e-06	-1.740799e-13	-9.446366e-10	9.446366e-10	5.729216e-10	9.446374e-10	9.446374e-10	-9.446374e-10	-2.136244e-06	0.000000e+00	0.000000e+00	-0.000000e+00	-0.000000e+00	-9.444633e-10	-7.680000e-16	7.999937e-16	2.135671e-06	9.446370e-10	9.446370e-10	-1.175424e-21	-4.691520e-20	1.308037e-05	-1.308226e-05	0.000000e+00
7.690000000000000e-01	7.999995e-01	7.999995e-01	3.508475e-01	3.508475e-01	6.313627e-06	7.690000e-01	8.000000e-01	0.000000e+00	0.000000e+00	3.999998e-29	3.999998e-29	-9.446370e-10	-9.446370e-10	-1.515398e-05	0.000000e+00	0.000000e+00	2.069827e-06	-1.738134e-13	-9.446366e-10	9.446366e-10	5.619282e-10	9.446374e-10	9.446374e-10	-9.446374e-10	-2.070771e-06	0.000000e+00	0.000000e+00	-0.000000e+00	-0.000000e+00	-9.444636e-10	-7.690000e-16	7.999937e-16	2.070209e-06	9.446370e-10	9.446370e-10	9.836005e-21	-4.691520e-20	1.308037e-05	-1.308226e-05	0.000000e+00
7.700000000000000e-01	7.999995e-01	7.999995e-01	3.508475e-01	3.508475e-01	6.303974e-06	7.700000e-01	8.000000e-01	0.000000e+00	0.000000e+00	3.999998e-29	3.999998e-29	-9.446370e-10	-9.446370e-10	-1.508842e-05	0.000000e+00	0.000000e+00	2.004271e-06	-1.735477e-13	-9.446366e-10	9.446366e-10	5.506096e-10	9.446374e-10	9.446374e-10	-9.446374e-10	-2.005215e-06	0.000000e+00	0.000000e+00	-0.000000e+00	-0.000000e+00	-9.444638e-10	-7.700000e-16	7.999937e-16	2.004665e-06	9.446370e-10	9.446370e-10	-1.388092e-20	2.774984e-19	1.308037e-05	-1.308226e-05	0.000000e+00
7.710000000000000e-01	7.999995e-01	7.999995e-01	3.508475e-01	3.508475e-01	6.294351e-06	7.710000e-01	8.000000e-01	0.000000e+00	0.000000e+00	3.999998e-29	3.999998e-29	-9.446370e-10	-9.446370e-10	-1.502278e-05	0.000000e+00	0.000000e+00	1.938632e-06	-1.732828e-13	-9.446366e-10	9.446366e-10	5.389563e-10	9.446374e-10	9.446374e-10	-9.446374e-10	-1.939577e-06	0.000000e+00	0.000000e+00	-0.000000e+00	-0.000000e+00	-9.444642e-10	-7.710000e-16	7.999937e-16	1.939037e-06	9.446370e-10	9.446370e-10	-7.104654e-21	-4.691520e-20	1.308037e-05	-1.308226e-05	0.000000e+00
7.720000000000000e-01	7.999995e-01	7.999995e-01	3.508475e-01	3.508475e-01	6.284758e-06	7.720000e-01	8.000000e-01	0.000000e+00	0.000000e+00	3.999998e-29	3.999998e-29	-9.446370e-10	-9.446370e-10	-1.495706e-05	0.000000e+00	0.000000e+00	1.872910e-06	-1.730187e-13	-9.446366e-10	9.446366e-10	5.269583e-10	9.446374e-10	9.446374e-10	-9.446374e-10	-1.873855e-06	0.000000e+00	0.000000e+00	-0.000000e+00	-0.000000e+00	-9.444644e-10	-7.720000e-16	7.999937e-16	1.873328e-06	9.446370e-10	9.446370e-10	9.836005e-21	-4.691520e-20	1.308037e-05	-1.308226e-05	0.000000e+00
7.730000000000000e-01	7.999995e-01	7.999995e-01	3.508475e-01	3.508475e-01	6.275193e-06	7.730000e-01	8.000000e-01	0.000000e+00	0.000000e+00	3.999998e-29	3.999998e-29	-9.446370e-10	-9.446370e-10	-1.489126e-05	0.000000e+00	0.000000e+00	1.807105e-06	-1.727554e-13	-9.446366e-10	9.446366e-10	5.146055e-10	9.446374e-10	9.446374e-10	-9.446374e-10	-1.808050e-06	0.000000e+00	0.000000e+00	-0.000000e+00	-0.000000e+00	-9.444646e-10	-7.730000e-16	7.999937e-16	1.807535e-06	9.446370e-10	9.446370e-10	-7.104654e-21	-4.691520e-20	1.308037e-05	-1.308226e-05	0.000000e+00
7.740000000000000e-01	7.999995e-01	7.999995e-01	3.508475e-01	3.508475e-01	6.265658e-06	7.740000e-01	8.000000e-01	0.000000e+00	0.000000e+00	3.999998e-29	3.999998e-29	-9.446370e-10	-9.446370e-10	-1.482537e-05	0.000000e+00	0.000000e+00	1.741217e-06	-1.724930e-13	-9.446366e-10	9.446366e-10	5.018874e-10	9.446374e-10	9.446374e-10	-9.446374e-10	-1.742162e-06	0.000000e+00	0.000000e+00	-0.000000e+00	-0.000000e+00	-9.444650e-10	-7.740000e-16	7.999937e-16	1.741660e-06	9.446370e-10	9.446370e-10	-1.175424e-21	-4.691520e-20	1.308037e-05	-1.308226e-05	0.000000e+00
7.750000000000000e-01	7.999995e-01	7.999995e-01	3.508475e-01	3.508475e-01	6.256152e-06	7.750000e-01	8.000000e-01	0.000000e+00	0.000000e+00	3.999998e-29	3.999998e-29	-9.446370e-10	-9.446370e-10	-1.475940e-05	0.000000e+00	0.000000e+00	1.675246e-06	-1.722313e-13	-9.446366e-10	9.446366e-10	4.887931e-10	9.446374e-10	9.446374e-10	-9.446374e-10	-1.676191e-06	0.000000e+00	0.000000e+00	-0.000000e+00	-0.000000e+00	-9.444652e-10	-7.750000e-16	7.999938e-16	1.675702e-06	9.446370e-10	9.446370e-10	-1.175424e-21	-4.691520e-20	1.308037e-05	-1.308226e-05	0.000000e+00
7.760000000000000e-01	7.999995e-01	7.999995e-01	3.508475e-01	3.508475e-01	6.246674e-06	7.760000e-01	8.000000e-01	0.000000e+00	0.000000e+00	3.999998e-29	3.999998e-29	-9.446370e-10	-9.446370e-10	-1.469335e-05	0.000000e+00	0.000000e+00	1.609193e-06	-1.719704e-13	-9.446366e-10	9.446366e-10	4.753116e-10	9.446374e-10	9.446374e-10	-9.446374e-10	-1.610137e-06	0.000000e+00	0.000000e+00	-0.000000e+00	-0.000000e+00	-9.444654e-10	-7.760000e-16	7.999938e-16	1.609662e-06	9.446370e-10	9.446370e-10	9.836005e-21	-4.691520e-20	1.308037e-05	-1.308226e-05	0.000000e+00
7.770000000000000e-01	7.999995e-01	7.999995e-01	3.508475e-01	3.508475e-01	6.237225e-06	7.770000e-01	8.000000e-01	0.000000e+00	0.000000e+00	3.999998e-29	3.999998e-29	-9.446370e-10	-9.446370e-10	-1.462721e-05	0.000000e+00	0.000000e+00	1.543056e-06	-1.717103e-13	-9.446366e-10	9.446366e-10	4.614313e-10	9.446374e-10	9.446374e-10	-9.446374e-10	-1.544000e-06	0.000000e+00	0.000000e+00	-0.000000e+00	-0.000000e+00	-9.444657e-10	-7.770000e-16	7.999938e-16	1.543539e-06	9.446370e-10	9.446370e-10	-1.388092e-20	2.774984e-19	1.308037e-05	-1.308226e-05	0.000000e+00
7.780000000000000e-01	7.999995e-01	7.999995e-01	3.508475e-01	3.508475e-01	6.227805e-06	7.780000e-01	8.000000e-01	0.000000e+00	0.000000e+00	3.999998e-29	3.999998e-29	-9.446370e-10	-9.446370e-10	-1.456099e-05	0.000000e+00	0.000000e+00	1.476836e-06	-1.714510e-13	-9.446366e-10	9.446366e-10	4.471406e-10	9.446374e-10	9.446374e-10	-9.446374e-10	-1.477781e-06	0.000000e+00	0.000000e+00	-0.000000e+00	-0.000000e+00	-9.444659e-10	-7.780000e-16	7.999938e-16	1.477334e-06	9.446370e-10	9.446370e-10	-7.104654e-21	-4.691520e-20	1.308037e-05	-1.308226e-05	0.000000e+00
7.790000000000000e-01	7.999995e-01	7.999995e-01	3.508475e-01	3.508475e-01	6.218413e-06	7.790000e-01	8.000000e-01	0.000000e+00	0.000000e+00	3.999998e-29	3.999998e-29	-9.446370e-10	-9.446370e-10	-1.449469e-05	0.000000e+00	0.000000e+00	1.410534e-06	-1.711924e-13	-9.446366e-10	9.446366e-10	4.324271e-10	9.446374e-10	9.446374e-10	-9.446374e-10	-1.411478e-06	0.000000e+00	0.000000e+00	-0.000000e+00	-0.000000e+00	-9.444662e-10	-7.790000e-16	7.999938e-16	1.411046e-06	9.446370e-10	9.446370e-10	9.836005e-21	-4.691520e-20	1.308037e-05	-1.308226e-05	0.000000e+00
7.800000000000000e-01	7.999995e-01	7.999995e-01	3.508475e-01	3.508475e-01	6.209049e-06	7.800000e-01	8.000000e-01	0.000000e+00	0.000000e+00	3.999998e-29	3.999998e-29	-9.446370e-10	-9.446370e-10	-1.442830e-05	0.000000e+00	0.000000e+00	1.344148e-06	-1.709347e-13	-9.446366e-10	9.446366e-10	4.172786e-10	9.446374e-10	9.446374e-10	-9.446374e-10	-1.345093e-06	0.000000e+00	0.000000e+00	-0.000000e+00	-0.000000e+00	-9.444665e-10	-7.800000e-16	7.999938e-16	1.344675e-06	9.446370e-10	9.446370e-10	-7.104654e-21	-4.691520e-20	1.308037e-05	-1.308226e-05	0.000000e+00
7.810000000000000e-01	7.999995e-01	7.999995e-01	3.508475e-01	3.508475e-01	6.199713e-06	7.810000e-01	8.000000e-01	0.000000e+00	0.000000e+00	3.999998e-29	3.999998e-29	-9.446370e-10	-9.446370e-10	-1.436183e-05	0.000000e+00	0.000000e+00	1.277680e-06	-1.706777e-13	-9.446366e-10	9.446366e-10	4.016820e-10	9.446374e-10	9.446374e-10	-9.446374e-10	-1.278624e-06	0.000000e+00	0.000000e+00	-0.000000e+00	-0.000000e+00	-9.444667e-10	-7.810000e-16	7.999938e-16	1.278223e-06	9.446370e-10	9.446370e-10	-1.175424e-21	-4.691520e-20	1.308037e-05	-1.308226e-05	0.000000e+00
7.820000000000000e-01	7.999995e-01	7.999995e-01	3.508475e-01	3.508475e-01	6.190406e-06	7.820000e-01	8.000000e-01	0.000000e+00	0.000000e+00	3.999998e-29	3.999998e-29	-9.446370e-10	-9.446370e-10	-1.429528e-05	0.000000e+00	0.000000e+00	1.211129e-06	-1.704215e-13	-9.446366e-10	9.446366e-10	3.856242e-10	9.446374e-10	9.446374e-10	-9.446374e-10	-1.212073e-06	0.000000e+00	0.000000e+00	-0.000000e+00	-0.000000e+00	-9.444669e-10	-7.820000e-16	7.999938e-16	1.211688e-06	9.446370e-10	9.446370e-10	-1.175424e-21	-4.691520e-20	1.308037e-05	-1.308226e-05	0.000000e+00
7.830000000000000e-01	7.999995e-01	7.999995e-01	3.508475e-01	3.508475e-01	6.181127e-06	7.830000e-01	8.000000e-01	0.000000e+00	0.000000e+00	3.999998e-29	3.999998e-29	-9.446370e-10	-9.446370e-10	-1.422865e-05	0.000000e+00	0.000000e+00	1.144495e-06	-1.701660e-13	-9.446366e-10	9.446366e-10	3.690914e-10	9.446374e-10	9.446374e-10	-9.446374e-10	-1.145439e-06	0.000000e+00	0.000000e+00	-0.000000e+00	-0.000000e+00	-9.444673e-10	-7.830000e-16	7.999938e-16	1.145070e-06	9.446370e-10	9.446370e-10	9.836005e-21	-4.691520e-20	1.308037e-05	-1.308226e-05	0.000000e+00
7.840000000000000e-01	7.999995e-01	7.999995e-01	3.508475e-01	3.508475e-01	6.171875e-06	7.840000e-01	8.000000e-01	0.000000e+00	0.000000e+00	3.999998e-29	3.999998e-29	-9.446370e-10	-9.446370e-10	-1.416193e-05	0.000000e+00	0.000000e+00	1.077778e-06	-1.699114e-13	-9.446366e-10	9.446366e-10	3.520697e-10	9.446374e-10	9.446374e-10	-9.446374e-10	-1.078722e-06	0.000000e+00	0.000000e+00	-0.000000e+00	-0.000000e+00	-9.444675e-10	-7.840000e-16	7.999938e-16	1.078370e-06	9.446370e-10	9.446370e-10	-1.388092e-20	2.774984e-19	1.308037e-05	-1.308226e-05	0.000000e+00
7.850000000000000e-01	7.999995e-01	7.999995e-01	3.508475e-01	3.508475e-01	6.162651e-06	7.850000e-01	8.000000e-01	0.000000e+00	0.000000e+00	3.999998e-29	3.999998e-29	-9.446370e-10	-9.446370e-10	-1.409513e-05	0.000000e+00	0.000000e+00	1.010978e-06	-1.696574e-13	-9.446366e-10	9.446366e-10	3.345446e-10	9.446374e-10	9.446374e-10	-9.446374e-10	-1.011923e-06	0.000000e+00	0.000000e+00	-0.000000e+00	-0.000000e+00	-9.444677e-10	-7.850000e-16	7.999938e-16	1.011588e-06	9.446370e-10	9.446370e-10	-7.104654e-21	-4.691520e-20	1.308037e-05	-1.308226e-05	0.000000e+00
7.860000000000000e-01	7.999995e-01	7.999995e-01	3.508475e-01	3.508475e-01	6.153454e-06	7.860000e-01	8.000000e-01	0.000000e+00	0.000000e+00	3.999998e-29	3.999998e-29	-9.446370e-10	-9.446370e-10	-1.402825e-05	0.000000e+00	0.000000e+00	9.440958e-07	-1.694043e-13	-9.446366e-10	9.446366e-10	3.165012e-10	9.446374e-10	9.446374e-10	-9.446374e-10	-9.450404e-07	0.000000e+00	0.000000e+00	-0.000000e+00	-0.000000e+00	-9.444679e-10	-7.860000e-16	7.999939e-16	9.447239e-07	9.446370e-10	9.446370e-10	9.836005e-21	-4.691520e-20	1.308037e-05	-1.308226e-05	0.000000e+00
7.870000000000000e-01	7.999995e-01	7.999995e-01	3.508475e-01	3.508475e-01	6.144285e-06	7.870000e-01	8.000000e-01	0.000000e+00	0.000000e+00	3.999998e-29	3.999998e-29	-9.446370e-10	-9.446370e-10	-1.396128e-05	0.000000e+00	0.000000e+00	8.771306e-07	-1.691519e-13	-9.446366e-10	9.446366e-10	2.979241e-10	9.446374e-10	9.446374e-10	-9.446374e-10	-8.780752e-07	0.000000e+00	0.000000e+00	-0.000000e+00	-0.000000e+00	-9.444683e-10	-7.870000e-16	7.999939e-16	8.777773e-07	9.446370e-10	9.446370e-10	-7.104654e-21	-4.691520e-20	1.308037e-05	-1.308226e-05	0.000000e+00
7.880000000000000e-01	7.999995e-01	7.999995e-01	3.508475e-01	3.508475e-01	6.135142e-06	7.880000e-01	8.000000e-01	0.000000e+00	0.000000e+00	3.999998e-29	3.999998e-29	-9.446370e-10	-9.446370e-10	-1.389424e-05	0.000000e+00	0.000000e+00	8.100826e-07	-1.689002e-13	-9.446366e-10	9.446366e-10	2.787976e-10	9.446374e-10	9.446374e-10	-9.446374e-10	-8.110273e-07	0.000000e+00	0.000000e+00	-0.000000e+00	-0.000000e+00	-9.444685e-10	-7.880000e-16	7.999939e-16	8.107485e-07	9.446370e-10	9.446370e-10	-1.175424e-21	-4.691520e-20	1.308037e-05	-1.308226e-05	0.000000e+00
7.890000000000000e-01	7.999995e-01	7.999995e-01	3.508475e-01	3.508475e-01	6.126028e-06	7.890000e-01	8.000000e-01	0.000000e+00	0.000000e+00	3.999998e-29	3.999998e-29	-9.446370e-10	-9.446370e-10	-1.382710e-05	0.000000e+00	0.000000e+00	7.429519e-07	-1.686493e-13	-9.446366e-10	9.446366e-10	2.591055e-10	9.446374e-10	9.446374e-10	-9.446374e-10	-7.438966e-07	0.000000e+00	0.000000e+00	-0.000000e+00	-0.000000e+00	-9.444687e-10	-7.890000e-16	7.999939e-16	7.436374e-07	9.446370e-10	9.446370e-10	-1.175424e-21	-4.691520e-20	1.308037e-05	-1.308226e-05	0.000000e+00
7.900000000000000e-01	7.999995e-01	7.999995e-01	3.508475e-01	3.508475e-01	6.116940e-06	7.900000e-01	8.000000e-01	0.000000e+00	0.000000e+00	3.999998e-29	3.999998e-29	-9.446370e-10	-9.446370e-10	-1.375989e-05	0.000000e+00	0.000000e+00	6.757385e-07	-1.683991e-13	-9.446366e-10	9.446366e-10	2.388310e-10	9.446374e-10	9.446374e-10	-9.446374e-10	-6.766831e-07	0.000000e+00	0.000000e+00	-0.000000e+00	-0.000000e+00	-9.444689e-10	-7.900000e-16	7.999939e-16	6.764443e-07	9.446370e-10	9.446370e-10	9.836005e-21	-4.691520e-20	1.308037e-05	-1.308226e-05	0.000000e+00
7.910000000000000e-01	7.999995e-01	7.999995e-01	3.508475e-01	3.508475e-01	6.107879e-06	7.910000e-01	8.000000e-01	0.000000e+00	0.000000e+00	3.999998e-29	3.999998e-29	-9.446370e-10	-9.446370e-10	-1.369259e-05	0.000000e+00	0.000000e+00	6.084423e-07	-1.681497e-13	-9.446366e-10	9.446366e-10	2.179568e-10	9.446374e-10	9.446374e-10	-9.446374e-10	-6.093869e-07	0.000000e+00	0.000000e+00	-0.000000e+00	-0.000000e+00	-9.444693e-10	-7.910000e-16	7.999939e-16	6.091690e-07	9.446370e-10	9.446370e-10	-1.388092e-20	2.774984e-19	1.308037e-05	-1.308226e-05	0.000000e+00
7.920000000000000e-01	7.999995e-01	7.999995e-01	3.508475e-01	3.508475e-01	6.098845e-06	7.920000e-01	8.000000e-01	0.000000e+00	0.000000e+00	3.999998e-29	3.999998e-29	-9.446370e-10	-9.446370e-10	-1.362522e-05	0.000000e+00	0.000000e+00	5.410634e-07	-1.679010e-13	-9.446366e-10	9.446366e-10	1.964653e-10	9.446374e-10	9.446374e-10	-9.446374e-10	-5.420080e-07	0.000000e+00	0.000000e+00	-0.000000e+00	-0.000000e+00	-9.444695e-10	-7.920000e-16	7.999939e-16	5.418116e-07	9.446370e-10	9.446370e-10	-7.104654e-21	-4.691520e-20	1.308037e-05	-1.308226e-05	0.000000e+00
7.930000000000000e-01	7.999995e-01	7.999995e-01	3.508475e-01	3.508475e-01	6.089838e-06	7.930000e-01	8.000000e-01	0.000000e+00	0.000000e+00	3.999998e-29	3.999998e-29	-9.446370e-10	-9.446370e-10	-1.355775e-05	0.000000e+00	0.000000e+00	4.736018e-07	-1.676531e-13	-9.446366e-10	9.446366e-10	1.743382e-10	9.446374e-10	9.446374e-10	-9.446374e-10	-4.745464e-07	0.000000e+00	0.000000e+00	-0.000000e+00	-0.000000e+00	-9.444697e-10	-7.930000e-16	7.999939e-16	4.743721e-07	9.446370e-10	9.446370e-10	9.836005e-21	-4.691520e-20	1.308037e-05	-1.308226e-05	0.000000e+00
7.940000000000000e-01	7.999995e-01	7.999995e-01	3.508475e-01	3.508475e-01	6.080857e-06	7.940000e-01	8.000000e-01	0.000000e+00	0.000000e+00	3.999998e-29	3.999998e-29	-9.446370e-10	-9.446370e-10	-1.349021e-05	0.000000e+00	0.000000e+00	4.060575e-07	-1.674059e-13	-9.446366e-10	9.446366e-10	1.515566e-10	9.446374e-10	9.446374e-10	-9.446374e-10	-4.070021e-07	0.000000e+00	0.000000e+00	-0.000000e+00	-0.000000e+00	-9.444699e-10	-7.940000e-16	7.999939e-16	4.068505e-07	9.446370e-10	9.446370e-10	-7.104654e-21	-4.691520e-20	1.308037e-05	-1.308226e-05	0.000000e+00
7.950000000000000e-01	7.999995e-01	7.999995e-01	3.508475e-01	3.508475e-01	6.071903e-06	7.950000e-01	8.000000e-01	0.000000e+00	0.000000e+00	3.999998e-29	3.999998e-29	-9.446370e-10	-9.446370e-10	-1.342258e-05	0.000000e+00	0.000000e+00	3.384305e-07	-1.671594e-13	-9.446366e-10	9.446366e-10	1.281013e-10	9.446374e-10	9.446374e-10	-9.446374e-10	-3.393751e-07	0.000000e+00	0.000000e+00	-0.000000e+00	-0.000000e+00	-9.444703e-10	-7.950000e-16	7.999939e-16	3.392470e-07	9.446370e-10	9.446370e-10	-1.175424e-21	-4.691520e-20	1.308037e-05	-1.308226e-05	0.000000e+00
7.960000000000000e-01	7.999995e-01	7.999995e-01	3.508475e-01	3.508475e-01	6.062975e-06	7.960000e-01	8.000000e-01	0.000000e+00	0.000000e+00	3.999998e-29	3.999998e-29	-9.446370e-10	-9.446370e-10	-1.335487e-05	0.000000e+00	0.000000e+00	2.707208e-07	-1.669136e-13	-9.446366e-10	9.446366e-10	1.039524e-10	9.446374e-10	9.446374e-10	-9.446374e-10	-2.716654e-07	0.000000e+00	0.000000e+00	-0.000000e+00	-0.000000e+00	-9.444705e-10	-7.960000e-16	7.999939e-16	2.715614e-07	9.446370e-10	9.446370e-10	-1.175424e-21	-4.691520e-20	1.308037e-05	-1.308226e-05	0.000000e+00
7.970000000000000e-01	7.999995e-01	7.999995e-01	3.508475e-01	3.508475e-01	6.054073e-06	7.970000e-01	8.000000e-01	0.000000e+00	0.000000e+00	3.999998e-29	3.999998e-29	-9.446370e-10	-9.446370e-10	-1.328708e-05	0.000000e+00	0.000000e+00	2.029284e-07	-1.666686e-13	-9.446366e-10	9.446366e-10	7.908917e-11	9.446374e-10	9.446374e-10	-9.446374e-10	-2.038730e-07	0.000000e+00	0.000000e+00	-0.000000e+00	-0.000000e+00	-9.444707e-10	-7.970000e-16	7.999939e-16	2.037940e-07	9.446370e-10	9.446370e-10	9.836005e-21	-4.691520e-20	1.308037e-05	-1.308226e-05	0.000000e+00
7.980000000000000e-01	7.999995e-01	7.999995e-01	3.508475e-01	3.508475e-01	6.045198e-06	7.980000e-01	8.000000e-01	0.000000e+00	0.000000e+00	3.999998e-29	3.999998e-29	-9.446370e-10	-9.446370e-10	-1.321921e-05	0.000000e+00	0.000000e+00	1.350534e-07	-1.664242e-13	-9.446366e-10	9.446366e-10	5.349065e-11	9.446374e-10	9.446374e-10	-9.446374e-10	-1.359980e-07	0.000000e+00	0.000000e+00	-0.000000e+00	-0.000000e+00	-9.444709e-10	-7.980000e-16	7.999940e-16	1.359445e-07	9.446370e-10	9.446370e-10	-1.388092e-20	2.774984e-19	1.308037e-05	-1.308226e-05	0.000000e+00
7.990000000000000e-01	7.999995e-01	7.999995e-01	3.508475e-01	3.508475e-01	6.036348e-06	7.990000e-01	8.000000e-01	0.000000e+00	0.000000e+00	3.999998e-29	3.999998e-29	-9.446370e-10	-9.446370e-10	-1.315125e-05	0.000000e+00	0.000000e+00	6.709570e-08	-1.661806e-13	-9.446366e-10	9.446366e-10	2.713506e-11	9.446374e-10	9.446374e-10	-9.446374e-10	-6.804034e-08	0.000000e+00	0.000000e+00	-0.000000e+00	-0.000000e+00	-9.444712e-10	-7.990000e-16	7.999940e-16	6.801320e-08	9.446370e-10	9.446370e-10	-7.104654e-21	-4.691520e-20	1.308037e-05	-1.308226e-05	0.000000e+00
8.000000000000000e-01	7.999995e-01	7.999995e-01	3.508475e-01	3.508475e-01	6.027524e-06	8.000000e-01	8.000000e-01	0.000000e+00	0.000000e+00	3.999998e-29	3.999998e-29	-9.446370e-10	-9.446370e-10	-1.308321e-05	0.000000e+00	0.000000e+00	-9.446374e-10	-1.659377e-13	-9.446366e-10	9.446366e-10	0.000000e+00	9.446374e-10	9.446374e-10	-9.446374e-10	0.000000e+00	0.000000e+00	0.000000e+00	-0.000000e+00	-0.000000e+00	-9.444715e-10	-8.000000e-16	7.999940e-16	0.000000e+00	9.446370e-10	9.446370e-10	9.836005e-21	-4.691520e-20	1.308037e-05	-1.308226e-05	0.000000e+00
