time	V(i_abs)	V(rd_out)	V(rd_src)	V(v_read_out)	V(w_drv)	V(w_mid)	V(w_out)	I(B_IWRITE_ABS)	I(C_DECOUP)	I(EREAD)	I(L_HM_STRIP)	I(RGND)	I(R_HM_STRIP)	I(R_SENSE)	I(S_MTJ)	I(VREAD)	I(VWRITE)	L_HM_STRIP:flux
0.000000000000000e+00	0.000000e+00	0.000000e+00	0.000000e+00	0.000000e+00	0.000000e+00	0.000000e+00	0.000000e+00	0.000000e+00	0.000000e+00	0.000000e+00	0.000000e+00	0.000000e+00	0.000000e+00	0.000000e+00	0.000000e+00	1.000000e-01	0.000000e+00	0.000000e+00
1.000000003627494e-15	0.000000e+00	5.000000e-02	1.000000e-01	5.000000e-02	0.000000e+00	0.000000e+00	0.000000e+00	0.000000e+00	0.000000e+00	0.000000e+00	0.000000e+00	0.000000e+00	0.000000e+00	5.000000e-06	-5.000000e-06	-5.000000e-06	0.000000e+00	0.000000e+00
2.000000007254987e-15	0.000000e+00	5.000000e-02	1.000000e-01	5.000000e-02	0.000000e+00	0.000000e+00	0.000000e+00	0.000000e+00	0.000000e+00	0.000000e+00	0.000000e+00	0.000000e+00	0.000000e+00	5.000000e-06	-5.000000e-06	-5.000000e-06	0.000000e+00	0.000000e+00
4.000000014509975e-15	0.000000e+00	5.000000e-02	1.000000e-01	5.000000e-02	0.000000e+00	0.000000e+00	0.000000e+00	0.000000e+00	0.000000e+00	0.000000e+00	0.000000e+00	0.000000e+00	0.000000e+00	5.000000e-06	-5.000000e-06	-5.000000e-06	0.000000e+00	0.000000e+00
8.000000029019950e-15	0.000000e+00	5.000000e-02	1.000000e-01	5.000000e-02	0.000000e+00	0.000000e+00	0.000000e+00	0.000000e+00	0.000000e+00	0.000000e+00	0.000000e+00	0.000000e+00	0.000000e+00	5.000000e-06	-5.000000e-06	-5.000000e-06	0.000000e+00	0.000000e+00
1.600000005803990e-14	0.000000e+00	5.000000e-02	1.000000e-01	5.000000e-02	0.000000e+00	0.000000e+00	0.000000e+00	0.000000e+00	0.000000e+00	0.000000e+00	0.000000e+00	0.000000e+00	0.000000e+00	5.000000e-06	-5.000000e-06	-5.000000e-06	0.000000e+00	0.000000e+00
3.200000011607980e-14	0.000000e+00	5.000000e-02	1.000000e-01	5.000000e-02	0.000000e+00	0.000000e+00	0.000000e+00	0.000000e+00	0.000000e+00	0.000000e+00	0.000000e+00	0.000000e+00	0.000000e+00	5.000000e-06	-5.000000e-06	-5.000000e-06	0.000000e+00	0.000000e+00
6.400000023215960e-14	0.000000e+00	5.000000e-02	1.000000e-01	5.000000e-02	0.000000e+00	0.000000e+00	0.000000e+00	0.000000e+00	0.000000e+00	0.000000e+00	0.000000e+00	0.000000e+00	0.000000e+00	5.000000e-06	-5.000000e-06	-5.000000e-06	0.000000e+00	0.000000e+00
1.280000004643192e-13	0.000000e+00	5.000000e-02	1.000000e-01	5.000000e-02	0.000000e+00	0.000000e+00	0.000000e+00	0.000000e+00	0.000000e+00	0.000000e+00	0.000000e+00	0.000000e+00	0.000000e+00	5.000000e-06	-5.000000e-06	-5.000000e-06	0.000000e+00	0.000000e+00
2.560000009286384e-13	0.000000e+00	5.000000e-02	1.000000e-01	5.000000e-02	0.000000e+00	0.000000e+00	0.000000e+00	0.000000e+00	0.000000e+00	0.000000e+00	0.000000e+00	0.000000e+00	0.000000e+00	5.000000e-06	-5.000000e-06	-5.000000e-06	0.000000e+00	0.000000e+00
5.120000018572768e-13	0.000000e+00	5.000000e-02	1.000000e-01	5.000000e-02	0.000000e+00	0.000000e+00	0.000000e+00	0.000000e+00	0.000000e+00	0.000000e+00	0.000000e+00	0.000000e+00	0.000000e+00	5.000000e-06	-5.000000e-06	-5.000000e-06	0.000000e+00	0.000000e+00
1.024000003714554e-12	0.000000e+00	5.000000e-02	1.000000e-01	5.000000e-02	0.000000e+00	0.000000e+00	0.000000e+00	0.000000e+00	0.000000e+00	0.000000e+00	0.000000e+00	0.000000e+00	0.000000e+00	5.000000e-06	-5.000000e-06	-5.000000e-06	0.000000e+00	0.000000e+00
2.048000007429107e-12	0.000000e+00	5.000000e-02	1.000000e-01	5.000000e-02	0.000000e+00	0.000000e+00	0.000000e+00	0.000000e+00	0.000000e+00	0.000000e+00	0.000000e+00	0.000000e+00	0.000000e+00	5.000000e-06	-5.000000e-06	-5.000000e-06	0.000000e+00	0.000000e+00
4.096000014858214e-12	0.000000e+00	5.000000e-02	1.000000e-01	5.000000e-02	0.000000e+00	0.000000e+00	0.000000e+00	0.000000e+00	0.000000e+00	0.000000e+00	0.000000e+00	0.000000e+00	0.000000e+00	5.000000e-06	-5.000000e-06	-5.000000e-06	0.000000e+00	0.000000e+00
8.192000029716429e-12	0.000000e+00	5.000000e-02	1.000000e-01	5.000000e-02	0.000000e+00	0.000000e+00	0.000000e+00	0.000000e+00	0.000000e+00	0.000000e+00	0.000000e+00	0.000000e+00	0.000000e+00	5.000000e-06	-5.000000e-06	-5.000000e-06	0.000000e+00	0.000000e+00
1.638400005943286e-11	0.000000e+00	5.000000e-02	1.000000e-01	5.000000e-02	0.000000e+00	0.000000e+00	0.000000e+00	0.000000e+00	0.000000e+00	0.000000e+00	0.000000e+00	0.000000e+00	0.000000e+00	5.000000e-06	-5.000000e-06	-5.000000e-06	0.000000e+00	0.000000e+00
2.000000000000000e-11	0.000000e+00	5.000000e-02	1.000000e-01	5.000000e-02	0.000000e+00	0.000000e+00	0.000000e+00	0.000000e+00	0.000000e+00	0.000000e+00	0.000000e+00	0.000000e+00	0.000000e+00	5.000000e-06	-5.000000e-06	-5.000000e-06	0.000000e+00	0.000000e+00
3.276800011886571e-11	0.000000e+00	5.000000e-02	1.000000e-01	5.000000e-02	0.000000e+00	0.000000e+00	0.000000e+00	0.000000e+00	0.000000e+00	0.000000e+00	0.000000e+00	0.000000e+00	0.000000e+00	5.000000e-06	-5.000000e-06	-5.000000e-06	0.000000e+00	0.000000e+00
5.229925011886571e-11	0.000000e+00	5.000000e-02	1.000000e-01	5.000000e-02	0.000000e+00	0.000000e+00	0.000000e+00	0.000000e+00	0.000000e+00	0.000000e+00	0.000000e+00	0.000000e+00	0.000000e+00	5.000000e-06	-5.000000e-06	-5.000000e-06	0.000000e+00	0.000000e+00
7.183050011886572e-11	0.000000e+00	5.000000e-02	1.000000e-01	5.000000e-02	0.000000e+00	0.000000e+00	0.000000e+00	0.000000e+00	0.000000e+00	0.000000e+00	0.000000e+00	0.000000e+00	0.000000e+00	5.000000e-06	-5.000000e-06	-5.000000e-06	0.000000e+00	0.000000e+00
9.136175011886572e-11	0.000000e+00	5.000000e-02	1.000000e-01	5.000000e-02	0.000000e+00	0.000000e+00	0.000000e+00	0.000000e+00	0.000000e+00	0.000000e+00	0.000000e+00	0.000000e+00	0.000000e+00	5.000000e-06	-5.000000e-06	-5.000000e-06	0.000000e+00	0.000000e+00
1.108930001188657e-10	0.000000e+00	5.000000e-02	1.000000e-01	5.000000e-02	0.000000e+00	0.000000e+00	0.000000e+00	0.000000e+00	0.000000e+00	0.000000e+00	0.000000e+00	0.000000e+00	0.000000e+00	5.000000e-06	-5.000000e-06	-5.000000e-06	0.000000e+00	0.000000e+00
1.304242501188657e-10	0.000000e+00	5.000000e-02	1.000000e-01	5.000000e-02	0.000000e+00	0.000000e+00	0.000000e+00	0.000000e+00	0.000000e+00	0.000000e+00	0.000000e+00	0.000000e+00	0.000000e+00	5.000000e-06	-5.000000e-06	-5.000000e-06	0.000000e+00	0.000000e+00
1.499555001188657e-10	0.000000e+00	5.000000e-02	1.000000e-01	5.000000e-02	0.000000e+00	0.000000e+00	0.000000e+00	0.000000e+00	0.000000e+00	0.000000e+00	0.000000e+00	0.000000e+00	0.000000e+00	5.000000e-06	-5.000000e-06	-5.000000e-06	0.000000e+00	0.000000e+00
1.694867501188657e-10	0.000000e+00	5.000000e-02	1.000000e-01	5.000000e-02	0.000000e+00	0.000000e+00	0.000000e+00	0.000000e+00	0.000000e+00	0.000000e+00	0.000000e+00	0.000000e+00	0.000000e+00	5.000000e-06	-5.000000e-06	-5.000000e-06	0.000000e+00	0.000000e+00
1.890180001188657e-10	0.000000e+00	5.000000e-02	1.000000e-01	5.000000e-02	0.000000e+00	0.000000e+00	0.000000e+00	0.000000e+00	0.000000e+00	0.000000e+00	0.000000e+00	0.000000e+00	0.000000e+00	5.000000e-06	-5.000000e-06	-5.000000e-06	0.000000e+00	0.000000e+00
2.085492501188657e-10	0.000000e+00	5.000000e-02	1.000000e-01	5.000000e-02	0.000000e+00	0.000000e+00	0.000000e+00	0.000000e+00	0.000000e+00	0.000000e+00	0.000000e+00	0.000000e+00	0.000000e+00	5.000000e-06	-5.000000e-06	-5.000000e-06	0.000000e+00	0.000000e+00
2.280805001188657e-10	0.000000e+00	5.000000e-02	1.000000e-01	5.000000e-02	0.000000e+00	0.000000e+00	0.000000e+00	0.000000e+00	0.000000e+00	0.000000e+00	0.000000e+00	0.000000e+00	0.000000e+00	5.000000e-06	-5.000000e-06	-5.000000e-06	0.000000e+00	0.000000e+00
2.476117501188657e-10	0.000000e+00	5.000000e-02	1.000000e-01	5.000000e-02	0.000000e+00	0.000000e+00	0.000000e+00	0.000000e+00	0.000000e+00	0.000000e+00	0.000000e+00	0.000000e+00	0.000000e+00	5.000000e-06	-5.000000e-06	-5.000000e-06	0.000000e+00	0.000000e+00
2.671430001188657e-10	0.000000e+00	5.000000e-02	1.000000e-01	5.000000e-02	0.000000e+00	0.000000e+00	0.000000e+00	0.000000e+00	0.000000e+00	0.000000e+00	0.000000e+00	0.000000e+00	0.000000e+00	5.000000e-06	-5.000000e-06	-5.000000e-06	0.000000e+00	0.000000e+00
2.866742501188657e-10	0.000000e+00	5.000000e-02	1.000000e-01	5.000000e-02	0.000000e+00	0.000000e+00	0.000000e+00	0.000000e+00	0.000000e+00	0.000000e+00	0.000000e+00	0.000000e+00	0.000000e+00	5.000000e-06	-5.000000e-06	-5.000000e-06	0.000000e+00	0.000000e+00
3.062055001188657e-10	0.000000e+00	5.000000e-02	1.000000e-01	5.000000e-02	0.000000e+00	0.000000e+00	0.000000e+00	0.000000e+00	0.000000e+00	0.000000e+00	0.000000e+00	0.000000e+00	0.000000e+00	5.000000e-06	-5.000000e-06	-5.000000e-06	0.000000e+00	0.000000e+00
3.257367501188658e-10	0.000000e+00	5.000000e-02	1.000000e-01	5.000000e-02	0.000000e+00	0.000000e+00	0.000000e+00	0.000000e+00	0.000000e+00	0.000000e+00	0.000000e+00	0.000000e+00	0.000000e+00	5.000000e-06	-5.000000e-06	-5.000000e-06	0.000000e+00	0.000000e+00
3.452680001188658e-10	0.000000e+00	5.000000e-02	1.000000e-01	5.000000e-02	0.000000e+00	0.000000e+00	0.000000e+00	0.000000e+00	0.000000e+00	0.000000e+00	0.000000e+00	0.000000e+00	0.000000e+00	5.000000e-06	-5.000000e-06	-5.000000e-06	0.000000e+00	0.000000e+00
3.647992501188658e-10	0.000000e+00	5.000000e-02	1.000000e-01	5.000000e-02	0.000000e+00	0.000000e+00	0.000000e+00	0.000000e+00	0.000000e+00	0.000000e+00	0.000000e+00	0.000000e+00	0.000000e+00	5.000000e-06	-5.000000e-06	-5.000000e-06	0.000000e+00	0.000000e+00
3.843305001188658e-10	0.000000e+00	5.000000e-02	1.000000e-01	5.000000e-02	0.000000e+00	0.000000e+00	0.000000e+00	0.000000e+00	0.000000e+00	0.000000e+00	0.000000e+00	0.000000e+00	0.000000e+00	5.000000e-06	-5.000000e-06	-5.000000e-06	0.000000e+00	0.000000e+00
4.038617501188658e-10	0.000000e+00	5.000000e-02	1.000000e-01	5.000000e-02	0.000000e+00	0.000000e+00	0.000000e+00	0.000000e+00	0.000000e+00	0.000000e+00	0.000000e+00	0.000000e+00	0.000000e+00	5.000000e-06	-5.000000e-06	-5.000000e-06	0.000000e+00	0.000000e+00
4.233930001188659e-10	0.000000e+00	5.000000e-02	1.000000e-01	5.000000e-02	0.000000e+00	0.000000e+00	0.000000e+00	0.000000e+00	0.000000e+00	0.000000e+00	0.000000e+00	0.000000e+00	0.000000e+00	5.000000e-06	-5.000000e-06	-5.000000e-06	0.000000e+00	0.000000e+00
4.429242501188659e-10	0.000000e+00	5.000000e-02	1.000000e-01	5.000000e-02	0.000000e+00	0.000000e+00	0.000000e+00	0.000000e+00	0.000000e+00	0.000000e+00	0.000000e+00	0.000000e+00	0.000000e+00	5.000000e-06	-5.000000e-06	-5.000000e-06	0.000000e+00	0.000000e+00
4.624555001188659e-10	0.000000e+00	5.000000e-02	1.000000e-01	5.000000e-02	0.000000e+00	0.000000e+00	0.000000e+00	0.000000e+00	0.000000e+00	0.000000e+00	0.000000e+00	0.000000e+00	0.000000e+00	5.000000e-06	-5.000000e-06	-5.000000e-06	0.000000e+00	0.000000e+00
4.819867501188659e-10	0.000000e+00	5.000000e-02	1.000000e-01	5.000000e-02	0.000000e+00	0.000000e+00	0.000000e+00	0.000000e+00	0.000000e+00	0.000000e+00	0.000000e+00	0.000000e+00	0.000000e+00	5.000000e-06	-5.000000e-06	-5.000000e-06	0.000000e+00	0.000000e+00
5.015180001188659e-10	0.000000e+00	5.000000e-02	1.000000e-01	5.000000e-02	0.000000e+00	0.000000e+00	0.000000e+00	0.000000e+00	0.000000e+00	0.000000e+00	0.000000e+00	0.000000e+00	0.000000e+00	5.000000e-06	-5.000000e-06	-5.000000e-06	0.000000e+00	0.000000e+00
5.200000000000001e-10	0.000000e+00	5.000000e-02	1.000000e-01	5.000000e-02	0.000000e+00	0.000000e+00	0.000000e+00	0.000000e+00	0.000000e+00	0.000000e+00	0.000000e+00	0.000000e+00	0.000000e+00	5.000000e-06	-5.000000e-06	-5.000000e-06	0.000000e+00	0.000000e+00
5.395312500000001e-10	0.000000e+00	5.000000e-02	1.000000e-01	5.000000e-02	0.000000e+00	0.000000e+00	0.000000e+00	0.000000e+00	0.000000e+00	0.000000e+00	0.000000e+00	0.000000e+00	0.000000e+00	5.000000e-06	-5.000000e-06	-5.000000e-06	0.000000e+00	0.000000e+00
5.400000000000001e-10	0.000000e+00	5.000000e-02	1.000000e-01	5.000000e-02	0.000000e+00	0.000000e+00	0.000000e+00	0.000000e+00	0.000000e+00	0.000000e+00	0.000000e+00	0.000000e+00	0.000000e+00	5.000000e-06	-5.000000e-06	-5.000000e-06	0.000000e+00	0.000000e+00
5.475000000000003e-10	0.000000e+00	5.000000e-02	1.000000e-01	5.000000e-02	0.000000e+00	0.000000e+00	0.000000e+00	0.000000e+00	0.000000e+00	0.000000e+00	0.000000e+00	0.000000e+00	0.000000e+00	5.000000e-06	-5.000000e-06	-5.000000e-06	0.000000e+00	0.000000e+00
5.625000000000008e-10	0.000000e+00	5.000000e-02	1.000000e-01	5.000000e-02	0.000000e+00	0.000000e+00	0.000000e+00	0.000000e+00	0.000000e+00	0.000000e+00	0.000000e+00	0.000000e+00	0.000000e+00	5.000000e-06	-5.000000e-06	-5.000000e-06	0.000000e+00	0.000000e+00
5.820312500000008e-10	0.000000e+00	5.000000e-02	1.000000e-01	5.000000e-02	0.000000e+00	0.000000e+00	0.000000e+00	0.000000e+00	0.000000e+00	0.000000e+00	0.000000e+00	0.000000e+00	0.000000e+00	5.000000e-06	-5.000000e-06	-5.000000e-06	0.000000e+00	0.000000e+00
6.015625000000008e-10	0.000000e+00	5.000000e-02	1.000000e-01	5.000000e-02	0.000000e+00	0.000000e+00	0.000000e+00	0.000000e+00	0.000000e+00	0.000000e+00	0.000000e+00	0.000000e+00	0.000000e+00	5.000000e-06	-5.000000e-06	-5.000000e-06	0.000000e+00	0.000000e+00
6.210937500000009e-10	0.000000e+00	5.000000e-02	1.000000e-01	5.000000e-02	0.000000e+00	0.000000e+00	0.000000e+00	0.000000e+00	0.000000e+00	0.000000e+00	0.000000e+00	0.000000e+00	0.000000e+00	5.000000e-06	-5.000000e-06	-5.000000e-06	0.000000e+00	0.000000e+00
6.406250000000009e-10	0.000000e+00	5.000000e-02	1.000000e-01	5.000000e-02	0.000000e+00	0.000000e+00	0.000000e+00	0.000000e+00	0.000000e+00	0.000000e+00	0.000000e+00	0.000000e+00	0.000000e+00	5.000000e-06	-5.000000e-06	-5.000000e-06	0.000000e+00	0.000000e+00
6.601562500000009e-10	0.000000e+00	5.000000e-02	1.000000e-01	5.000000e-02	0.000000e+00	0.000000e+00	0.000000e+00	0.000000e+00	0.000000e+00	0.000000e+00	0.000000e+00	0.000000e+00	0.000000e+00	5.000000e-06	-5.000000e-06	-5.000000e-06	0.000000e+00	0.000000e+00
6.796875000000009e-10	0.000000e+00	5.000000e-02	1.000000e-01	5.000000e-02	0.000000e+00	0.000000e+00	0.000000e+00	0.000000e+00	0.000000e+00	0.000000e+00	0.000000e+00	0.000000e+00	0.000000e+00	5.000000e-06	-5.000000e-06	-5.000000e-06	0.000000e+00	0.000000e+00
6.992187500000009e-10	0.000000e+00	5.000000e-02	1.000000e-01	5.000000e-02	0.000000e+00	0.000000e+00	0.000000e+00	0.000000e+00	0.000000e+00	0.000000e+00	0.000000e+00	0.000000e+00	0.000000e+00	5.000000e-06	-5.000000e-06	-5.000000e-06	0.000000e+00	0.000000e+00
7.187500000000010e-10	0.000000e+00	5.000000e-02	1.000000e-01	5.000000e-02	0.000000e+00	0.000000e+00	0.000000e+00	0.000000e+00	0.000000e+00	0.000000e+00	0.000000e+00	0.000000e+00	0.000000e+00	5.000000e-06	-5.000000e-06	-5.000000e-06	0.000000e+00	0.000000e+00
7.382812500000010e-10	0.000000e+00	5.000000e-02	1.000000e-01	5.000000e-02	0.000000e+00	0.000000e+00	0.000000e+00	0.000000e+00	0.000000e+00	0.000000e+00	0.000000e+00	0.000000e+00	0.000000e+00	5.000000e-06	-5.000000e-06	-5.000000e-06	0.000000e+00	0.000000e+00
7.578125000000010e-10	0.000000e+00	5.000000e-02	1.000000e-01	5.000000e-02	0.000000e+00	0.000000e+00	0.000000e+00	0.000000e+00	0.000000e+00	0.000000e+00	0.000000e+00	0.000000e+00	0.000000e+00	5.000000e-06	-5.000000e-06	-5.000000e-06	0.000000e+00	0.000000e+00
7.773437500000010e-10	0.000000e+00	5.000000e-02	1.000000e-01	5.000000e-02	0.000000e+00	0.000000e+00	0.000000e+00	0.000000e+00	0.000000e+00	0.000000e+00	0.000000e+00	0.000000e+00	0.000000e+00	5.000000e-06	-5.000000e-06	-5.000000e-06	0.000000e+00	0.000000e+00
7.968750000000010e-10	0.000000e+00	5.000000e-02	1.000000e-01	5.000000e-02	0.000000e+00	0.000000e+00	0.000000e+00	0.000000e+00	0.000000e+00	0.000000e+00	0.000000e+00	0.000000e+00	0.000000e+00	5.000000e-06	-5.000000e-06	-5.000000e-06	0.000000e+00	0.000000e+00
8.164062500000011e-10	0.000000e+00	5.000000e-02	1.000000e-01	5.000000e-02	0.000000e+00	0.000000e+00	0.000000e+00	0.000000e+00	0.000000e+00	0.000000e+00	0.000000e+00	0.000000e+00	0.000000e+00	5.000000e-06	-5.000000e-06	-5.000000e-06	0.000000e+00	0.000000e+00
8.359375000000011e-10	0.000000e+00	5.000000e-02	1.000000e-01	5.000000e-02	0.000000e+00	0.000000e+00	0.000000e+00	0.000000e+00	0.000000e+00	0.000000e+00	0.000000e+00	0.000000e+00	0.000000e+00	5.000000e-06	-5.000000e-06	-5.000000e-06	0.000000e+00	0.000000e+00
8.554687500000011e-10	0.000000e+00	5.000000e-02	1.000000e-01	5.000000e-02	0.000000e+00	0.000000e+00	0.000000e+00	0.000000e+00	0.000000e+00	0.000000e+00	0.000000e+00	0.000000e+00	0.000000e+00	5.000000e-06	-5.000000e-06	-5.000000e-06	0.000000e+00	0.000000e+00
8.750000000000011e-10	0.000000e+00	5.000000e-02	1.000000e-01	5.000000e-02	0.000000e+00	0.000000e+00	0.000000e+00	0.000000e+00	0.000000e+00	0.000000e+00	0.000000e+00	0.000000e+00	0.000000e+00	5.000000e-06	-5.000000e-06	-5.000000e-06	0.000000e+00	0.000000e+00
8.945312500000011e-10	0.000000e+00	5.000000e-02	1.000000e-01	5.000000e-02	0.000000e+00	0.000000e+00	0.000000e+00	0.000000e+00	0.000000e+00	0.000000e+00	0.000000e+00	0.000000e+00	0.000000e+00	5.000000e-06	-5.000000e-06	-5.000000e-06	0.000000e+00	0.000000e+00
9.140625000000012e-10	0.000000e+00	5.000000e-02	1.000000e-01	5.000000e-02	0.000000e+00	0.000000e+00	0.000000e+00	0.000000e+00	0.000000e+00	0.000000e+00	0.000000e+00	0.000000e+00	0.000000e+00	5.000000e-06	-5.000000e-06	-5.000000e-06	0.000000e+00	0.000000e+00
9.335937500000011e-10	0.000000e+00	5.000000e-02	1.000000e-01	5.000000e-02	0.000000e+00	0.000000e+00	0.000000e+00	0.000000e+00	0.000000e+00	0.000000e+00	0.000000e+00	0.000000e+00	0.000000e+00	5.000000e-06	-5.000000e-06	-5.000000e-06	0.000000e+00	0.000000e+00
9.531250000000011e-10	0.000000e+00	5.000000e-02	1.000000e-01	5.000000e-02	0.000000e+00	0.000000e+00	0.000000e+00	0.000000e+00	0.000000e+00	0.000000e+00	0.000000e+00	0.000000e+00	0.000000e+00	5.000000e-06	-5.000000e-06	-5.000000e-06	0.000000e+00	0.000000e+00
9.726562500000011e-10	0.000000e+00	5.000000e-02	1.000000e-01	5.000000e-02	0.000000e+00	0.000000e+00	0.000000e+00	0.000000e+00	0.000000e+00	0.000000e+00	0.000000e+00	0.000000e+00	0.000000e+00	5.000000e-06	-5.000000e-06	-5.000000e-06	0.000000e+00	0.000000e+00
9.921875000000011e-10	0.000000e+00	5.000000e-02	1.000000e-01	5.000000e-02	0.000000e+00	0.000000e+00	0.000000e+00	0.000000e+00	0.000000e+00	0.000000e+00	0.000000e+00	0.000000e+00	0.000000e+00	5.000000e-06	-5.000000e-06	-5.000000e-06	0.000000e+00	0.000000e+00
1.000000000000000e-09	0.000000e+00	5.000000e-02	1.000000e-01	5.000000e-02	0.000000e+00	0.000000e+00	0.000000e+00	0.000000e+00	0.000000e+00	0.000000e+00	0.000000e+00	0.000000e+00	0.000000e+00	5.000000e-06	-5.000000e-06	-5.000000e-06	0.000000e+00	0.000000e+00
1.000295183610243e-09	2.360436e-05	5.000000e-02	1.000000e-01	5.000000e-02	1.180734e-02	2.358837e-08	5.166129e-06	0.000000e+00	1.598217e-08	0.000000e+00	2.360436e-05	2.358837e-05	2.360436e-05	5.000000e-06	-5.000000e-06	-5.000000e-06	-2.360436e-05	7.585490e-19
1.000530250873387e-09	4.240345e-05	5.000000e-02	1.000000e-01	5.000000e-02	2.121004e-02	4.240342e-08	8.310026e-06	0.000000e+00	2.605520e-11	0.000000e+00	4.240345e-05	4.240342e-05	4.240345e-05	5.000000e-06	-5.000000e-06	-5.000000e-06	-4.240345e-05	2.333241e-18
1.000701054975995e-09	5.606405e-05	5.000000e-02	1.000000e-01	5.000000e-02	2.804220e-02	5.604810e-08	1.017104e-05	0.000000e+00	1.595094e-08	0.000000e+00	5.606405e-05	5.604811e-05	5.606405e-05	5.000000e-06	-5.000000e-06	-5.000000e-06	-5.606405e-05	3.901023e-18
1.000943418524361e-09	7.544882e-05	5.000000e-02	1.000000e-01	5.000000e-02	3.773674e-02	7.544876e-08	1.233084e-05	0.000000e+00	5.861028e-11	0.000000e+00	7.544882e-05	7.544876e-05	7.544882e-05	5.000000e-06	-5.000000e-06	-5.000000e-06	-7.544882e-05	6.606813e-18
1.001165203931956e-09	9.318852e-05	5.000000e-02	1.000000e-01	5.000000e-02	4.660816e-02	9.317259e-08	1.390047e-05	0.000000e+00	1.592425e-08	0.000000e+00	9.318852e-05	9.317259e-05	9.318852e-05	5.000000e-06	-5.000000e-06	-5.000000e-06	-9.318852e-05	9.489835e-18
1.001449227711374e-09	1.159073e-04	5.000000e-02	1.000000e-01	5.000000e-02	5.796911e-02	1.159072e-07	1.547416e-05	0.000000e+00	8.468578e-11	0.000000e+00	1.159073e-04	1.159072e-04	1.159073e-04	5.000000e-06	-5.000000e-06	-5.000000e-06	-1.159073e-04	1.361856e-17
1.001712240144356e-09	1.369460e-04	5.000000e-02	1.000000e-01	5.000000e-02	6.848960e-02	1.369301e-07	1.658824e-05	0.000000e+00	1.590159e-08	0.000000e+00	1.369460e-04	1.369301e-04	1.369460e-04	5.000000e-06	-5.000000e-06	-5.000000e-06	-1.369460e-04	1.778520e-17
1.002039974383931e-09	1.631627e-04	5.000000e-02	1.000000e-01	5.000000e-02	8.159897e-02	1.631626e-07	1.763645e-05	0.000000e+00	1.067671e-10	0.000000e+00	1.631627e-04	1.631626e-04	1.631627e-04	5.000000e-06	-5.000000e-06	-5.000000e-06	-1.631627e-04	2.331738e-17
1.002359091595790e-09	1.886906e-04	5.000000e-02	1.000000e-01	5.000000e-02	9.436367e-02	1.886747e-07	1.838579e-05	0.000000e+00	1.588241e-08	0.000000e+00	1.886906e-04	1.886747e-04	1.886906e-04	5.000000e-06	-5.000000e-06	-5.000000e-06	-1.886906e-04	2.897553e-17
1.002752363826305e-09	2.201510e-04	5.000000e-02	1.000000e-01	5.000000e-02	1.100946e-01	2.201509e-07	1.905234e-05	0.000000e+00	1.249289e-10	0.000000e+00	2.201510e-04	2.201509e-04	2.201510e-04	5.000000e-06	-5.000000e-06	-5.000000e-06	-2.201510e-04	3.620556e-17
1.003152082086354e-09	2.521275e-04	5.000000e-02	1.000000e-01	5.000000e-02	1.260833e-01	2.521116e-07	1.952643e-05	0.000000e+00	1.586672e-08	0.000000e+00	2.521275e-04	2.521116e-04	2.521275e-04	5.000000e-06	-5.000000e-06	-5.000000e-06	-2.521275e-04	4.375757e-17
1.003644249046331e-09	2.915001e-04	5.000000e-02	1.000000e-01	5.000000e-02	1.457700e-01	2.914999e-07	1.992890e-05	0.000000e+00	1.393438e-10	0.000000e+00	2.915001e-04	2.914999e-04	2.915001e-04	5.000000e-06	-5.000000e-06	-5.000000e-06	-2.915001e-04	5.323762e-17
1.004167713983818e-09	3.333767e-04	5.000000e-02	1.000000e-01	5.000000e-02	1.667086e-01	3.333608e-07	2.021791e-05	0.000000e+00	1.585443e-08	0.000000e+00	3.333767e-04	3.333608e-04	3.333767e-04	5.000000e-06	-5.000000e-06	-5.000000e-06	-3.333767e-04	6.345962e-17
1.004821989166994e-09	3.857182e-04	5.000000e-02	1.000000e-01	5.000000e-02	1.928796e-01	3.857181e-07	2.046494e-05	0.000000e+00	1.502183e-10	0.000000e+00	3.857182e-04	3.857180e-04	3.857182e-04	5.000000e-06	-5.000000e-06	-5.000000e-06	-3.857182e-04	7.635033e-17
1.005557278149160e-09	4.445409e-04	5.000000e-02	1.000000e-01	5.000000e-02	2.222911e-01	4.445251e-07	2.066094e-05	0.000000e+00	1.584541e-08	0.000000e+00	4.445409e-04	4.445251e-04	4.445409e-04	5.000000e-06	-5.000000e-06	-5.000000e-06	-4.445409e-04	9.091882e-17
1.006512506004703e-09	5.209587e-04	5.000000e-02	1.000000e-01	5.000000e-02	2.605003e-01	5.209586e-07	2.085705e-05	0.000000e+00	1.577966e-10	0.000000e+00	5.209587e-04	5.209586e-04	5.209587e-04	5.000000e-06	-5.000000e-06	-5.000000e-06	-5.209587e-04	1.099036e-16
1.007674722901373e-09	6.139357e-04	5.000000e-02	1.000000e-01	5.000000e-02	3.069889e-01	6.139199e-07	2.106005e-05	0.000000e+00	1.583943e-08	0.000000e+00	6.139357e-04	6.139199e-04	6.139357e-04	5.000000e-06	-5.000000e-06	-5.000000e-06	-6.139357e-04	1.330378e-16
1.009317946227694e-09	7.453930e-04	5.000000e-02	1.000000e-01	5.000000e-02	3.727179e-01	7.453929e-07	2.132809e-05	0.000000e+00	1.624078e-10	0.000000e+00	7.453930e-04	7.453929e-04	7.453930e-04	5.000000e-06	-5.000000e-06	-5.000000e-06	-7.453930e-04	1.657656e-16
1.011623420052385e-09	9.298302e-04	5.000000e-02	1.000000e-01	5.000000e-02	4.649368e-01	9.298143e-07	2.169686e-05	0.000000e+00	1.583617e-08	0.000000e+00	9.298302e-04	9.298144e-04	9.298302e-04	5.000000e-06	-5.000000e-06	-5.000000e-06	-9.298302e-04	2.116905e-16
1.015620884643969e-09	1.249626e-03	5.000000e-02	1.000000e-01	5.000000e-02	6.248354e-01	1.249626e-06	2.233513e-05	0.000000e+00	1.645517e-10	0.000000e+00	1.249626e-03	1.249626e-03	1.249626e-03	5.000000e-06	-5.000000e-06	-5.000000e-06	-1.249626e-03	2.913210e-16
1.020000000000000e-09	1.599954e-03	5.000000e-02	1.000000e-01	5.000000e-02	8.000000e-01	1.599938e-06	2.303440e-05	0.000000e+00	1.583467e-08	0.000000e+00	1.599954e-03	1.599938e-03	1.599954e-03	5.000000e-06	-5.000000e-06	-5.000000e-06	-1.599954e-03	3.785540e-16
1.020194968966804e-09	1.599961e-03	5.000000e-02	1.000000e-01	5.000000e-02	8.000000e-01	1.599977e-06	1.949846e-05	0.000000e+00	-1.579497e-08	0.000000e+00	1.599961e-03	1.599977e-03	1.599961e-03	5.000000e-06	-5.000000e-06	-5.000000e-06	-1.599961e-03	3.820918e-16
1.020400587047316e-09	1.599967e-03	5.000000e-02	1.000000e-01	5.000000e-02	8.000000e-01	1.599951e-06	1.644876e-05	0.000000e+00	1.577020e-08	0.000000e+00	1.599967e-03	1.599951e-03	1.599967e-03	5.000000e-06	-5.000000e-06	-5.000000e-06	-1.599967e-03	3.851430e-16
1.020589439852589e-09	1.599972e-03	5.000000e-02	1.000000e-01	5.000000e-02	8.000000e-01	1.599987e-06	1.415418e-05	0.000000e+00	-1.573198e-08	0.000000e+00	1.599972e-03	1.599987e-03	1.599972e-03	5.000000e-06	-5.000000e-06	-5.000000e-06	-1.599972e-03	3.874387e-16
1.020816588718324e-09	1.599976e-03	5.000000e-02	1.000000e-01	5.000000e-02	8.000000e-01	1.599960e-06	1.191137e-05	0.000000e+00	1.570824e-08	0.000000e+00	1.599976e-03	1.599960e-03	1.599976e-03	5.000000e-06	-5.000000e-06	-5.000000e-06	-1.599976e-03	3.896826e-16
1.021039170354300e-09	1.599980e-03	5.000000e-02	1.000000e-01	5.000000e-02	8.000000e-01	1.599995e-06	1.015981e-05	0.000000e+00	-1.567689e-08	0.000000e+00	1.599980e-03	1.599995e-03	1.599980e-03	5.000000e-06	-5.000000e-06	-5.000000e-06	-1.599980e-03	3.914351e-16
1.021299400548384e-09	1.599983e-03	5.000000e-02	1.000000e-01	5.000000e-02	8.000000e-01	1.599967e-06	8.550721e-06	0.000000e+00	1.565529e-08	0.000000e+00	1.599983e-03	1.599967e-03	1.599983e-03	5.000000e-06	-5.000000e-06	-5.000000e-06	-1.599983e-03	3.930450e-16
1.021559964896614e-09	1.599985e-03	5.000000e-02	1.000000e-01	5.000000e-02	8.000000e-01	1.600001e-06	7.311950e-06	0.000000e+00	-1.562937e-08	0.000000e+00	1.599985e-03	1.600001e-03	1.599985e-03	5.000000e-06	-5.000000e-06	-5.000000e-06	-1.599985e-03	3.942844e-16
1.021862290586662e-09	1.599988e-03	5.000000e-02	1.000000e-01	5.000000e-02	8.000000e-01	1.599972e-06	6.227051e-06	0.000000e+00	1.561014e-08	0.000000e+00	1.599988e-03	1.599972e-03	1.599988e-03	5.000000e-06	-5.000000e-06	-5.000000e-06	-1.599988e-03	3.953698e-16
1.022173937067914e-09	1.599989e-03	5.000000e-02	1.000000e-01	5.000000e-02	8.000000e-01	1.600005e-06	5.406692e-06	0.000000e+00	-1.558907e-08	0.000000e+00	1.599989e-03	1.600005e-03	1.599989e-03	5.000000e-06	-5.000000e-06	-5.000000e-06	-1.599989e-03	3.961906e-16
1.022535731396711e-09	1.599991e-03	5.000000e-02	1.000000e-01	5.000000e-02	8.000000e-01	1.599975e-06	4.726630e-06	0.000000e+00	1.557259e-08	0.000000e+00	1.599991e-03	1.599975e-03	1.599991e-03	5.000000e-06	-5.000000e-06	-5.000000e-06	-1.599991e-03	3.968710e-16
1.022919569302510e-09	1.599992e-03	5.000000e-02	1.000000e-01	5.000000e-02	8.000000e-01	1.600007e-06	4.231524e-06	0.000000e+00	-1.555586e-08	0.000000e+00	1.599992e-03	1.600007e-03	1.599992e-03	5.000000e-06	-5.000000e-06	-5.000000e-06	-1.599992e-03	3.973664e-16
1.023369012811979e-09	1.599992e-03	5.000000e-02	1.000000e-01	5.000000e-02	8.000000e-01	1.599977e-06	3.849522e-06	0.000000e+00	1.554236e-08	0.000000e+00	1.599992e-03	1.599977e-03	1.599992e-03	5.000000e-06	-5.000000e-06	-5.000000e-06	-1.599992e-03	3.977485e-16
1.023861807291547e-09	1.599993e-03	5.000000e-02	1.000000e-01	5.000000e-02	8.000000e-01	1.600008e-06	3.589489e-06	0.000000e+00	-1.552954e-08	0.000000e+00	1.599993e-03	1.600008e-03	1.599993e-03	5.000000e-06	-5.000000e-06	-5.000000e-06	-1.599993e-03	3.980087e-16
1.024450514625080e-09	1.599993e-03	5.000000e-02	1.000000e-01	5.000000e-02	8.000000e-01	1.599978e-06	3.408923e-06	0.000000e+00	1.551911e-08	0.000000e+00	1.599993e-03	1.599978e-03	1.599993e-03	5.000000e-06	-5.000000e-06	-5.000000e-06	-1.599993e-03	3.981893e-16
1.025124125680580e-09	1.599993e-03	5.000000e-02	1.000000e-01	5.000000e-02	8.000000e-01	1.600009e-06	3.300169e-06	0.000000e+00	-1.550984e-08	0.000000e+00	1.599993e-03	1.600009e-03	1.599993e-03	5.000000e-06	-5.000000e-06	-5.000000e-06	-1.599993e-03	3.982982e-16
1.025960209102615e-09	1.599994e-03	5.000000e-02	1.000000e-01	5.000000e-02	8.000000e-01	1.599978e-06	3.237166e-06	0.000000e+00	1.550245e-08	0.000000e+00	1.599994e-03	1.599978e-03	1.599994e-03	5.000000e-06	-5.000000e-06	-5.000000e-06	-1.599994e-03	3.983612e-16
1.026979777400411e-09	1.599994e-03	5.000000e-02	1.000000e-01	5.000000e-02	8.000000e-01	1.600009e-06	3.207707e-06	0.000000e+00	-1.549635e-08	0.000000e+00	1.599994e-03	1.600009e-03	1.599994e-03	5.000000e-06	-5.000000e-06	-5.000000e-06	-1.599994e-03	3.983907e-16
1.028341684056673e-09	1.599994e-03	5.000000e-02	1.000000e-01	5.000000e-02	8.000000e-01	1.599978e-06	3.196246e-06	0.000000e+00	1.549181e-08	0.000000e+00	1.599994e-03	1.599978e-03	1.599994e-03	5.000000e-06	-5.000000e-06	-5.000000e-06	-1.599994e-03	3.984021e-16
1.030201791816705e-09	1.599994e-03	5.000000e-02	1.000000e-01	5.000000e-02	8.000000e-01	1.600009e-06	3.193720e-06	0.000000e+00	-1.548848e-08	0.000000e+00	1.599994e-03	1.600009e-03	1.599994e-03	5.000000e-06	-5.000000e-06	-5.000000e-06	-1.599994e-03	3.984047e-16
1.033115432123922e-09	1.599994e-03	5.000000e-02	1.000000e-01	5.000000e-02	8.000000e-01	1.599978e-06	3.193580e-06	0.000000e+00	1.548635e-08	0.000000e+00	1.599994e-03	1.599978e-03	1.599994e-03	5.000000e-06	-5.000000e-06	-5.000000e-06	-1.599994e-03	3.984048e-16
1.038274420807734e-09	1.599994e-03	5.000000e-02	1.000000e-01	5.000000e-02	8.000000e-01	1.600009e-06	3.193636e-06	0.000000e+00	-1.548515e-08	0.000000e+00	1.599994e-03	1.600009e-03	1.599994e-03	5.000000e-06	-5.000000e-06	-5.000000e-06	-1.599994e-03	3.984048e-16
1.048592398175356e-09	1.599994e-03	5.000000e-02	1.000000e-01	5.000000e-02	8.000000e-01	1.599978e-06	3.193592e-06	0.000000e+00	1.548455e-08	0.000000e+00	1.599994e-03	1.599978e-03	1.599994e-03	5.000000e-06	-5.000000e-06	-5.000000e-06	-1.599994e-03	3.984048e-16
1.068123648175356e-09	1.599994e-03	5.000000e-02	1.000000e-01	5.000000e-02	8.000000e-01	1.600009e-06	3.193632e-06	0.000000e+00	-1.548423e-08	0.000000e+00	1.599994e-03	1.600009e-03	1.599994e-03	5.000000e-06	-5.000000e-06	-5.000000e-06	-1.599994e-03	3.984048e-16
1.087654898175356e-09	1.599994e-03	5.000000e-02	1.000000e-01	5.000000e-02	8.000000e-01	1.599978e-06	3.193594e-06	0.000000e+00	1.548391e-08	0.000000e+00	1.599994e-03	1.599978e-03	1.599994e-03	5.000000e-06	-5.000000e-06	-5.000000e-06	-1.599994e-03	3.984048e-16
1.107186148175356e-09	1.599994e-03	5.000000e-02	1.000000e-01	5.000000e-02	8.000000e-01	1.600009e-06	3.193631e-06	0.000000e+00	-1.548360e-08	0.000000e+00	1.599994e-03	1.600009e-03	1.599994e-03	5.000000e-06	-5.000000e-06	-5.000000e-06	-1.599994e-03	3.984048e-16
1.126717398175356e-09	1.599994e-03	5.000000e-02	1.000000e-01	5.000000e-02	8.000000e-01	1.599978e-06	3.193595e-06	0.000000e+00	1.548328e-08	0.000000e+00	1.599994e-03	1.599978e-03	1.599994e-03	5.000000e-06	-5.000000e-06	-5.000000e-06	-1.599994e-03	3.984048e-16
1.146248648175356e-09	1.599994e-03	5.000000e-02	1.000000e-01	5.000000e-02	8.000000e-01	1.600009e-06	3.193630e-06	0.000000e+00	-1.548296e-08	0.000000e+00	1.599994e-03	1.600009e-03	1.599994e-03	5.000000e-06	-5.000000e-06	-5.000000e-06	-1.599994e-03	3.984048e-16
1.165779898175356e-09	1.599994e-03	5.000000e-02	1.000000e-01	5.000000e-02	8.000000e-01	1.599978e-06	3.193596e-06	0.000000e+00	1.548265e-08	0.000000e+00	1.599994e-03	1.599978e-03	1.599994e-03	5.000000e-06	-5.000000e-06	-5.000000e-06	-1.599994e-03	3.984048e-16
1.185311148175356e-09	1.599994e-03	5.000000e-02	1.000000e-01	5.000000e-02	8.000000e-01	1.600009e-06	3.193629e-06	0.000000e+00	-1.548233e-08	0.000000e+00	1.599994e-03	1.600009e-03	1.599994e-03	5.000000e-06	-5.000000e-06	-5.000000e-06	-1.599994e-03	3.984048e-16
1.204842398175356e-09	1.599994e-03	5.000000e-02	1.000000e-01	5.000000e-02	8.000000e-01	1.599978e-06	3.193596e-06	0.000000e+00	1.548201e-08	0.000000e+00	1.599994e-03	1.599978e-03	1.599994e-03	5.000000e-06	-5.000000e-06	-5.000000e-06	-1.599994e-03	3.984048e-16
1.224373648175356e-09	1.599994e-03	5.000000e-02	1.000000e-01	5.000000e-02	8.000000e-01	1.600009e-06	3.193629e-06	0.000000e+00	-1.548169e-08	0.000000e+00	1.599994e-03	1.600009e-03	1.599994e-03	5.000000e-06	-5.000000e-06	-5.000000e-06	-1.599994e-03	3.984048e-16
1.243904898175356e-09	1.599994e-03	5.000000e-02	1.000000e-01	5.000000e-02	8.000000e-01	1.599978e-06	3.193597e-06	0.000000e+00	1.548138e-08	0.000000e+00	1.599994e-03	1.599978e-03	1.599994e-03	5.000000e-06	-5.000000e-06	-5.000000e-06	-1.599994e-03	3.984048e-16
1.263436148175356e-09	1.599994e-03	5.000000e-02	1.000000e-01	5.000000e-02	8.000000e-01	1.600009e-06	3.193629e-06	0.000000e+00	-1.548106e-08	0.000000e+00	1.599994e-03	1.600009e-03	1.599994e-03	5.000000e-06	-5.000000e-06	-5.000000e-06	-1.599994e-03	3.984048e-16
1.282967398175356e-09	1.599994e-03	5.000000e-02	1.000000e-01	5.000000e-02	8.000000e-01	1.599978e-06	3.193597e-06	0.000000e+00	1.548074e-08	0.000000e+00	1.599994e-03	1.599978e-03	1.599994e-03	5.000000e-06	-5.000000e-06	-5.000000e-06	-1.599994e-03	3.984048e-16
1.302498648175356e-09	1.599994e-03	5.000000e-02	1.000000e-01	5.000000e-02	8.000000e-01	1.600009e-06	3.193629e-06	0.000000e+00	-1.548043e-08	0.000000e+00	1.599994e-03	1.600009e-03	1.599994e-03	5.000000e-06	-5.000000e-06	-5.000000e-06	-1.599994e-03	3.984048e-16
1.322029898175356e-09	1.599994e-03	5.000000e-02	1.000000e-01	5.000000e-02	8.000000e-01	1.599978e-06	3.193597e-06	0.000000e+00	1.548011e-08	0.000000e+00	1.599994e-03	1.599978e-03	1.599994e-03	5.000000e-06	-5.000000e-06	-5.000000e-06	-1.599994e-03	3.984048e-16
1.341561148175356e-09	1.599994e-03	5.000000e-02	1.000000e-01	5.000000e-02	8.000000e-01	1.600009e-06	3.193629e-06	0.000000e+00	-1.547979e-08	0.000000e+00	1.599994e-03	1.600009e-03	1.599994e-03	5.000000e-06	-5.000000e-06	-5.000000e-06	-1.599994e-03	3.984048e-16
1.361092398175356e-09	1.599994e-03	5.000000e-02	1.000000e-01	5.000000e-02	8.000000e-01	1.599978e-06	3.193597e-06	0.000000e+00	1.547948e-08	0.000000e+00	1.599994e-03	1.599978e-03	1.599994e-03	5.000000e-06	-5.000000e-06	-5.000000e-06	-1.599994e-03	3.984048e-16
1.380623648175356e-09	1.599994e-03	5.000000e-02	1.000000e-01	5.000000e-02	8.000000e-01	1.600009e-06	3.193628e-06	0.000000e+00	-1.547916e-08	0.000000e+00	1.599994e-03	1.600009e-03	1.599994e-03	5.000000e-06	-5.000000e-06	-5.000000e-06	-1.599994e-03	3.984048e-16
1.400154898175356e-09	1.599994e-03	5.000000e-02	1.000000e-01	5.000000e-02	8.000000e-01	1.599978e-06	3.193597e-06	0.000000e+00	1.547884e-08	0.000000e+00	1.599994e-03	1.599978e-03	1.599994e-03	5.000000e-06	-5.000000e-06	-5.000000e-06	-1.599994e-03	3.984048e-16
1.419686148175356e-09	1.599994e-03	5.000000e-02	1.000000e-01	5.000000e-02	8.000000e-01	1.600009e-06	3.193628e-06	0.000000e+00	-1.547852e-08	0.000000e+00	1.599994e-03	1.600009e-03	1.599994e-03	5.000000e-06	-5.000000e-06	-5.000000e-06	-1.599994e-03	3.984048e-16
1.439217398175356e-09	1.599994e-03	5.000000e-02	1.000000e-01	5.000000e-02	8.000000e-01	1.599978e-06	3.193597e-06	0.000000e+00	1.547821e-08	0.000000e+00	1.599994e-03	1.599978e-03	1.599994e-03	5.000000e-06	-5.000000e-06	-5.000000e-06	-1.599994e-03	3.984048e-16
1.458748648175356e-09	1.599994e-03	5.000000e-02	1.000000e-01	5.000000e-02	8.000000e-01	1.600009e-06	3.193628e-06	0.000000e+00	-1.547789e-08	0.000000e+00	1.599994e-03	1.600009e-03	1.599994e-03	5.000000e-06	-5.000000e-06	-5.000000e-06	-1.599994e-03	3.984048e-16
1.478279898175356e-09	1.599994e-03	5.000000e-02	1.000000e-01	5.000000e-02	8.000000e-01	1.599978e-06	3.193597e-06	0.000000e+00	1.547757e-08	0.000000e+00	1.599994e-03	1.599978e-03	1.599994e-03	5.000000e-06	-5.000000e-06	-5.000000e-06	-1.599994e-03	3.984048e-16
1.497811148175356e-09	1.599994e-03	5.000000e-02	1.000000e-01	5.000000e-02	8.000000e-01	1.600009e-06	3.193628e-06	0.000000e+00	-1.547726e-08	0.000000e+00	1.599994e-03	1.600009e-03	1.599994e-03	5.000000e-06	-5.000000e-06	-5.000000e-06	-1.599994e-03	3.984048e-16
1.517342398175356e-09	1.599994e-03	5.000000e-02	1.000000e-01	5.000000e-02	8.000000e-01	1.599978e-06	3.193597e-06	0.000000e+00	1.547694e-08	0.000000e+00	1.599994e-03	1.599978e-03	1.599994e-03	5.000000e-06	-5.000000e-06	-5.000000e-06	-1.599994e-03	3.984048e-16
1.520000000000000e-09	1.599994e-03	5.000000e-02	1.000000e-01	5.000000e-02	8.000000e-01	1.600009e-06	3.193628e-06	0.000000e+00	-1.547461e-08	0.000000e+00	1.599994e-03	1.600009e-03	1.599994e-03	5.000000e-06	-5.000000e-06	-5.000000e-06	-1.599994e-03	3.984048e-16
1.520250860716101e-09	1.579934e-03	5.000000e-02	1.000000e-01	5.000000e-02	7.899656e-01	1.579934e-06	-1.282748e-06	0.000000e+00	-5.301669e-10	0.000000e+00	1.579934e-03	1.579934e-03	1.579934e-03	5.000000e-06	-5.000000e-06	-5.000000e-06	-1.579934e-03	3.978461e-16
1.520411437253423e-09	1.567092e-03	5.000000e-02	1.000000e-01	5.000000e-02	7.835425e-01	1.567108e-06	-3.605550e-06	0.000000e+00	-1.544547e-08	0.000000e+00	1.567092e-03	1.567108e-03	1.567092e-03	5.000000e-06	-5.000000e-06	-5.000000e-06	-1.567092e-03	3.969457e-16
1.520598186647944e-09	1.552157e-03	5.000000e-02	1.000000e-01	5.000000e-02	7.760726e-01	1.552157e-06	-5.881292e-06	0.000000e+00	-5.655915e-10	0.000000e+00	1.552157e-03	1.552157e-03	1.552157e-03	5.000000e-06	-5.000000e-06	-5.000000e-06	-1.552157e-03	3.954727e-16
1.520814078209790e-09	1.534890e-03	5.000000e-02	1.000000e-01	5.000000e-02	7.674369e-01	1.534905e-06	-8.038862e-06	0.000000e+00	-1.541665e-08	0.000000e+00	1.534890e-03	1.534905e-03	1.534890e-03	5.000000e-06	-5.000000e-06	-5.000000e-06	-1.534890e-03	3.932962e-16
1.521050611275105e-09	1.515971e-03	5.000000e-02	1.000000e-01	5.000000e-02	7.579756e-01	1.515972e-06	-9.930734e-06	0.000000e+00	-5.926820e-10	0.000000e+00	1.515971e-03	1.515971e-03	1.515971e-03	5.000000e-06	-5.000000e-06	-5.000000e-06	-1.515971e-03	3.904394e-16
1.521301036308550e-09	1.495940e-03	5.000000e-02	1.000000e-01	5.000000e-02	7.479585e-01	1.495956e-06	-1.150761e-05	0.000000e+00	-1.539298e-08	0.000000e+00	1.495940e-03	1.495956e-03	1.495940e-03	5.000000e-06	-5.000000e-06	-5.000000e-06	-1.495940e-03	3.869886e-16
1.521572022636766e-09	1.474264e-03	5.000000e-02	1.000000e-01	5.000000e-02	7.371191e-01	1.474264e-06	-1.283097e-05	0.000000e+00	-6.159735e-10	0.000000e+00	1.474264e-03	1.474264e-03	1.474264e-03	5.000000e-06	-5.000000e-06	-5.000000e-06	-1.474264e-03	3.828712e-16
1.521864702904920e-09	1.450852e-03	5.000000e-02	1.000000e-01	5.000000e-02	7.254119e-01	1.450867e-06	-1.391929e-05	0.000000e+00	-1.537246e-08	0.000000e+00	1.450852e-03	1.450867e-03	1.450852e-03	5.000000e-06	-5.000000e-06	-5.000000e-06	-1.450852e-03	3.780831e-16
1.522186557519945e-09	1.425105e-03	5.000000e-02	1.000000e-01	5.000000e-02	7.125377e-01	1.425106e-06	-1.481205e-05	0.000000e+00	-6.355925e-10	0.000000e+00	1.425105e-03	1.425106e-03	1.425105e-03	5.000000e-06	-5.000000e-06	-5.000000e-06	-1.425105e-03	3.725134e-16
1.522539681935480e-09	1.396857e-03	5.000000e-02	1.000000e-01	5.000000e-02	6.984127e-01	1.396872e-06	-1.552595e-05	0.000000e+00	-1.535526e-08	0.000000e+00	1.396857e-03	1.396872e-03	1.396857e-03	5.000000e-06	-5.000000e-06	-5.000000e-06	-1.396857e-03	3.661370e-16
1.522933803697500e-09	1.365328e-03	5.000000e-02	1.000000e-01	5.000000e-02	6.826478e-01	1.365329e-06	-1.609304e-05	0.000000e+00	-6.516239e-10	0.000000e+00	1.365328e-03	1.365329e-03	1.365328e-03	5.000000e-06	-5.000000e-06	-5.000000e-06	-1.365328e-03	3.587903e-16
1.523375068744577e-09	1.330028e-03	5.000000e-02	1.000000e-01	5.000000e-02	6.649973e-01	1.330043e-06	-1.653422e-05	0.000000e+00	-1.534132e-08	0.000000e+00	1.330028e-03	1.330043e-03	1.330028e-03	5.000000e-06	-5.000000e-06	-5.000000e-06	-1.330028e-03	3.503712e-16
1.523878877533800e-09	1.289724e-03	5.000000e-02	1.000000e-01	5.000000e-02	6.448449e-01	1.289724e-06	-1.687776e-05	0.000000e+00	-6.642356e-10	0.000000e+00	1.289724e-03	1.289724e-03	1.289724e-03	5.000000e-06	-5.000000e-06	-5.000000e-06	-1.289724e-03	3.405984e-16
1.524459754914290e-09	1.243254e-03	5.000000e-02	1.000000e-01	5.000000e-02	6.216098e-01	1.243269e-06	-1.714599e-05	0.000000e+00	-1.533053e-08	0.000000e+00	1.243254e-03	1.243269e-03	1.243254e-03	5.000000e-06	-5.000000e-06	-5.000000e-06	-1.243254e-03	3.292027e-16
1.525146466046376e-09	1.188317e-03	5.000000e-02	1.000000e-01	5.000000e-02	5.941414e-01	1.188318e-06	-1.736499e-05	0.000000e+00	-6.736111e-10	0.000000e+00	1.188317e-03	1.188318e-03	1.188317e-03	5.000000e-06	-5.000000e-06	-5.000000e-06	-1.188317e-03	3.156327e-16
1.525975053065695e-09	1.122031e-03	5.000000e-02	1.000000e-01	5.000000e-02	5.609979e-01	1.122046e-06	-1.755836e-05	0.000000e+00	-1.532276e-08	0.000000e+00	1.122031e-03	1.122046e-03	1.122031e-03	5.000000e-06	-5.000000e-06	-5.000000e-06	-1.122031e-03	2.991881e-16
1.527013114518033e-09	1.038986e-03	5.000000e-02	1.000000e-01	5.000000e-02	5.194754e-01	1.038987e-06	-1.775352e-05	0.000000e+00	-6.799864e-10	0.000000e+00	1.038986e-03	1.038987e-03	1.038986e-03	5.000000e-06	-5.000000e-06	-5.000000e-06	-1.038986e-03	2.785391e-16
1.528368750537573e-09	9.305359e-04	5.000000e-02	1.000000e-01	5.000000e-02	4.652500e-01	9.305512e-07	-1.798092e-05	0.000000e+00	-1.531779e-08	0.000000e+00	9.305359e-04	9.305513e-04	9.305359e-04	5.000000e-06	-5.000000e-06	-5.000000e-06	-9.305359e-04	2.515455e-16
1.530264750802369e-09	7.788565e-04	5.000000e-02	1.000000e-01	5.000000e-02	3.894100e-01	7.788572e-07	-1.828620e-05	0.000000e+00	-6.836923e-10	0.000000e+00	7.788565e-04	7.788572e-04	7.788565e-04	5.000000e-06	-5.000000e-06	-5.000000e-06	-7.788565e-04	2.137792e-16
1.533181495144038e-09	5.455179e-04	5.000000e-02	1.000000e-01	5.000000e-02	2.727402e-01	5.455332e-07	-1.875201e-05	0.000000e+00	-1.531524e-08	0.000000e+00	5.455179e-04	5.455332e-04	5.455179e-04	5.000000e-06	-5.000000e-06	-5.000000e-06	-5.455179e-04	1.556770e-16
1.538480296377361e-09	1.216155e-04	5.000000e-02	1.000000e-01	5.000000e-02	6.078814e-02	1.216162e-07	-1.959812e-05	0.000000e+00	-6.852478e-10	0.000000e+00	1.216155e-04	1.216162e-04	1.216155e-04	5.000000e-06	-5.000000e-06	-5.000000e-06	-1.216155e-04	5.012361e-17
1.540000000000000e-09	3.968156e-08	5.000000e-02	1.000000e-01	5.000000e-02	2.775558e-15	5.499433e-11	-1.984078e-05	0.000000e+00	-1.531276e-08	0.000000e+00	3.968156e-08	5.499432e-08	3.968156e-08	5.000000e-06	-5.000000e-06	-5.000000e-06	-3.968156e-08	1.985076e-17
1.540165127096348e-09	-3.360929e-08	5.000000e-02	1.000000e-01	5.000000e-02	0.000000e+00	1.834092e-11	-1.680464e-05	0.000000e+00	1.526837e-08	0.000000e+00	3.360929e-08	1.834092e-08	3.360929e-08	5.000000e-06	-5.000000e-06	-5.000000e-06	-3.360929e-08	1.681306e-17
1.540309624533656e-09	2.906522e-08	5.000000e-02	1.000000e-01	5.000000e-02	0.000000e+00	4.429767e-11	-1.453261e-05	0.000000e+00	-1.523244e-08	0.000000e+00	2.906522e-08	4.429767e-08	2.906522e-08	5.000000e-06	-5.000000e-06	-5.000000e-06	-2.906522e-08	1.453992e-17
1.540508247770082e-09	2.379707e-08	5.000000e-02	1.000000e-01	5.000000e-02	0.000000e+00	8.600573e-12	-1.189854e-05	0.000000e+00	1.519650e-08	0.000000e+00	2.379707e-08	8.600573e-09	2.379707e-08	5.000000e-06	-5.000000e-06	-5.000000e-06	-2.379707e-08	1.190449e-17
1.540715598026818e-09	1.931202e-08	5.000000e-02	1.000000e-01	5.000000e-02	0.000000e+00	3.448356e-11	-9.656012e-06	0.000000e+00	-1.517153e-08	0.000000e+00	1.931202e-08	3.448356e-08	1.931202e-08	5.000000e-06	-5.000000e-06	-5.000000e-06	-1.931202e-08	9.660875e-18
1.540951207932534e-09	1.522877e-08	5.000000e-02	1.000000e-01	5.000000e-02	0.000000e+00	8.643229e-14	-7.614383e-06	0.000000e+00	1.514233e-08	0.000000e+00	1.522877e-08	8.643229e-11	1.522877e-08	5.000000e-06	-5.000000e-06	-5.000000e-06	-1.522877e-08	7.618190e-18
1.541187055182799e-09	1.200586e-08	5.000000e-02	1.000000e-01	5.000000e-02	0.000000e+00	2.712526e-11	-6.002929e-06	0.000000e+00	-1.511940e-08	0.000000e+00	1.200586e-08	2.712526e-08	1.200586e-08	5.000000e-06	-5.000000e-06	-5.000000e-06	-1.200586e-08	6.005958e-18
1.541454543310070e-09	9.164586e-09	5.000000e-02	1.000000e-01	5.000000e-02	0.000000e+00	-5.930102e-12	-4.582294e-06	0.000000e+00	1.509469e-08	0.000000e+00	9.164586e-09	-5.930103e-09	9.164586e-09	5.000000e-06	-5.000000e-06	-5.000000e-06	-9.164586e-09	4.584579e-18
1.541731285407001e-09	6.929742e-09	5.000000e-02	1.000000e-01	5.000000e-02	0.000000e+00	2.200424e-11	-3.464871e-06	0.000000e+00	-1.507450e-08	0.000000e+00	6.929742e-09	2.200424e-08	6.929742e-09	5.000000e-06	-5.000000e-06	-5.000000e-06	-6.929742e-09	3.466626e-18
1.542046022276262e-09	5.039611e-09	5.000000e-02	1.000000e-01	5.000000e-02	0.000000e+00	-1.001454e-11	-2.519806e-06	0.000000e+00	1.505416e-08	0.000000e+00	5.039611e-09	-1.001454e-08	5.039611e-09	5.000000e-06	-5.000000e-06	-5.000000e-06	-5.039611e-09	2.521055e-18
1.542379032727812e-09	3.596552e-09	5.000000e-02	1.000000e-01	5.000000e-02	0.000000e+00	1.863350e-11	-1.798276e-06	0.000000e+00	-1.503695e-08	0.000000e+00	3.596552e-09	1.863350e-08	3.596552e-09	5.000000e-06	-5.000000e-06	-5.000000e-06	-3.596552e-09	1.799194e-18
1.542760081126220e-09	2.442079e-09	5.000000e-02	1.000000e-01	5.000000e-02	0.000000e+00	-1.257849e-11	-1.221040e-06	0.000000e+00	1.502057e-08	0.000000e+00	2.442079e-09	-1.257849e-08	2.442079e-09	5.000000e-06	-5.000000e-06	-5.000000e-06	-2.442079e-09	1.221638e-18
1.543173818232619e-09	1.602412e-09	5.000000e-02	1.000000e-01	5.000000e-02	0.000000e+00	1.660887e-11	-8.012062e-07	0.000000e+00	-1.500646e-08	0.000000e+00	1.602412e-09	1.660887e-08	1.602412e-09	5.000000e-06	-5.000000e-06	-5.000000e-06	-1.602412e-09	8.016235e-19
1.543654366561520e-09	9.798498e-10	5.000000e-02	1.000000e-01	5.000000e-02	0.000000e+00	-1.401386e-11	-4.899249e-07	0.000000e+00	1.499371e-08	0.000000e+00	9.798498e-10	-1.401386e-08	9.798498e-10	5.000000e-06	-5.000000e-06	-5.000000e-06	-9.798498e-10	4.901558e-19
1.544193217725823e-09	5.627258e-10	5.000000e-02	1.000000e-01	5.000000e-02	0.000000e+00	1.554547e-11	-2.813629e-07	0.000000e+00	-1.498274e-08	0.000000e+00	5.627258e-10	1.554547e-08	5.627258e-10	5.000000e-06	-5.000000e-06	-5.000000e-06	-5.627258e-10	2.815191e-19
1.544836166130808e-09	2.882586e-10	5.000000e-02	1.000000e-01	5.000000e-02	0.000000e+00	-1.468508e-11	-1.441293e-07	0.000000e+00	1.497334e-08	0.000000e+00	2.882586e-10	-1.468508e-08	2.882586e-10	5.000000e-06	-5.000000e-06	-5.000000e-06	-2.882586e-10	1.441867e-19
1.545590296215579e-09	1.299536e-10	5.000000e-02	1.000000e-01	5.000000e-02	0.000000e+00	1.509539e-11	-6.497680e-08	0.000000e+00	-1.496544e-08	0.000000e+00	1.299536e-10	1.509539e-08	1.299536e-10	5.000000e-06	-5.000000e-06	-5.000000e-06	-1.299536e-10	6.502438e-20
1.546534318251028e-09	4.645510e-11	5.000000e-02	1.000000e-01	5.000000e-02	0.000000e+00	-1.491263e-11	-2.322755e-08	0.000000e+00	1.495908e-08	0.000000e+00	4.645510e-11	-1.491263e-08	4.645510e-11	5.000000e-06	-5.000000e-06	-5.000000e-06	-4.645510e-11	2.322425e-20
1.547724569122605e-09	1.167783e-11	5.000000e-02	1.000000e-01	5.000000e-02	0.000000e+00	1.496574e-11	-5.838915e-09	0.000000e+00	-1.495406e-08	0.000000e+00	1.167783e-11	1.496574e-08	1.167783e-11	5.000000e-06	-5.000000e-06	-5.000000e-06	-1.167783e-11	5.856800e-21
1.549357925513394e-09	1.191068e-12	5.000000e-02	1.000000e-01	5.000000e-02	0.000000e+00	-1.494921e-11	-5.955339e-10	0.000000e+00	1.495040e-08	0.000000e+00	1.191068e-12	-1.494921e-08	1.191068e-12	5.000000e-06	-5.000000e-06	-5.000000e-06	-1.191068e-12	5.808825e-22
1.551724314498564e-09	-1.293310e-13	5.000000e-02	1.000000e-01	5.000000e-02	0.000000e+00	1.494774e-11	6.466551e-11	0.000000e+00	-1.494787e-08	0.000000e+00	-1.293310e-13	1.494774e-08	-1.293310e-13	5.000000e-06	-5.000000e-06	-5.000000e-06	1.293310e-13	-4.975010e-23
1.555728627369596e-09	-6.322977e-14	5.000000e-02	1.000000e-01	5.000000e-02	0.000000e+00	-1.494632e-11	-3.161488e-11	0.000000e+00	1.494638e-08	0.000000e+00	6.322977e-14	-1.494632e-08	6.322977e-14	5.000000e-06	-5.000000e-06	-5.000000e-06	-6.322977e-14	1.668438e-23
1.563737253111659e-09	-4.993620e-14	5.000000e-02	1.000000e-01	5.000000e-02	0.000000e+00	1.494558e-11	2.496810e-11	0.000000e+00	-1.494563e-08	0.000000e+00	-4.993620e-14	1.494558e-08	-4.993620e-14	5.000000e-06	-5.000000e-06	-5.000000e-06	4.993620e-14	-1.003500e-23
1.579754504595786e-09	-4.549577e-14	5.000000e-02	1.000000e-01	5.000000e-02	0.000000e+00	-1.494521e-11	-2.274789e-11	0.000000e+00	1.494526e-08	0.000000e+00	4.549577e-14	-1.494521e-08	4.549577e-14	5.000000e-06	-5.000000e-06	-5.000000e-06	-4.549577e-14	7.814046e-24
1.599285754595786e-09	-4.260247e-14	5.000000e-02	1.000000e-01	5.000000e-02	0.000000e+00	1.494491e-11	2.130124e-11	0.000000e+00	-1.494495e-08	0.000000e+00	-4.260247e-14	1.494491e-08	-4.260247e-14	5.000000e-06	-5.000000e-06	-5.000000e-06	4.260247e-14	-6.366975e-24
1.618817004595786e-09	-4.024486e-14	5.000000e-02	1.000000e-01	5.000000e-02	0.000000e+00	-1.494461e-11	-2.012243e-11	0.000000e+00	1.494465e-08	0.000000e+00	4.024486e-14	-1.494461e-08	4.024486e-14	5.000000e-06	-5.000000e-06	-5.000000e-06	-4.024486e-14	5.187884e-24
1.638348254595786e-09	-3.832374e-14	5.000000e-02	1.000000e-01	5.000000e-02	0.000000e+00	1.494430e-11	1.916187e-11	0.000000e+00	-1.494434e-08	0.000000e+00	-3.832374e-14	1.494430e-08	-3.832374e-14	5.000000e-06	-5.000000e-06	-5.000000e-06	3.832374e-14	-4.227147e-24
1.657879504595786e-09	-3.675828e-14	5.000000e-02	1.000000e-01	5.000000e-02	0.000000e+00	-1.494400e-11	-1.837914e-11	0.000000e+00	1.494404e-08	0.000000e+00	3.675828e-14	-1.494400e-08	3.675828e-14	5.000000e-06	-5.000000e-06	-5.000000e-06	-3.675828e-14	3.444328e-24
1.677410754595786e-09	-3.548260e-14	5.000000e-02	1.000000e-01	5.000000e-02	0.000000e+00	1.494369e-11	1.774130e-11	0.000000e+00	-1.494373e-08	0.000000e+00	-3.548260e-14	1.494369e-08	-3.548260e-14	5.000000e-06	-5.000000e-06	-5.000000e-06	3.548260e-14	-2.806478e-24
1.696942004595786e-09	-3.444306e-14	5.000000e-02	1.000000e-01	5.000000e-02	0.000000e+00	-1.494339e-11	-1.722153e-11	0.000000e+00	1.494342e-08	0.000000e+00	3.444306e-14	-1.494339e-08	3.444306e-14	5.000000e-06	-5.000000e-06	-5.000000e-06	-3.444306e-14	2.286751e-24
1.716473254595786e-09	-3.359591e-14	5.000000e-02	1.000000e-01	5.000000e-02	0.000000e+00	1.494308e-11	1.679796e-11	0.000000e+00	-1.494312e-08	0.000000e+00	-3.359591e-14	1.494308e-08	-3.359591e-14	5.000000e-06	-5.000000e-06	-5.000000e-06	3.359591e-14	-1.863271e-24
1.736004504595786e-09	-3.290553e-14	5.000000e-02	1.000000e-01	5.000000e-02	0.000000e+00	-1.494278e-11	-1.645277e-11	0.000000e+00	1.494281e-08	0.000000e+00	3.290553e-14	-1.494278e-08	3.290553e-14	5.000000e-06	-5.000000e-06	-5.000000e-06	-3.290553e-14	1.518214e-24
1.755535754595786e-09	-3.234289e-14	5.000000e-02	1.000000e-01	5.000000e-02	0.000000e+00	1.494247e-11	1.617145e-11	0.000000e+00	-1.494251e-08	0.000000e+00	-3.234289e-14	1.494247e-08	-3.234289e-14	5.000000e-06	-5.000000e-06	-5.000000e-06	3.234289e-14	-1.237058e-24
1.775067004595786e-09	-3.188433e-14	5.000000e-02	1.000000e-01	5.000000e-02	0.000000e+00	-1.494217e-11	-1.594217e-11	0.000000e+00	1.494220e-08	0.000000e+00	3.188433e-14	-1.494217e-08	3.188433e-14	5.000000e-06	-5.000000e-06	-5.000000e-06	-3.188433e-14	1.007969e-24
1.794598254595786e-09	-3.151058e-14	5.000000e-02	1.000000e-01	5.000000e-02	0.000000e+00	1.494186e-11	1.575529e-11	0.000000e+00	-1.494189e-08	0.000000e+00	-3.151058e-14	1.494186e-08	-3.151058e-14	5.000000e-06	-5.000000e-06	-5.000000e-06	3.151058e-14	-8.213047e-25
1.814129504595786e-09	-3.120593e-14	5.000000e-02	1.000000e-01	5.000000e-02	0.000000e+00	-1.494156e-11	-1.560296e-11	0.000000e+00	1.494159e-08	0.000000e+00	3.120593e-14	-1.494156e-08	3.120593e-14	5.000000e-06	-5.000000e-06	-5.000000e-06	-3.120593e-14	6.692084e-25
1.833660754595786e-09	-3.095758e-14	5.000000e-02	1.000000e-01	5.000000e-02	0.000000e+00	1.494125e-11	1.547879e-11	0.000000e+00	-1.494128e-08	0.000000e+00	-3.095758e-14	1.494125e-08	-3.095758e-14	5.000000e-06	-5.000000e-06	-5.000000e-06	3.095758e-14	-5.452786e-25
1.853192004595786e-09	-3.075511e-14	5.000000e-02	1.000000e-01	5.000000e-02	0.000000e+00	-1.494094e-11	-1.537756e-11	0.000000e+00	1.494097e-08	0.000000e+00	3.075511e-14	-1.494094e-08	3.075511e-14	5.000000e-06	-5.000000e-06	-5.000000e-06	-3.075511e-14	4.442991e-25
1.872723254595786e-09	-3.059002e-14	5.000000e-02	1.000000e-01	5.000000e-02	0.000000e+00	1.494064e-11	1.529501e-11	0.000000e+00	-1.494067e-08	0.000000e+00	-3.059002e-14	1.494064e-08	-3.059002e-14	5.000000e-06	-5.000000e-06	-5.000000e-06	3.059002e-14	-3.620199e-25
1.892254504595786e-09	-3.045539e-14	5.000000e-02	1.000000e-01	5.000000e-02	0.000000e+00	-1.494033e-11	-1.522770e-11	0.000000e+00	1.494036e-08	0.000000e+00	3.045539e-14	-1.494033e-08	3.045539e-14	5.000000e-06	-5.000000e-06	-5.000000e-06	-3.045539e-14	2.949778e-25
1.911785754595786e-09	-3.034558e-14	5.000000e-02	1.000000e-01	5.000000e-02	0.000000e+00	1.494003e-11	1.517279e-11	0.000000e+00	-1.494006e-08	0.000000e+00	-3.034558e-14	1.494003e-08	-3.034558e-14	5.000000e-06	-5.000000e-06	-5.000000e-06	3.034558e-14	-2.403512e-25
1.931317004595785e-09	-3.025600e-14	5.000000e-02	1.000000e-01	5.000000e-02	0.000000e+00	-1.493972e-11	-1.512800e-11	0.000000e+00	1.493975e-08	0.000000e+00	3.025600e-14	-1.493972e-08	3.025600e-14	5.000000e-06	-5.000000e-06	-5.000000e-06	-3.025600e-14	1.958408e-25
1.950848254595785e-09	-3.018288e-14	5.000000e-02	1.000000e-01	5.000000e-02	0.000000e+00	1.493941e-11	1.509144e-11	0.000000e+00	-1.493945e-08	0.000000e+00	-3.018288e-14	1.493942e-08	-3.018288e-14	5.000000e-06	-5.000000e-06	-5.000000e-06	3.018288e-14	-1.595732e-25
1.970379504595785e-09	-3.012320e-14	5.000000e-02	1.000000e-01	5.000000e-02	0.000000e+00	-1.493911e-11	-1.506160e-11	0.000000e+00	1.493914e-08	0.000000e+00	3.012320e-14	-1.493911e-08	3.012320e-14	5.000000e-06	-5.000000e-06	-5.000000e-06	-3.012320e-14	1.300219e-25
1.989910754595785e-09	-3.007446e-14	5.000000e-02	1.000000e-01	5.000000e-02	0.000000e+00	1.493880e-11	1.503723e-11	0.000000e+00	-1.493883e-08	0.000000e+00	-3.007446e-14	1.493880e-08	-3.007446e-14	5.000000e-06	-5.000000e-06	-5.000000e-06	3.007446e-14	-1.059432e-25
2.000000000000000e-09	-3.000378e-14	5.000000e-02	1.000000e-01	5.000000e-02	0.000000e+00	-1.493821e-11	-1.500170e-11	0.000000e+00	1.493824e-08	0.000000e+00	3.000378e-14	-1.493821e-08	3.000378e-14	5.000000e-06	-5.000000e-06	-5.000000e-06	-3.000378e-14	7.099117e-26
2.000314599620327e-09	2.515705e-05	5.000000e-02	1.000000e-01	5.000000e-02	1.258398e-02	2.515599e-08	5.460048e-06	0.000000e+00	1.063637e-09	0.000000e+00	2.515705e-05	2.515598e-05	2.515705e-05	5.000000e-06	-5.000000e-06	-5.000000e-06	-2.515705e-05	8.543700e-19
2.000573056906600e-09	4.582692e-05	5.000000e-02	1.000000e-01	5.000000e-02	2.292228e-02	4.581200e-08	8.814495e-06	0.000000e+00	1.492045e-08	0.000000e+00	4.582692e-05	4.581200e-05	4.582692e-05	5.000000e-06	-5.000000e-06	-5.000000e-06	-4.582692e-05	2.688048e-18
2.000740122686575e-09	5.918869e-05	5.000000e-02	1.000000e-01	5.000000e-02	2.960491e-02	5.918760e-08	1.056093e-05	0.000000e+00	1.091924e-09	0.000000e+00	5.918869e-05	5.918760e-05	5.918869e-05	5.000000e-06	-5.000000e-06	-5.000000e-06	-5.918869e-05	4.295429e-18
2.000959716616011e-09	7.675240e-05	5.000000e-02	1.000000e-01	5.000000e-02	3.838867e-02	7.673751e-08	1.246142e-05	0.000000e+00	1.489204e-08	0.000000e+00	7.675240e-05	7.673752e-05	7.675240e-05	5.000000e-06	-5.000000e-06	-5.000000e-06	-7.675240e-05	6.803415e-18
2.001194155052138e-09	9.550423e-05	5.000000e-02	1.000000e-01	5.000000e-02	4.776620e-02	9.550312e-08	1.408447e-05	0.000000e+00	1.116937e-09	0.000000e+00	9.550423e-05	9.550312e-05	9.550423e-05	5.000000e-06	-5.000000e-06	-5.000000e-06	-9.550423e-05	9.887089e-18
2.001469443063508e-09	1.175243e-04	5.000000e-02	1.000000e-01	5.000000e-02	5.877772e-02	1.175094e-07	1.557190e-05	0.000000e+00	1.487091e-08	0.000000e+00	1.175243e-04	1.175094e-04	1.175243e-04	5.000000e-06	-5.000000e-06	-5.000000e-06	-1.175243e-04	1.392668e-17
2.001745810803382e-09	1.396314e-04	5.000000e-02	1.000000e-01	5.000000e-02	6.983243e-02	1.396303e-07	1.671293e-05	0.000000e+00	1.137378e-09	0.000000e+00	1.396314e-04	1.396303e-04	1.396314e-04	5.000000e-06	-5.000000e-06	-5.000000e-06	-1.396314e-04	1.833456e-17
2.002064660404160e-09	1.651374e-04	5.000000e-02	1.000000e-01	5.000000e-02	8.258642e-02	1.651226e-07	1.770351e-05	0.000000e+00	1.485278e-08	0.000000e+00	1.651374e-04	1.651226e-04	1.651374e-04	5.000000e-06	-5.000000e-06	-5.000000e-06	-1.651374e-04	2.374597e-17
2.002396761174183e-09	1.917040e-04	5.000000e-02	1.000000e-01	5.000000e-02	9.587045e-02	1.917028e-07	1.846127e-05	0.000000e+00	1.154561e-09	0.000000e+00	1.917040e-04	1.917028e-04	1.917040e-04	5.000000e-06	-5.000000e-06	-5.000000e-06	-1.917040e-04	2.965643e-17
2.002782884398966e-09	2.225926e-04	5.000000e-02	1.000000e-01	5.000000e-02	1.113154e-01	2.225777e-07	1.909492e-05	0.000000e+00	1.483770e-08	0.000000e+00	2.225926e-04	2.225777e-04	2.225926e-04	5.000000e-06	-5.000000e-06	-5.000000e-06	-2.225926e-04	3.677580e-17
2.003197065403810e-09	2.557261e-04	5.000000e-02	1.000000e-01	5.000000e-02	1.278826e-01	2.557249e-07	1.957065e-05	0.000000e+00	1.168446e-09	0.000000e+00	2.557261e-04	2.557249e-04	2.557261e-04	5.000000e-06	-5.000000e-06	-5.000000e-06	-2.557261e-04	4.461660e-17
2.003684083519340e-09	2.946868e-04	5.000000e-02	1.000000e-01	5.000000e-02	1.473633e-01	2.946719e-07	1.995500e-05	0.000000e+00	1.482563e-08	0.000000e+00	2.946868e-04	2.946719e-04	2.946868e-04	5.000000e-06	-5.000000e-06	-5.000000e-06	-2.946868e-04	5.401136e-17
2.004225054919640e-09	3.379639e-04	5.000000e-02	1.000000e-01	5.000000e-02	1.690022e-01	3.379627e-07	2.024381e-05	0.000000e+00	1.179202e-09	0.000000e+00	3.379639e-04	3.379627e-04	3.379639e-04	5.000000e-06	-5.000000e-06	-5.000000e-06	-3.379639e-04	6.458513e-17
2.004877341866474e-09	3.901464e-04	5.000000e-02	1.000000e-01	5.000000e-02	1.950937e-01	3.901316e-07	2.048192e-05	0.000000e+00	1.481647e-08	0.000000e+00	3.901464e-04	3.901316e-04	3.901464e-04	5.000000e-06	-5.000000e-06	-5.000000e-06	-3.901464e-04	7.744481e-17
2.005637272202786e-09	4.509404e-04	5.000000e-02	1.000000e-01	5.000000e-02	2.254909e-01	4.509392e-07	2.067929e-05	0.000000e+00	1.187012e-09	0.000000e+00	4.509404e-04	4.509392e-04	4.509404e-04	5.000000e-06	-5.000000e-06	-5.000000e-06	-4.509404e-04	9.250675e-17
2.006597715885585e-09	5.277755e-04	5.000000e-02	1.000000e-01	5.000000e-02	2.639086e-01	5.277607e-07	2.087275e-05	0.000000e+00	1.481007e-08	0.000000e+00	5.277755e-04	5.277607e-04	5.277755e-04	5.000000e-06	-5.000000e-06	-5.000000e-06	-5.277755e-04	1.115989e-16
2.007803820167394e-09	6.242634e-04	5.000000e-02	1.000000e-01	5.000000e-02	3.121528e-01	6.242623e-07	2.108161e-05	0.000000e+00	1.192118e-09	0.000000e+00	6.242634e-04	6.242623e-04	6.242634e-04	5.000000e-06	-5.000000e-06	-5.000000e-06	-6.242634e-04	1.356085e-16
2.009476113890329e-09	7.580464e-04	5.000000e-02	1.000000e-01	5.000000e-02	3.790446e-01	7.580316e-07	2.135347e-05	0.000000e+00	1.480619e-08	0.000000e+00	7.580464e-04	7.580316e-04	7.580464e-04	5.000000e-06	-5.000000e-06	-5.000000e-06	-7.580464e-04	1.689162e-16
2.011899517525113e-09	9.519179e-04	5.000000e-02	1.000000e-01	5.000000e-02	4.759807e-01	9.519167e-07	2.174096e-05	0.000000e+00	1.194871e-09	0.000000e+00	9.519179e-04	9.519167e-04	9.519179e-04	5.000000e-06	-5.000000e-06	-5.000000e-06	-9.519179e-04	2.171904e-16
2.016066621562526e-09	1.285285e-03	5.000000e-02	1.000000e-01	5.000000e-02	6.426648e-01	1.285270e-06	2.240629e-05	0.000000e+00	1.480441e-08	0.000000e+00	1.285285e-03	1.285270e-03	1.285285e-03	5.000000e-06	-5.000000e-06	-5.000000e-06	-1.285285e-03	3.002002e-16
2.020000000000000e-09	1.599954e-03	5.000000e-02	1.000000e-01	5.000000e-02	8.000000e-01	1.599953e-06	2.303441e-05	0.000000e+00	1.196216e-09	0.000000e+00	1.599954e-03	1.599953e-03	1.599954e-03	5.000000e-06	-5.000000e-06	-5.000000e-06	-1.599954e-03	3.785540e-16
2.020190175754028e-09	1.599961e-03	5.000000e-02	1.000000e-01	5.000000e-02	8.000000e-01	1.599962e-06	1.957780e-05	0.000000e+00	-1.186440e-09	0.000000e+00	1.599961e-03	1.599962e-03	1.599961e-03	5.000000e-06	-5.000000e-06	-5.000000e-06	-1.599961e-03	3.820124e-16
2.020388282785999e-09	1.599967e-03	5.000000e-02	1.000000e-01	5.000000e-02	8.000000e-01	1.599966e-06	1.661511e-05	0.000000e+00	1.190023e-09	0.000000e+00	1.599967e-03	1.599966e-03	1.599967e-03	5.000000e-06	-5.000000e-06	-5.000000e-06	-1.599967e-03	3.849766e-16
2.020579111018275e-09	1.599971e-03	5.000000e-02	1.000000e-01	5.000000e-02	8.000000e-01	1.599973e-06	1.426953e-05	0.000000e+00	-1.182619e-09	0.000000e+00	1.599971e-03	1.599973e-03	1.599971e-03	5.000000e-06	-5.000000e-06	-5.000000e-06	-1.599971e-03	3.873233e-16
2.020803390418393e-09	1.599976e-03	5.000000e-02	1.000000e-01	5.000000e-02	8.000000e-01	1.599975e-06	1.202888e-05	0.000000e+00	1.184505e-09	0.000000e+00	1.599976e-03	1.599975e-03	1.599976e-03	5.000000e-06	-5.000000e-06	-5.000000e-06	-1.599976e-03	3.895651e-16
2.021027615461500e-09	1.599979e-03	5.000000e-02	1.000000e-01	5.000000e-02	8.000000e-01	1.599981e-06	1.024190e-05	0.000000e+00	-1.179209e-09	0.000000e+00	1.599979e-03	1.599981e-03	1.599979e-03	5.000000e-06	-5.000000e-06	-5.000000e-06	-1.599979e-03	3.913530e-16
2.021284348671545e-09	1.599983e-03	5.000000e-02	1.000000e-01	5.000000e-02	8.000000e-01	1.599982e-06	8.633255e-06	0.000000e+00	1.179877e-09	0.000000e+00	1.599983e-03	1.599982e-03	1.599983e-03	5.000000e-06	-5.000000e-06	-5.000000e-06	-1.599983e-03	3.929624e-16
2.021545882526925e-09	1.599985e-03	5.000000e-02	1.000000e-01	5.000000e-02	8.000000e-01	1.599986e-06	7.371235e-06	0.000000e+00	-1.176145e-09	0.000000e+00	1.599985e-03	1.599986e-03	1.599985e-03	5.000000e-06	-5.000000e-06	-5.000000e-06	-1.599985e-03	3.942251e-16
2.021844592097954e-09	1.599987e-03	5.000000e-02	1.000000e-01	5.000000e-02	8.000000e-01	1.599986e-06	6.282192e-06	0.000000e+00	1.176029e-09	0.000000e+00	1.599987e-03	1.599986e-03	1.599987e-03	5.000000e-06	-5.000000e-06	-5.000000e-06	-1.599987e-03	3.953146e-16
2.022156682902340e-09	1.599989e-03	5.000000e-02	1.000000e-01	5.000000e-02	8.000000e-01	1.599990e-06	5.445865e-06	0.000000e+00	-1.173451e-09	0.000000e+00	1.599989e-03	1.599990e-03	1.599989e-03	5.000000e-06	-5.000000e-06	-5.000000e-06	-1.599989e-03	3.961514e-16
2.022514402309923e-09	1.599991e-03	5.000000e-02	1.000000e-01	5.000000e-02	8.000000e-01	1.599989e-06	4.760400e-06	0.000000e+00	1.172906e-09	0.000000e+00	1.599991e-03	1.599989e-03	1.599991e-03	5.000000e-06	-5.000000e-06	-5.000000e-06	-1.599991e-03	3.968372e-16
2.022897877407465e-09	1.599991e-03	5.000000e-02	1.000000e-01	5.000000e-02	8.000000e-01	1.599993e-06	4.254764e-06	0.000000e+00	-1.171156e-09	0.000000e+00	1.599991e-03	1.599993e-03	1.599991e-03	5.000000e-06	-5.000000e-06	-5.000000e-06	-1.599991e-03	3.973431e-16
2.023342258074042e-09	1.599992e-03	5.000000e-02	1.000000e-01	5.000000e-02	8.000000e-01	1.599991e-06	3.867830e-06	0.000000e+00	1.170450e-09	0.000000e+00	1.599992e-03	1.599991e-03	1.599992e-03	5.000000e-06	-5.000000e-06	-5.000000e-06	-1.599992e-03	3.977302e-16
2.023833370762701e-09	1.599993e-03	5.000000e-02	1.000000e-01	5.000000e-02	8.000000e-01	1.599994e-06	3.601247e-06	0.000000e+00	-1.169280e-09	0.000000e+00	1.599993e-03	1.599994e-03	1.599993e-03	5.000000e-06	-5.000000e-06	-5.000000e-06	-1.599993e-03	3.979970e-16
2.024414967291858e-09	1.599993e-03	5.000000e-02	1.000000e-01	5.000000e-02	8.000000e-01	1.599992e-06	3.417079e-06	0.000000e+00	1.168603e-09	0.000000e+00	1.599993e-03	1.599992e-03	1.599993e-03	5.000000e-06	-5.000000e-06	-5.000000e-06	-1.599993e-03	3.981812e-16
2.025084277290459e-09	1.599993e-03	5.000000e-02	1.000000e-01	5.000000e-02	8.000000e-01	1.599995e-06	3.304722e-06	0.000000e+00	-1.167838e-09	0.000000e+00	1.599993e-03	1.599995e-03	1.599993e-03	5.000000e-06	-5.000000e-06	-5.000000e-06	-1.599993e-03	3.982936e-16
2.025908532484762e-09	1.599994e-03	5.000000e-02	1.000000e-01	5.000000e-02	8.000000e-01	1.599992e-06	3.239706e-06	0.000000e+00	1.167303e-09	0.000000e+00	1.599994e-03	1.599992e-03	1.599994e-03	5.000000e-06	-5.000000e-06	-5.000000e-06	-1.599994e-03	3.983587e-16
2.026917262998518e-09	1.599994e-03	5.000000e-02	1.000000e-01	5.000000e-02	8.000000e-01	1.599995e-06	3.208728e-06	0.000000e+00	-1.166828e-09	0.000000e+00	1.599994e-03	1.599995e-03	1.599994e-03	5.000000e-06	-5.000000e-06	-5.000000e-06	-1.599994e-03	3.983897e-16
2.028253823476568e-09	1.599994e-03	5.000000e-02	1.000000e-01	5.000000e-02	8.000000e-01	1.599992e-06	3.196591e-06	0.000000e+00	1.166482e-09	0.000000e+00	1.599994e-03	1.599992e-03	1.599994e-03	5.000000e-06	-5.000000e-06	-5.000000e-06	-1.599994e-03	3.984018e-16
2.030080246696811e-09	1.599994e-03	5.000000e-02	1.000000e-01	5.000000e-02	8.000000e-01	1.599995e-06	3.193744e-06	0.000000e+00	-1.166226e-09	0.000000e+00	1.599994e-03	1.599995e-03	1.599994e-03	5.000000e-06	-5.000000e-06	-5.000000e-06	-1.599994e-03	3.984046e-16
2.032909098946649e-09	1.599994e-03	5.000000e-02	1.000000e-01	5.000000e-02	8.000000e-01	1.599992e-06	3.193589e-06	0.000000e+00	1.166061e-09	0.000000e+00	1.599994e-03	1.599992e-03	1.599994e-03	5.000000e-06	-5.000000e-06	-5.000000e-06	-1.599994e-03	3.984048e-16
2.037883417010199e-09	1.599994e-03	5.000000e-02	1.000000e-01	5.000000e-02	8.000000e-01	1.599995e-06	3.193624e-06	0.000000e+00	-1.165967e-09	0.000000e+00	1.599994e-03	1.599995e-03	1.599994e-03	5.000000e-06	-5.000000e-06	-5.000000e-06	-1.599994e-03	3.984048e-16
2.047832053137300e-09	1.599994e-03	5.000000e-02	1.000000e-01	5.000000e-02	8.000000e-01	1.599992e-06	3.193605e-06	0.000000e+00	1.165920e-09	0.000000e+00	1.599994e-03	1.599992e-03	1.599994e-03	5.000000e-06	-5.000000e-06	-5.000000e-06	-1.599994e-03	3.984048e-16
2.067363303137300e-09	1.599994e-03	5.000000e-02	1.000000e-01	5.000000e-02	8.000000e-01	1.599995e-06	3.193619e-06	0.000000e+00	-1.165897e-09	0.000000e+00	1.599994e-03	1.599995e-03	1.599994e-03	5.000000e-06	-5.000000e-06	-5.000000e-06	-1.599994e-03	3.984048e-16
2.086894553137300e-09	1.599994e-03	5.000000e-02	1.000000e-01	5.000000e-02	8.000000e-01	1.599992e-06	3.193607e-06	0.000000e+00	1.165873e-09	0.000000e+00	1.599994e-03	1.599992e-03	1.599994e-03	5.000000e-06	-5.000000e-06	-5.000000e-06	-1.599994e-03	3.984048e-16
2.106425803137300e-09	1.599994e-03	5.000000e-02	1.000000e-01	5.000000e-02	8.000000e-01	1.599995e-06	3.193617e-06	0.000000e+00	-1.165849e-09	0.000000e+00	1.599994e-03	1.599995e-03	1.599994e-03	5.000000e-06	-5.000000e-06	-5.000000e-06	-1.599994e-03	3.984048e-16
2.125957053137299e-09	1.599994e-03	5.000000e-02	1.000000e-01	5.000000e-02	8.000000e-01	1.599992e-06	3.193609e-06	0.000000e+00	1.165825e-09	0.000000e+00	1.599994e-03	1.599992e-03	1.599994e-03	5.000000e-06	-5.000000e-06	-5.000000e-06	-1.599994e-03	3.984048e-16
2.145488303137299e-09	1.599994e-03	5.000000e-02	1.000000e-01	5.000000e-02	8.000000e-01	1.599995e-06	3.193616e-06	0.000000e+00	-1.165801e-09	0.000000e+00	1.599994e-03	1.599995e-03	1.599994e-03	5.000000e-06	-5.000000e-06	-5.000000e-06	-1.599994e-03	3.984048e-16
2.165019553137299e-09	1.599994e-03	5.000000e-02	1.000000e-01	5.000000e-02	8.000000e-01	1.599992e-06	3.193610e-06	0.000000e+00	1.165777e-09	0.000000e+00	1.599994e-03	1.599992e-03	1.599994e-03	5.000000e-06	-5.000000e-06	-5.000000e-06	-1.599994e-03	3.984048e-16
2.184550803137299e-09	1.599994e-03	5.000000e-02	1.000000e-01	5.000000e-02	8.000000e-01	1.599995e-06	3.193615e-06	0.000000e+00	-1.165753e-09	0.000000e+00	1.599994e-03	1.599995e-03	1.599994e-03	5.000000e-06	-5.000000e-06	-5.000000e-06	-1.599994e-03	3.984048e-16
2.204082053137299e-09	1.599994e-03	5.000000e-02	1.000000e-01	5.000000e-02	8.000000e-01	1.599992e-06	3.193610e-06	0.000000e+00	1.165730e-09	0.000000e+00	1.599994e-03	1.599992e-03	1.599994e-03	5.000000e-06	-5.000000e-06	-5.000000e-06	-1.599994e-03	3.984048e-16
2.223613303137299e-09	1.599994e-03	5.000000e-02	1.000000e-01	5.000000e-02	8.000000e-01	1.599995e-06	3.193615e-06	0.000000e+00	-1.165706e-09	0.000000e+00	1.599994e-03	1.599995e-03	1.599994e-03	5.000000e-06	-5.000000e-06	-5.000000e-06	-1.599994e-03	3.984048e-16
2.243144553137298e-09	1.599994e-03	5.000000e-02	1.000000e-01	5.000000e-02	8.000000e-01	1.599992e-06	3.193611e-06	0.000000e+00	1.165682e-09	0.000000e+00	1.599994e-03	1.599992e-03	1.599994e-03	5.000000e-06	-5.000000e-06	-5.000000e-06	-1.599994e-03	3.984048e-16
2.262675803137298e-09	1.599994e-03	5.000000e-02	1.000000e-01	5.000000e-02	8.000000e-01	1.599995e-06	3.193615e-06	0.000000e+00	-1.165658e-09	0.000000e+00	1.599994e-03	1.599995e-03	1.599994e-03	5.000000e-06	-5.000000e-06	-5.000000e-06	-1.599994e-03	3.984048e-16
2.282207053137298e-09	1.599994e-03	5.000000e-02	1.000000e-01	5.000000e-02	8.000000e-01	1.599992e-06	3.193611e-06	0.000000e+00	1.165634e-09	0.000000e+00	1.599994e-03	1.599992e-03	1.599994e-03	5.000000e-06	-5.000000e-06	-5.000000e-06	-1.599994e-03	3.984048e-16
2.301738303137298e-09	1.599994e-03	5.000000e-02	1.000000e-01	5.000000e-02	8.000000e-01	1.599995e-06	3.193614e-06	0.000000e+00	-1.165610e-09	0.000000e+00	1.599994e-03	1.599995e-03	1.599994e-03	5.000000e-06	-5.000000e-06	-5.000000e-06	-1.599994e-03	3.984048e-16
2.321269553137298e-09	1.599994e-03	5.000000e-02	1.000000e-01	5.000000e-02	8.000000e-01	1.599992e-06	3.193611e-06	0.000000e+00	1.165586e-09	0.000000e+00	1.599994e-03	1.599992e-03	1.599994e-03	5.000000e-06	-5.000000e-06	-5.000000e-06	-1.599994e-03	3.984048e-16
2.340800803137297e-09	1.599994e-03	5.000000e-02	1.000000e-01	5.000000e-02	8.000000e-01	1.599995e-06	3.193614e-06	0.000000e+00	-1.165562e-09	0.000000e+00	1.599994e-03	1.599995e-03	1.599994e-03	5.000000e-06	-5.000000e-06	-5.000000e-06	-1.599994e-03	3.984048e-16
2.360332053137297e-09	1.599994e-03	5.000000e-02	1.000000e-01	5.000000e-02	8.000000e-01	1.599992e-06	3.193611e-06	0.000000e+00	1.165539e-09	0.000000e+00	1.599994e-03	1.599992e-03	1.599994e-03	5.000000e-06	-5.000000e-06	-5.000000e-06	-1.599994e-03	3.984048e-16
2.379863303137297e-09	1.599994e-03	5.000000e-02	1.000000e-01	5.000000e-02	8.000000e-01	1.599995e-06	3.193614e-06	0.000000e+00	-1.165515e-09	0.000000e+00	1.599994e-03	1.599995e-03	1.599994e-03	5.000000e-06	-5.000000e-06	-5.000000e-06	-1.599994e-03	3.984048e-16
2.399394553137297e-09	1.599994e-03	5.000000e-02	1.000000e-01	5.000000e-02	8.000000e-01	1.599992e-06	3.193612e-06	0.000000e+00	1.165491e-09	0.000000e+00	1.599994e-03	1.599992e-03	1.599994e-03	5.000000e-06	-5.000000e-06	-5.000000e-06	-1.599994e-03	3.984048e-16
2.418925803137297e-09	1.599994e-03	5.000000e-02	1.000000e-01	5.000000e-02	8.000000e-01	1.599995e-06	3.193614e-06	0.000000e+00	-1.165467e-09	0.000000e+00	1.599994e-03	1.599995e-03	1.599994e-03	5.000000e-06	-5.000000e-06	-5.000000e-06	-1.599994e-03	3.984048e-16
2.438457053137296e-09	1.599994e-03	5.000000e-02	1.000000e-01	5.000000e-02	8.000000e-01	1.599992e-06	3.193612e-06	0.000000e+00	1.165443e-09	0.000000e+00	1.599994e-03	1.599992e-03	1.599994e-03	5.000000e-06	-5.000000e-06	-5.000000e-06	-1.599994e-03	3.984048e-16
2.457988303137296e-09	1.599994e-03	5.000000e-02	1.000000e-01	5.000000e-02	8.000000e-01	1.599995e-06	3.193614e-06	0.000000e+00	-1.165419e-09	0.000000e+00	1.599994e-03	1.599995e-03	1.599994e-03	5.000000e-06	-5.000000e-06	-5.000000e-06	-1.599994e-03	3.984048e-16
2.477519553137296e-09	1.599994e-03	5.000000e-02	1.000000e-01	5.000000e-02	8.000000e-01	1.599992e-06	3.193612e-06	0.000000e+00	1.165395e-09	0.000000e+00	1.599994e-03	1.599992e-03	1.599994e-03	5.000000e-06	-5.000000e-06	-5.000000e-06	-1.599994e-03	3.984048e-16
2.497050803137296e-09	1.599994e-03	5.000000e-02	1.000000e-01	5.000000e-02	8.000000e-01	1.599995e-06	3.193614e-06	0.000000e+00	-1.165371e-09	0.000000e+00	1.599994e-03	1.599995e-03	1.599994e-03	5.000000e-06	-5.000000e-06	-5.000000e-06	-1.599994e-03	3.984048e-16
2.516582053137296e-09	1.599994e-03	5.000000e-02	1.000000e-01	5.000000e-02	8.000000e-01	1.599992e-06	3.193612e-06	0.000000e+00	1.165348e-09	0.000000e+00	1.599994e-03	1.599992e-03	1.599994e-03	5.000000e-06	-5.000000e-06	-5.000000e-06	-1.599994e-03	3.984048e-16
2.520000000000000e-09	1.599994e-03	5.000000e-02	1.000000e-01	5.000000e-02	8.000000e-01	1.599995e-06	3.193614e-06	0.000000e+00	-1.165211e-09	0.000000e+00	1.599994e-03	1.599995e-03	1.599994e-03	5.000000e-06	-5.000000e-06	-5.000000e-06	-1.599994e-03	3.984048e-16
2.520257436929488e-09	1.579408e-03	5.000000e-02	1.000000e-01	5.000000e-02	7.897025e-01	1.579423e-06	-1.386776e-06	0.000000e+00	-1.481707e-08	0.000000e+00	1.579408e-03	1.579423e-03	1.579408e-03	5.000000e-06	-5.000000e-06	-5.000000e-06	-1.579408e-03	3.978182e-16
2.520431938054216e-09	1.565453e-03	5.000000e-02	1.000000e-01	5.000000e-02	7.827225e-01	1.565454e-06	-3.878412e-06	0.000000e+00	-1.192838e-09	0.000000e+00	1.565453e-03	1.565454e-03	1.565453e-03	5.000000e-06	-5.000000e-06	-5.000000e-06	-1.565453e-03	3.968070e-16
2.520614889720275e-09	1.550821e-03	5.000000e-02	1.000000e-01	5.000000e-02	7.754044e-01	1.550836e-06	-6.066356e-06	0.000000e+00	-1.478752e-08	0.000000e+00	1.550821e-03	1.550836e-03	1.550821e-03	5.000000e-06	-5.000000e-06	-5.000000e-06	-1.550821e-03	3.953224e-16
2.520836178448217e-09	1.533122e-03	5.000000e-02	1.000000e-01	5.000000e-02	7.665529e-01	1.533123e-06	-8.236130e-06	0.000000e+00	-1.220822e-09	0.000000e+00	1.533122e-03	1.533123e-03	1.533122e-03	5.000000e-06	-5.000000e-06	-5.000000e-06	-1.533122e-03	3.930498e-16
2.521068759063782e-09	1.514519e-03	5.000000e-02	1.000000e-01	5.000000e-02	7.572497e-01	1.514534e-06	-1.005911e-05	0.000000e+00	-1.476440e-08	0.000000e+00	1.514519e-03	1.514534e-03	1.514519e-03	5.000000e-06	-5.000000e-06	-5.000000e-06	-1.514519e-03	3.902035e-16
2.521325696474540e-09	1.493968e-03	5.000000e-02	1.000000e-01	5.000000e-02	7.469721e-01	1.493969e-06	-1.164379e-05	0.000000e+00	-1.243661e-09	0.000000e+00	1.493968e-03	1.493969e-03	1.493968e-03	5.000000e-06	-5.000000e-06	-5.000000e-06	-1.493968e-03	3.866296e-16
2.521594102840372e-09	1.472498e-03	5.000000e-02	1.000000e-01	5.000000e-02	7.362359e-01	1.472512e-06	-1.292458e-05	0.000000e+00	-1.474437e-08	0.000000e+00	1.472498e-03	1.472512e-03	1.472498e-03	5.000000e-06	-5.000000e-06	-5.000000e-06	-1.472498e-03	3.825215e-16
2.521893427762149e-09	1.448554e-03	5.000000e-02	1.000000e-01	5.000000e-02	7.242629e-01	1.448555e-06	-1.401103e-05	0.000000e+00	-1.263186e-09	0.000000e+00	1.448554e-03	1.448555e-03	1.448554e-03	5.000000e-06	-5.000000e-06	-5.000000e-06	-1.448554e-03	3.775980e-16
2.522213610109619e-09	1.422941e-03	5.000000e-02	1.000000e-01	5.000000e-02	7.114556e-01	1.422956e-06	-1.487560e-05	0.000000e+00	-1.472732e-08	0.000000e+00	1.422941e-03	1.422956e-03	1.422941e-03	5.000000e-06	-5.000000e-06	-5.000000e-06	-1.422941e-03	3.720338e-16
2.522574081746659e-09	1.394105e-03	5.000000e-02	1.000000e-01	5.000000e-02	6.970367e-01	1.394106e-06	-1.558414e-05	0.000000e+00	-1.279351e-09	0.000000e+00	1.394105e-03	1.394106e-03	1.394105e-03	5.000000e-06	-5.000000e-06	-5.000000e-06	-1.394105e-03	3.655044e-16
2.522967875184812e-09	1.362602e-03	5.000000e-02	1.000000e-01	5.000000e-02	6.812850e-01	1.362617e-06	-1.613341e-05	0.000000e+00	-1.471327e-08	0.000000e+00	1.362602e-03	1.362617e-03	1.362602e-03	5.000000e-06	-5.000000e-06	-5.000000e-06	-1.362602e-03	3.581466e-16
2.523418078581675e-09	1.326587e-03	5.000000e-02	1.000000e-01	5.000000e-02	6.632769e-01	1.326588e-06	-1.656930e-05	0.000000e+00	-1.292307e-09	0.000000e+00	1.326587e-03	1.326588e-03	1.326587e-03	5.000000e-06	-5.000000e-06	-5.000000e-06	-1.326587e-03	3.495426e-16
2.523923689715910e-09	1.286139e-03	5.000000e-02	1.000000e-01	5.000000e-02	6.430524e-01	1.286153e-06	-1.690244e-05	0.000000e+00	-1.470212e-08	0.000000e+00	1.286139e-03	1.286153e-03	1.286139e-03	5.000000e-06	-5.000000e-06	-5.000000e-06	-1.286139e-03	3.397232e-16
2.524516864274687e-09	1.238685e-03	5.000000e-02	1.000000e-01	5.000000e-02	6.193254e-01	1.238687e-06	-1.716748e-05	0.000000e+00	-1.302214e-09	0.000000e+00	1.238685e-03	1.238686e-03	1.238685e-03	5.000000e-06	-5.000000e-06	-5.000000e-06	-1.238685e-03	3.280775e-16
2.525209575218279e-09	1.183269e-03	5.000000e-02	1.000000e-01	5.000000e-02	5.916170e-01	1.183283e-06	-1.738174e-05	0.000000e+00	-1.469380e-08	0.000000e+00	1.183269e-03	1.183283e-03	1.183269e-03	5.000000e-06	-5.000000e-06	-5.000000e-06	-1.183269e-03	3.143822e-16
2.526058284622311e-09	1.115372e-03	5.000000e-02	1.000000e-01	5.000000e-02	5.576686e-01	1.115374e-06	-1.757539e-05	0.000000e+00	-1.309267e-09	0.000000e+00	1.115372e-03	1.115374e-03	1.115372e-03	5.000000e-06	-5.000000e-06	-5.000000e-06	-1.115372e-03	2.975339e-16
2.527112921120907e-09	1.031002e-03	5.000000e-02	1.000000e-01	5.000000e-02	5.154831e-01	1.031016e-06	-1.777090e-05	0.000000e+00	-1.468812e-08	0.000000e+00	1.031002e-03	1.031017e-03	1.031002e-03	5.000000e-06	-5.000000e-06	-5.000000e-06	-1.031002e-03	2.765524e-16
2.528511375901057e-09	9.191259e-04	5.000000e-02	1.000000e-01	5.000000e-02	4.595450e-01	9.191273e-07	-1.800417e-05	0.000000e+00	-1.313725e-09	0.000000e+00	9.191259e-04	9.191273e-04	9.191259e-04	5.000000e-06	-5.000000e-06	-5.000000e-06	-9.191259e-04	2.487048e-16
2.530461834656585e-09	7.630899e-04	5.000000e-02	1.000000e-01	5.000000e-02	3.815266e-01	7.631045e-07	-1.831770e-05	0.000000e+00	-1.468484e-08	0.000000e+00	7.630899e-04	7.631045e-04	7.630899e-04	5.000000e-06	-5.000000e-06	-5.000000e-06	-7.630899e-04	2.098533e-16
2.533523616102448e-09	5.181483e-04	5.000000e-02	1.000000e-01	5.000000e-02	2.590553e-01	5.181496e-07	-1.880665e-05	0.000000e+00	-1.315969e-09	0.000000e+00	5.181483e-04	5.181496e-04	5.181483e-04	5.000000e-06	-5.000000e-06	-5.000000e-06	-5.181483e-04	1.488619e-16
2.539140790273214e-09	6.877619e-05	5.000000e-02	1.000000e-01	5.000000e-02	3.436839e-02	6.879087e-08	-1.970358e-05	0.000000e+00	-1.468349e-08	0.000000e+00	6.877619e-05	6.879087e-05	6.877619e-05	5.000000e-06	-5.000000e-06	-5.000000e-06	-6.877619e-05	3.696642e-17
2.540000000000000e-09	3.968159e-08	5.000000e-02	1.000000e-01	5.000000e-02	1.099121e-14	4.100114e-11	-1.984079e-05	0.000000e+00	-1.319556e-09	0.000000e+00	3.968159e-08	4.100114e-08	3.968159e-08	5.000000e-06	-5.000000e-06	-5.000000e-06	-3.968159e-08	1.985076e-17
2.540161886498544e-09	-3.371948e-08	5.000000e-02	1.000000e-01	5.000000e-02	0.000000e+00	3.241053e-11	-1.685974e-05	0.000000e+00	1.308943e-09	0.000000e+00	3.371948e-08	3.241053e-08	3.371948e-08	5.000000e-06	-5.000000e-06	-5.000000e-06	-3.371948e-08	1.686820e-17
2.540285855894826e-09	2.977030e-08	5.000000e-02	1.000000e-01	5.000000e-02	0.000000e+00	3.108139e-11	-1.488515e-05	0.000000e+00	-1.311087e-09	0.000000e+00	2.977030e-08	3.108139e-08	2.977030e-08	5.000000e-06	-5.000000e-06	-5.000000e-06	-2.977030e-08	1.489262e-17
2.540460872007912e-09	2.496386e-08	5.000000e-02	1.000000e-01	5.000000e-02	0.000000e+00	2.366125e-11	-1.248193e-05	0.000000e+00	1.302608e-09	0.000000e+00	2.496386e-08	2.366125e-08	2.496386e-08	5.000000e-06	-5.000000e-06	-5.000000e-06	-2.496386e-08	1.248820e-17
2.540677048797101e-09	2.007828e-08	5.000000e-02	1.000000e-01	5.000000e-02	0.000000e+00	2.138300e-11	-1.003914e-05	0.000000e+00	-1.304716e-09	0.000000e+00	2.007828e-08	2.138300e-08	2.007828e-08	5.000000e-06	-5.000000e-06	-5.000000e-06	-2.007828e-08	1.004418e-17
2.540901851704237e-09	1.600795e-08	5.000000e-02	1.000000e-01	5.000000e-02	0.000000e+00	1.470917e-11	-8.003973e-06	0.000000e+00	1.298778e-09	0.000000e+00	1.600795e-08	1.470917e-08	1.600795e-08	5.000000e-06	-5.000000e-06	-5.000000e-06	-1.600795e-08	8.007989e-18
2.541144052877998e-09	1.253881e-08	5.000000e-02	1.000000e-01	5.000000e-02	0.000000e+00	1.383831e-11	-6.269406e-06	0.000000e+00	-1.299497e-09	0.000000e+00	1.253881e-08	1.383831e-08	1.253881e-08	5.000000e-06	-5.000000e-06	-5.000000e-06	-1.253881e-08	6.272554e-18
2.541398531130350e-09	9.699348e-09	5.000000e-02	1.000000e-01	5.000000e-02	0.000000e+00	8.404122e-12	-4.849674e-06	0.000000e+00	1.295226e-09	0.000000e+00	9.699348e-09	8.404122e-09	9.699348e-09	5.000000e-06	-5.000000e-06	-5.000000e-06	-9.699348e-09	4.852107e-18
2.541679139211871e-09	7.305187e-09	5.000000e-02	1.000000e-01	5.000000e-02	0.000000e+00	8.600273e-12	-3.652593e-06	0.000000e+00	-1.295087e-09	0.000000e+00	7.305187e-09	8.600273e-09	7.305187e-09	5.000000e-06	-5.000000e-06	-5.000000e-06	-7.305187e-09	3.654429e-18
2.541980279440361e-09	5.387381e-09	5.000000e-02	1.000000e-01	5.000000e-02	0.000000e+00	4.095287e-12	-2.693691e-06	0.000000e+00	1.292095e-09	0.000000e+00	5.387381e-09	4.095287e-09	5.387381e-09	5.000000e-06	-5.000000e-06	-5.000000e-06	-5.387381e-09	2.695041e-18
2.542315075283451e-09	3.837710e-09	5.000000e-02	1.000000e-01	5.000000e-02	0.000000e+00	5.129187e-12	-1.918855e-06	0.000000e+00	-1.291477e-09	0.000000e+00	3.837710e-09	5.129187e-09	3.837710e-09	5.000000e-06	-5.000000e-06	-5.000000e-06	-3.837710e-09	1.919819e-18
2.542680568202347e-09	2.648275e-09	5.000000e-02	1.000000e-01	5.000000e-02	0.000000e+00	1.358861e-12	-1.324138e-06	0.000000e+00	1.289414e-09	0.000000e+00	2.648275e-09	1.358861e-09	2.648275e-09	5.000000e-06	-5.000000e-06	-5.000000e-06	-2.648275e-09	1.324801e-18
2.543092869258812e-09	1.740380e-09	5.000000e-02	1.000000e-01	5.000000e-02	0.000000e+00	3.028984e-12	-8.701899e-07	0.000000e+00	-1.288604e-09	0.000000e+00	1.740380e-09	3.028984e-09	1.740380e-09	5.000000e-06	-5.000000e-06	-5.000000e-06	-1.740380e-09	8.706281e-19
2.543553720521784e-09	1.086678e-09	5.000000e-02	1.000000e-01	5.000000e-02	0.000000e+00	-2.005240e-13	-5.433391e-07	0.000000e+00	1.287202e-09	0.000000e+00	1.086678e-09	-2.005240e-10	1.086678e-09	5.000000e-06	-5.000000e-06	-5.000000e-06	-1.086678e-09	5.436106e-19
2.544085713163476e-09	6.287723e-10	5.000000e-02	1.000000e-01	5.000000e-02	0.000000e+00	1.915179e-12	-3.143862e-07	0.000000e+00	-1.286407e-09	0.000000e+00	6.287723e-10	1.915179e-09	6.287723e-10	5.000000e-06	-5.000000e-06	-5.000000e-06	-6.287723e-10	3.145453e-19
2.544700203025333e-09	3.324218e-10	5.000000e-02	1.000000e-01	5.000000e-02	0.000000e+00	-9.530514e-13	-1.662109e-07	0.000000e+00	1.285473e-09	0.000000e+00	3.324218e-10	-9.530515e-10	3.324218e-10	5.000000e-06	-5.000000e-06	-5.000000e-06	-3.324218e-10	1.662930e-19
2.545436187240260e-09	1.531168e-10	5.000000e-02	1.000000e-01	5.000000e-02	0.000000e+00	1.437940e-12	-7.655842e-08	0.000000e+00	-1.284823e-09	0.000000e+00	1.531168e-10	1.437940e-09	1.531168e-10	5.000000e-06	-5.000000e-06	-5.000000e-06	-1.531168e-10	7.659814e-20
2.546330662341175e-09	5.825684e-11	5.000000e-02	1.000000e-01	5.000000e-02	0.000000e+00	-1.225971e-12	-2.912842e-08	0.000000e+00	1.284228e-09	0.000000e+00	5.825684e-11	-1.225971e-09	5.825684e-11	5.000000e-06	-5.000000e-06	-5.000000e-06	-5.825684e-11	2.914176e-20
2.547472502289396e-09	1.581474e-11	5.000000e-02	1.000000e-01	5.000000e-02	0.000000e+00	1.299600e-12	-7.907370e-09	0.000000e+00	-1.283786e-09	0.000000e+00	1.581474e-11	1.299600e-09	1.581474e-11	5.000000e-06	-5.000000e-06	-5.000000e-06	-1.581474e-11	7.912623e-21
2.548990657771506e-09	2.141773e-12	5.000000e-02	1.000000e-01	5.000000e-02	0.000000e+00	-1.281304e-12	-1.070886e-09	0.000000e+00	1.283445e-09	0.000000e+00	2.141773e-12	-1.281304e-09	2.141773e-12	5.000000e-06	-5.000000e-06	-5.000000e-06	-2.141773e-12	1.070140e-21
2.551188832479673e-09	-1.072750e-13	5.000000e-02	1.000000e-01	5.000000e-02	0.000000e+00	1.283105e-12	5.363752e-11	0.000000e+00	-1.283212e-09	0.000000e+00	-1.072750e-13	1.283105e-09	-1.072750e-13	5.000000e-06	-5.000000e-06	-5.000000e-06	1.072750e-13	-5.238124e-23
2.554734261539237e-09	-3.191459e-14	5.000000e-02	1.000000e-01	5.000000e-02	0.000000e+00	-1.283036e-12	-1.595730e-11	0.000000e+00	1.283067e-09	0.000000e+00	3.191459e-14	-1.283035e-09	3.191459e-14	5.000000e-06	-5.000000e-06	-5.000000e-06	-3.191459e-14	1.468224e-23
2.561805211092809e-09	-1.900736e-14	5.000000e-02	1.000000e-01	5.000000e-02	0.000000e+00	1.282976e-12	9.503681e-12	0.000000e+00	-1.282995e-09	0.000000e+00	-1.900736e-14	1.282976e-09	-1.900736e-14	5.000000e-06	-5.000000e-06	-5.000000e-06	1.900736e-14	-8.225457e-24
2.575947110199952e-09	-1.494522e-14	5.000000e-02	1.000000e-01	5.000000e-02	0.000000e+00	-1.282944e-12	-7.472608e-12	0.000000e+00	1.282959e-09	0.000000e+00	1.494522e-14	-1.282944e-09	1.494522e-14	5.000000e-06	-5.000000e-06	-5.000000e-06	-1.494522e-14	6.193401e-24
2.595478360199951e-09	-1.265242e-14	5.000000e-02	1.000000e-01	5.000000e-02	0.000000e+00	1.282920e-12	6.326211e-12	0.000000e+00	-1.282932e-09	0.000000e+00	-1.265242e-14	1.282920e-09	-1.265242e-14	5.000000e-06	-5.000000e-06	-5.000000e-06	1.265242e-14	-5.046454e-24
2.615009610199951e-09	-1.078422e-14	5.000000e-02	1.000000e-01	5.000000e-02	0.000000e+00	-1.282895e-12	-5.392108e-12	0.000000e+00	1.282906e-09	0.000000e+00	1.078422e-14	-1.282895e-09	1.078422e-14	5.000000e-06	-5.000000e-06	-5.000000e-06	-1.078422e-14	4.111909e-24
2.634540860199951e-09	-9.261972e-15	5.000000e-02	1.000000e-01	5.000000e-02	0.000000e+00	1.282871e-12	4.630986e-12	0.000000e+00	-1.282880e-09	0.000000e+00	-9.261972e-15	1.282870e-09	-9.261972e-15	5.000000e-06	-5.000000e-06	-5.000000e-06	9.261972e-15	-3.350431e-24
2.654072110199951e-09	-8.021619e-15	5.000000e-02	1.000000e-01	5.000000e-02	0.000000e+00	-1.282845e-12	-4.010809e-12	0.000000e+00	1.282853e-09	0.000000e+00	8.021619e-15	-1.282845e-09	8.021619e-15	5.000000e-06	-5.000000e-06	-5.000000e-06	-8.021619e-15	2.729970e-24
2.673603360199951e-09	-7.010956e-15	5.000000e-02	1.000000e-01	5.000000e-02	0.000000e+00	1.282820e-12	3.505478e-12	0.000000e+00	-1.282827e-09	0.000000e+00	-7.010956e-15	1.282820e-09	-7.010956e-15	5.000000e-06	-5.000000e-06	-5.000000e-06	7.010956e-15	-2.224411e-24
2.693134610199950e-09	-6.187447e-15	5.000000e-02	1.000000e-01	5.000000e-02	0.000000e+00	-1.282795e-12	-3.093723e-12	0.000000e+00	1.282801e-09	0.000000e+00	6.187447e-15	-1.282795e-09	6.187447e-15	5.000000e-06	-5.000000e-06	-5.000000e-06	-6.187447e-15	1.812475e-24
2.712665860199950e-09	-5.516432e-15	5.000000e-02	1.000000e-01	5.000000e-02	0.000000e+00	1.282769e-12	2.758216e-12	0.000000e+00	-1.282775e-09	0.000000e+00	-5.516432e-15	1.282769e-09	-5.516432e-15	5.000000e-06	-5.000000e-06	-5.000000e-06	5.516432e-15	-1.476826e-24
2.732197110199950e-09	-4.969671e-15	5.000000e-02	1.000000e-01	5.000000e-02	0.000000e+00	-1.282743e-12	-2.484836e-12	0.000000e+00	1.282748e-09	0.000000e+00	4.969671e-15	-1.282743e-09	4.969671e-15	5.000000e-06	-5.000000e-06	-5.000000e-06	-4.969671e-15	1.203335e-24
2.751728360199950e-09	-4.524155e-15	5.000000e-02	1.000000e-01	5.000000e-02	0.000000e+00	1.282718e-12	2.262077e-12	0.000000e+00	-1.282722e-09	0.000000e+00	-4.524155e-15	1.282718e-09	-4.524155e-15	5.000000e-06	-5.000000e-06	-5.000000e-06	4.524155e-15	-9.804909e-25
2.771259610199950e-09	-4.161133e-15	5.000000e-02	1.000000e-01	5.000000e-02	0.000000e+00	-1.282692e-12	-2.080567e-12	0.000000e+00	1.282696e-09	0.000000e+00	4.161133e-15	-1.282692e-09	4.161133e-15	5.000000e-06	-5.000000e-06	-5.000000e-06	-4.161133e-15	7.989152e-25
2.790790860199950e-09	-3.865329e-15	5.000000e-02	1.000000e-01	5.000000e-02	0.000000e+00	1.282666e-12	1.932665e-12	0.000000e+00	-1.282670e-09	0.000000e+00	-3.865329e-15	1.282666e-09	-3.865329e-15	5.000000e-06	-5.000000e-06	-5.000000e-06	3.865329e-15	-6.509653e-25
2.810322110199949e-09	-3.624295e-15	5.000000e-02	1.000000e-01	5.000000e-02	0.000000e+00	-1.282640e-12	-1.812148e-12	0.000000e+00	1.282643e-09	0.000000e+00	3.624295e-15	-1.282640e-09	3.624295e-15	5.000000e-06	-5.000000e-06	-5.000000e-06	-3.624295e-15	5.304140e-25
2.829853360199949e-09	-3.427888e-15	5.000000e-02	1.000000e-01	5.000000e-02	0.000000e+00	1.282614e-12	1.713944e-12	0.000000e+00	-1.282617e-09	0.000000e+00	-3.427888e-15	1.282614e-09	-3.427888e-15	5.000000e-06	-5.000000e-06	-5.000000e-06	3.427888e-15	-4.321875e-25
2.849384610199949e-09	-3.267844e-15	5.000000e-02	1.000000e-01	5.000000e-02	0.000000e+00	-1.282588e-12	-1.633922e-12	0.000000e+00	1.282591e-09	0.000000e+00	3.267844e-15	-1.282587e-09	3.267844e-15	5.000000e-06	-5.000000e-06	-5.000000e-06	-3.267844e-15	3.521513e-25
2.868915860199949e-09	-3.137428e-15	5.000000e-02	1.000000e-01	5.000000e-02	0.000000e+00	1.282561e-12	1.568714e-12	0.000000e+00	-1.282564e-09	0.000000e+00	-3.137428e-15	1.282561e-09	-3.137428e-15	5.000000e-06	-5.000000e-06	-5.000000e-06	3.137428e-15	-2.869369e-25
2.888447110199949e-09	-3.031154e-15	5.000000e-02	1.000000e-01	5.000000e-02	0.000000e+00	-1.282535e-12	-1.515577e-12	0.000000e+00	1.282538e-09	0.000000e+00	3.031154e-15	-1.282535e-09	3.031154e-15	5.000000e-06	-5.000000e-06	-5.000000e-06	-3.031154e-15	2.337995e-25
2.907978360199948e-09	-2.944551e-15	5.000000e-02	1.000000e-01	5.000000e-02	0.000000e+00	1.282509e-12	1.472275e-12	0.000000e+00	-1.282512e-09	0.000000e+00	-2.944551e-15	1.282509e-09	-2.944551e-15	5.000000e-06	-5.000000e-06	-5.000000e-06	2.944551e-15	-1.905025e-25
2.927509610199948e-09	-2.873976e-15	5.000000e-02	1.000000e-01	5.000000e-02	0.000000e+00	-1.282483e-12	-1.436988e-12	0.000000e+00	1.282486e-09	0.000000e+00	2.873976e-15	-1.282483e-09	2.873976e-15	5.000000e-06	-5.000000e-06	-5.000000e-06	-2.873976e-15	1.552236e-25
2.947040860199948e-09	-2.816461e-15	5.000000e-02	1.000000e-01	5.000000e-02	0.000000e+00	1.282457e-12	1.408231e-12	0.000000e+00	-1.282459e-09	0.000000e+00	-2.816461e-15	1.282457e-09	-2.816461e-15	5.000000e-06	-5.000000e-06	-5.000000e-06	2.816461e-15	-1.264780e-25
2.966572110199948e-09	-2.769587e-15	5.000000e-02	1.000000e-01	5.000000e-02	0.000000e+00	-1.282430e-12	-1.384794e-12	0.000000e+00	1.282433e-09	0.000000e+00	2.769587e-15	-1.282430e-09	2.769587e-15	5.000000e-06	-5.000000e-06	-5.000000e-06	-2.769587e-15	1.030557e-25
2.986103360199948e-09	-2.731385e-15	5.000000e-02	1.000000e-01	5.000000e-02	0.000000e+00	1.282404e-12	1.365692e-12	0.000000e+00	-1.282407e-09	0.000000e+00	-2.731385e-15	1.282404e-09	-2.731385e-15	5.000000e-06	-5.000000e-06	-5.000000e-06	2.731385e-15	-8.397096e-26
3.000000000000000e-09	-2.720046e-15	5.000000e-02	1.000000e-01	5.000000e-02	1.421085e-14	-1.282367e-12	-1.344598e-12	0.000000e+00	1.282370e-09	0.000000e+00	2.720046e-15	-1.282367e-09	2.720046e-15	5.000000e-06	-5.000000e-06	-5.000000e-06	-2.720046e-15	6.291323e-26
3.000346910547903e-09	2.774097e-05	5.000000e-02	1.000000e-01	5.000000e-02	1.387642e-02	2.772626e-08	5.938435e-06	0.000000e+00	1.470305e-08	0.000000e+00	2.774097e-05	2.772626e-05	2.774097e-05	5.000000e-06	-5.000000e-06	-5.000000e-06	-2.774097e-05	1.024533e-18
3.000637773340198e-09	5.100279e-05	5.000000e-02	1.000000e-01	5.000000e-02	2.551093e-02	5.100149e-08	9.540050e-06	0.000000e+00	1.301217e-09	0.000000e+00	5.100279e-05	5.100149e-05	5.100279e-05	5.000000e-06	-5.000000e-06	-5.000000e-06	-5.100279e-05	3.261648e-18
3.000800153928113e-09	6.399005e-05	5.000000e-02	1.000000e-01	5.000000e-02	3.200616e-02	6.397537e-08	1.113335e-05	0.000000e+00	1.467838e-08	0.000000e+00	6.399005e-05	6.397537e-05	6.399005e-05	5.000000e-06	-5.000000e-06	-5.000000e-06	-6.399005e-05	4.928133e-18
3.001018191723715e-09	8.142952e-05	5.000000e-02	1.000000e-01	5.000000e-02	4.072767e-02	8.142818e-08	1.291070e-05	0.000000e+00	1.330601e-09	0.000000e+00	8.142952e-05	8.142819e-05	8.142952e-05	5.000000e-06	-5.000000e-06	-5.000000e-06	-8.142952e-05	7.528105e-18
3.001256065209662e-09	1.004563e-04	5.000000e-02	1.000000e-01	5.000000e-02	5.024261e-02	1.004416e-07	1.446121e-05	0.000000e+00	1.465559e-08	0.000000e+00	1.004563e-04	1.004416e-04	1.004563e-04	5.000000e-06	-5.000000e-06	-5.000000e-06	-1.004563e-04	1.075330e-17
3.001538209654753e-09	1.230250e-04	5.000000e-02	1.000000e-01	5.000000e-02	6.152838e-02	1.230236e-07	1.589027e-05	0.000000e+00	1.351816e-09	0.000000e+00	1.230250e-04	1.230236e-04	1.230250e-04	5.000000e-06	-5.000000e-06	-5.000000e-06	-1.230250e-04	1.498900e-17
3.001820479982749e-09	1.456044e-04	5.000000e-02	1.000000e-01	5.000000e-02	7.281920e-02	1.455898e-07	1.697647e-05	0.000000e+00	1.463723e-08	0.000000e+00	1.456044e-04	1.455898e-04	1.456044e-04	5.000000e-06	-5.000000e-06	-5.000000e-06	-1.456044e-04	1.957023e-17
3.002147152595112e-09	1.717364e-04	5.000000e-02	1.000000e-01	5.000000e-02	8.588611e-02	1.717350e-07	1.791725e-05	0.000000e+00	1.369739e-09	0.000000e+00	1.717364e-04	1.717350e-04	1.717364e-04	5.000000e-06	-5.000000e-06	-5.000000e-06	-1.717364e-04	2.518857e-17
3.002487216574947e-09	1.989401e-04	5.000000e-02	1.000000e-01	5.000000e-02	9.948866e-02	1.989254e-07	1.863223e-05	0.000000e+00	1.462163e-08	0.000000e+00	1.989401e-04	1.989254e-04	1.989401e-04	5.000000e-06	-5.000000e-06	-5.000000e-06	-1.989401e-04	3.130171e-17
3.002884498309213e-09	2.307214e-04	5.000000e-02	1.000000e-01	5.000000e-02	1.153799e-01	2.307200e-07	1.922944e-05	0.000000e+00	1.384437e-09	0.000000e+00	2.307214e-04	2.307200e-04	2.307214e-04	5.000000e-06	-5.000000e-06	-5.000000e-06	-2.307214e-04	3.868163e-17
3.003311037313686e-09	2.648436e-04	5.000000e-02	1.000000e-01	5.000000e-02	1.324415e-01	2.648290e-07	1.967548e-05	0.000000e+00	1.460894e-08	0.000000e+00	2.648436e-04	2.648290e-04	2.648436e-04	5.000000e-06	-5.000000e-06	-5.000000e-06	-2.648436e-04	4.680026e-17
3.003815192939734e-09	3.051754e-04	5.000000e-02	1.000000e-01	5.000000e-02	1.526077e-01	3.051740e-07	2.003622e-05	0.000000e+00	1.396011e-09	0.000000e+00	3.051754e-04	3.051740e-04	3.051754e-04	5.000000e-06	-5.000000e-06	-5.000000e-06	-3.051754e-04	5.656279e-17
3.004376645505336e-09	3.500910e-04	5.000000e-02	1.000000e-01	5.000000e-02	1.750658e-01	3.500764e-07	2.030776e-05	0.000000e+00	1.459909e-08	0.000000e+00	3.500910e-04	3.500764e-04	3.500910e-04	5.000000e-06	-5.000000e-06	-5.000000e-06	-3.500910e-04	6.756508e-17
3.005058215172265e-09	4.046161e-04	5.000000e-02	1.000000e-01	5.000000e-02	2.023286e-01	4.046148e-07	2.053479e-05	0.000000e+00	1.404646e-09	0.000000e+00	4.046161e-04	4.046148e-04	4.046161e-04	5.000000e-06	-5.000000e-06	-5.000000e-06	-4.046161e-04	8.102386e-17
3.005856622944639e-09	4.684884e-04	5.000000e-02	1.000000e-01	5.000000e-02	2.342649e-01	4.684738e-07	2.072731e-05	0.000000e+00	1.459195e-08	0.000000e+00	4.684884e-04	4.684738e-04	4.684884e-04	5.000000e-06	-5.000000e-06	-5.000000e-06	-4.684884e-04	9.686326e-17
3.006876144573341e-09	5.500497e-04	5.000000e-02	1.000000e-01	5.000000e-02	2.750458e-01	5.500483e-07	2.092306e-05	0.000000e+00	1.410555e-09	0.000000e+00	5.500497e-04	5.500483e-04	5.500497e-04	5.000000e-06	-5.000000e-06	-5.000000e-06	-5.500497e-04	1.171394e-16
3.008170976789926e-09	6.536359e-04	5.000000e-02	1.000000e-01	5.000000e-02	3.268391e-01	6.536213e-07	2.114219e-05	0.000000e+00	1.458734e-08	0.000000e+00	6.536359e-04	6.536213e-04	6.536359e-04	5.000000e-06	-5.000000e-06	-5.000000e-06	-6.536359e-04	1.429204e-16
3.010001121968714e-09	8.000469e-04	5.000000e-02	1.000000e-01	5.000000e-02	4.000449e-01	8.000455e-07	2.143764e-05	0.000000e+00	1.414033e-09	0.000000e+00	8.000469e-04	8.000454e-04	8.000469e-04	5.000000e-06	-5.000000e-06	-5.000000e-06	-8.000469e-04	1.793741e-16
3.012724592259454e-09	1.017924e-03	5.000000e-02	1.000000e-01	5.000000e-02	5.089837e-01	1.017909e-06	2.187267e-05	0.000000e+00	1.458494e-08	0.000000e+00	1.017924e-03	1.017909e-03	1.017924e-03	5.000000e-06	-5.000000e-06	-5.000000e-06	-1.017924e-03	2.336261e-16
3.017640517479927e-09	1.411196e-03	5.000000e-02	1.000000e-01	5.000000e-02	7.056207e-01	1.411195e-06	2.265763e-05	0.000000e+00	1.415536e-09	0.000000e+00	1.411196e-03	1.411195e-03	1.411196e-03	5.000000e-06	-5.000000e-06	-5.000000e-06	-1.411196e-03	3.315526e-16
3.020000000000000e-09	1.599954e-03	5.000000e-02	1.000000e-01	5.000000e-02	8.000000e-01	1.599939e-06	2.303440e-05	0.000000e+00	1.458328e-08	0.000000e+00	1.599954e-03	1.599939e-03	1.599954e-03	5.000000e-06	-5.000000e-06	-5.000000e-06	-1.599954e-03	3.785540e-16
3.020172087985664e-09	1.599960e-03	5.000000e-02	1.000000e-01	5.000000e-02	8.000000e-01	1.599975e-06	1.988044e-05	0.000000e+00	-1.454210e-08	0.000000e+00	1.599960e-03	1.599975e-03	1.599960e-03	5.000000e-06	-5.000000e-06	-5.000000e-06	-1.599960e-03	3.817096e-16
3.020338741372102e-09	1.599965e-03	5.000000e-02	1.000000e-01	5.000000e-02	8.000000e-01	1.599951e-06	1.730511e-05	0.000000e+00	1.451342e-08	0.000000e+00	1.599965e-03	1.599951e-03	1.599965e-03	5.000000e-06	-5.000000e-06	-5.000000e-06	-1.599965e-03	3.842862e-16
3.020561012754101e-09	1.599971e-03	5.000000e-02	1.000000e-01	5.000000e-02	8.000000e-01	1.599986e-06	1.447338e-05	0.000000e+00	-1.448223e-08	0.000000e+00	1.599971e-03	1.599986e-03	1.599971e-03	5.000000e-06	-5.000000e-06	-5.000000e-06	-1.599971e-03	3.871194e-16
3.020761206733691e-09	1.599975e-03	5.000000e-02	1.000000e-01	5.000000e-02	8.000000e-01	1.599961e-06	1.241415e-05	0.000000e+00	1.445743e-08	0.000000e+00	1.599975e-03	1.599961e-03	1.599975e-03	5.000000e-06	-5.000000e-06	-5.000000e-06	-1.599975e-03	3.891796e-16
3.021007175108647e-09	1.599979e-03	5.000000e-02	1.000000e-01	5.000000e-02	8.000000e-01	1.599994e-06	1.038830e-05	0.000000e+00	-1.443065e-08	0.000000e+00	1.599979e-03	1.599994e-03	1.599979e-03	5.000000e-06	-5.000000e-06	-5.000000e-06	-1.599979e-03	3.912065e-16
3.021238825647325e-09	1.599982e-03	5.000000e-02	1.000000e-01	5.000000e-02	8.000000e-01	1.599968e-06	8.889941e-06	0.000000e+00	1.440834e-08	0.000000e+00	1.599982e-03	1.599968e-03	1.599982e-03	5.000000e-06	-5.000000e-06	-5.000000e-06	-1.599982e-03	3.927056e-16
3.021519373378422e-09	1.599985e-03	5.000000e-02	1.000000e-01	5.000000e-02	8.000000e-01	1.599999e-06	7.484167e-06	0.000000e+00	-1.438581e-08	0.000000e+00	1.599985e-03	1.599999e-03	1.599985e-03	5.000000e-06	-5.000000e-06	-5.000000e-06	-1.599985e-03	3.941121e-16
3.021794346416171e-09	1.599987e-03	5.000000e-02	1.000000e-01	5.000000e-02	8.000000e-01	1.599973e-06	6.443765e-06	0.000000e+00	1.436641e-08	0.000000e+00	1.599987e-03	1.599973e-03	1.599987e-03	5.000000e-06	-5.000000e-06	-5.000000e-06	-1.599987e-03	3.951530e-16
3.022123070661231e-09	1.599989e-03	5.000000e-02	1.000000e-01	5.000000e-02	8.000000e-01	1.600003e-06	5.523445e-06	0.000000e+00	-1.434782e-08	0.000000e+00	1.599989e-03	1.600003e-03	1.599989e-03	5.000000e-06	-5.000000e-06	-5.000000e-06	-1.599989e-03	3.960738e-16
3.022456674887597e-09	1.599990e-03	5.000000e-02	1.000000e-01	5.000000e-02	8.000000e-01	1.599976e-06	4.855293e-06	0.000000e+00	1.433142e-08	0.000000e+00	1.599990e-03	1.599976e-03	1.599990e-03	5.000000e-06	-5.000000e-06	-5.000000e-06	-1.599990e-03	3.967423e-16
3.022854309285520e-09	1.599991e-03	5.000000e-02	1.000000e-01	5.000000e-02	8.000000e-01	1.600006e-06	4.302547e-06	0.000000e+00	-1.431646e-08	0.000000e+00	1.599991e-03	1.600006e-03	1.599991e-03	5.000000e-06	-5.000000e-06	-5.000000e-06	-1.599991e-03	3.972953e-16
3.023272511631355e-09	1.599992e-03	5.000000e-02	1.000000e-01	5.000000e-02	8.000000e-01	1.599978e-06	3.917857e-06	0.000000e+00	1.430314e-08	0.000000e+00	1.599992e-03	1.599978e-03	1.599992e-03	5.000000e-06	-5.000000e-06	-5.000000e-06	-1.599992e-03	3.976802e-16
3.023774922389273e-09	1.599993e-03	5.000000e-02	1.000000e-01	5.000000e-02	8.000000e-01	1.600007e-06	3.626253e-06	0.000000e+00	-1.429152e-08	0.000000e+00	1.599993e-03	1.600007e-03	1.599993e-03	5.000000e-06	-5.000000e-06	-5.000000e-06	-1.599993e-03	3.979719e-16
3.024325088369612e-09	1.599993e-03	5.000000e-02	1.000000e-01	5.000000e-02	8.000000e-01	1.599979e-06	3.439045e-06	0.000000e+00	1.428127e-08	0.000000e+00	1.599993e-03	1.599979e-03	1.599993e-03	5.000000e-06	-5.000000e-06	-5.000000e-06	-1.599993e-03	3.981592e-16
3.025001045983688e-09	1.599993e-03	5.000000e-02	1.000000e-01	5.000000e-02	8.000000e-01	1.600008e-06	3.314748e-06	0.000000e+00	-1.427275e-08	0.000000e+00	1.599993e-03	1.600008e-03	1.599993e-03	5.000000e-06	-5.000000e-06	-5.000000e-06	-1.599993e-03	3.982836e-16
3.025781251001846e-09	1.599994e-03	5.000000e-02	1.000000e-01	5.000000e-02	8.000000e-01	1.599979e-06	3.246568e-06	0.000000e+00	1.426547e-08	0.000000e+00	1.599994e-03	1.599979e-03	1.599994e-03	5.000000e-06	-5.000000e-06	-5.000000e-06	-1.599994e-03	3.983518e-16
3.026785613915745e-09	1.599994e-03	5.000000e-02	1.000000e-01	5.000000e-02	8.000000e-01	1.600008e-06	3.211099e-06	0.000000e+00	-1.425978e-08	0.000000e+00	1.599994e-03	1.600008e-03	1.599994e-03	5.000000e-06	-5.000000e-06	-5.000000e-06	-1.599994e-03	3.983873e-16
3.028042837555436e-09	1.599994e-03	5.000000e-02	1.000000e-01	5.000000e-02	8.000000e-01	1.599979e-06	3.197554e-06	0.000000e+00	1.425524e-08	0.000000e+00	1.599994e-03	1.599979e-03	1.599994e-03	5.000000e-06	-5.000000e-06	-5.000000e-06	-1.599994e-03	3.984008e-16
3.029825264146553e-09	1.599994e-03	5.000000e-02	1.000000e-01	5.000000e-02	8.000000e-01	1.600008e-06	3.193848e-06	0.000000e+00	-1.425204e-08	0.000000e+00	1.599994e-03	1.600008e-03	1.599994e-03	5.000000e-06	-5.000000e-06	-5.000000e-06	-1.599994e-03	3.984046e-16
3.032429193418264e-09	1.599994e-03	5.000000e-02	1.000000e-01	5.000000e-02	8.000000e-01	1.599979e-06	3.193569e-06	0.000000e+00	1.424986e-08	0.000000e+00	1.599994e-03	1.599979e-03	1.599994e-03	5.000000e-06	-5.000000e-06	-5.000000e-06	-1.599994e-03	3.984048e-16
3.037091452289785e-09	1.599994e-03	5.000000e-02	1.000000e-01	5.000000e-02	8.000000e-01	1.600008e-06	3.193639e-06	0.000000e+00	-1.424863e-08	0.000000e+00	1.599994e-03	1.600008e-03	1.599994e-03	5.000000e-06	-5.000000e-06	-5.000000e-06	-1.599994e-03	3.984048e-16
3.046415970032827e-09	1.599994e-03	5.000000e-02	1.000000e-01	5.000000e-02	8.000000e-01	1.599979e-06	3.193591e-06	0.000000e+00	1.424802e-08	0.000000e+00	1.599994e-03	1.599979e-03	1.599994e-03	5.000000e-06	-5.000000e-06	-5.000000e-06	-1.599994e-03	3.984048e-16
3.065065005518911e-09	1.599994e-03	5.000000e-02	1.000000e-01	5.000000e-02	8.000000e-01	1.600008e-06	3.193633e-06	0.000000e+00	-1.424772e-08	0.000000e+00	1.599994e-03	1.600008e-03	1.599994e-03	5.000000e-06	-5.000000e-06	-5.000000e-06	-1.599994e-03	3.984048e-16
3.084596255518911e-09	1.599994e-03	5.000000e-02	1.000000e-01	5.000000e-02	8.000000e-01	1.599979e-06	3.193594e-06	0.000000e+00	1.424742e-08	0.000000e+00	1.599994e-03	1.599979e-03	1.599994e-03	5.000000e-06	-5.000000e-06	-5.000000e-06	-1.599994e-03	3.984048e-16
3.104127505518910e-09	1.599994e-03	5.000000e-02	1.000000e-01	5.000000e-02	8.000000e-01	1.600008e-06	3.193631e-06	0.000000e+00	-1.424713e-08	0.000000e+00	1.599994e-03	1.600008e-03	1.599994e-03	5.000000e-06	-5.000000e-06	-5.000000e-06	-1.599994e-03	3.984048e-16
3.123658755518910e-09	1.599994e-03	5.000000e-02	1.000000e-01	5.000000e-02	8.000000e-01	1.599979e-06	3.193595e-06	0.000000e+00	1.424684e-08	0.000000e+00	1.599994e-03	1.599979e-03	1.599994e-03	5.000000e-06	-5.000000e-06	-5.000000e-06	-1.599994e-03	3.984048e-16
3.143190005518910e-09	1.599994e-03	5.000000e-02	1.000000e-01	5.000000e-02	8.000000e-01	1.600008e-06	3.193630e-06	0.000000e+00	-1.424655e-08	0.000000e+00	1.599994e-03	1.600008e-03	1.599994e-03	5.000000e-06	-5.000000e-06	-5.000000e-06	-1.599994e-03	3.984048e-16
3.162721255518910e-09	1.599994e-03	5.000000e-02	1.000000e-01	5.000000e-02	8.000000e-01	1.599979e-06	3.193596e-06	0.000000e+00	1.424626e-08	0.000000e+00	1.599994e-03	1.599979e-03	1.599994e-03	5.000000e-06	-5.000000e-06	-5.000000e-06	-1.599994e-03	3.984048e-16
3.182252505518910e-09	1.599994e-03	5.000000e-02	1.000000e-01	5.000000e-02	8.000000e-01	1.600008e-06	3.193629e-06	0.000000e+00	-1.424597e-08	0.000000e+00	1.599994e-03	1.600008e-03	1.599994e-03	5.000000e-06	-5.000000e-06	-5.000000e-06	-1.599994e-03	3.984048e-16
3.201783755518909e-09	1.599994e-03	5.000000e-02	1.000000e-01	5.000000e-02	8.000000e-01	1.599979e-06	3.193597e-06	0.000000e+00	1.424567e-08	0.000000e+00	1.599994e-03	1.599979e-03	1.599994e-03	5.000000e-06	-5.000000e-06	-5.000000e-06	-1.599994e-03	3.984048e-16
3.221315005518909e-09	1.599994e-03	5.000000e-02	1.000000e-01	5.000000e-02	8.000000e-01	1.600008e-06	3.193628e-06	0.000000e+00	-1.424538e-08	0.000000e+00	1.599994e-03	1.600008e-03	1.599994e-03	5.000000e-06	-5.000000e-06	-5.000000e-06	-1.599994e-03	3.984048e-16
3.240846255518909e-09	1.599994e-03	5.000000e-02	1.000000e-01	5.000000e-02	8.000000e-01	1.599979e-06	3.193598e-06	0.000000e+00	1.424509e-08	0.000000e+00	1.599994e-03	1.599979e-03	1.599994e-03	5.000000e-06	-5.000000e-06	-5.000000e-06	-1.599994e-03	3.984048e-16
3.260377505518909e-09	1.599994e-03	5.000000e-02	1.000000e-01	5.000000e-02	8.000000e-01	1.600008e-06	3.193628e-06	0.000000e+00	-1.424480e-08	0.000000e+00	1.599994e-03	1.600008e-03	1.599994e-03	5.000000e-06	-5.000000e-06	-5.000000e-06	-1.599994e-03	3.984048e-16
3.279908755518909e-09	1.599994e-03	5.000000e-02	1.000000e-01	5.000000e-02	8.000000e-01	1.599979e-06	3.193598e-06	0.000000e+00	1.424451e-08	0.000000e+00	1.599994e-03	1.599979e-03	1.599994e-03	5.000000e-06	-5.000000e-06	-5.000000e-06	-1.599994e-03	3.984048e-16
3.299440005518908e-09	1.599994e-03	5.000000e-02	1.000000e-01	5.000000e-02	8.000000e-01	1.600008e-06	3.193627e-06	0.000000e+00	-1.424422e-08	0.000000e+00	1.599994e-03	1.600008e-03	1.599994e-03	5.000000e-06	-5.000000e-06	-5.000000e-06	-1.599994e-03	3.984048e-16
3.318971255518908e-09	1.599994e-03	5.000000e-02	1.000000e-01	5.000000e-02	8.000000e-01	1.599979e-06	3.193598e-06	0.000000e+00	1.424392e-08	0.000000e+00	1.599994e-03	1.599979e-03	1.599994e-03	5.000000e-06	-5.000000e-06	-5.000000e-06	-1.599994e-03	3.984048e-16
3.338502505518908e-09	1.599994e-03	5.000000e-02	1.000000e-01	5.000000e-02	8.000000e-01	1.600008e-06	3.193627e-06	0.000000e+00	-1.424363e-08	0.000000e+00	1.599994e-03	1.600008e-03	1.599994e-03	5.000000e-06	-5.000000e-06	-5.000000e-06	-1.599994e-03	3.984048e-16
3.358033755518908e-09	1.599994e-03	5.000000e-02	1.000000e-01	5.000000e-02	8.000000e-01	1.599979e-06	3.193598e-06	0.000000e+00	1.424334e-08	0.000000e+00	1.599994e-03	1.599979e-03	1.599994e-03	5.000000e-06	-5.000000e-06	-5.000000e-06	-1.599994e-03	3.984048e-16
3.377565005518908e-09	1.599994e-03	5.000000e-02	1.000000e-01	5.000000e-02	8.000000e-01	1.600008e-06	3.193627e-06	0.000000e+00	-1.424305e-08	0.000000e+00	1.599994e-03	1.600008e-03	1.599994e-03	5.000000e-06	-5.000000e-06	-5.000000e-06	-1.599994e-03	3.984048e-16
3.397096255518908e-09	1.599994e-03	5.000000e-02	1.000000e-01	5.000000e-02	8.000000e-01	1.599979e-06	3.193598e-06	0.000000e+00	1.424276e-08	0.000000e+00	1.599994e-03	1.599979e-03	1.599994e-03	5.000000e-06	-5.000000e-06	-5.000000e-06	-1.599994e-03	3.984048e-16
3.416627505518907e-09	1.599994e-03	5.000000e-02	1.000000e-01	5.000000e-02	8.000000e-01	1.600008e-06	3.193627e-06	0.000000e+00	-1.424246e-08	0.000000e+00	1.599994e-03	1.600008e-03	1.599994e-03	5.000000e-06	-5.000000e-06	-5.000000e-06	-1.599994e-03	3.984048e-16
3.436158755518907e-09	1.599994e-03	5.000000e-02	1.000000e-01	5.000000e-02	8.000000e-01	1.599979e-06	3.193598e-06	0.000000e+00	1.424217e-08	0.000000e+00	1.599994e-03	1.599979e-03	1.599994e-03	5.000000e-06	-5.000000e-06	-5.000000e-06	-1.599994e-03	3.984048e-16
3.455690005518907e-09	1.599994e-03	5.000000e-02	1.000000e-01	5.000000e-02	8.000000e-01	1.600008e-06	3.193627e-06	0.000000e+00	-1.424188e-08	0.000000e+00	1.599994e-03	1.600008e-03	1.599994e-03	5.000000e-06	-5.000000e-06	-5.000000e-06	-1.599994e-03	3.984048e-16
3.475221255518907e-09	1.599994e-03	5.000000e-02	1.000000e-01	5.000000e-02	8.000000e-01	1.599979e-06	3.193598e-06	0.000000e+00	1.424159e-08	0.000000e+00	1.599994e-03	1.599979e-03	1.599994e-03	5.000000e-06	-5.000000e-06	-5.000000e-06	-1.599994e-03	3.984048e-16
3.494752505518907e-09	1.599994e-03	5.000000e-02	1.000000e-01	5.000000e-02	8.000000e-01	1.600008e-06	3.193627e-06	0.000000e+00	-1.424130e-08	0.000000e+00	1.599994e-03	1.600008e-03	1.599994e-03	5.000000e-06	-5.000000e-06	-5.000000e-06	-1.599994e-03	3.984048e-16
3.514283755518906e-09	1.599994e-03	5.000000e-02	1.000000e-01	5.000000e-02	8.000000e-01	1.599979e-06	3.193599e-06	0.000000e+00	1.424101e-08	0.000000e+00	1.599994e-03	1.599979e-03	1.599994e-03	5.000000e-06	-5.000000e-06	-5.000000e-06	-1.599994e-03	3.984048e-16
3.520000000000000e-09	1.599994e-03	5.000000e-02	1.000000e-01	5.000000e-02	8.000000e-01	1.600008e-06	3.193627e-06	0.000000e+00	-1.424001e-08	0.000000e+00	1.599994e-03	1.600008e-03	1.599994e-03	5.000000e-06	-5.000000e-06	-5.000000e-06	-1.599994e-03	3.984048e-16
3.520277228363982e-09	1.577825e-03	5.000000e-02	1.000000e-01	5.000000e-02	7.889109e-01	1.577827e-06	-1.696310e-06	0.000000e+00	-1.761936e-09	0.000000e+00	1.577825e-03	1.577827e-03	1.577825e-03	5.000000e-06	-5.000000e-06	-5.000000e-06	-1.577825e-03	3.977304e-16
3.520486710201605e-09	1.561072e-03	5.000000e-02	1.000000e-01	5.000000e-02	7.805316e-01	1.561087e-06	-4.582144e-06	0.000000e+00	-1.422066e-08	0.000000e+00	1.561072e-03	1.561087e-03	1.561072e-03	5.000000e-06	-5.000000e-06	-5.000000e-06	-1.561072e-03	3.964113e-16
3.520662075776445e-09	1.547047e-03	5.000000e-02	1.000000e-01	5.000000e-02	7.735170e-01	1.547049e-06	-6.574215e-06	0.000000e+00	-1.788976e-09	0.000000e+00	1.547047e-03	1.547049e-03	1.547047e-03	5.000000e-06	-5.000000e-06	-5.000000e-06	-1.547047e-03	3.948830e-16
3.520895902225733e-09	1.528345e-03	5.000000e-02	1.000000e-01	5.000000e-02	7.641639e-01	1.528359e-06	-8.749130e-06	0.000000e+00	-1.419669e-08	0.000000e+00	1.528345e-03	1.528359e-03	1.528345e-03	5.000000e-06	-5.000000e-06	-5.000000e-06	-1.528345e-03	3.923638e-16
3.521121227658794e-09	1.510323e-03	5.000000e-02	1.000000e-01	5.000000e-02	7.551509e-01	1.510324e-06	-1.041865e-05	0.000000e+00	-1.811339e-09	0.000000e+00	1.510323e-03	1.510324e-03	1.510323e-03	5.000000e-06	-5.000000e-06	-5.000000e-06	-1.510323e-03	3.895096e-16
3.521393914540290e-09	1.488511e-03	5.000000e-02	1.000000e-01	5.000000e-02	7.442434e-01	1.488525e-06	-1.200453e-05	0.000000e+00	-1.417727e-08	0.000000e+00	1.488511e-03	1.488525e-03	1.488511e-03	5.000000e-06	-5.000000e-06	-5.000000e-06	-1.488511e-03	3.856208e-16
3.521658264114631e-09	1.467365e-03	5.000000e-02	1.000000e-01	5.000000e-02	7.336695e-01	1.467367e-06	-1.318624e-05	0.000000e+00	-1.830288e-09	0.000000e+00	1.467365e-03	1.467367e-03	1.467365e-03	5.000000e-06	-5.000000e-06	-5.000000e-06	-1.467365e-03	3.814949e-16
3.521973968198514e-09	1.442111e-03	5.000000e-02	1.000000e-01	5.000000e-02	7.210413e-01	1.442125e-06	-1.425558e-05	0.000000e+00	-1.416055e-08	0.000000e+00	1.442111e-03	1.442125e-03	1.442111e-03	5.000000e-06	-5.000000e-06	-5.000000e-06	-1.442111e-03	3.762255e-16
3.522292505675487e-09	1.416630e-03	5.000000e-02	1.000000e-01	5.000000e-02	7.082998e-01	1.416631e-06	-1.505246e-05	0.000000e+00	-1.846185e-09	0.000000e+00	1.416630e-03	1.416632e-03	1.416630e-03	5.000000e-06	-5.000000e-06	-5.000000e-06	-1.416630e-03	3.706265e-16
3.522671628314336e-09	1.386301e-03	5.000000e-02	1.000000e-01	5.000000e-02	6.931348e-01	1.386315e-06	-1.573974e-05	0.000000e+00	-1.414660e-08	0.000000e+00	1.386301e-03	1.386315e-03	1.386301e-03	5.000000e-06	-5.000000e-06	-5.000000e-06	-1.386301e-03	3.637014e-16
3.523067577955631e-09	1.354626e-03	5.000000e-02	1.000000e-01	5.000000e-02	6.772969e-01	1.354628e-06	-1.624519e-05	0.000000e+00	-1.859095e-09	0.000000e+00	1.354626e-03	1.354628e-03	1.354626e-03	5.000000e-06	-5.000000e-06	-5.000000e-06	-1.354626e-03	3.562564e-16
3.523541271025351e-09	1.316732e-03	5.000000e-02	1.000000e-01	5.000000e-02	6.583492e-01	1.316746e-06	-1.666334e-05	0.000000e+00	-1.413537e-08	0.000000e+00	1.316732e-03	1.316746e-03	1.316732e-03	5.000000e-06	-5.000000e-06	-5.000000e-06	-1.316732e-03	3.471630e-16
3.524055393009273e-09	1.275602e-03	5.000000e-02	1.000000e-01	5.000000e-02	6.377843e-01	1.275604e-06	-1.697073e-05	0.000000e+00	-1.869164e-09	0.000000e+00	1.275602e-03	1.275604e-03	1.275602e-03	5.000000e-06	-5.000000e-06	-5.000000e-06	-1.275602e-03	3.371470e-16
3.524682170564374e-09	1.225461e-03	5.000000e-02	1.000000e-01	5.000000e-02	6.127132e-01	1.225475e-06	-1.722584e-05	0.000000e+00	-1.412676e-08	0.000000e+00	1.225461e-03	1.225475e-03	1.225461e-03	5.000000e-06	-5.000000e-06	-5.000000e-06	-1.225461e-03	3.248165e-16
3.525396354958266e-09	1.168326e-03	5.000000e-02	1.000000e-01	5.000000e-02	5.841458e-01	1.168328e-06	-1.742905e-05	0.000000e+00	-1.876555e-09	0.000000e+00	1.168326e-03	1.168328e-03	1.168326e-03	5.000000e-06	-5.000000e-06	-5.000000e-06	-1.168326e-03	3.106790e-16
3.526302468730201e-09	1.095838e-03	5.000000e-02	1.000000e-01	5.000000e-02	5.479013e-01	1.095852e-06	-1.762363e-05	0.000000e+00	-1.412066e-08	0.000000e+00	1.095838e-03	1.095852e-03	1.095838e-03	5.000000e-06	-5.000000e-06	-5.000000e-06	-1.095838e-03	2.926789e-16
3.527412118731080e-09	1.007066e-03	5.000000e-02	1.000000e-01	5.000000e-02	5.035152e-01	1.007068e-06	-1.782223e-05	0.000000e+00	-1.881478e-09	0.000000e+00	1.007066e-03	1.007068e-03	1.007066e-03	5.000000e-06	-5.000000e-06	-5.000000e-06	-1.007066e-03	2.705958e-16
3.528939049204167e-09	8.849122e-04	5.000000e-02	1.000000e-01	5.000000e-02	4.424380e-01	8.849264e-07	-1.807344e-05	0.000000e+00	-1.411685e-08	0.000000e+00	8.849122e-04	8.849264e-04	8.849122e-04	5.000000e-06	-5.000000e-06	-5.000000e-06	-8.849122e-04	2.401864e-16
3.531069004390575e-09	7.145165e-04	5.000000e-02	1.000000e-01	5.000000e-02	3.572398e-01	7.145184e-07	-1.841472e-05	0.000000e+00	-1.884231e-09	0.000000e+00	7.145165e-04	7.145184e-04	7.145165e-04	5.000000e-06	-5.000000e-06	-5.000000e-06	-7.145165e-04	1.977584e-16
3.534599755936320e-09	4.320575e-04	5.000000e-02	1.000000e-01	5.000000e-02	2.160098e-01	4.320716e-07	-1.897846e-05	0.000000e+00	-1.411501e-08	0.000000e+00	4.320575e-04	4.320716e-04	4.320575e-04	5.000000e-06	-5.000000e-06	-5.000000e-06	-4.320575e-04	1.274249e-16
3.540000000000000e-09	3.968160e-08	5.000000e-02	1.000000e-01	5.000000e-02	1.099121e-14	4.156698e-11	-1.984080e-05	0.000000e+00	-1.885376e-09	0.000000e+00	3.968160e-08	4.156697e-08	3.968160e-08	5.000000e-06	-5.000000e-06	-5.000000e-06	-3.968160e-08	1.985076e-17
3.540205521602327e-09	-3.226268e-08	5.000000e-02	1.000000e-01	5.000000e-02	0.000000e+00	3.038818e-11	-1.613134e-05	0.000000e+00	1.874498e-09	0.000000e+00	3.226268e-08	3.038818e-08	3.226268e-08	5.000000e-06	-5.000000e-06	-5.000000e-06	-3.226268e-08	1.613944e-17
3.540426731370780e-09	2.581636e-08	5.000000e-02	1.000000e-01	5.000000e-02	0.000000e+00	2.769329e-11	-1.290818e-05	0.000000e+00	-1.876934e-09	0.000000e+00	2.581636e-08	2.769329e-08	2.581636e-08	5.000000e-06	-5.000000e-06	-5.000000e-06	-2.581636e-08	1.291466e-17
3.540611724312131e-09	2.143087e-08	5.000000e-02	1.000000e-01	5.000000e-02	0.000000e+00	1.956272e-11	-1.071543e-05	0.000000e+00	1.868144e-09	0.000000e+00	2.143087e-08	1.956272e-08	2.143087e-08	5.000000e-06	-5.000000e-06	-5.000000e-06	-2.143087e-08	1.072081e-17
3.540844690986429e-09	1.694506e-08	5.000000e-02	1.000000e-01	5.000000e-02	0.000000e+00	1.881385e-11	-8.472529e-06	0.000000e+00	-1.868787e-09	0.000000e+00	1.694506e-08	1.881384e-08	1.694506e-08	5.000000e-06	-5.000000e-06	-5.000000e-06	-1.694506e-08	8.476784e-18
3.541064274257420e-09	1.358175e-08	5.000000e-02	1.000000e-01	5.000000e-02	0.000000e+00	1.171942e-11	-6.790873e-06	0.000000e+00	1.862326e-09	0.000000e+00	1.358175e-08	1.171942e-08	1.358175e-08	5.000000e-06	-5.000000e-06	-5.000000e-06	-1.358175e-08	6.794280e-18
3.541331727859954e-09	1.036783e-08	5.000000e-02	1.000000e-01	5.000000e-02	0.000000e+00	1.222977e-11	-5.183914e-06	0.000000e+00	-1.861944e-09	0.000000e+00	1.036783e-08	1.222977e-08	1.036783e-08	5.000000e-06	-5.000000e-06	-5.000000e-06	-1.036783e-08	5.186518e-18
3.541590648309675e-09	7.983724e-09	5.000000e-02	1.000000e-01	5.000000e-02	0.000000e+00	6.126495e-12	-3.991862e-06	0.000000e+00	1.857229e-09	0.000000e+00	7.983724e-09	6.126495e-09	7.983724e-09	5.000000e-06	-5.000000e-06	-5.000000e-06	-7.983724e-09	3.993864e-18
3.541900488176487e-09	5.835370e-09	5.000000e-02	1.000000e-01	5.000000e-02	0.000000e+00	7.691590e-12	-2.917685e-06	0.000000e+00	-1.856219e-09	0.000000e+00	5.835370e-09	7.691590e-09	5.835370e-09	5.000000e-06	-5.000000e-06	-5.000000e-06	-5.835370e-09	2.919152e-18
3.542211605119898e-09	4.259533e-09	5.000000e-02	1.000000e-01	5.000000e-02	0.000000e+00	2.406711e-12	-2.129766e-06	0.000000e+00	1.852822e-09	0.000000e+00	4.259533e-09	2.406711e-09	4.259533e-09	5.000000e-06	-5.000000e-06	-5.000000e-06	-4.259533e-09	2.130834e-18
3.542581959651556e-09	2.924542e-09	5.000000e-02	1.000000e-01	5.000000e-02	0.000000e+00	4.776084e-12	-1.462271e-06	0.000000e+00	-1.851542e-09	0.000000e+00	2.924542e-09	4.776084e-09	2.924542e-09	5.000000e-06	-5.000000e-06	-5.000000e-06	-2.924542e-09	1.463007e-18
3.542967020118581e-09	1.977462e-09	5.000000e-02	1.000000e-01	5.000000e-02	0.000000e+00	1.283336e-13	-9.887309e-07	0.000000e+00	1.849128e-09	0.000000e+00	1.977462e-09	1.283336e-10	1.977462e-09	5.000000e-06	-5.000000e-06	-5.000000e-06	-1.977462e-09	9.892254e-19
3.543427233861020e-09	1.235534e-09	5.000000e-02	1.000000e-01	5.000000e-02	0.000000e+00	3.083378e-12	-6.177671e-07	0.000000e+00	-1.847844e-09	0.000000e+00	1.235534e-09	3.083378e-09	1.235534e-09	5.000000e-06	-5.000000e-06	-5.000000e-06	-1.235534e-09	6.180791e-19
3.543924168104627e-09	7.423758e-10	5.000000e-02	1.000000e-01	5.000000e-02	0.000000e+00	-1.103783e-12	-3.711879e-07	0.000000e+00	1.846159e-09	0.000000e+00	7.423758e-10	-1.103783e-09	7.423758e-10	5.000000e-06	-5.000000e-06	-5.000000e-06	-7.423758e-10	3.713724e-19
3.544528220264064e-09	3.970328e-10	5.000000e-02	1.000000e-01	5.000000e-02	0.000000e+00	2.242084e-12	-1.985164e-07	0.000000e+00	-1.845051e-09	0.000000e+00	3.970328e-10	2.242084e-09	3.970328e-10	5.000000e-06	-5.000000e-06	-5.000000e-06	-3.970328e-10	1.986179e-19
3.545211845609187e-09	1.942312e-10	5.000000e-02	1.000000e-01	5.000000e-02	0.000000e+00	-1.649681e-12	-9.711560e-08	0.000000e+00	1.843912e-09	0.000000e+00	1.942312e-10	-1.649681e-09	1.942312e-10	5.000000e-06	-5.000000e-06	-5.000000e-06	-1.942312e-10	9.716252e-20
3.546073873949969e-09	7.693728e-11	5.000000e-02	1.000000e-01	5.000000e-02	0.000000e+00	1.920021e-12	-3.846864e-08	0.000000e+00	-1.843084e-09	0.000000e+00	7.693728e-11	1.920021e-09	7.693728e-11	5.000000e-06	-5.000000e-06	-5.000000e-06	-7.693728e-11	3.848979e-20
3.547118307372185e-09	2.403216e-11	5.000000e-02	1.000000e-01	5.000000e-02	0.000000e+00	-1.818336e-12	-1.201608e-08	0.000000e+00	1.842368e-09	0.000000e+00	2.403216e-11	-1.818336e-09	2.403216e-11	5.000000e-06	-5.000000e-06	-5.000000e-06	-2.403216e-11	1.202027e-20
3.548536962590409e-09	4.041600e-12	5.000000e-02	1.000000e-01	5.000000e-02	0.000000e+00	1.845893e-12	-2.020800e-09	0.000000e+00	-1.841852e-09	0.000000e+00	4.041600e-12	1.845893e-09	4.041600e-12	5.000000e-06	-5.000000e-06	-5.000000e-06	-4.041600e-12	2.023656e-21
3.550474811826283e-09	6.046165e-14	5.000000e-02	1.000000e-01	5.000000e-02	0.000000e+00	-1.841411e-12	-3.023082e-11	0.000000e+00	1.841471e-09	0.000000e+00	6.046165e-14	-1.841411e-09	6.046165e-14	5.000000e-06	-5.000000e-06	-5.000000e-06	-6.046165e-14	2.840453e-23
3.553584664059403e-09	-1.610775e-14	5.000000e-02	1.000000e-01	5.000000e-02	0.000000e+00	1.841218e-12	8.053877e-12	0.000000e+00	-1.841234e-09	0.000000e+00	-1.610775e-14	1.841218e-09	-1.610775e-14	5.000000e-06	-5.000000e-06	-5.000000e-06	1.610775e-14	-6.216686e-24
3.559185489885808e-09	-9.584430e-15	5.000000e-02	1.000000e-01	5.000000e-02	0.000000e+00	-1.841093e-12	-4.792215e-12	0.000000e+00	1.841103e-09	0.000000e+00	9.584430e-15	-1.841093e-09	9.584430e-15	5.000000e-06	-5.000000e-06	-5.000000e-06	-9.584430e-15	2.953518e-24
3.570387141538616e-09	-7.800707e-15	5.000000e-02	1.000000e-01	5.000000e-02	0.000000e+00	1.841029e-12	3.900354e-12	0.000000e+00	-1.841037e-09	0.000000e+00	-7.800707e-15	1.841029e-09	-7.800707e-15	5.000000e-06	-5.000000e-06	-5.000000e-06	7.800707e-15	-2.061274e-24
3.589918391538616e-09	-7.037566e-15	5.000000e-02	1.000000e-01	5.000000e-02	0.000000e+00	-1.840992e-12	-3.518783e-12	0.000000e+00	1.840999e-09	0.000000e+00	7.037566e-15	-1.840992e-09	7.037566e-15	5.000000e-06	-5.000000e-06	-5.000000e-06	-7.037566e-15	1.679550e-24
3.609449641538616e-09	-6.415736e-15	5.000000e-02	1.000000e-01	5.000000e-02	0.000000e+00	1.840955e-12	3.207868e-12	0.000000e+00	-1.840962e-09	0.000000e+00	-6.415736e-15	1.840955e-09	-6.415736e-15	5.000000e-06	-5.000000e-06	-5.000000e-06	6.415736e-15	-1.368517e-24
3.628980891538616e-09	-5.909048e-15	5.000000e-02	1.000000e-01	5.000000e-02	0.000000e+00	-1.840918e-12	-2.954524e-12	0.000000e+00	1.840924e-09	0.000000e+00	5.909048e-15	-1.840918e-09	5.909048e-15	5.000000e-06	-5.000000e-06	-5.000000e-06	-5.909048e-15	1.115083e-24
3.648512141538615e-09	-5.496179e-15	5.000000e-02	1.000000e-01	5.000000e-02	0.000000e+00	1.840881e-12	2.748089e-12	0.000000e+00	-1.840886e-09	0.000000e+00	-5.496179e-15	1.840881e-09	-5.496179e-15	5.000000e-06	-5.000000e-06	-5.000000e-06	5.496179e-15	-9.085826e-25
3.668043391538615e-09	-5.159754e-15	5.000000e-02	1.000000e-01	5.000000e-02	0.000000e+00	-1.840843e-12	-2.579877e-12	0.000000e+00	1.840849e-09	0.000000e+00	5.159754e-15	-1.840843e-09	5.159754e-15	5.000000e-06	-5.000000e-06	-5.000000e-06	-5.159754e-15	7.403235e-25
3.687574641538615e-09	-4.885617e-15	5.000000e-02	1.000000e-01	5.000000e-02	0.000000e+00	1.840806e-12	2.442809e-12	0.000000e+00	-1.840811e-09	0.000000e+00	-4.885617e-15	1.840806e-09	-4.885617e-15	5.000000e-06	-5.000000e-06	-5.000000e-06	4.885617e-15	-6.032241e-25
3.707105891538615e-09	-4.662234e-15	5.000000e-02	1.000000e-01	5.000000e-02	0.000000e+00	-1.840769e-12	-2.331117e-12	0.000000e+00	1.840773e-09	0.000000e+00	4.662234e-15	-1.840769e-09	4.662234e-15	5.000000e-06	-5.000000e-06	-5.000000e-06	-4.662234e-15	4.915139e-25
3.726637141538615e-09	-4.480205e-15	5.000000e-02	1.000000e-01	5.000000e-02	0.000000e+00	1.840731e-12	2.240102e-12	0.000000e+00	-1.840736e-09	0.000000e+00	-4.480205e-15	1.840731e-09	-4.480205e-15	5.000000e-06	-5.000000e-06	-5.000000e-06	4.480205e-15	-4.004912e-25
3.746168391538615e-09	-4.331871e-15	5.000000e-02	1.000000e-01	5.000000e-02	0.000000e+00	-1.840694e-12	-2.165935e-12	0.000000e+00	1.840698e-09	0.000000e+00	4.331871e-15	-1.840694e-09	4.331871e-15	5.000000e-06	-5.000000e-06	-5.000000e-06	-4.331871e-15	3.263248e-25
3.765699641538615e-09	-4.210993e-15	5.000000e-02	1.000000e-01	5.000000e-02	0.000000e+00	1.840656e-12	2.105496e-12	0.000000e+00	-1.840660e-09	0.000000e+00	-4.210993e-15	1.840656e-09	-4.210993e-15	5.000000e-06	-5.000000e-06	-5.000000e-06	4.210993e-15	-2.658932e-25
3.785230891538614e-09	-4.112486e-15	5.000000e-02	1.000000e-01	5.000000e-02	0.000000e+00	-1.840618e-12	-2.056243e-12	0.000000e+00	1.840623e-09	0.000000e+00	4.112486e-15	-1.840618e-09	4.112486e-15	5.000000e-06	-5.000000e-06	-5.000000e-06	-4.112486e-15	2.166528e-25
3.804762141538614e-09	-4.032208e-15	5.000000e-02	1.000000e-01	5.000000e-02	0.000000e+00	1.840581e-12	2.016104e-12	0.000000e+00	-1.840585e-09	0.000000e+00	-4.032208e-15	1.840581e-09	-4.032208e-15	5.000000e-06	-5.000000e-06	-5.000000e-06	4.032208e-15	-1.765312e-25
3.824293391538614e-09	-3.966782e-15	5.000000e-02	1.000000e-01	5.000000e-02	0.000000e+00	-1.840543e-12	-1.983391e-12	0.000000e+00	1.840547e-09	0.000000e+00	3.966782e-15	-1.840543e-09	3.966782e-15	5.000000e-06	-5.000000e-06	-5.000000e-06	-3.966782e-15	1.438396e-25
3.843824641538614e-09	-3.913459e-15	5.000000e-02	1.000000e-01	5.000000e-02	0.000000e+00	1.840505e-12	1.956729e-12	0.000000e+00	-1.840509e-09	0.000000e+00	-3.913459e-15	1.840506e-09	-3.913459e-15	5.000000e-06	-5.000000e-06	-5.000000e-06	3.913459e-15	-1.172022e-25
3.863355891538614e-09	-3.869996e-15	5.000000e-02	1.000000e-01	5.000000e-02	0.000000e+00	-1.840468e-12	-1.934998e-12	0.000000e+00	1.840472e-09	0.000000e+00	3.869996e-15	-1.840468e-09	3.869996e-15	5.000000e-06	-5.000000e-06	-5.000000e-06	-3.869996e-15	9.549766e-26
3.882887141538614e-09	-3.834568e-15	5.000000e-02	1.000000e-01	5.000000e-02	0.000000e+00	1.840430e-12	1.917284e-12	0.000000e+00	-1.840434e-09	0.000000e+00	-3.834568e-15	1.840430e-09	-3.834568e-15	5.000000e-06	-5.000000e-06	-5.000000e-06	3.834568e-15	-7.781257e-26
3.902418391538613e-09	-3.805687e-15	5.000000e-02	1.000000e-01	5.000000e-02	0.000000e+00	-1.840392e-12	-1.902844e-12	0.000000e+00	1.840396e-09	0.000000e+00	3.805687e-15	-1.840393e-09	3.805687e-15	5.000000e-06	-5.000000e-06	-5.000000e-06	-3.805687e-15	6.340256e-26
3.921949641538613e-09	-3.782141e-15	5.000000e-02	1.000000e-01	5.000000e-02	0.000000e+00	1.840355e-12	1.891070e-12	0.000000e+00	-1.840359e-09	0.000000e+00	-3.782141e-15	1.840355e-09	-3.782141e-15	5.000000e-06	-5.000000e-06	-5.000000e-06	3.782141e-15	-5.166112e-26
3.941480891538613e-09	-3.762941e-15	5.000000e-02	1.000000e-01	5.000000e-02	0.000000e+00	-1.840317e-12	-1.881470e-12	0.000000e+00	1.840321e-09	0.000000e+00	3.762941e-15	-1.840317e-09	3.762941e-15	5.000000e-06	-5.000000e-06	-5.000000e-06	-3.762941e-15	4.209406e-26
3.961012141538613e-09	-3.747283e-15	5.000000e-02	1.000000e-01	5.000000e-02	0.000000e+00	1.840279e-12	1.873641e-12	0.000000e+00	-1.840283e-09	0.000000e+00	-3.747283e-15	1.840279e-09	-3.747283e-15	5.000000e-06	-5.000000e-06	-5.000000e-06	3.747283e-15	-3.429870e-26
3.980543391538613e-09	-3.734510e-15	5.000000e-02	1.000000e-01	5.000000e-02	0.000000e+00	-1.840242e-12	-1.867255e-12	0.000000e+00	1.840246e-09	0.000000e+00	3.734510e-15	-1.840242e-09	3.734510e-15	5.000000e-06	-5.000000e-06	-5.000000e-06	-3.734510e-15	2.794696e-26
4.000000000000000e-09	-3.719247e-15	5.000000e-02	1.000000e-01	5.000000e-02	0.000000e+00	1.840204e-12	1.862024e-12	0.000000e+00	-1.840208e-09	0.000000e+00	-3.719247e-15	1.840204e-09	-3.719247e-15	5.000000e-06	-5.000000e-06	-5.000000e-06	3.719247e-15	-2.275390e-26
4.000393827558545e-09	3.149299e-05	5.000000e-02	1.000000e-01	5.000000e-02	1.575310e-02	3.147516e-08	6.610283e-06	0.000000e+00	1.782351e-08	0.000000e+00	3.149299e-05	3.147516e-05	3.149299e-05	5.000000e-06	-5.000000e-06	-5.000000e-06	-3.149299e-05	1.294438e-18
4.000722643180623e-09	5.779060e-05	5.000000e-02	1.000000e-01	5.000000e-02	2.890573e-02	5.779242e-08	1.042799e-05	0.000000e+00	-1.816206e-09	0.000000e+00	5.779060e-05	5.779241e-05	5.779060e-05	5.000000e-06	-5.000000e-06	-5.000000e-06	-5.779060e-05	4.077454e-18
4.000880153508795e-09	7.038858e-05	5.000000e-02	1.000000e-01	5.000000e-02	3.520614e-02	7.037080e-08	1.184886e-05	0.000000e+00	1.778771e-08	0.000000e+00	7.038858e-05	7.037079e-05	7.038858e-05	5.000000e-06	-5.000000e-06	-5.000000e-06	-7.038858e-05	5.818660e-18
4.001098451778779e-09	8.784916e-05	5.000000e-02	1.000000e-01	5.000000e-02	4.393807e-02	8.785094e-08	1.348938e-05	0.000000e+00	-1.772791e-09	0.000000e+00	8.784916e-05	8.785094e-05	8.784916e-05	5.000000e-06	-5.000000e-06	-5.000000e-06	-8.784916e-05	8.560759e-18
4.001340886016348e-09	1.072410e-04	5.000000e-02	1.000000e-01	5.000000e-02	5.363544e-02	1.072232e-07	1.494373e-05	0.000000e+00	1.775428e-08	0.000000e+00	1.072410e-04	1.072232e-04	1.072410e-04	5.000000e-06	-5.000000e-06	-5.000000e-06	-1.072410e-04	1.197374e-17
4.001632992561492e-09	1.306068e-04	5.000000e-02	1.000000e-01	5.000000e-02	6.531970e-02	1.306086e-07	1.629711e-05	0.000000e+00	-1.742786e-09	0.000000e+00	1.306068e-04	1.306085e-04	1.306068e-04	5.000000e-06	-5.000000e-06	-5.000000e-06	-1.306068e-04	1.648520e-17
4.001923032871444e-09	1.538080e-04	5.000000e-02	1.000000e-01	5.000000e-02	7.692131e-02	1.537903e-07	1.731004e-05	0.000000e+00	1.772796e-08	0.000000e+00	1.538080e-04	1.537903e-04	1.538080e-04	5.000000e-06	-5.000000e-06	-5.000000e-06	-1.538080e-04	2.129576e-17
4.002261305491718e-09	1.808681e-04	5.000000e-02	1.000000e-01	5.000000e-02	9.045222e-02	1.808698e-07	1.818761e-05	0.000000e+00	-1.717504e-09	0.000000e+00	1.808681e-04	1.808698e-04	1.808681e-04	5.000000e-06	-5.000000e-06	-5.000000e-06	-1.808681e-04	2.721028e-17
4.002612294807135e-09	2.089459e-04	5.000000e-02	1.000000e-01	5.000000e-02	1.044918e-01	2.089282e-07	1.884687e-05	0.000000e+00	1.770568e-08	0.000000e+00	2.089459e-04	2.089282e-04	2.089459e-04	5.000000e-06	-5.000000e-06	-5.000000e-06	-2.089459e-04	3.359853e-17
4.003026052558925e-09	2.420454e-04	5.000000e-02	1.000000e-01	5.000000e-02	1.210421e-01	2.420471e-07	1.939811e-05	0.000000e+00	-1.696839e-09	0.000000e+00	2.420454e-04	2.420471e-04	2.420454e-04	5.000000e-06	-5.000000e-06	-5.000000e-06	-2.420454e-04	4.135529e-17
4.003469955222179e-09	2.775568e-04	5.000000e-02	1.000000e-01	5.000000e-02	1.387982e-01	2.775391e-07	1.980629e-05	0.000000e+00	1.768774e-08	0.000000e+00	2.775568e-04	2.775391e-04	2.775568e-04	5.000000e-06	-5.000000e-06	-5.000000e-06	-2.775568e-04	4.986045e-17
4.003999489447775e-09	3.199189e-04	5.000000e-02	1.000000e-01	5.000000e-02	1.599796e-01	3.199206e-07	2.013797e-05	0.000000e+00	-1.680673e-09	0.000000e+00	3.199189e-04	3.199206e-04	3.199189e-04	5.000000e-06	-5.000000e-06	-5.000000e-06	-3.199189e-04	6.016167e-17
4.004590465376094e-09	3.671965e-04	5.000000e-02	1.000000e-01	5.000000e-02	1.836186e-01	3.671788e-07	2.038851e-05	0.000000e+00	1.767395e-08	0.000000e+00	3.671965e-04	3.671788e-04	3.671965e-04	5.000000e-06	-5.000000e-06	-5.000000e-06	-3.671965e-04	7.177778e-17
4.005315962742325e-09	4.252358e-04	5.000000e-02	1.000000e-01	5.000000e-02	2.126385e-01	4.252375e-07	2.060327e-05	0.000000e+00	-1.668739e-09	0.000000e+00	4.252358e-04	4.252375e-04	4.252358e-04	5.000000e-06	-5.000000e-06	-5.000000e-06	-4.252358e-04	8.613092e-17
4.006171590570565e-09	4.936857e-04	5.000000e-02	1.000000e-01	5.000000e-02	2.468636e-01	4.936680e-07	2.079177e-05	0.000000e+00	1.766413e-08	0.000000e+00	4.936857e-04	4.936680e-04	4.936857e-04	5.000000e-06	-5.000000e-06	-5.000000e-06	-4.936857e-04	1.031233e-16
4.007282199185883e-09	5.825339e-04	5.000000e-02	1.000000e-01	5.000000e-02	2.912880e-01	5.825356e-07	2.099382e-05	0.000000e+00	-1.660725e-09	0.000000e+00	5.825339e-04	5.825356e-04	5.825339e-04	5.000000e-06	-5.000000e-06	-5.000000e-06	-5.825339e-04	1.252222e-16
4.008715306241889e-09	6.971820e-04	5.000000e-02	1.000000e-01	5.000000e-02	3.486122e-01	6.971644e-07	2.123084e-05	0.000000e+00	1.765796e-08	0.000000e+00	6.971820e-04	6.971644e-04	6.971820e-04	5.000000e-06	-5.000000e-06	-5.000000e-06	-6.971820e-04	1.537618e-16
4.010803043700105e-09	8.642004e-04	5.000000e-02	1.000000e-01	5.000000e-02	4.321218e-01	8.642020e-07	2.156587e-05	0.000000e+00	-1.656177e-09	0.000000e+00	8.642004e-04	8.642020e-04	8.642004e-04	5.000000e-06	-5.000000e-06	-5.000000e-06	-8.642004e-04	1.953484e-16
4.014038146771156e-09	1.123008e-03	5.000000e-02	1.000000e-01	5.000000e-02	5.615259e-01	1.122990e-06	2.208239e-05	0.000000e+00	1.765492e-08	0.000000e+00	1.123008e-03	1.122990e-03	1.123008e-03	5.000000e-06	-5.000000e-06	-5.000000e-06	-1.123008e-03	2.597925e-16
4.020000000000001e-09	1.599954e-03	5.000000e-02	1.000000e-01	5.000000e-02	8.000000e-01	1.599956e-06	2.303442e-05	0.000000e+00	-1.654335e-09	0.000000e+00	1.599954e-03	1.599956e-03	1.599954e-03	5.000000e-06	-5.000000e-06	-5.000000e-06	-1.599954e-03	3.785540e-16
4.020211067399376e-09	1.599962e-03	5.000000e-02	1.000000e-01	5.000000e-02	8.000000e-01	1.599960e-06	1.923444e-05	0.000000e+00	1.658397e-09	0.000000e+00	1.599962e-03	1.599960e-03	1.599962e-03	5.000000e-06	-5.000000e-06	-5.000000e-06	-1.599962e-03	3.823559e-16
4.020440081605721e-09	1.599968e-03	5.000000e-02	1.000000e-01	5.000000e-02	8.000000e-01	1.599970e-06	1.592795e-05	0.000000e+00	-1.649733e-09	0.000000e+00	1.599968e-03	1.599970e-03	1.599968e-03	5.000000e-06	-5.000000e-06	-5.000000e-06	-1.599968e-03	3.856641e-16
4.020623259621630e-09	1.599972e-03	5.000000e-02	1.000000e-01	5.000000e-02	8.000000e-01	1.599971e-06	1.378416e-05	0.000000e+00	1.650811e-09	0.000000e+00	1.599972e-03	1.599971e-03	1.599972e-03	5.000000e-06	-5.000000e-06	-5.000000e-06	-1.599972e-03	3.878089e-16
4.020859066613427e-09	1.599977e-03	5.000000e-02	1.000000e-01	5.000000e-02	8.000000e-01	1.599979e-06	1.154324e-05	0.000000e+00	-1.644215e-09	0.000000e+00	1.599977e-03	1.599979e-03	1.599977e-03	5.000000e-06	-5.000000e-06	-5.000000e-06	-1.599977e-03	3.900510e-16
4.021077338665088e-09	1.599980e-03	5.000000e-02	1.000000e-01	5.000000e-02	8.000000e-01	1.599979e-06	9.894889e-06	0.000000e+00	1.644223e-09	0.000000e+00	1.599980e-03	1.599979e-03	1.599980e-03	5.000000e-06	-5.000000e-06	-5.000000e-06	-1.599980e-03	3.917001e-16
4.021348387558716e-09	1.599983e-03	5.000000e-02	1.000000e-01	5.000000e-02	8.000000e-01	1.599985e-06	8.290373e-06	0.000000e+00	-1.639432e-09	0.000000e+00	1.599983e-03	1.599985e-03	1.599983e-03	5.000000e-06	-5.000000e-06	-5.000000e-06	-1.599983e-03	3.933055e-16
4.021606655673338e-09	1.599986e-03	5.000000e-02	1.000000e-01	5.000000e-02	8.000000e-01	1.599984e-06	7.120970e-06	0.000000e+00	1.638704e-09	0.000000e+00	1.599986e-03	1.599984e-03	1.599986e-03	5.000000e-06	-5.000000e-06	-5.000000e-06	-1.599986e-03	3.944754e-16
4.021920257861684e-09	1.599988e-03	5.000000e-02	1.000000e-01	5.000000e-02	8.000000e-01	1.599990e-06	6.053069e-06	0.000000e+00	-1.635254e-09	0.000000e+00	1.599988e-03	1.599989e-03	1.599988e-03	5.000000e-06	-5.000000e-06	-5.000000e-06	-1.599988e-03	3.955439e-16
4.022231291671415e-09	1.599989e-03	5.000000e-02	1.000000e-01	5.000000e-02	8.000000e-01	1.599988e-06	5.281047e-06	0.000000e+00	1.634145e-09	0.000000e+00	1.599989e-03	1.599988e-03	1.599989e-03	5.000000e-06	-5.000000e-06	-5.000000e-06	-1.599989e-03	3.963163e-16
4.022605977654772e-09	1.599991e-03	5.000000e-02	1.000000e-01	5.000000e-02	8.000000e-01	1.599992e-06	4.620385e-06	0.000000e+00	-1.631696e-09	0.000000e+00	1.599991e-03	1.599992e-03	1.599991e-03	5.000000e-06	-5.000000e-06	-5.000000e-06	-1.599991e-03	3.969773e-16
4.022991868714620e-09	1.599992e-03	5.000000e-02	1.000000e-01	5.000000e-02	8.000000e-01	1.599990e-06	4.157499e-06	0.000000e+00	1.630485e-09	0.000000e+00	1.599992e-03	1.599990e-03	1.599992e-03	5.000000e-06	-5.000000e-06	-5.000000e-06	-1.599992e-03	3.974404e-16
4.023457598122430e-09	1.599992e-03	5.000000e-02	1.000000e-01	5.000000e-02	8.000000e-01	1.599994e-06	3.792349e-06	0.000000e+00	-1.628772e-09	0.000000e+00	1.599992e-03	1.599994e-03	1.599992e-03	5.000000e-06	-5.000000e-06	-5.000000e-06	-1.599992e-03	3.978057e-16
4.023956909989850e-09	1.599993e-03	5.000000e-02	1.000000e-01	5.000000e-02	8.000000e-01	1.599991e-06	3.552446e-06	0.000000e+00	1.627660e-09	0.000000e+00	1.599993e-03	1.599991e-03	1.599993e-03	5.000000e-06	-5.000000e-06	-5.000000e-06	-1.599993e-03	3.980458e-16
4.024568928157734e-09	1.599993e-03	5.000000e-02	1.000000e-01	5.000000e-02	8.000000e-01	1.599995e-06	3.383843e-06	0.000000e+00	-1.626486e-09	0.000000e+00	1.599993e-03	1.599995e-03	1.599993e-03	5.000000e-06	-5.000000e-06	-5.000000e-06	-1.599993e-03	3.982145e-16
4.025258087598387e-09	1.599993e-03	5.000000e-02	1.000000e-01	5.000000e-02	8.000000e-01	1.599992e-06	3.286085e-06	0.000000e+00	1.625599e-09	0.000000e+00	1.599993e-03	1.599992e-03	1.599993e-03	5.000000e-06	-5.000000e-06	-5.000000e-06	-1.599993e-03	3.983123e-16
4.026133797554433e-09	1.599994e-03	5.000000e-02	1.000000e-01	5.000000e-02	8.000000e-01	1.599995e-06	3.229631e-06	0.000000e+00	-1.624831e-09	0.000000e+00	1.599994e-03	1.599995e-03	1.599994e-03	5.000000e-06	-5.000000e-06	-5.000000e-06	-1.599994e-03	3.983688e-16
4.027191849419368e-09	1.599994e-03	5.000000e-02	1.000000e-01	5.000000e-02	8.000000e-01	1.599992e-06	3.204648e-06	0.000000e+00	1.624226e-09	0.000000e+00	1.599994e-03	1.599992e-03	1.599994e-03	5.000000e-06	-5.000000e-06	-5.000000e-06	-1.599994e-03	3.983937e-16
4.028641041909168e-09	1.599994e-03	5.000000e-02	1.000000e-01	5.000000e-02	8.000000e-01	1.599995e-06	3.195358e-06	0.000000e+00	-1.623776e-09	0.000000e+00	1.599994e-03	1.599995e-03	1.599994e-03	5.000000e-06	-5.000000e-06	-5.000000e-06	-1.599994e-03	3.984030e-16
4.030621862593024e-09	1.599994e-03	5.000000e-02	1.000000e-01	5.000000e-02	8.000000e-01	1.599992e-06	3.193617e-06	0.000000e+00	1.623448e-09	0.000000e+00	1.599994e-03	1.599992e-03	1.599994e-03	5.000000e-06	-5.000000e-06	-5.000000e-06	-1.599994e-03	3.984048e-16
4.033840937441006e-09	1.599994e-03	5.000000e-02	1.000000e-01	5.000000e-02	8.000000e-01	1.599995e-06	3.193613e-06	0.000000e+00	-1.623246e-09	0.000000e+00	1.599994e-03	1.599995e-03	1.599994e-03	5.000000e-06	-5.000000e-06	-5.000000e-06	-1.599994e-03	3.984048e-16
4.039695911512046e-09	1.599994e-03	5.000000e-02	1.000000e-01	5.000000e-02	8.000000e-01	1.599992e-06	3.193612e-06	0.000000e+00	1.623136e-09	0.000000e+00	1.599994e-03	1.599992e-03	1.599994e-03	5.000000e-06	-5.000000e-06	-5.000000e-06	-1.599994e-03	3.984048e-16
4.051405859654127e-09	1.599994e-03	5.000000e-02	1.000000e-01	5.000000e-02	8.000000e-01	1.599995e-06	3.193614e-06	0.000000e+00	-1.623080e-09	0.000000e+00	1.599994e-03	1.599995e-03	1.599994e-03	5.000000e-06	-5.000000e-06	-5.000000e-06	-1.599994e-03	3.984048e-16
4.070937109654127e-09	1.599994e-03	5.000000e-02	1.000000e-01	5.000000e-02	8.000000e-01	1.599992e-06	3.193612e-06	0.000000e+00	1.623047e-09	0.000000e+00	1.599994e-03	1.599992e-03	1.599994e-03	5.000000e-06	-5.000000e-06	-5.000000e-06	-1.599994e-03	3.984048e-16
4.090468359654127e-09	1.599994e-03	5.000000e-02	1.000000e-01	5.000000e-02	8.000000e-01	1.599995e-06	3.193614e-06	0.000000e+00	-1.623014e-09	0.000000e+00	1.599994e-03	1.599995e-03	1.599994e-03	5.000000e-06	-5.000000e-06	-5.000000e-06	-1.599994e-03	3.984048e-16
4.109999609654127e-09	1.599994e-03	5.000000e-02	1.000000e-01	5.000000e-02	8.000000e-01	1.599992e-06	3.193611e-06	0.000000e+00	1.622980e-09	0.000000e+00	1.599994e-03	1.599992e-03	1.599994e-03	5.000000e-06	-5.000000e-06	-5.000000e-06	-1.599994e-03	3.984048e-16
4.129530859654126e-09	1.599994e-03	5.000000e-02	1.000000e-01	5.000000e-02	8.000000e-01	1.599995e-06	3.193614e-06	0.000000e+00	-1.622947e-09	0.000000e+00	1.599994e-03	1.599995e-03	1.599994e-03	5.000000e-06	-5.000000e-06	-5.000000e-06	-1.599994e-03	3.984048e-16
4.149062109654126e-09	1.599994e-03	5.000000e-02	1.000000e-01	5.000000e-02	8.000000e-01	1.599992e-06	3.193611e-06	0.000000e+00	1.622914e-09	0.000000e+00	1.599994e-03	1.599992e-03	1.599994e-03	5.000000e-06	-5.000000e-06	-5.000000e-06	-1.599994e-03	3.984048e-16
4.168593359654126e-09	1.599994e-03	5.000000e-02	1.000000e-01	5.000000e-02	8.000000e-01	1.599995e-06	3.193614e-06	0.000000e+00	-1.622881e-09	0.000000e+00	1.599994e-03	1.599995e-03	1.599994e-03	5.000000e-06	-5.000000e-06	-5.000000e-06	-1.599994e-03	3.984048e-16
4.188124609654126e-09	1.599994e-03	5.000000e-02	1.000000e-01	5.000000e-02	8.000000e-01	1.599992e-06	3.193611e-06	0.000000e+00	1.622847e-09	0.000000e+00	1.599994e-03	1.599992e-03	1.599994e-03	5.000000e-06	-5.000000e-06	-5.000000e-06	-1.599994e-03	3.984048e-16
4.207655859654126e-09	1.599994e-03	5.000000e-02	1.000000e-01	5.000000e-02	8.000000e-01	1.599995e-06	3.193614e-06	0.000000e+00	-1.622814e-09	0.000000e+00	1.599994e-03	1.599995e-03	1.599994e-03	5.000000e-06	-5.000000e-06	-5.000000e-06	-1.599994e-03	3.984048e-16
4.227187109654125e-09	1.599994e-03	5.000000e-02	1.000000e-01	5.000000e-02	8.000000e-01	1.599992e-06	3.193611e-06	0.000000e+00	1.622781e-09	0.000000e+00	1.599994e-03	1.599992e-03	1.599994e-03	5.000000e-06	-5.000000e-06	-5.000000e-06	-1.599994e-03	3.984048e-16
4.246718359654125e-09	1.599994e-03	5.000000e-02	1.000000e-01	5.000000e-02	8.000000e-01	1.599995e-06	3.193614e-06	0.000000e+00	-1.622748e-09	0.000000e+00	1.599994e-03	1.599995e-03	1.599994e-03	5.000000e-06	-5.000000e-06	-5.000000e-06	-1.599994e-03	3.984048e-16
4.266249609654125e-09	1.599994e-03	5.000000e-02	1.000000e-01	5.000000e-02	8.000000e-01	1.599992e-06	3.193611e-06	0.000000e+00	1.622714e-09	0.000000e+00	1.599994e-03	1.599992e-03	1.599994e-03	5.000000e-06	-5.000000e-06	-5.000000e-06	-1.599994e-03	3.984048e-16
4.285780859654125e-09	1.599994e-03	5.000000e-02	1.000000e-01	5.000000e-02	8.000000e-01	1.599995e-06	3.193614e-06	0.000000e+00	-1.622681e-09	0.000000e+00	1.599994e-03	1.599995e-03	1.599994e-03	5.000000e-06	-5.000000e-06	-5.000000e-06	-1.599994e-03	3.984048e-16
4.305312109654125e-09	1.599994e-03	5.000000e-02	1.000000e-01	5.000000e-02	8.000000e-01	1.599992e-06	3.193611e-06	0.000000e+00	1.622648e-09	0.000000e+00	1.599994e-03	1.599992e-03	1.599994e-03	5.000000e-06	-5.000000e-06	-5.000000e-06	-1.599994e-03	3.984048e-16
4.324843359654125e-09	1.599994e-03	5.000000e-02	1.000000e-01	5.000000e-02	8.000000e-01	1.599995e-06	3.193614e-06	0.000000e+00	-1.622615e-09	0.000000e+00	1.599994e-03	1.599995e-03	1.599994e-03	5.000000e-06	-5.000000e-06	-5.000000e-06	-1.599994e-03	3.984048e-16
4.344374609654124e-09	1.599994e-03	5.000000e-02	1.000000e-01	5.000000e-02	8.000000e-01	1.599992e-06	3.193611e-06	0.000000e+00	1.622582e-09	0.000000e+00	1.599994e-03	1.599992e-03	1.599994e-03	5.000000e-06	-5.000000e-06	-5.000000e-06	-1.599994e-03	3.984048e-16
4.363905859654124e-09	1.599994e-03	5.000000e-02	1.000000e-01	5.000000e-02	8.000000e-01	1.599995e-06	3.193614e-06	0.000000e+00	-1.622548e-09	0.000000e+00	1.599994e-03	1.599995e-03	1.599994e-03	5.000000e-06	-5.000000e-06	-5.000000e-06	-1.599994e-03	3.984048e-16
4.383437109654124e-09	1.599994e-03	5.000000e-02	1.000000e-01	5.000000e-02	8.000000e-01	1.599992e-06	3.193611e-06	0.000000e+00	1.622515e-09	0.000000e+00	1.599994e-03	1.599992e-03	1.599994e-03	5.000000e-06	-5.000000e-06	-5.000000e-06	-1.599994e-03	3.984048e-16
4.402968359654124e-09	1.599994e-03	5.000000e-02	1.000000e-01	5.000000e-02	8.000000e-01	1.599995e-06	3.193614e-06	0.000000e+00	-1.622482e-09	0.000000e+00	1.599994e-03	1.599995e-03	1.599994e-03	5.000000e-06	-5.000000e-06	-5.000000e-06	-1.599994e-03	3.984048e-16
4.422499609654124e-09	1.599994e-03	5.000000e-02	1.000000e-01	5.000000e-02	8.000000e-01	1.599992e-06	3.193611e-06	0.000000e+00	1.622449e-09	0.000000e+00	1.599994e-03	1.599992e-03	1.599994e-03	5.000000e-06	-5.000000e-06	-5.000000e-06	-1.599994e-03	3.984048e-16
4.442030859654123e-09	1.599994e-03	5.000000e-02	1.000000e-01	5.000000e-02	8.000000e-01	1.599995e-06	3.193614e-06	0.000000e+00	-1.622415e-09	0.000000e+00	1.599994e-03	1.599995e-03	1.599994e-03	5.000000e-06	-5.000000e-06	-5.000000e-06	-1.599994e-03	3.984048e-16
4.461562109654123e-09	1.599994e-03	5.000000e-02	1.000000e-01	5.000000e-02	8.000000e-01	1.599992e-06	3.193611e-06	0.000000e+00	1.622382e-09	0.000000e+00	1.599994e-03	1.599992e-03	1.599994e-03	5.000000e-06	-5.000000e-06	-5.000000e-06	-1.599994e-03	3.984048e-16
4.481093359654123e-09	1.599994e-03	5.000000e-02	1.000000e-01	5.000000e-02	8.000000e-01	1.599995e-06	3.193614e-06	0.000000e+00	-1.622349e-09	0.000000e+00	1.599994e-03	1.599995e-03	1.599994e-03	5.000000e-06	-5.000000e-06	-5.000000e-06	-1.599994e-03	3.984048e-16
4.500624609654123e-09	1.599994e-03	5.000000e-02	1.000000e-01	5.000000e-02	8.000000e-01	1.599992e-06	3.193611e-06	0.000000e+00	1.622316e-09	0.000000e+00	1.599994e-03	1.599992e-03	1.599994e-03	5.000000e-06	-5.000000e-06	-5.000000e-06	-1.599994e-03	3.984048e-16
4.520000000000001e-09	1.599994e-03	5.000000e-02	1.000000e-01	5.000000e-02	8.000000e-01	1.599995e-06	3.193614e-06	0.000000e+00	-1.622282e-09	0.000000e+00	1.599994e-03	1.599995e-03	1.599994e-03	5.000000e-06	-5.000000e-06	-5.000000e-06	-1.599994e-03	3.984048e-16
4.520393144036281e-09	1.568555e-03	5.000000e-02	1.000000e-01	5.000000e-02	7.842742e-01	1.568570e-06	-3.407073e-06	0.000000e+00	-1.436452e-08	0.000000e+00	1.568555e-03	1.568570e-03	1.568555e-03	5.000000e-06	-5.000000e-06	-5.000000e-06	-1.568555e-03	3.971145e-16
4.520721461941247e-09	1.542298e-03	5.000000e-02	1.000000e-01	5.000000e-02	7.711415e-01	1.542299e-06	-7.222483e-06	0.000000e+00	-1.638584e-09	0.000000e+00	1.542298e-03	1.542299e-03	1.542298e-03	5.000000e-06	-5.000000e-06	-5.000000e-06	-1.542298e-03	3.943392e-16
4.520879031944383e-09	1.529695e-03	5.000000e-02	1.000000e-01	5.000000e-02	7.648387e-01	1.529709e-06	-8.645573e-06	0.000000e+00	-1.434168e-08	0.000000e+00	1.529695e-03	1.529709e-03	1.529695e-03	5.000000e-06	-5.000000e-06	-5.000000e-06	-1.529695e-03	3.925990e-16
4.521097312366506e-09	1.512236e-03	5.000000e-02	1.000000e-01	5.000000e-02	7.561075e-01	1.512237e-06	-1.028785e-05	0.000000e+00	-1.666924e-09	0.000000e+00	1.512236e-03	1.512237e-03	1.512236e-03	5.000000e-06	-5.000000e-06	-5.000000e-06	-1.512236e-03	3.898590e-16
4.521339682233016e-09	1.492849e-03	5.000000e-02	1.000000e-01	5.000000e-02	7.464127e-01	1.492863e-06	-1.174354e-05	0.000000e+00	-1.432023e-08	0.000000e+00	1.492849e-03	1.492863e-03	1.492849e-03	5.000000e-06	-5.000000e-06	-5.000000e-06	-1.492849e-03	3.864486e-16
4.521631643427583e-09	1.469495e-03	5.000000e-02	1.000000e-01	5.000000e-02	7.347342e-01	1.469496e-06	-1.309795e-05	0.000000e+00	-1.686567e-09	0.000000e+00	1.469495e-03	1.469496e-03	1.469495e-03	5.000000e-06	-5.000000e-06	-5.000000e-06	-1.469495e-03	3.819411e-16
4.521921574676738e-09	1.446302e-03	5.000000e-02	1.000000e-01	5.000000e-02	7.231370e-01	1.446317e-06	-1.411190e-05	0.000000e+00	-1.430333e-08	0.000000e+00	1.446302e-03	1.446317e-03	1.446302e-03	5.000000e-06	-5.000000e-06	-5.000000e-06	-1.446302e-03	3.771338e-16
4.522259676510068e-09	1.419256e-03	5.000000e-02	1.000000e-01	5.000000e-02	7.096130e-01	1.419258e-06	-1.499033e-05	0.000000e+00	-1.703083e-09	0.000000e+00	1.419256e-03	1.419258e-03	1.419256e-03	5.000000e-06	-5.000000e-06	-5.000000e-06	-1.419256e-03	3.712235e-16
4.522610509554977e-09	1.391191e-03	5.000000e-02	1.000000e-01	5.000000e-02	6.955796e-01	1.391205e-06	-1.565036e-05	0.000000e+00	-1.428899e-08	0.000000e+00	1.391191e-03	1.391205e-03	1.391191e-03	5.000000e-06	-5.000000e-06	-5.000000e-06	-1.391191e-03	3.648392e-16
4.523024024615557e-09	1.358110e-03	5.000000e-02	1.000000e-01	5.000000e-02	6.790390e-01	1.358112e-06	-1.620222e-05	0.000000e+00	-1.716557e-09	0.000000e+00	1.358110e-03	1.358112e-03	1.358110e-03	5.000000e-06	-5.000000e-06	-5.000000e-06	-1.358110e-03	3.570879e-16
4.523467676056383e-09	1.322619e-03	5.000000e-02	1.000000e-01	5.000000e-02	6.612930e-01	1.322633e-06	-1.661092e-05	0.000000e+00	-1.427741e-08	0.000000e+00	1.322619e-03	1.322633e-03	1.322619e-03	5.000000e-06	-5.000000e-06	-5.000000e-06	-1.322619e-03	3.485883e-16
4.523996835043782e-09	1.280287e-03	5.000000e-02	1.000000e-01	5.000000e-02	6.401266e-01	1.280289e-06	-1.694298e-05	0.000000e+00	-1.727081e-09	0.000000e+00	1.280287e-03	1.280289e-03	1.280287e-03	5.000000e-06	-5.000000e-06	-5.000000e-06	-1.280287e-03	3.382950e-16
4.524587378228691e-09	1.233044e-03	5.000000e-02	1.000000e-01	5.000000e-02	6.165048e-01	1.233058e-06	-1.719380e-05	0.000000e+00	-1.426850e-08	0.000000e+00	1.233044e-03	1.233058e-03	1.233044e-03	5.000000e-06	-5.000000e-06	-5.000000e-06	-1.233044e-03	3.266879e-16
4.525312220318012e-09	1.175057e-03	5.000000e-02	1.000000e-01	5.000000e-02	5.875112e-01	1.175059e-06	-1.740871e-05	0.000000e+00	-1.734838e-09	0.000000e+00	1.175057e-03	1.175059e-03	1.175057e-03	5.000000e-06	-5.000000e-06	-5.000000e-06	-1.175057e-03	3.123481e-16
4.526166995193846e-09	1.106676e-03	5.000000e-02	1.000000e-01	5.000000e-02	5.533202e-01	1.106690e-06	-1.759725e-05	0.000000e+00	-1.426214e-08	0.000000e+00	1.106676e-03	1.106690e-03	1.106676e-03	5.000000e-06	-5.000000e-06	-5.000000e-06	-1.106676e-03	2.953728e-16
4.527276221894930e-09	1.017938e-03	5.000000e-02	1.000000e-01	5.000000e-02	5.089511e-01	1.017940e-06	-1.779918e-05	0.000000e+00	-1.740042e-09	0.000000e+00	1.017938e-03	1.017940e-03	1.017938e-03	5.000000e-06	-5.000000e-06	-5.000000e-06	-1.017938e-03	2.733016e-16
4.528707212586199e-09	9.034591e-04	5.000000e-02	1.000000e-01	5.000000e-02	4.517115e-01	9.034733e-07	-1.803592e-05	0.000000e+00	-1.425814e-08	0.000000e+00	9.034591e-04	9.034734e-04	9.034591e-04	5.000000e-06	-5.000000e-06	-5.000000e-06	-9.034591e-04	2.448042e-16
4.530790907777406e-09	7.367641e-04	5.000000e-02	1.000000e-01	5.000000e-02	3.683637e-01	7.367659e-07	-1.837032e-05	0.000000e+00	-1.742995e-09	0.000000e+00	7.367641e-04	7.367659e-04	7.367641e-04	5.000000e-06	-5.000000e-06	-5.000000e-06	-7.367641e-04	2.032981e-16
4.534017762071109e-09	4.786168e-04	5.000000e-02	1.000000e-01	5.000000e-02	2.392895e-01	4.786311e-07	-1.888553e-05	0.000000e+00	-1.425617e-08	0.000000e+00	4.786168e-04	4.786311e-04	4.786168e-04	5.000000e-06	-5.000000e-06	-5.000000e-06	-4.786168e-04	1.390184e-16
4.540000000000001e-09	3.968160e-08	5.000000e-02	1.000000e-01	5.000000e-02	0.000000e+00	4.142579e-11	-1.984080e-05	0.000000e+00	-1.744189e-09	0.000000e+00	3.968160e-08	4.142579e-08	3.968160e-08	5.000000e-06	-5.000000e-06	-5.000000e-06	-3.968160e-08	1.985076e-17
4.540211280009159e-09	-3.207473e-08	5.000000e-02	1.000000e-01	5.000000e-02	0.000000e+00	3.034104e-11	-1.603737e-05	0.000000e+00	1.733696e-09	0.000000e+00	3.207473e-08	3.034104e-08	3.207473e-08	5.000000e-06	-5.000000e-06	-5.000000e-06	-3.207473e-08	1.604541e-17
4.540440564096816e-09	2.545618e-08	5.000000e-02	1.000000e-01	5.000000e-02	0.000000e+00	2.719262e-11	-1.272809e-05	0.000000e+00	-1.736442e-09	0.000000e+00	2.545618e-08	2.719262e-08	2.545618e-08	5.000000e-06	-5.000000e-06	-5.000000e-06	-2.545618e-08	1.273448e-17
4.540623677259901e-09	2.117211e-08	5.000000e-02	1.000000e-01	5.000000e-02	0.000000e+00	1.944414e-11	-1.058606e-05	0.000000e+00	1.727979e-09	0.000000e+00	2.117211e-08	1.944414e-08	2.117211e-08	5.000000e-06	-5.000000e-06	-5.000000e-06	-2.117211e-08	1.059137e-17
4.540859583000757e-09	1.669047e-08	5.000000e-02	1.000000e-01	5.000000e-02	0.000000e+00	1.841932e-11	-8.345238e-06	0.000000e+00	-1.728848e-09	0.000000e+00	1.669047e-08	1.841932e-08	1.669047e-08	5.000000e-06	-5.000000e-06	-5.000000e-06	-1.669047e-08	8.349429e-18
4.541077812383543e-09	1.339610e-08	5.000000e-02	1.000000e-01	5.000000e-02	0.000000e+00	1.167344e-11	-6.698051e-06	0.000000e+00	1.722666e-09	0.000000e+00	1.339610e-08	1.167344e-08	1.339610e-08	5.000000e-06	-5.000000e-06	-5.000000e-06	-1.339610e-08	6.701412e-18
4.541348988029144e-09	1.018728e-08	5.000000e-02	1.000000e-01	5.000000e-02	0.000000e+00	1.190978e-11	-5.093642e-06	0.000000e+00	-1.722491e-09	0.000000e+00	1.018728e-08	1.190978e-08	1.018728e-08	5.000000e-06	-5.000000e-06	-5.000000e-06	-1.018728e-08	5.096201e-18
4.541607236176809e-09	7.850081e-09	5.000000e-02	1.000000e-01	5.000000e-02	0.000000e+00	6.132064e-12	-3.925040e-06	0.000000e+00	1.718017e-09	0.000000e+00	7.850081e-09	6.132064e-09	7.850081e-09	5.000000e-06	-5.000000e-06	-5.000000e-06	-7.850081e-09	3.927009e-18
4.541920971273584e-09	5.714745e-09	5.000000e-02	1.000000e-01	5.000000e-02	0.000000e+00	7.431933e-12	-2.857372e-06	0.000000e+00	-1.717188e-09	0.000000e+00	5.714745e-09	7.431933e-09	5.714745e-09	5.000000e-06	-5.000000e-06	-5.000000e-06	-5.714745e-09	2.858808e-18
4.542232005560458e-09	4.171837e-09	5.000000e-02	1.000000e-01	5.000000e-02	0.000000e+00	2.457847e-12	-2.085918e-06	0.000000e+00	1.713990e-09	0.000000e+00	4.171837e-09	2.457847e-09	4.171837e-09	5.000000e-06	-5.000000e-06	-5.000000e-06	-4.171837e-09	2.086964e-18
4.542606845472452e-09	2.851003e-09	5.000000e-02	1.000000e-01	5.000000e-02	0.000000e+00	4.563869e-12	-1.425501e-06	0.000000e+00	-1.712866e-09	0.000000e+00	2.851003e-09	4.563869e-09	2.851003e-09	5.000000e-06	-5.000000e-06	-5.000000e-06	-2.851003e-09	1.426219e-18
4.542992770086366e-09	1.926001e-09	5.000000e-02	1.000000e-01	5.000000e-02	0.000000e+00	2.153888e-13	-9.630006e-07	0.000000e+00	1.710613e-09	0.000000e+00	1.926001e-09	2.153888e-10	1.926001e-09	5.000000e-06	-5.000000e-06	-5.000000e-06	-1.926001e-09	9.634824e-19
4.543458696695792e-09	1.196111e-09	5.000000e-02	1.000000e-01	5.000000e-02	0.000000e+00	2.905569e-12	-5.980555e-07	0.000000e+00	-1.709458e-09	0.000000e+00	1.196111e-09	2.905569e-09	1.196111e-09	5.000000e-06	-5.000000e-06	-5.000000e-06	-1.196111e-09	5.983574e-19
4.543958098482339e-09	7.167923e-10	5.000000e-02	1.000000e-01	5.000000e-02	0.000000e+00	-9.911050e-13	-3.583961e-07	0.000000e+00	1.707897e-09	0.000000e+00	7.167923e-10	-9.911050e-10	7.167923e-10	5.000000e-06	-5.000000e-06	-5.000000e-06	-7.167923e-10	3.585743e-19
4.544570403308847e-09	3.798657e-10	5.000000e-02	1.000000e-01	5.000000e-02	0.000000e+00	2.086758e-12	-1.899329e-07	0.000000e+00	-1.706892e-09	0.000000e+00	3.798657e-10	2.086758e-09	3.798657e-10	5.000000e-06	-5.000000e-06	-5.000000e-06	-3.798657e-10	1.900299e-19
4.545259768251115e-09	1.846224e-10	5.000000e-02	1.000000e-01	5.000000e-02	0.000000e+00	-1.521223e-12	-9.231119e-08	0.000000e+00	1.705845e-09	0.000000e+00	1.846224e-10	-1.521223e-09	1.846224e-10	5.000000e-06	-5.000000e-06	-5.000000e-06	-1.846224e-10	9.235582e-20
4.546135973976953e-09	7.185763e-11	5.000000e-02	1.000000e-01	5.000000e-02	0.000000e+00	1.776950e-12	-3.592881e-08	0.000000e+00	-1.705092e-09	0.000000e+00	7.185763e-11	1.776950e-09	7.185763e-11	5.000000e-06	-5.000000e-06	-5.000000e-06	-7.185763e-11	3.594856e-20
4.547194528731646e-09	2.200904e-11	5.000000e-02	1.000000e-01	5.000000e-02	0.000000e+00	-1.682430e-12	-1.100452e-08	0.000000e+00	1.704439e-09	0.000000e+00	2.200904e-11	-1.682430e-09	2.200904e-11	5.000000e-06	-5.000000e-06	-5.000000e-06	-2.200904e-11	1.100834e-20
4.548644836985669e-09	3.464979e-12	5.000000e-02	1.000000e-01	5.000000e-02	0.000000e+00	1.707436e-12	-1.732489e-09	0.000000e+00	-1.703971e-09	0.000000e+00	3.464979e-12	1.707436e-09	3.464979e-12	5.000000e-06	-5.000000e-06	-5.000000e-06	-3.464979e-12	1.735063e-21
4.550627247717208e-09	1.266506e-14	5.000000e-02	1.000000e-01	5.000000e-02	0.000000e+00	-1.703614e-12	-6.332532e-12	0.000000e+00	1.703627e-09	0.000000e+00	1.266506e-14	-1.703614e-09	1.266506e-14	5.000000e-06	-5.000000e-06	-5.000000e-06	-1.266506e-14	4.632084e-24
4.553850365334045e-09	-5.588743e-15	5.000000e-02	1.000000e-01	5.000000e-02	0.000000e+00	1.703410e-12	2.794372e-12	0.000000e+00	-1.703416e-09	0.000000e+00	-5.588743e-15	1.703410e-09	-5.588743e-15	5.000000e-06	-5.000000e-06	-5.000000e-06	5.588743e-15	-1.092358e-24
4.559714875221475e-09	-4.480782e-15	5.000000e-02	1.000000e-01	5.000000e-02	0.000000e+00	-1.703295e-12	-2.240391e-12	0.000000e+00	1.703300e-09	0.000000e+00	4.480782e-15	-1.703295e-09	4.480782e-15	5.000000e-06	-5.000000e-06	-5.000000e-06	-4.480782e-15	5.382160e-25
4.571443894996334e-09	-4.168135e-15	5.000000e-02	1.000000e-01	5.000000e-02	0.000000e+00	1.703237e-12	2.084068e-12	0.000000e+00	-1.703241e-09	0.000000e+00	-4.168135e-15	1.703237e-09	-4.168135e-15	5.000000e-06	-5.000000e-06	-5.000000e-06	4.168135e-15	-3.818723e-25
4.590975144996334e-09	-4.026699e-15	5.000000e-02	1.000000e-01	5.000000e-02	0.000000e+00	-1.703203e-12	-2.013350e-12	0.000000e+00	1.703207e-09	0.000000e+00	4.026699e-15	-1.703203e-09	4.026699e-15	5.000000e-06	-5.000000e-06	-5.000000e-06	-4.026699e-15	3.111539e-25
4.610506394996334e-09	-3.911443e-15	5.000000e-02	1.000000e-01	5.000000e-02	0.000000e+00	1.703168e-12	1.955722e-12	0.000000e+00	-1.703172e-09	0.000000e+00	-3.911443e-15	1.703168e-09	-3.911443e-15	5.000000e-06	-5.000000e-06	-5.000000e-06	3.911443e-15	-2.535318e-25
4.630037644996334e-09	-3.817518e-15	5.000000e-02	1.000000e-01	5.000000e-02	0.000000e+00	-1.703133e-12	-1.908759e-12	0.000000e+00	1.703137e-09	0.000000e+00	3.817518e-15	-1.703133e-09	3.817518e-15	5.000000e-06	-5.000000e-06	-5.000000e-06	-3.817518e-15	2.065806e-25
4.649568894996333e-09	-3.740974e-15	5.000000e-02	1.000000e-01	5.000000e-02	0.000000e+00	1.703098e-12	1.870487e-12	0.000000e+00	-1.703102e-09	0.000000e+00	-3.740974e-15	1.703098e-09	-3.740974e-15	5.000000e-06	-5.000000e-06	-5.000000e-06	3.740974e-15	-1.683242e-25
4.669100144996333e-09	-3.678593e-15	5.000000e-02	1.000000e-01	5.000000e-02	0.000000e+00	-1.703063e-12	-1.839296e-12	0.000000e+00	1.703067e-09	0.000000e+00	3.678593e-15	-1.703063e-09	3.678593e-15	5.000000e-06	-5.000000e-06	-5.000000e-06	-3.678593e-15	1.371525e-25
4.688631394996333e-09	-3.627750e-15	5.000000e-02	1.000000e-01	5.000000e-02	0.000000e+00	1.703029e-12	1.813875e-12	0.000000e+00	-1.703032e-09	0.000000e+00	-3.627750e-15	1.703028e-09	-3.627750e-15	5.000000e-06	-5.000000e-06	-5.000000e-06	3.627750e-15	-1.117534e-25
4.708162644996333e-09	-3.586310e-15	5.000000e-02	1.000000e-01	5.000000e-02	0.000000e+00	-1.702994e-12	-1.793155e-12	0.000000e+00	1.702997e-09	0.000000e+00	3.586310e-15	-1.702994e-09	3.586310e-15	5.000000e-06	-5.000000e-06	-5.000000e-06	-3.586310e-15	9.105796e-26
4.727693894996333e-09	-3.552532e-15	5.000000e-02	1.000000e-01	5.000000e-02	0.000000e+00	1.702959e-12	1.776266e-12	0.000000e+00	-1.702962e-09	0.000000e+00	-3.552532e-15	1.702959e-09	-3.552532e-15	5.000000e-06	-5.000000e-06	-5.000000e-06	3.552532e-15	-7.419506e-26
4.747225144996332e-09	-3.524995e-15	5.000000e-02	1.000000e-01	5.000000e-02	0.000000e+00	-1.702924e-12	-1.762498e-12	0.000000e+00	1.702928e-09	0.000000e+00	3.524995e-15	-1.702924e-09	3.524995e-15	5.000000e-06	-5.000000e-06	-5.000000e-06	-3.524995e-15	6.045497e-26
4.766756394996332e-09	-3.502546e-15	5.000000e-02	1.000000e-01	5.000000e-02	0.000000e+00	1.702889e-12	1.751273e-12	0.000000e+00	-1.702893e-09	0.000000e+00	-3.502546e-15	1.702889e-09	-3.502546e-15	5.000000e-06	-5.000000e-06	-5.000000e-06	3.502546e-15	-4.925939e-26
4.786287644996332e-09	-3.484241e-15	5.000000e-02	1.000000e-01	5.000000e-02	0.000000e+00	-1.702854e-12	-1.742120e-12	0.000000e+00	1.702858e-09	0.000000e+00	3.484241e-15	-1.702854e-09	3.484241e-15	5.000000e-06	-5.000000e-06	-5.000000e-06	-3.484241e-15	4.013710e-26
4.805818894996332e-09	-3.469312e-15	5.000000e-02	1.000000e-01	5.000000e-02	0.000000e+00	1.702819e-12	1.734656e-12	0.000000e+00	-1.702823e-09	0.000000e+00	-3.469312e-15	1.702819e-09	-3.469312e-15	5.000000e-06	-5.000000e-06	-5.000000e-06	3.469312e-15	-3.270415e-26
4.825350144996332e-09	-3.457136e-15	5.000000e-02	1.000000e-01	5.000000e-02	0.000000e+00	-1.702785e-12	-1.728568e-12	0.000000e+00	1.702788e-09	0.000000e+00	3.457136e-15	-1.702785e-09	3.457136e-15	5.000000e-06	-5.000000e-06	-5.000000e-06	-3.457136e-15	2.664771e-26
4.844881394996331e-09	-3.447202e-15	5.000000e-02	1.000000e-01	5.000000e-02	0.000000e+00	1.702750e-12	1.723601e-12	0.000000e+00	-1.702753e-09	0.000000e+00	-3.447202e-15	1.702750e-09	-3.447202e-15	5.000000e-06	-5.000000e-06	-5.000000e-06	3.447202e-15	-2.171284e-26
4.864412644996331e-09	-3.439094e-15	5.000000e-02	1.000000e-01	5.000000e-02	0.000000e+00	-1.702715e-12	-1.719547e-12	0.000000e+00	1.702718e-09	0.000000e+00	3.439094e-15	-1.702715e-09	3.439094e-15	5.000000e-06	-5.000000e-06	-5.000000e-06	-3.439094e-15	1.769186e-26
4.883943894996331e-09	-3.432475e-15	5.000000e-02	1.000000e-01	5.000000e-02	0.000000e+00	1.702680e-12	1.716237e-12	0.000000e+00	-1.702683e-09	0.000000e+00	-3.432475e-15	1.702680e-09	-3.432475e-15	5.000000e-06	-5.000000e-06	-5.000000e-06	3.432475e-15	-1.441551e-26
4.903475144996331e-09	-3.427069e-15	5.000000e-02	1.000000e-01	5.000000e-02	0.000000e+00	-1.702645e-12	-1.713534e-12	0.000000e+00	1.702649e-09	0.000000e+00	3.427069e-15	-1.702645e-09	3.427069e-15	5.000000e-06	-5.000000e-06	-5.000000e-06	-3.427069e-15	1.174591e-26
4.923006394996331e-09	-3.422650e-15	5.000000e-02	1.000000e-01	5.000000e-02	0.000000e+00	1.702610e-12	1.711325e-12	0.000000e+00	-1.702614e-09	0.000000e+00	-3.422650e-15	1.702610e-09	-3.422650e-15	5.000000e-06	-5.000000e-06	-5.000000e-06	3.422650e-15	-9.570688e-27
4.942537644996331e-09	-3.419038e-15	5.000000e-02	1.000000e-01	5.000000e-02	0.000000e+00	-1.702575e-12	-1.709519e-12	0.000000e+00	1.702579e-09	0.000000e+00	3.419038e-15	-1.702575e-09	3.419038e-15	5.000000e-06	-5.000000e-06	-5.000000e-06	-3.419038e-15	7.798291e-27
4.962068894996330e-09	-3.416081e-15	5.000000e-02	1.000000e-01	5.000000e-02	0.000000e+00	1.702541e-12	1.708041e-12	0.000000e+00	-1.702544e-09	0.000000e+00	-3.416081e-15	1.702541e-09	-3.416081e-15	5.000000e-06	-5.000000e-06	-5.000000e-06	3.416081e-15	-6.354121e-27
4.981600144996330e-09	-3.413659e-15	5.000000e-02	1.000000e-01	5.000000e-02	0.000000e+00	-1.702506e-12	-1.706830e-12	0.000000e+00	1.702509e-09	0.000000e+00	3.413659e-15	-1.702506e-09	3.413659e-15	5.000000e-06	-5.000000e-06	-5.000000e-06	-3.413659e-15	5.177395e-27
5.000000000000000e-09	-3.386180e-15	5.000000e-02	1.000000e-01	5.000000e-02	0.000000e+00	1.702469e-12	1.705774e-12	0.000000e+00	-1.702472e-09	0.000000e+00	-3.386180e-15	1.702469e-09	-3.386180e-15	5.000000e-06	-5.000000e-06	-5.000000e-06	3.386180e-15	-4.165186e-27
5.000384930230831e-09	3.078145e-05	5.000000e-02	1.000000e-01	5.000000e-02	1.539721e-02	3.076376e-08	6.484888e-06	0.000000e+00	1.768566e-08	0.000000e+00	3.078145e-05	3.076376e-05	3.078145e-05	5.000000e-06	-5.000000e-06	-5.000000e-06	-3.078145e-05	1.241238e-18
5.000707157264230e-09	5.655204e-05	5.000000e-02	1.000000e-01	5.000000e-02	2.828629e-02	5.655372e-08	1.027110e-05	0.000000e+00	-1.678341e-09	0.000000e+00	5.655204e-05	5.655372e-05	5.655204e-05	5.000000e-06	-5.000000e-06	-5.000000e-06	-5.655204e-05	3.923459e-18
5.000865466663514e-09	6.921389e-05	5.000000e-02	1.000000e-01	5.000000e-02	3.461867e-02	6.919624e-08	1.172139e-05	0.000000e+00	1.765026e-08	0.000000e+00	6.921389e-05	6.919624e-05	6.921389e-05	5.000000e-06	-5.000000e-06	-5.000000e-06	-6.921389e-05	5.651282e-18
5.001083559807518e-09	8.665802e-05	5.000000e-02	1.000000e-01	5.000000e-02	4.334239e-02	8.665965e-08	1.338520e-05	0.000000e+00	-1.635623e-09	0.000000e+00	8.665802e-05	8.665965e-05	8.665802e-05	5.000000e-06	-5.000000e-06	-5.000000e-06	-8.665802e-05	8.365960e-18
5.001325152500533e-09	1.059825e-04	5.000000e-02	1.000000e-01	5.000000e-02	5.300610e-02	1.059649e-07	1.485705e-05	0.000000e+00	1.761725e-08	0.000000e+00	1.059825e-04	1.059649e-04	1.059825e-04	5.000000e-06	-5.000000e-06	-5.000000e-06	-1.059825e-04	1.174454e-17
5.001615367878875e-09	1.291970e-04	5.000000e-02	1.000000e-01	5.000000e-02	6.461471e-02	1.291986e-07	1.622414e-05	0.000000e+00	-1.605885e-09	0.000000e+00	1.291970e-04	1.291986e-04	1.291970e-04	5.000000e-06	-5.000000e-06	-5.000000e-06	-1.291970e-04	1.620431e-17
5.001903981073722e-09	1.522840e-04	5.000000e-02	1.000000e-01	5.000000e-02	7.615925e-02	1.522664e-07	1.725043e-05	0.000000e+00	1.759116e-08	0.000000e+00	1.522840e-04	1.522664e-04	1.522840e-04	5.000000e-06	-5.000000e-06	-5.000000e-06	-1.522840e-04	2.097283e-17
5.002240034808976e-09	1.791665e-04	5.000000e-02	1.000000e-01	5.000000e-02	8.960139e-02	1.791681e-07	1.813935e-05	0.000000e+00	-1.580808e-09	0.000000e+00	1.791665e-04	1.791681e-04	1.791665e-04	5.000000e-06	-5.000000e-06	-5.000000e-06	-1.791665e-04	2.683145e-17
5.002588985314077e-09	2.070812e-04	5.000000e-02	1.000000e-01	5.000000e-02	1.035594e-01	2.070636e-07	1.880867e-05	0.000000e+00	1.756906e-08	0.000000e+00	2.070812e-04	2.070636e-04	2.070812e-04	5.000000e-06	-5.000000e-06	-5.000000e-06	-2.070812e-04	3.316870e-17
5.002999590760291e-09	2.399285e-04	5.000000e-02	1.000000e-01	5.000000e-02	1.199836e-01	2.399301e-07	1.936812e-05	0.000000e+00	-1.560292e-09	0.000000e+00	2.399285e-04	2.399301e-04	2.399285e-04	5.000000e-06	-5.000000e-06	-5.000000e-06	-2.399285e-04	4.085394e-17
5.003440221951608e-09	2.751782e-04	5.000000e-02	1.000000e-01	5.000000e-02	1.376089e-01	2.751606e-07	1.978307e-05	0.000000e+00	1.755124e-08	0.000000e+00	2.751782e-04	2.751607e-04	2.751782e-04	5.000000e-06	-5.000000e-06	-5.000000e-06	-2.751782e-04	4.928664e-17
5.003964886067901e-09	3.171506e-04	5.000000e-02	1.000000e-01	5.000000e-02	1.585954e-01	3.171522e-07	2.011987e-05	0.000000e+00	-1.544218e-09	0.000000e+00	3.171506e-04	3.171522e-04	3.171506e-04	5.000000e-06	-5.000000e-06	-5.000000e-06	-3.171506e-04	5.948494e-17
5.004550239082547e-09	3.639784e-04	5.000000e-02	1.000000e-01	5.000000e-02	1.820096e-01	3.639609e-07	2.037407e-05	0.000000e+00	1.753753e-08	0.000000e+00	3.639784e-04	3.639608e-04	3.639784e-04	5.000000e-06	-5.000000e-06	-5.000000e-06	-3.639784e-04	7.098448e-17
5.005267245937542e-09	4.213385e-04	5.000000e-02	1.000000e-01	5.000000e-02	2.106898e-01	4.213400e-07	2.059087e-05	0.000000e+00	-1.532327e-09	0.000000e+00	4.213385e-04	4.213400e-04	4.213385e-04	5.000000e-06	-5.000000e-06	-5.000000e-06	-4.213385e-04	8.516510e-17
5.006111823299887e-09	4.889043e-04	5.000000e-02	1.000000e-01	5.000000e-02	2.444729e-01	4.888868e-07	2.077989e-05	0.000000e+00	1.752772e-08	0.000000e+00	4.889043e-04	4.888868e-04	4.889043e-04	5.000000e-06	-5.000000e-06	-5.000000e-06	-4.889043e-04	1.019351e-16
5.007204581770943e-09	5.763246e-04	5.000000e-02	1.000000e-01	5.000000e-02	2.881833e-01	5.763261e-07	2.098048e-05	0.000000e+00	-1.524310e-09	0.000000e+00	5.763246e-04	5.763261e-04	5.763246e-04	5.000000e-06	-5.000000e-06	-5.000000e-06	-5.763246e-04	1.236770e-16
5.008610399536207e-09	6.887895e-04	5.000000e-02	1.000000e-01	5.000000e-02	3.444160e-01	6.887720e-07	2.121384e-05	0.000000e+00	1.752153e-08	0.000000e+00	6.887895e-04	6.887720e-04	6.887895e-04	5.000000e-06	-5.000000e-06	-5.000000e-06	-6.887895e-04	1.516723e-16
5.010646247036649e-09	8.516567e-04	5.000000e-02	1.000000e-01	5.000000e-02	4.258499e-01	8.516582e-07	2.154082e-05	0.000000e+00	-1.519728e-09	0.000000e+00	8.516567e-04	8.516582e-04	8.516567e-04	5.000000e-06	-5.000000e-06	-5.000000e-06	-8.516567e-04	1.922250e-16
5.013776001622739e-09	1.102036e-03	5.000000e-02	1.000000e-01	5.000000e-02	5.510401e-01	1.102019e-06	2.204053e-05	0.000000e+00	1.751845e-08	0.000000e+00	1.102036e-03	1.102019e-03	1.102036e-03	5.000000e-06	-5.000000e-06	-5.000000e-06	-1.102036e-03	2.545705e-16
5.019796371919749e-09	1.583664e-03	5.000000e-02	1.000000e-01	5.000000e-02	7.918549e-01	1.583665e-06	2.300190e-05	0.000000e+00	-1.517879e-09	0.000000e+00	1.583664e-03	1.583665e-03	1.583664e-03	5.000000e-06	-5.000000e-06	-5.000000e-06	-1.583664e-03	3.744977e-16
5.020000000000000e-09	1.599954e-03	5.000000e-02	1.000000e-01	5.000000e-02	8.000000e-01	1.599936e-06	2.303439e-05	0.000000e+00	1.749914e-08	0.000000e+00	1.599954e-03	1.599936e-03	1.599954e-03	5.000000e-06	-5.000000e-06	-5.000000e-06	-1.599954e-03	3.785540e-16
5.020139868217612e-09	1.599959e-03	5.000000e-02	1.000000e-01	5.000000e-02	8.000000e-01	1.599977e-06	2.043224e-05	0.000000e+00	-1.744173e-08	0.000000e+00	1.599959e-03	1.599977e-03	1.599959e-03	5.000000e-06	-5.000000e-06	-5.000000e-06	-1.599959e-03	3.811575e-16
5.020250268515531e-09	1.599963e-03	5.000000e-02	1.000000e-01	5.000000e-02	8.000000e-01	1.599945e-06	1.862263e-05	0.000000e+00	1.738520e-08	0.000000e+00	1.599963e-03	1.599945e-03	1.599963e-03	5.000000e-06	-5.000000e-06	-5.000000e-06	-1.599963e-03	3.829680e-16
5.020390101284779e-09	1.599967e-03	5.000000e-02	1.000000e-01	5.000000e-02	8.000000e-01	1.599984e-06	1.659957e-05	0.000000e+00	-1.732976e-08	0.000000e+00	1.599967e-03	1.599984e-03	1.599967e-03	5.000000e-06	-5.000000e-06	-5.000000e-06	-1.599967e-03	3.849921e-16
5.020591585450234e-09	1.599972e-03	5.000000e-02	1.000000e-01	5.000000e-02	8.000000e-01	1.599954e-06	1.413786e-05	0.000000e+00	1.730027e-08	0.000000e+00	1.599972e-03	1.599954e-03	1.599972e-03	5.000000e-06	-5.000000e-06	-5.000000e-06	-1.599972e-03	3.874550e-16
5.020813486535323e-09	1.599976e-03	5.000000e-02	1.000000e-01	5.000000e-02	8.000000e-01	1.599993e-06	1.194500e-05	0.000000e+00	-1.726516e-08	0.000000e+00	1.599976e-03	1.599993e-03	1.599976e-03	5.000000e-06	-5.000000e-06	-5.000000e-06	-1.599976e-03	3.896490e-16
5.021051282876588e-09	1.599980e-03	5.000000e-02	1.000000e-01	5.000000e-02	8.000000e-01	1.599963e-06	1.007925e-05	0.000000e+00	1.723928e-08	0.000000e+00	1.599980e-03	1.599963e-03	1.599980e-03	5.000000e-06	-5.000000e-06	-5.000000e-06	-1.599980e-03	3.915157e-16
5.021299082245957e-09	1.599983e-03	5.000000e-02	1.000000e-01	5.000000e-02	8.000000e-01	1.600000e-06	8.556395e-06	0.000000e+00	-1.720902e-08	0.000000e+00	1.599983e-03	1.600000e-03	1.599983e-03	5.000000e-06	-5.000000e-06	-5.000000e-06	-1.599983e-03	3.930393e-16
5.021570667133612e-09	1.599985e-03	5.000000e-02	1.000000e-01	5.000000e-02	8.000000e-01	1.599968e-06	7.270094e-06	0.000000e+00	1.718559e-08	0.000000e+00	1.599985e-03	1.599968e-03	1.599985e-03	5.000000e-06	-5.000000e-06	-5.000000e-06	-1.599985e-03	3.943262e-16
5.021862075271059e-09	1.599988e-03	5.000000e-02	1.000000e-01	5.000000e-02	8.000000e-01	1.600005e-06	6.230111e-06	0.000000e+00	-1.716059e-08	0.000000e+00	1.599988e-03	1.600005e-03	1.599988e-03	5.000000e-06	-5.000000e-06	-5.000000e-06	-1.599988e-03	3.953668e-16
5.022184868667518e-09	1.599989e-03	5.000000e-02	1.000000e-01	5.000000e-02	8.000000e-01	1.599972e-06	5.383588e-06	0.000000e+00	1.714038e-08	0.000000e+00	1.599989e-03	1.599972e-03	1.599989e-03	5.000000e-06	-5.000000e-06	-5.000000e-06	-1.599989e-03	3.962137e-16
5.022536587663119e-09	1.599991e-03	5.000000e-02	1.000000e-01	5.000000e-02	8.000000e-01	1.600008e-06	4.726611e-06	0.000000e+00	-1.712015e-08	0.000000e+00	1.599991e-03	1.600008e-03	1.599991e-03	5.000000e-06	-5.000000e-06	-5.000000e-06	-1.599991e-03	3.968710e-16
5.022931364139017e-09	1.599992e-03	5.000000e-02	1.000000e-01	5.000000e-02	8.000000e-01	1.599974e-06	4.219679e-06	0.000000e+00	1.710333e-08	0.000000e+00	1.599992e-03	1.599974e-03	1.599992e-03	5.000000e-06	-5.000000e-06	-5.000000e-06	-1.599992e-03	3.973782e-16
5.023371042351344e-09	1.599992e-03	5.000000e-02	1.000000e-01	5.000000e-02	8.000000e-01	1.600009e-06	3.848812e-06	0.000000e+00	-1.708744e-08	0.000000e+00	1.599992e-03	1.600009e-03	1.599992e-03	5.000000e-06	-5.000000e-06	-5.000000e-06	-1.599992e-03	3.977493e-16
5.023875309674277e-09	1.599993e-03	5.000000e-02	1.000000e-01	5.000000e-02	8.000000e-01	1.599976e-06	3.584182e-06	0.000000e+00	1.707410e-08	0.000000e+00	1.599993e-03	1.599976e-03	1.599993e-03	5.000000e-06	-5.000000e-06	-5.000000e-06	-1.599993e-03	3.980140e-16
5.024454225922002e-09	1.599993e-03	5.000000e-02	1.000000e-01	5.000000e-02	8.000000e-01	1.600010e-06	3.408382e-06	0.000000e+00	-1.706218e-08	0.000000e+00	1.599993e-03	1.600010e-03	1.599993e-03	5.000000e-06	-5.000000e-06	-5.000000e-06	-1.599993e-03	3.981899e-16
5.025141012052079e-09	1.599993e-03	5.000000e-02	1.000000e-01	5.000000e-02	8.000000e-01	1.599976e-06	3.298274e-06	0.000000e+00	1.705231e-08	0.000000e+00	1.599993e-03	1.599976e-03	1.599993e-03	5.000000e-06	-5.000000e-06	-5.000000e-06	-1.599993e-03	3.983001e-16
5.025966715832523e-09	1.599994e-03	5.000000e-02	1.000000e-01	5.000000e-02	8.000000e-01	1.600011e-06	3.236980e-06	0.000000e+00	-1.704403e-08	0.000000e+00	1.599994e-03	1.600011e-03	1.599994e-03	5.000000e-06	-5.000000e-06	-5.000000e-06	-1.599994e-03	3.983614e-16
5.027003910033809e-09	1.599994e-03	5.000000e-02	1.000000e-01	5.000000e-02	8.000000e-01	1.599977e-06	3.207270e-06	0.000000e+00	1.703746e-08	0.000000e+00	1.599994e-03	1.599977e-03	1.599994e-03	5.000000e-06	-5.000000e-06	-5.000000e-06	-1.599994e-03	3.983911e-16
5.028354038691636e-09	1.599994e-03	5.000000e-02	1.000000e-01	5.000000e-02	8.000000e-01	1.600011e-06	3.196259e-06	0.000000e+00	-1.703241e-08	0.000000e+00	1.599994e-03	1.600011e-03	1.599994e-03	5.000000e-06	-5.000000e-06	-5.000000e-06	-1.599994e-03	3.984022e-16
5.030245737539067e-09	1.599994e-03	5.000000e-02	1.000000e-01	5.000000e-02	8.000000e-01	1.599977e-06	3.193664e-06	0.000000e+00	1.702881e-08	0.000000e+00	1.599994e-03	1.599977e-03	1.599994e-03	5.000000e-06	-5.000000e-06	-5.000000e-06	-1.599994e-03	3.984047e-16
5.033145581656632e-09	1.599994e-03	5.000000e-02	1.000000e-01	5.000000e-02	8.000000e-01	1.600011e-06	3.193617e-06	0.000000e+00	-1.702647e-08	0.000000e+00	1.599994e-03	1.600011e-03	1.599994e-03	5.000000e-06	-5.000000e-06	-5.000000e-06	-1.599994e-03	3.984048e-16
5.038415872070046e-09	1.599994e-03	5.000000e-02	1.000000e-01	5.000000e-02	8.000000e-01	1.599977e-06	3.193602e-06	0.000000e+00	1.702517e-08	0.000000e+00	1.599994e-03	1.599977e-03	1.599994e-03	5.000000e-06	-5.000000e-06	-5.000000e-06	-1.599994e-03	3.984048e-16
5.048956452896875e-09	1.599994e-03	5.000000e-02	1.000000e-01	5.000000e-02	8.000000e-01	1.600011e-06	3.193626e-06	0.000000e+00	-1.702453e-08	0.000000e+00	1.599994e-03	1.600011e-03	1.599994e-03	5.000000e-06	-5.000000e-06	-5.000000e-06	-1.599994e-03	3.984048e-16
5.068487702896874e-09	1.599994e-03	5.000000e-02	1.000000e-01	5.000000e-02	8.000000e-01	1.599977e-06	3.193599e-06	0.000000e+00	1.702418e-08	0.000000e+00	1.599994e-03	1.599977e-03	1.599994e-03	5.000000e-06	-5.000000e-06	-5.000000e-06	-1.599994e-03	3.984048e-16
5.088018952896874e-09	1.599994e-03	5.000000e-02	1.000000e-01	5.000000e-02	8.000000e-01	1.600011e-06	3.193627e-06	0.000000e+00	-1.702383e-08	0.000000e+00	1.599994e-03	1.600011e-03	1.599994e-03	5.000000e-06	-5.000000e-06	-5.000000e-06	-1.599994e-03	3.984048e-16
5.107550202896874e-09	1.599994e-03	5.000000e-02	1.000000e-01	5.000000e-02	8.000000e-01	1.599977e-06	3.193598e-06	0.000000e+00	1.702348e-08	0.000000e+00	1.599994e-03	1.599977e-03	1.599994e-03	5.000000e-06	-5.000000e-06	-5.000000e-06	-1.599994e-03	3.984048e-16
5.127081452896874e-09	1.599994e-03	5.000000e-02	1.000000e-01	5.000000e-02	8.000000e-01	1.600011e-06	3.193628e-06	0.000000e+00	-1.702313e-08	0.000000e+00	1.599994e-03	1.600011e-03	1.599994e-03	5.000000e-06	-5.000000e-06	-5.000000e-06	-1.599994e-03	3.984048e-16
5.146612702896874e-09	1.599994e-03	5.000000e-02	1.000000e-01	5.000000e-02	8.000000e-01	1.599977e-06	3.193597e-06	0.000000e+00	1.702278e-08	0.000000e+00	1.599994e-03	1.599977e-03	1.599994e-03	5.000000e-06	-5.000000e-06	-5.000000e-06	-1.599994e-03	3.984048e-16
5.166143952896873e-09	1.599994e-03	5.000000e-02	1.000000e-01	5.000000e-02	8.000000e-01	1.600011e-06	3.193629e-06	0.000000e+00	-1.702244e-08	0.000000e+00	1.599994e-03	1.600011e-03	1.599994e-03	5.000000e-06	-5.000000e-06	-5.000000e-06	-1.599994e-03	3.984048e-16
5.185675202896873e-09	1.599994e-03	5.000000e-02	1.000000e-01	5.000000e-02	8.000000e-01	1.599977e-06	3.193597e-06	0.000000e+00	1.702209e-08	0.000000e+00	1.599994e-03	1.599977e-03	1.599994e-03	5.000000e-06	-5.000000e-06	-5.000000e-06	-1.599994e-03	3.984048e-16
5.205206452896873e-09	1.599994e-03	5.000000e-02	1.000000e-01	5.000000e-02	8.000000e-01	1.600011e-06	3.193629e-06	0.000000e+00	-1.702174e-08	0.000000e+00	1.599994e-03	1.600011e-03	1.599994e-03	5.000000e-06	-5.000000e-06	-5.000000e-06	-1.599994e-03	3.984048e-16
5.224737702896873e-09	1.599994e-03	5.000000e-02	1.000000e-01	5.000000e-02	8.000000e-01	1.599977e-06	3.193596e-06	0.000000e+00	1.702139e-08	0.000000e+00	1.599994e-03	1.599977e-03	1.599994e-03	5.000000e-06	-5.000000e-06	-5.000000e-06	-1.599994e-03	3.984048e-16
5.244268952896873e-09	1.599994e-03	5.000000e-02	1.000000e-01	5.000000e-02	8.000000e-01	1.600011e-06	3.193629e-06	0.000000e+00	-1.702104e-08	0.000000e+00	1.599994e-03	1.600011e-03	1.599994e-03	5.000000e-06	-5.000000e-06	-5.000000e-06	-1.599994e-03	3.984048e-16
5.263800202896873e-09	1.599994e-03	5.000000e-02	1.000000e-01	5.000000e-02	8.000000e-01	1.599977e-06	3.193596e-06	0.000000e+00	1.702069e-08	0.000000e+00	1.599994e-03	1.599977e-03	1.599994e-03	5.000000e-06	-5.000000e-06	-5.000000e-06	-1.599994e-03	3.984048e-16
5.283331452896872e-09	1.599994e-03	5.000000e-02	1.000000e-01	5.000000e-02	8.000000e-01	1.600011e-06	3.193629e-06	0.000000e+00	-1.702034e-08	0.000000e+00	1.599994e-03	1.600011e-03	1.599994e-03	5.000000e-06	-5.000000e-06	-5.000000e-06	-1.599994e-03	3.984048e-16
5.302862702896872e-09	1.599994e-03	5.000000e-02	1.000000e-01	5.000000e-02	8.000000e-01	1.599977e-06	3.193596e-06	0.000000e+00	1.702000e-08	0.000000e+00	1.599994e-03	1.599977e-03	1.599994e-03	5.000000e-06	-5.000000e-06	-5.000000e-06	-1.599994e-03	3.984048e-16
5.322393952896872e-09	1.599994e-03	5.000000e-02	1.000000e-01	5.000000e-02	8.000000e-01	1.600011e-06	3.193629e-06	0.000000e+00	-1.701965e-08	0.000000e+00	1.599994e-03	1.600011e-03	1.599994e-03	5.000000e-06	-5.000000e-06	-5.000000e-06	-1.599994e-03	3.984048e-16
5.341925202896872e-09	1.599994e-03	5.000000e-02	1.000000e-01	5.000000e-02	8.000000e-01	1.599977e-06	3.193596e-06	0.000000e+00	1.701930e-08	0.000000e+00	1.599994e-03	1.599977e-03	1.599994e-03	5.000000e-06	-5.000000e-06	-5.000000e-06	-1.599994e-03	3.984048e-16
5.361456452896872e-09	1.599994e-03	5.000000e-02	1.000000e-01	5.000000e-02	8.000000e-01	1.600011e-06	3.193630e-06	0.000000e+00	-1.701895e-08	0.000000e+00	1.599994e-03	1.600011e-03	1.599994e-03	5.000000e-06	-5.000000e-06	-5.000000e-06	-1.599994e-03	3.984048e-16
5.380987702896871e-09	1.599994e-03	5.000000e-02	1.000000e-01	5.000000e-02	8.000000e-01	1.599977e-06	3.193596e-06	0.000000e+00	1.701860e-08	0.000000e+00	1.599994e-03	1.599977e-03	1.599994e-03	5.000000e-06	-5.000000e-06	-5.000000e-06	-1.599994e-03	3.984048e-16
5.400518952896871e-09	1.599994e-03	5.000000e-02	1.000000e-01	5.000000e-02	8.000000e-01	1.600011e-06	3.193630e-06	0.000000e+00	-1.701825e-08	0.000000e+00	1.599994e-03	1.600011e-03	1.599994e-03	5.000000e-06	-5.000000e-06	-5.000000e-06	-1.599994e-03	3.984048e-16
5.420050202896871e-09	1.599994e-03	5.000000e-02	1.000000e-01	5.000000e-02	8.000000e-01	1.599977e-06	3.193596e-06	0.000000e+00	1.701790e-08	0.000000e+00	1.599994e-03	1.599977e-03	1.599994e-03	5.000000e-06	-5.000000e-06	-5.000000e-06	-1.599994e-03	3.984048e-16
5.439581452896871e-09	1.599994e-03	5.000000e-02	1.000000e-01	5.000000e-02	8.000000e-01	1.600011e-06	3.193630e-06	0.000000e+00	-1.701756e-08	0.000000e+00	1.599994e-03	1.600011e-03	1.599994e-03	5.000000e-06	-5.000000e-06	-5.000000e-06	-1.599994e-03	3.984048e-16
5.459112702896871e-09	1.599994e-03	5.000000e-02	1.000000e-01	5.000000e-02	8.000000e-01	1.599977e-06	3.193596e-06	0.000000e+00	1.701721e-08	0.000000e+00	1.599994e-03	1.599977e-03	1.599994e-03	5.000000e-06	-5.000000e-06	-5.000000e-06	-1.599994e-03	3.984048e-16
5.478643952896870e-09	1.599994e-03	5.000000e-02	1.000000e-01	5.000000e-02	8.000000e-01	1.600011e-06	3.193630e-06	0.000000e+00	-1.701686e-08	0.000000e+00	1.599994e-03	1.600011e-03	1.599994e-03	5.000000e-06	-5.000000e-06	-5.000000e-06	-1.599994e-03	3.984048e-16
5.498175202896870e-09	1.599994e-03	5.000000e-02	1.000000e-01	5.000000e-02	8.000000e-01	1.599977e-06	3.193596e-06	0.000000e+00	1.701651e-08	0.000000e+00	1.599994e-03	1.599977e-03	1.599994e-03	5.000000e-06	-5.000000e-06	-5.000000e-06	-1.599994e-03	3.984048e-16
5.517706452896870e-09	1.599994e-03	5.000000e-02	1.000000e-01	5.000000e-02	8.000000e-01	1.600011e-06	3.193630e-06	0.000000e+00	-1.701616e-08	0.000000e+00	1.599994e-03	1.600011e-03	1.599994e-03	5.000000e-06	-5.000000e-06	-5.000000e-06	-1.599994e-03	3.984048e-16
5.520000000000001e-09	1.599994e-03	5.000000e-02	1.000000e-01	5.000000e-02	8.000000e-01	1.599977e-06	3.193596e-06	0.000000e+00	1.701319e-08	0.000000e+00	1.599994e-03	1.599977e-03	1.599994e-03	5.000000e-06	-5.000000e-06	-5.000000e-06	-1.599994e-03	3.984048e-16
5.520247706373321e-09	1.580186e-03	5.000000e-02	1.000000e-01	5.000000e-02	7.900918e-01	1.580219e-06	-1.232596e-06	0.000000e+00	-3.296569e-08	0.000000e+00	1.580186e-03	1.580219e-03	1.580186e-03	5.000000e-06	-5.000000e-06	-5.000000e-06	-1.580186e-03	3.978593e-16
5.520401081367284e-09	1.567920e-03	5.000000e-02	1.000000e-01	5.000000e-02	7.839568e-01	1.567903e-06	-3.465742e-06	0.000000e+00	1.690649e-08	0.000000e+00	1.567920e-03	1.567904e-03	1.567920e-03	5.000000e-06	-5.000000e-06	-5.000000e-06	-1.567920e-03	3.970137e-16
5.520590090693692e-09	1.552804e-03	5.000000e-02	1.000000e-01	5.000000e-02	7.763964e-01	1.552837e-06	-5.790544e-06	0.000000e+00	-3.284892e-08	0.000000e+00	1.552804e-03	1.552837e-03	1.552804e-03	5.000000e-06	-5.000000e-06	-5.000000e-06	-1.552804e-03	3.955445e-16
5.520803052218453e-09	1.535772e-03	5.000000e-02	1.000000e-01	5.000000e-02	7.678779e-01	1.535755e-06	-7.938943e-06	0.000000e+00	1.680632e-08	0.000000e+00	1.535772e-03	1.535755e-03	1.535772e-03	5.000000e-06	-5.000000e-06	-5.000000e-06	-1.535772e-03	3.934176e-16
5.521041964216957e-09	1.516663e-03	5.000000e-02	1.000000e-01	5.000000e-02	7.583214e-01	1.516695e-06	-9.868803e-06	0.000000e+00	-3.276159e-08	0.000000e+00	1.516663e-03	1.516695e-03	1.516663e-03	5.000000e-06	-5.000000e-06	-5.000000e-06	-1.516663e-03	3.905511e-16
5.521288913996682e-09	1.496910e-03	5.000000e-02	1.000000e-01	5.000000e-02	7.484434e-01	1.496893e-06	-1.143955e-05	0.000000e+00	1.672406e-08	0.000000e+00	1.496910e-03	1.496893e-03	1.496910e-03	5.000000e-06	-5.000000e-06	-5.000000e-06	-1.496910e-03	3.871639e-16
5.521561537958977e-09	1.475103e-03	5.000000e-02	1.000000e-01	5.000000e-02	7.375385e-01	1.475135e-06	-1.278583e-05	0.000000e+00	-3.268584e-08	0.000000e+00	1.475103e-03	1.475135e-03	1.475103e-03	5.000000e-06	-5.000000e-06	-5.000000e-06	-1.475103e-03	3.830366e-16
5.521850708406513e-09	1.451971e-03	5.000000e-02	1.000000e-01	5.000000e-02	7.259716e-01	1.451954e-06	-1.387376e-05	0.000000e+00	1.665322e-08	0.000000e+00	1.451971e-03	1.451954e-03	1.451971e-03	5.000000e-06	-5.000000e-06	-5.000000e-06	-1.451971e-03	3.783185e-16
5.522173740369050e-09	1.426130e-03	5.000000e-02	1.000000e-01	5.000000e-02	7.130504e-01	1.426163e-06	-1.478138e-05	0.000000e+00	-3.262159e-08	0.000000e+00	1.426130e-03	1.426163e-03	1.426130e-03	5.000000e-06	-5.000000e-06	-5.000000e-06	-1.426130e-03	3.727401e-16
5.522523041252734e-09	1.398188e-03	5.000000e-02	1.000000e-01	5.000000e-02	6.990783e-01	1.398171e-06	-1.549720e-05	0.000000e+00	1.659422e-08	0.000000e+00	1.398188e-03	1.398171e-03	1.398188e-03	5.000000e-06	-5.000000e-06	-5.000000e-06	-1.398188e-03	3.664423e-16
5.522917684638739e-09	1.366617e-03	5.000000e-02	1.000000e-01	5.000000e-02	6.832926e-01	1.366650e-06	-1.607350e-05	0.000000e+00	-3.256872e-08	0.000000e+00	1.366617e-03	1.366650e-03	1.366617e-03	5.000000e-06	-5.000000e-06	-5.000000e-06	-1.366617e-03	3.590945e-16
5.523354383150400e-09	1.331682e-03	5.000000e-02	1.000000e-01	5.000000e-02	6.658247e-01	1.331666e-06	-1.651696e-05	0.000000e+00	1.654664e-08	0.000000e+00	1.331682e-03	1.331666e-03	1.331682e-03	5.000000e-06	-5.000000e-06	-5.000000e-06	-1.331682e-03	3.507692e-16
5.523857708966191e-09	1.291417e-03	5.000000e-02	1.000000e-01	5.000000e-02	6.456916e-01	1.291450e-06	-1.686580e-05	0.000000e+00	-3.252686e-08	0.000000e+00	1.291417e-03	1.291450e-03	1.291417e-03	5.000000e-06	-5.000000e-06	-5.000000e-06	-1.291417e-03	3.410115e-16
5.524432435909418e-09	1.245439e-03	5.000000e-02	1.000000e-01	5.000000e-02	6.227025e-01	1.245423e-06	-1.713549e-05	0.000000e+00	1.650998e-08	0.000000e+00	1.245439e-03	1.245423e-03	1.245439e-03	5.000000e-06	-5.000000e-06	-5.000000e-06	-1.245439e-03	3.297408e-16
5.525116724973650e-09	1.190697e-03	5.000000e-02	1.000000e-01	5.000000e-02	5.953310e-01	1.190729e-06	-1.735691e-05	0.000000e+00	-3.249553e-08	0.000000e+00	1.190697e-03	1.190729e-03	1.190697e-03	5.000000e-06	-5.000000e-06	-5.000000e-06	-1.190697e-03	3.162218e-16
5.525935479063791e-09	1.125197e-03	5.000000e-02	1.000000e-01	5.000000e-02	5.625808e-01	1.125180e-06	-1.755018e-05	0.000000e+00	1.648366e-08	0.000000e+00	1.125197e-03	1.125180e-03	1.125197e-03	5.000000e-06	-5.000000e-06	-5.000000e-06	-1.125197e-03	2.999745e-16
5.526966289673900e-09	1.042732e-03	5.000000e-02	1.000000e-01	5.000000e-02	5.213484e-01	1.042765e-06	-1.774527e-05	0.000000e+00	-3.247409e-08	0.000000e+00	1.042732e-03	1.042765e-03	1.042732e-03	5.000000e-06	-5.000000e-06	-5.000000e-06	-1.042732e-03	2.794711e-16
5.528301530123406e-09	9.359135e-04	5.000000e-02	1.000000e-01	5.000000e-02	4.679388e-01	9.358970e-07	-1.796998e-05	0.000000e+00	1.646682e-08	0.000000e+00	9.359135e-04	9.358971e-04	9.359135e-04	5.000000e-06	-5.000000e-06	-5.000000e-06	-9.359135e-04	2.528843e-16
5.530173182961231e-09	7.861819e-04	5.000000e-02	1.000000e-01	5.000000e-02	3.930727e-01	7.862143e-07	-1.827152e-05	0.000000e+00	-3.246153e-08	0.000000e+00	7.861819e-04	7.862144e-04	7.861819e-04	5.000000e-06	-5.000000e-06	-5.000000e-06	-7.861819e-04	2.156032e-16
5.533023071109109e-09	5.581917e-04	5.000000e-02	1.000000e-01	5.000000e-02	2.790771e-01	5.581753e-07	-1.872675e-05	0.000000e+00	1.645816e-08	0.000000e+00	5.581917e-04	5.581753e-04	5.581917e-04	5.000000e-06	-5.000000e-06	-5.000000e-06	-5.581917e-04	1.588329e-16
5.538181634742550e-09	1.455083e-04	5.000000e-02	1.000000e-01	5.000000e-02	7.273461e-02	1.455408e-07	-1.955040e-05	0.000000e+00	-3.245620e-08	0.000000e+00	1.455083e-04	1.455408e-04	1.455083e-04	5.000000e-06	-5.000000e-06	-5.000000e-06	-1.455083e-04	5.607302e-17
5.540000000000001e-09	3.968163e-08	5.000000e-02	1.000000e-01	5.000000e-02	0.000000e+00	2.323074e-11	-1.984081e-05	0.000000e+00	1.645089e-08	0.000000e+00	3.968163e-08	2.323074e-08	3.968163e-08	5.000000e-06	-5.000000e-06	-5.000000e-06	-3.968163e-08	1.985076e-17
5.540167159865802e-09	-3.354026e-08	5.000000e-02	1.000000e-01	5.000000e-02	0.000000e+00	4.995917e-11	-1.677013e-05	0.000000e+00	-1.641891e-08	0.000000e+00	3.354026e-08	4.995917e-08	3.354026e-08	5.000000e-06	-5.000000e-06	-5.000000e-06	-3.354026e-08	1.677856e-17
5.540320091690042e-09	2.875982e-08	5.000000e-02	1.000000e-01	5.000000e-02	0.000000e+00	1.239004e-11	-1.437991e-05	0.000000e+00	1.636977e-08	0.000000e+00	2.875982e-08	1.239004e-08	2.875982e-08	5.000000e-06	-5.000000e-06	-5.000000e-06	-2.875982e-08	1.438711e-17
5.540527675471230e-09	2.333392e-08	5.000000e-02	1.000000e-01	5.000000e-02	0.000000e+00	3.967740e-11	-1.166696e-05	0.000000e+00	-1.634348e-08	0.000000e+00	2.333392e-08	3.967740e-08	2.333392e-08	5.000000e-06	-5.000000e-06	-5.000000e-06	-2.333392e-08	1.167283e-17
5.540732201574501e-09	1.899060e-08	5.000000e-02	1.000000e-01	5.000000e-02	0.000000e+00	2.683290e-12	-9.495300e-06	0.000000e+00	1.630731e-08	0.000000e+00	1.899060e-08	2.683290e-09	1.899060e-08	5.000000e-06	-5.000000e-06	-5.000000e-06	-1.899060e-08	9.500050e-18
5.540971708303620e-09	1.491590e-08	5.000000e-02	1.000000e-01	5.000000e-02	0.000000e+00	3.119940e-11	-7.457952e-06	0.000000e+00	-1.628350e-08	0.000000e+00	1.491590e-08	3.119940e-08	1.491590e-08	5.000000e-06	-5.000000e-06	-5.000000e-06	-1.491590e-08	7.461713e-18
5.541205798231897e-09	1.178037e-08	5.000000e-02	1.000000e-01	5.000000e-02	0.000000e+00	-4.472652e-12	-5.890184e-06	0.000000e+00	1.625302e-08	0.000000e+00	1.178037e-08	-4.472652e-09	1.178037e-08	5.000000e-06	-5.000000e-06	-5.000000e-06	-1.178037e-08	5.893125e-18
5.541478170161878e-09	8.947568e-09	5.000000e-02	1.000000e-01	5.000000e-02	0.000000e+00	2.517882e-11	-4.473784e-06	0.000000e+00	-1.623125e-08	0.000000e+00	8.947568e-09	2.517882e-08	8.947568e-09	5.000000e-06	-5.000000e-06	-5.000000e-06	-8.947568e-09	4.476046e-18
5.541754078756852e-09	6.771526e-09	5.000000e-02	1.000000e-01	5.000000e-02	0.000000e+00	-9.434630e-12	-3.385763e-06	0.000000e+00	1.620616e-08	0.000000e+00	6.771526e-09	-9.434630e-09	6.771526e-09	5.000000e-06	-5.000000e-06	-5.000000e-06	-6.771526e-09	3.387446e-18
5.542074015829941e-09	4.898147e-09	5.000000e-02	1.000000e-01	5.000000e-02	0.000000e+00	2.108522e-11	-2.449073e-06	0.000000e+00	-1.618708e-08	0.000000e+00	4.898147e-09	2.108522e-08	4.898147e-09	5.000000e-06	-5.000000e-06	-5.000000e-06	-4.898147e-09	2.450319e-18
5.542407052953006e-09	3.495604e-09	5.000000e-02	1.000000e-01	5.000000e-02	0.000000e+00	-1.267120e-11	-1.747802e-06	0.000000e+00	1.616681e-08	0.000000e+00	3.495604e-09	-1.267120e-08	3.495604e-09	5.000000e-06	-5.000000e-06	-5.000000e-06	-3.495604e-09	1.748663e-18
5.542794215807395e-09	2.358355e-09	5.000000e-02	1.000000e-01	5.000000e-02	0.000000e+00	1.850905e-11	-1.179178e-06	0.000000e+00	-1.615070e-08	0.000000e+00	2.358355e-09	1.850905e-08	2.358355e-09	5.000000e-06	-5.000000e-06	-5.000000e-06	-2.358355e-09	1.179786e-18
5.543209373099378e-09	1.545273e-09	5.000000e-02	1.000000e-01	5.000000e-02	0.000000e+00	-1.458948e-11	-7.726367e-07	0.000000e+00	1.613475e-08	0.000000e+00	1.545273e-09	-1.458948e-08	1.545273e-09	5.000000e-06	-5.000000e-06	-5.000000e-06	-1.545273e-09	7.730084e-19
5.543697904710743e-09	9.368009e-10	5.000000e-02	1.000000e-01	5.000000e-02	0.000000e+00	1.705860e-11	-4.684004e-07	0.000000e+00	-1.612180e-08	0.000000e+00	9.368009e-10	1.705860e-08	9.368009e-10	5.000000e-06	-5.000000e-06	-5.000000e-06	-9.368009e-10	4.686517e-19
5.544240611424518e-09	5.358561e-10	5.000000e-02	1.000000e-01	5.000000e-02	0.000000e+00	-1.557392e-11	-2.679281e-07	0.000000e+00	1.610977e-08	0.000000e+00	5.358561e-10	-1.557392e-08	5.358561e-10	5.000000e-06	-5.000000e-06	-5.000000e-06	-5.358561e-10	2.680465e-19
5.544895483159120e-09	2.707541e-10	5.000000e-02	1.000000e-01	5.000000e-02	0.000000e+00	1.637077e-11	-1.353771e-07	0.000000e+00	-1.610002e-08	0.000000e+00	2.707541e-10	1.637077e-08	2.707541e-10	5.000000e-06	-5.000000e-06	-5.000000e-06	-2.707541e-10	1.354611e-19
5.545658664277405e-09	1.208594e-10	5.000000e-02	1.000000e-01	5.000000e-02	0.000000e+00	-1.597068e-11	-6.042970e-08	0.000000e+00	1.609154e-08	0.000000e+00	1.208594e-10	-1.597068e-08	1.208594e-10	5.000000e-06	-5.000000e-06	-5.000000e-06	-1.208594e-10	6.044394e-20
5.546624200809037e-09	4.193030e-11	5.000000e-02	1.000000e-01	5.000000e-02	0.000000e+00	1.612682e-11	-2.096515e-08	0.000000e+00	-1.608489e-08	0.000000e+00	4.193030e-11	1.612682e-08	4.193030e-11	5.000000e-06	-5.000000e-06	-5.000000e-06	-4.193030e-11	2.099176e-20
5.547837732579321e-09	1.023293e-11	5.000000e-02	1.000000e-01	5.000000e-02	0.000000e+00	-1.606935e-11	-5.116467e-09	0.000000e+00	1.607959e-08	0.000000e+00	1.023293e-11	-1.606935e-08	1.023293e-11	5.000000e-06	-5.000000e-06	-5.000000e-06	-1.023293e-11	5.102956e-21
5.549523280173531e-09	8.205058e-13	5.000000e-02	1.000000e-01	5.000000e-02	0.000000e+00	1.607659e-11	-4.102529e-10	0.000000e+00	-1.607577e-08	0.000000e+00	8.205058e-13	1.607659e-08	8.205058e-13	5.000000e-06	-5.000000e-06	-5.000000e-06	-8.205058e-13	4.265346e-22
5.551971127646753e-09	-5.519534e-14	5.000000e-02	1.000000e-01	5.000000e-02	0.000000e+00	-1.607320e-11	2.759767e-11	0.000000e+00	1.607314e-08	0.000000e+00	-5.519534e-14	-1.607320e-08	-5.519534e-14	5.000000e-06	-5.000000e-06	-5.000000e-06	5.519534e-14	-4.368467e-23
5.556197783474950e-09	7.664970e-16	5.000000e-02	1.000000e-01	5.000000e-02	0.000000e+00	1.607162e-11	3.832485e-13	0.000000e+00	-1.607162e-08	0.000000e+00	-7.664970e-16	1.607162e-08	-7.664970e-16	5.000000e-06	-5.000000e-06	-5.000000e-06	7.664970e-16	1.568818e-23
5.564651095131345e-09	-1.273137e-14	5.000000e-02	1.000000e-01	5.000000e-02	0.000000e+00	-1.607085e-11	-6.365684e-12	0.000000e+00	1.607086e-08	0.000000e+00	1.273137e-14	-1.607085e-08	1.273137e-14	5.000000e-06	-5.000000e-06	-5.000000e-06	-1.273137e-14	-9.701983e-24
5.581557718444134e-09	-1.682096e-14	5.000000e-02	1.000000e-01	5.000000e-02	0.000000e+00	1.607047e-11	8.410482e-12	0.000000e+00	-1.607048e-08	0.000000e+00	-1.682096e-14	1.607047e-08	-1.682096e-14	5.000000e-06	-5.000000e-06	-5.000000e-06	1.682096e-14	7.655778e-24
5.601088968444134e-09	-1.965441e-14	5.000000e-02	1.000000e-01	5.000000e-02	0.000000e+00	-1.607013e-11	-9.827204e-12	0.000000e+00	1.607015e-08	0.000000e+00	1.965441e-14	-1.607013e-08	1.965441e-14	5.000000e-06	-5.000000e-06	-5.000000e-06	-1.965441e-14	-6.238016e-24
5.620620218444133e-09	-2.196301e-14	5.000000e-02	1.000000e-01	5.000000e-02	0.000000e+00	1.606980e-11	1.098150e-11	0.000000e+00	-1.606982e-08	0.000000e+00	-2.196301e-14	1.606980e-08	-2.196301e-14	5.000000e-06	-5.000000e-06	-5.000000e-06	2.196301e-14	5.082807e-24
5.640151468444133e-09	-2.384396e-14	5.000000e-02	1.000000e-01	5.000000e-02	0.000000e+00	-1.606947e-11	-1.192198e-11	0.000000e+00	1.606950e-08	0.000000e+00	2.384396e-14	-1.606947e-08	2.384396e-14	5.000000e-06	-5.000000e-06	-5.000000e-06	-2.384396e-14	-4.141530e-24
5.659682718444133e-09	-2.537646e-14	5.000000e-02	1.000000e-01	5.000000e-02	0.000000e+00	1.606914e-11	1.268823e-11	0.000000e+00	-1.606917e-08	0.000000e+00	-2.537646e-14	1.606914e-08	-2.537646e-14	5.000000e-06	-5.000000e-06	-5.000000e-06	2.537646e-14	3.374566e-24
5.679213968444133e-09	-2.662504e-14	5.000000e-02	1.000000e-01	5.000000e-02	0.000000e+00	-1.606881e-11	-1.331252e-11	0.000000e+00	1.606884e-08	0.000000e+00	2.662504e-14	-1.606881e-08	2.662504e-14	5.000000e-06	-5.000000e-06	-5.000000e-06	-2.662504e-14	-2.749636e-24
5.698745218444133e-09	-2.764227e-14	5.000000e-02	1.000000e-01	5.000000e-02	0.000000e+00	1.606848e-11	1.382113e-11	0.000000e+00	-1.606851e-08	0.000000e+00	-2.764227e-14	1.606848e-08	-2.764227e-14	5.000000e-06	-5.000000e-06	-5.000000e-06	2.764227e-14	2.240435e-24
5.718276468444132e-09	-2.847100e-14	5.000000e-02	1.000000e-01	5.000000e-02	0.000000e+00	-1.606815e-11	-1.423550e-11	0.000000e+00	1.606818e-08	0.000000e+00	2.847100e-14	-1.606815e-08	2.847100e-14	5.000000e-06	-5.000000e-06	-5.000000e-06	-2.847100e-14	-1.825532e-24
5.737807718444132e-09	-2.914614e-14	5.000000e-02	1.000000e-01	5.000000e-02	0.000000e+00	1.606782e-11	1.457307e-11	0.000000e+00	-1.606785e-08	0.000000e+00	-2.914614e-14	1.606782e-08	-2.914614e-14	5.000000e-06	-5.000000e-06	-5.000000e-06	2.914614e-14	1.487465e-24
5.757338968444132e-09	-2.969612e-14	5.000000e-02	1.000000e-01	5.000000e-02	0.000000e+00	-1.606749e-11	-1.484806e-11	0.000000e+00	1.606752e-08	0.000000e+00	2.969612e-14	-1.606749e-08	2.969612e-14	5.000000e-06	-5.000000e-06	-5.000000e-06	-2.969612e-14	-1.212004e-24
5.776870218444132e-09	-3.014414e-14	5.000000e-02	1.000000e-01	5.000000e-02	0.000000e+00	1.606716e-11	1.507207e-11	0.000000e+00	-1.606719e-08	0.000000e+00	-3.014414e-14	1.606716e-08	-3.014414e-14	5.000000e-06	-5.000000e-06	-5.000000e-06	3.014414e-14	9.875547e-25
5.796401468444132e-09	-3.050907e-14	5.000000e-02	1.000000e-01	5.000000e-02	0.000000e+00	-1.606683e-11	-1.525453e-11	0.000000e+00	1.606686e-08	0.000000e+00	3.050907e-14	-1.606683e-08	3.050907e-14	5.000000e-06	-5.000000e-06	-5.000000e-06	-3.050907e-14	-8.046711e-25
5.815932718444131e-09	-3.080629e-14	5.000000e-02	1.000000e-01	5.000000e-02	0.000000e+00	1.606650e-11	1.540315e-11	0.000000e+00	-1.606653e-08	0.000000e+00	-3.080629e-14	1.606650e-08	-3.080629e-14	5.000000e-06	-5.000000e-06	-5.000000e-06	3.080629e-14	6.556554e-25
5.835463968444131e-09	-3.104835e-14	5.000000e-02	1.000000e-01	5.000000e-02	0.000000e+00	-1.606617e-11	-1.552418e-11	0.000000e+00	1.606620e-08	0.000000e+00	3.104835e-14	-1.606617e-08	3.104835e-14	5.000000e-06	-5.000000e-06	-5.000000e-06	-3.104835e-14	-5.342357e-25
5.854995218444131e-09	-3.124546e-14	5.000000e-02	1.000000e-01	5.000000e-02	0.000000e+00	1.606584e-11	1.562273e-11	0.000000e+00	-1.606588e-08	0.000000e+00	-3.124546e-14	1.606584e-08	-3.124546e-14	5.000000e-06	-5.000000e-06	-5.000000e-06	3.124546e-14	4.353016e-25
5.874526468444131e-09	-3.140595e-14	5.000000e-02	1.000000e-01	5.000000e-02	0.000000e+00	-1.606552e-11	-1.570298e-11	0.000000e+00	1.606555e-08	0.000000e+00	3.140595e-14	-1.606552e-08	3.140595e-14	5.000000e-06	-5.000000e-06	-5.000000e-06	-3.140595e-14	-3.546889e-25
5.894057718444131e-09	-3.153660e-14	5.000000e-02	1.000000e-01	5.000000e-02	0.000000e+00	1.606519e-11	1.576830e-11	0.000000e+00	-1.606522e-08	0.000000e+00	-3.153660e-14	1.606519e-08	-3.153660e-14	5.000000e-06	-5.000000e-06	-5.000000e-06	3.153660e-14	2.890047e-25
5.913588968444131e-09	-3.164292e-14	5.000000e-02	1.000000e-01	5.000000e-02	0.000000e+00	-1.606486e-11	-1.582146e-11	0.000000e+00	1.606489e-08	0.000000e+00	3.164292e-14	-1.606486e-08	3.164292e-14	5.000000e-06	-5.000000e-06	-5.000000e-06	-3.164292e-14	-2.354845e-25
5.933120218444130e-09	-3.172944e-14	5.000000e-02	1.000000e-01	5.000000e-02	0.000000e+00	1.606453e-11	1.586472e-11	0.000000e+00	-1.606456e-08	0.000000e+00	-3.172944e-14	1.606453e-08	-3.172944e-14	5.000000e-06	-5.000000e-06	-5.000000e-06	3.172944e-14	1.918756e-25
5.952651468444130e-09	-3.179981e-14	5.000000e-02	1.000000e-01	5.000000e-02	0.000000e+00	-1.606420e-11	-1.589991e-11	0.000000e+00	1.606423e-08	0.000000e+00	3.179981e-14	-1.606420e-08	3.179981e-14	5.000000e-06	-5.000000e-06	-5.000000e-06	-3.179981e-14	-1.563426e-25
5.972182718444130e-09	-3.185703e-14	5.000000e-02	1.000000e-01	5.000000e-02	0.000000e+00	1.606387e-11	1.592852e-11	0.000000e+00	-1.606390e-08	0.000000e+00	-3.185703e-14	1.606387e-08	-3.185703e-14	5.000000e-06	-5.000000e-06	-5.000000e-06	3.185703e-14	1.273899e-25
5.991713968444130e-09	-3.190353e-14	5.000000e-02	1.000000e-01	5.000000e-02	0.000000e+00	-1.606354e-11	-1.595177e-11	0.000000e+00	1.606357e-08	0.000000e+00	3.190353e-14	-1.606354e-08	3.190353e-14	5.000000e-06	-5.000000e-06	-5.000000e-06	-3.190353e-14	-1.037989e-25
6.000000000000000e-09	-3.197442e-14	5.000000e-02	1.000000e-01	5.000000e-02	0.000000e+00	1.606277e-11	1.599122e-11	0.000000e+00	-1.606280e-08	0.000000e+00	-3.197442e-14	1.606277e-08	-3.197442e-14	5.000000e-06	-5.000000e-06	-5.000000e-06	3.197442e-14	6.354748e-26
6.000299228643291e-09	2.392784e-05	5.000000e-02	1.000000e-01	5.000000e-02	1.196915e-02	2.389581e-08	5.227749e-06	0.000000e+00	3.202367e-08	0.000000e+00	2.392784e-05	2.389581e-05	2.392784e-05	5.000000e-06	-5.000000e-06	-5.000000e-06	-2.392784e-05	7.781054e-19
6.000539482855411e-09	4.314179e-05	5.000000e-02	1.000000e-01	5.000000e-02	2.157931e-02	4.315778e-08	8.420554e-06	0.000000e+00	-1.598902e-08	0.000000e+00	4.314179e-05	4.315778e-05	4.314179e-05	5.000000e-06	-5.000000e-06	-5.000000e-06	-4.314179e-05	2.408051e-18
6.000709427546863e-09	5.673369e-05	5.000000e-02	1.000000e-01	5.000000e-02	2.837710e-02	5.670177e-08	1.025576e-05	0.000000e+00	3.192831e-08	0.000000e+00	5.673369e-05	5.670176e-05	5.673369e-05	5.000000e-06	-5.000000e-06	-5.000000e-06	-5.673369e-05	3.984363e-18
6.000953468886318e-09	7.625269e-05	5.000000e-02	1.000000e-01	5.000000e-02	3.813875e-02	7.626858e-08	1.241075e-05	0.000000e+00	-1.589265e-08	0.000000e+00	7.625269e-05	7.626858e-05	7.625269e-05	5.000000e-06	-5.000000e-06	-5.000000e-06	-7.625269e-05	6.728692e-18
6.001174686851690e-09	9.394703e-05	5.000000e-02	1.000000e-01	5.000000e-02	4.698747e-02	9.391518e-08	1.396108e-05	0.000000e+00	3.184668e-08	0.000000e+00	9.394703e-05	9.391518e-05	9.394703e-05	5.000000e-06	-5.000000e-06	-5.000000e-06	-9.394703e-05	9.619596e-18
6.001461010044472e-09	1.168497e-04	5.000000e-02	1.000000e-01	5.000000e-02	5.844040e-02	1.168656e-07	1.553114e-05	0.000000e+00	-1.581558e-08	0.000000e+00	1.168497e-04	1.168656e-04	1.168497e-04	5.000000e-06	-5.000000e-06	-5.000000e-06	-1.168497e-04	1.379816e-17
6.001723894010602e-09	1.378783e-04	5.000000e-02	1.000000e-01	5.000000e-02	6.895576e-02	1.378465e-07	1.663186e-05	0.000000e+00	3.177770e-08	0.000000e+00	1.378783e-04	1.378465e-04	1.378783e-04	5.000000e-06	-5.000000e-06	-5.000000e-06	-1.378783e-04	1.797555e-17
6.002054091655224e-09	1.642920e-04	5.000000e-02	1.000000e-01	5.000000e-02	8.216367e-02	1.643077e-07	1.767504e-05	0.000000e+00	-1.575018e-08	0.000000e+00	1.642920e-04	1.643077e-04	1.642920e-04	5.000000e-06	-5.000000e-06	-5.000000e-06	-1.642920e-04	2.356226e-17
6.002373488041117e-09	1.898422e-04	5.000000e-02	1.000000e-01	5.000000e-02	9.493952e-02	1.898105e-07	1.841489e-05	0.000000e+00	3.171952e-08	0.000000e+00	1.898422e-04	1.898105e-04	1.898422e-04	5.000000e-06	-5.000000e-06	-5.000000e-06	-1.898422e-04	2.923548e-17
6.002769703376063e-09	2.215381e-04	5.000000e-02	1.000000e-01	5.000000e-02	1.107881e-01	2.215538e-07	1.907682e-05	0.000000e+00	-1.569626e-08	0.000000e+00	2.215381e-04	2.215538e-04	2.215381e-04	5.000000e-06	-5.000000e-06	-5.000000e-06	-2.215381e-04	3.652926e-17
6.003170393995564e-09	2.535924e-04	5.000000e-02	1.000000e-01	5.000000e-02	1.268158e-01	2.535608e-07	1.954459e-05	0.000000e+00	3.167215e-08	0.000000e+00	2.535924e-04	2.535607e-04	2.535924e-04	5.000000e-06	-5.000000e-06	-5.000000e-06	-2.535924e-04	4.410707e-17
6.003666468529144e-09	2.932776e-04	5.000000e-02	1.000000e-01	5.000000e-02	1.466587e-01	2.932933e-07	1.994370e-05	0.000000e+00	-1.565339e-08	0.000000e+00	2.932776e-04	2.932932e-04	2.932776e-04	5.000000e-06	-5.000000e-06	-5.000000e-06	-2.932776e-04	5.366899e-17
6.004192139820703e-09	3.353307e-04	5.000000e-02	1.000000e-01	5.000000e-02	1.676856e-01	3.352991e-07	2.022903e-05	0.000000e+00	3.163518e-08	0.000000e+00	3.353307e-04	3.352991e-04	3.353307e-04	5.000000e-06	-5.000000e-06	-5.000000e-06	-3.353307e-04	6.393896e-17
6.004852339122821e-09	3.881462e-04	5.000000e-02	1.000000e-01	5.000000e-02	1.940936e-01	3.881618e-07	2.047441e-05	0.000000e+00	-1.562101e-08	0.000000e+00	3.881462e-04	3.881618e-04	3.881462e-04	5.000000e-06	-5.000000e-06	-5.000000e-06	-3.881462e-04	7.695030e-17
6.005592479399937e-09	4.473570e-04	5.000000e-02	1.000000e-01	5.000000e-02	2.236992e-01	4.473254e-07	2.066904e-05	0.000000e+00	3.160815e-08	0.000000e+00	4.473570e-04	4.473254e-04	4.473570e-04	5.000000e-06	-5.000000e-06	-5.000000e-06	-4.473570e-04	9.161755e-17
6.006558514991889e-09	5.246394e-04	5.000000e-02	1.000000e-01	5.000000e-02	2.623406e-01	5.246551e-07	2.086561e-05	0.000000e+00	-1.559845e-08	0.000000e+00	5.246394e-04	5.246550e-04	5.246394e-04	5.000000e-06	-5.000000e-06	-5.000000e-06	-5.246394e-04	1.108189e-16
6.007732786467377e-09	6.185808e-04	5.000000e-02	1.000000e-01	5.000000e-02	3.093114e-01	6.185492e-07	2.106973e-05	0.000000e+00	3.159035e-08	0.000000e+00	6.185808e-04	6.185492e-04	6.185808e-04	5.000000e-06	-5.000000e-06	-5.000000e-06	-6.185808e-04	1.341940e-16
6.009402341479881e-09	7.521446e-04	5.000000e-02	1.000000e-01	5.000000e-02	3.760937e-01	7.521602e-07	2.134167e-05	0.000000e+00	-1.558476e-08	0.000000e+00	7.521446e-04	7.521602e-04	7.521446e-04	5.000000e-06	-5.000000e-06	-5.000000e-06	-7.521446e-04	1.674466e-16
6.011748871460094e-09	9.398663e-04	5.000000e-02	1.000000e-01	5.000000e-02	4.699548e-01	9.398347e-07	2.171687e-05	0.000000e+00	3.158068e-08	0.000000e+00	9.398663e-04	9.398347e-04	9.398663e-04	5.000000e-06	-5.000000e-06	-5.000000e-06	-9.398663e-04	2.141895e-16
6.015857675075012e-09	1.268569e-03	5.000000e-02	1.000000e-01	5.000000e-02	6.343070e-01	1.268585e-06	2.237296e-05	0.000000e+00	-1.557845e-08	0.000000e+00	1.268569e-03	1.268585e-03	1.268569e-03	5.000000e-06	-5.000000e-06	-5.000000e-06	-1.268569e-03	2.960379e-16
6.020000000000000e-09	1.599954e-03	5.000000e-02	1.000000e-01	5.000000e-02	8.000000e-01	1.599922e-06	2.303438e-05	0.000000e+00	3.157611e-08	0.000000e+00	1.599954e-03	1.599922e-03	1.599954e-03	5.000000e-06	-5.000000e-06	-5.000000e-06	-1.599954e-03	3.785540e-16
6.020192542712300e-09	1.599961e-03	5.000000e-02	1.000000e-01	5.000000e-02	8.000000e-01	1.599992e-06	1.953860e-05	0.000000e+00	-3.150332e-08	0.000000e+00	1.599961e-03	1.599992e-03	1.599961e-03	5.000000e-06	-5.000000e-06	-5.000000e-06	-1.599961e-03	3.820516e-16
6.020394200530241e-09	1.599967e-03	5.000000e-02	1.000000e-01	5.000000e-02	8.000000e-01	1.599935e-06	1.653483e-05	0.000000e+00	3.144685e-08	0.000000e+00	1.599967e-03	1.599935e-03	1.599967e-03	5.000000e-06	-5.000000e-06	-5.000000e-06	-1.599967e-03	3.850568e-16
6.020584056982210e-09	1.599972e-03	5.000000e-02	1.000000e-01	5.000000e-02	8.000000e-01	1.600003e-06	1.421418e-05	0.000000e+00	-3.137578e-08	0.000000e+00	1.599972e-03	1.600003e-03	1.599972e-03	5.000000e-06	-5.000000e-06	-5.000000e-06	-1.599972e-03	3.873787e-16
6.020809710062211e-09	1.599976e-03	5.000000e-02	1.000000e-01	5.000000e-02	8.000000e-01	1.599945e-06	1.197240e-05	0.000000e+00	3.132418e-08	0.000000e+00	1.599976e-03	1.599945e-03	1.599976e-03	5.000000e-06	-5.000000e-06	-5.000000e-06	-1.599976e-03	3.896216e-16
6.021033142591254e-09	1.599980e-03	5.000000e-02	1.000000e-01	5.000000e-02	8.000000e-01	1.600011e-06	1.020255e-05	0.000000e+00	-3.126499e-08	0.000000e+00	1.599980e-03	1.600011e-03	1.599980e-03	5.000000e-06	-5.000000e-06	-5.000000e-06	-1.599980e-03	3.913924e-16
6.021291550378990e-09	1.599983e-03	5.000000e-02	1.000000e-01	5.000000e-02	8.000000e-01	1.599952e-06	8.593593e-06	0.000000e+00	3.121912e-08	0.000000e+00	1.599983e-03	1.599952e-03	1.599983e-03	5.000000e-06	-5.000000e-06	-5.000000e-06	-1.599983e-03	3.930021e-16
6.021552613027189e-09	1.599985e-03	5.000000e-02	1.000000e-01	5.000000e-02	8.000000e-01	1.600017e-06	7.342824e-06	0.000000e+00	-3.116940e-08	0.000000e+00	1.599985e-03	1.600016e-03	1.599985e-03	5.000000e-06	-5.000000e-06	-5.000000e-06	-1.599985e-03	3.942535e-16
6.021853052319474e-09	1.599988e-03	5.000000e-02	1.000000e-01	5.000000e-02	8.000000e-01	1.599956e-06	6.255692e-06	0.000000e+00	3.112938e-08	0.000000e+00	1.599988e-03	1.599956e-03	1.599988e-03	5.000000e-06	-5.000000e-06	-5.000000e-06	-1.599988e-03	3.953411e-16
6.022164923565647e-09	1.599989e-03	5.000000e-02	1.000000e-01	5.000000e-02	8.000000e-01	1.600020e-06	5.427097e-06	0.000000e+00	-3.108842e-08	0.000000e+00	1.599989e-03	1.600020e-03	1.599989e-03	5.000000e-06	-5.000000e-06	-5.000000e-06	-1.599989e-03	3.961702e-16
6.022524590964345e-09	1.599991e-03	5.000000e-02	1.000000e-01	5.000000e-02	8.000000e-01	1.599959e-06	4.744157e-06	0.000000e+00	3.105462e-08	0.000000e+00	1.599991e-03	1.599959e-03	1.599991e-03	5.000000e-06	-5.000000e-06	-5.000000e-06	-1.599991e-03	3.968534e-16
6.022908232003089e-09	1.599991e-03	5.000000e-02	1.000000e-01	5.000000e-02	8.000000e-01	1.600023e-06	4.243632e-06	0.000000e+00	-3.102174e-08	0.000000e+00	1.599991e-03	1.600023e-03	1.599991e-03	5.000000e-06	-5.000000e-06	-5.000000e-06	-1.599991e-03	3.973543e-16
6.023355030314505e-09	1.599992e-03	5.000000e-02	1.000000e-01	5.000000e-02	8.000000e-01	1.599961e-06	3.859006e-06	0.000000e+00	3.099432e-08	0.000000e+00	1.599992e-03	1.599961e-03	1.599992e-03	5.000000e-06	-5.000000e-06	-5.000000e-06	-1.599992e-03	3.977390e-16
6.023846937315071e-09	1.599993e-03	5.000000e-02	1.000000e-01	5.000000e-02	8.000000e-01	1.600024e-06	3.595619e-06	0.000000e+00	-3.096891e-08	0.000000e+00	1.599993e-03	1.600024e-03	1.599993e-03	5.000000e-06	-5.000000e-06	-5.000000e-06	-1.599993e-03	3.980026e-16
6.024431924756626e-09	1.599993e-03	5.000000e-02	1.000000e-01	5.000000e-02	8.000000e-01	1.599962e-06	3.413129e-06	0.000000e+00	3.094787e-08	0.000000e+00	1.599993e-03	1.599962e-03	1.599993e-03	5.000000e-06	-5.000000e-06	-5.000000e-06	-1.599993e-03	3.981851e-16
6.025103274481220e-09	1.599993e-03	5.000000e-02	1.000000e-01	5.000000e-02	8.000000e-01	1.600024e-06	3.302551e-06	0.000000e+00	-3.092937e-08	0.000000e+00	1.599993e-03	1.600024e-03	1.599993e-03	5.000000e-06	-5.000000e-06	-5.000000e-06	-1.599993e-03	3.982958e-16
6.025933159897962e-09	1.599994e-03	5.000000e-02	1.000000e-01	5.000000e-02	8.000000e-01	1.599963e-06	3.238456e-06	0.000000e+00	3.091450e-08	0.000000e+00	1.599994e-03	1.599963e-03	1.599994e-03	5.000000e-06	-5.000000e-06	-5.000000e-06	-1.599994e-03	3.983599e-16
6.026947031677422e-09	1.599994e-03	5.000000e-02	1.000000e-01	5.000000e-02	8.000000e-01	1.600024e-06	3.208256e-06	0.000000e+00	-3.090229e-08	0.000000e+00	1.599994e-03	1.600025e-03	1.599994e-03	5.000000e-06	-5.000000e-06	-5.000000e-06	-1.599994e-03	3.983902e-16
6.028295624765822e-09	1.599994e-03	5.000000e-02	1.000000e-01	5.000000e-02	8.000000e-01	1.599963e-06	3.196400e-06	0.000000e+00	3.089313e-08	0.000000e+00	1.599994e-03	1.599963e-03	1.599994e-03	5.000000e-06	-5.000000e-06	-5.000000e-06	-1.599994e-03	3.984020e-16
6.030137995445745e-09	1.599994e-03	5.000000e-02	1.000000e-01	5.000000e-02	8.000000e-01	1.600024e-06	3.193754e-06	0.000000e+00	-3.088642e-08	0.000000e+00	1.599994e-03	1.600025e-03	1.599994e-03	5.000000e-06	-5.000000e-06	-5.000000e-06	-1.599994e-03	3.984047e-16
6.033006903463101e-09	1.599994e-03	5.000000e-02	1.000000e-01	5.000000e-02	8.000000e-01	1.599963e-06	3.193562e-06	0.000000e+00	3.088212e-08	0.000000e+00	1.599994e-03	1.599963e-03	1.599994e-03	5.000000e-06	-5.000000e-06	-5.000000e-06	-1.599994e-03	3.984048e-16
6.038068101273087e-09	1.599994e-03	5.000000e-02	1.000000e-01	5.000000e-02	8.000000e-01	1.600024e-06	3.193652e-06	0.000000e+00	-3.087968e-08	0.000000e+00	1.599994e-03	1.600025e-03	1.599994e-03	5.000000e-06	-5.000000e-06	-5.000000e-06	-1.599994e-03	3.984048e-16
6.048190496893060e-09	1.599994e-03	5.000000e-02	1.000000e-01	5.000000e-02	8.000000e-01	1.599963e-06	3.193576e-06	0.000000e+00	3.087846e-08	0.000000e+00	1.599994e-03	1.599963e-03	1.599994e-03	5.000000e-06	-5.000000e-06	-5.000000e-06	-1.599994e-03	3.984048e-16
6.067721746893060e-09	1.599994e-03	5.000000e-02	1.000000e-01	5.000000e-02	8.000000e-01	1.600024e-06	3.193648e-06	0.000000e+00	-3.087782e-08	0.000000e+00	1.599994e-03	1.600025e-03	1.599994e-03	5.000000e-06	-5.000000e-06	-5.000000e-06	-1.599994e-03	3.984048e-16
6.087252996893060e-09	1.599994e-03	5.000000e-02	1.000000e-01	5.000000e-02	8.000000e-01	1.599963e-06	3.193578e-06	0.000000e+00	3.087719e-08	0.000000e+00	1.599994e-03	1.599963e-03	1.599994e-03	5.000000e-06	-5.000000e-06	-5.000000e-06	-1.599994e-03	3.984048e-16
6.106784246893060e-09	1.599994e-03	5.000000e-02	1.000000e-01	5.000000e-02	8.000000e-01	1.600024e-06	3.193647e-06	0.000000e+00	-3.087656e-08	0.000000e+00	1.599994e-03	1.600025e-03	1.599994e-03	5.000000e-06	-5.000000e-06	-5.000000e-06	-1.599994e-03	3.984048e-16
6.126315496893059e-09	1.599994e-03	5.000000e-02	1.000000e-01	5.000000e-02	8.000000e-01	1.599963e-06	3.193579e-06	0.000000e+00	3.087593e-08	0.000000e+00	1.599994e-03	1.599963e-03	1.599994e-03	5.000000e-06	-5.000000e-06	-5.000000e-06	-1.599994e-03	3.984048e-16
6.145846746893059e-09	1.599994e-03	5.000000e-02	1.000000e-01	5.000000e-02	8.000000e-01	1.600024e-06	3.193646e-06	0.000000e+00	-3.087530e-08	0.000000e+00	1.599994e-03	1.600025e-03	1.599994e-03	5.000000e-06	-5.000000e-06	-5.000000e-06	-1.599994e-03	3.984048e-16
6.165377996893059e-09	1.599994e-03	5.000000e-02	1.000000e-01	5.000000e-02	8.000000e-01	1.599963e-06	3.193580e-06	0.000000e+00	3.087466e-08	0.000000e+00	1.599994e-03	1.599963e-03	1.599994e-03	5.000000e-06	-5.000000e-06	-5.000000e-06	-1.599994e-03	3.984048e-16
6.184909246893059e-09	1.599994e-03	5.000000e-02	1.000000e-01	5.000000e-02	8.000000e-01	1.600024e-06	3.193645e-06	0.000000e+00	-3.087403e-08	0.000000e+00	1.599994e-03	1.600025e-03	1.599994e-03	5.000000e-06	-5.000000e-06	-5.000000e-06	-1.599994e-03	3.984048e-16
6.204440496893059e-09	1.599994e-03	5.000000e-02	1.000000e-01	5.000000e-02	8.000000e-01	1.599963e-06	3.193581e-06	0.000000e+00	3.087340e-08	0.000000e+00	1.599994e-03	1.599963e-03	1.599994e-03	5.000000e-06	-5.000000e-06	-5.000000e-06	-1.599994e-03	3.984048e-16
6.223971746893058e-09	1.599994e-03	5.000000e-02	1.000000e-01	5.000000e-02	8.000000e-01	1.600024e-06	3.193644e-06	0.000000e+00	-3.087277e-08	0.000000e+00	1.599994e-03	1.600025e-03	1.599994e-03	5.000000e-06	-5.000000e-06	-5.000000e-06	-1.599994e-03	3.984048e-16
6.243502996893058e-09	1.599994e-03	5.000000e-02	1.000000e-01	5.000000e-02	8.000000e-01	1.599963e-06	3.193581e-06	0.000000e+00	3.087213e-08	0.000000e+00	1.599994e-03	1.599963e-03	1.599994e-03	5.000000e-06	-5.000000e-06	-5.000000e-06	-1.599994e-03	3.984048e-16
6.263034246893058e-09	1.599994e-03	5.000000e-02	1.000000e-01	5.000000e-02	8.000000e-01	1.600024e-06	3.193644e-06	0.000000e+00	-3.087150e-08	0.000000e+00	1.599994e-03	1.600025e-03	1.599994e-03	5.000000e-06	-5.000000e-06	-5.000000e-06	-1.599994e-03	3.984048e-16
6.282565496893058e-09	1.599994e-03	5.000000e-02	1.000000e-01	5.000000e-02	8.000000e-01	1.599963e-06	3.193582e-06	0.000000e+00	3.087087e-08	0.000000e+00	1.599994e-03	1.599963e-03	1.599994e-03	5.000000e-06	-5.000000e-06	-5.000000e-06	-1.599994e-03	3.984048e-16
6.302096746893058e-09	1.599994e-03	5.000000e-02	1.000000e-01	5.000000e-02	8.000000e-01	1.600024e-06	3.193644e-06	0.000000e+00	-3.087024e-08	0.000000e+00	1.599994e-03	1.600025e-03	1.599994e-03	5.000000e-06	-5.000000e-06	-5.000000e-06	-1.599994e-03	3.984048e-16
6.321627996893058e-09	1.599994e-03	5.000000e-02	1.000000e-01	5.000000e-02	8.000000e-01	1.599963e-06	3.193582e-06	0.000000e+00	3.086960e-08	0.000000e+00	1.599994e-03	1.599963e-03	1.599994e-03	5.000000e-06	-5.000000e-06	-5.000000e-06	-1.599994e-03	3.984048e-16
6.341159246893057e-09	1.599994e-03	5.000000e-02	1.000000e-01	5.000000e-02	8.000000e-01	1.600024e-06	3.193644e-06	0.000000e+00	-3.086897e-08	0.000000e+00	1.599994e-03	1.600025e-03	1.599994e-03	5.000000e-06	-5.000000e-06	-5.000000e-06	-1.599994e-03	3.984048e-16
6.360690496893057e-09	1.599994e-03	5.000000e-02	1.000000e-01	5.000000e-02	8.000000e-01	1.599963e-06	3.193582e-06	0.000000e+00	3.086834e-08	0.000000e+00	1.599994e-03	1.599963e-03	1.599994e-03	5.000000e-06	-5.000000e-06	-5.000000e-06	-1.599994e-03	3.984048e-16
6.380221746893057e-09	1.599994e-03	5.000000e-02	1.000000e-01	5.000000e-02	8.000000e-01	1.600024e-06	3.193644e-06	0.000000e+00	-3.086771e-08	0.000000e+00	1.599994e-03	1.600025e-03	1.599994e-03	5.000000e-06	-5.000000e-06	-5.000000e-06	-1.599994e-03	3.984048e-16
6.399752996893057e-09	1.599994e-03	5.000000e-02	1.000000e-01	5.000000e-02	8.000000e-01	1.599963e-06	3.193582e-06	0.000000e+00	3.086707e-08	0.000000e+00	1.599994e-03	1.599963e-03	1.599994e-03	5.000000e-06	-5.000000e-06	-5.000000e-06	-1.599994e-03	3.984048e-16
6.419284246893057e-09	1.599994e-03	5.000000e-02	1.000000e-01	5.000000e-02	8.000000e-01	1.600024e-06	3.193644e-06	0.000000e+00	-3.086644e-08	0.000000e+00	1.599994e-03	1.600025e-03	1.599994e-03	5.000000e-06	-5.000000e-06	-5.000000e-06	-1.599994e-03	3.984048e-16
6.438815496893056e-09	1.599994e-03	5.000000e-02	1.000000e-01	5.000000e-02	8.000000e-01	1.599963e-06	3.193582e-06	0.000000e+00	3.086581e-08	0.000000e+00	1.599994e-03	1.599963e-03	1.599994e-03	5.000000e-06	-5.000000e-06	-5.000000e-06	-1.599994e-03	3.984048e-16
6.458346746893056e-09	1.599994e-03	5.000000e-02	1.000000e-01	5.000000e-02	8.000000e-01	1.600024e-06	3.193644e-06	0.000000e+00	-3.086518e-08	0.000000e+00	1.599994e-03	1.600025e-03	1.599994e-03	5.000000e-06	-5.000000e-06	-5.000000e-06	-1.599994e-03	3.984048e-16
6.477877996893056e-09	1.599994e-03	5.000000e-02	1.000000e-01	5.000000e-02	8.000000e-01	1.599963e-06	3.193582e-06	0.000000e+00	3.086455e-08	0.000000e+00	1.599994e-03	1.599963e-03	1.599994e-03	5.000000e-06	-5.000000e-06	-5.000000e-06	-1.599994e-03	3.984048e-16
6.497409246893056e-09	1.599994e-03	5.000000e-02	1.000000e-01	5.000000e-02	8.000000e-01	1.600024e-06	3.193644e-06	0.000000e+00	-3.086392e-08	0.000000e+00	1.599994e-03	1.600025e-03	1.599994e-03	5.000000e-06	-5.000000e-06	-5.000000e-06	-1.599994e-03	3.984048e-16
6.516940496893056e-09	1.599994e-03	5.000000e-02	1.000000e-01	5.000000e-02	8.000000e-01	1.599963e-06	3.193582e-06	0.000000e+00	3.086328e-08	0.000000e+00	1.599994e-03	1.599963e-03	1.599994e-03	5.000000e-06	-5.000000e-06	-5.000000e-06	-1.599994e-03	3.984048e-16
6.520000000000001e-09	1.599994e-03	5.000000e-02	1.000000e-01	5.000000e-02	8.000000e-01	1.600024e-06	3.193644e-06	0.000000e+00	-3.085925e-08	0.000000e+00	1.599994e-03	1.600025e-03	1.599994e-03	5.000000e-06	-5.000000e-06	-5.000000e-06	-1.599994e-03	3.984048e-16
6.520254338687239e-09	1.579656e-03	5.000000e-02	1.000000e-01	5.000000e-02	7.898265e-01	1.579641e-06	-1.337863e-06	0.000000e+00	1.483045e-08	0.000000e+00	1.579656e-03	1.579641e-03	1.579656e-03	5.000000e-06	-5.000000e-06	-5.000000e-06	-1.579656e-03	3.978314e-16
6.520422454020476e-09	1.566211e-03	5.000000e-02	1.000000e-01	5.000000e-02	7.831019e-01	1.566242e-06	-3.752812e-06	0.000000e+00	-3.077045e-08	0.000000e+00	1.566211e-03	1.566242e-03	1.566211e-03	5.000000e-06	-5.000000e-06	-5.000000e-06	-1.566211e-03	3.968719e-16
6.520607068769242e-09	1.551447e-03	5.000000e-02	1.000000e-01	5.000000e-02	7.757173e-01	1.551432e-06	-5.980074e-06	0.000000e+00	1.472599e-08	0.000000e+00	1.551447e-03	1.551432e-03	1.551447e-03	5.000000e-06	-5.000000e-06	-5.000000e-06	-1.551447e-03	3.953931e-16
6.520825920241868e-09	1.533943e-03	5.000000e-02	1.000000e-01	5.000000e-02	7.669632e-01	1.533973e-06	-8.145051e-06	0.000000e+00	-3.068054e-08	0.000000e+00	1.533943e-03	1.533973e-03	1.533943e-03	5.000000e-06	-5.000000e-06	-5.000000e-06	-1.533943e-03	3.931647e-16
6.521060219172538e-09	1.515202e-03	5.000000e-02	1.000000e-01	5.000000e-02	7.575912e-01	1.515188e-06	-9.998980e-06	0.000000e+00	1.464501e-08	0.000000e+00	1.515202e-03	1.515188e-03	1.515202e-03	5.000000e-06	-5.000000e-06	-5.000000e-06	-1.515202e-03	3.903148e-16
6.521314197579151e-09	1.494887e-03	5.000000e-02	1.000000e-01	5.000000e-02	7.474321e-01	1.494918e-06	-1.158066e-05	0.000000e+00	-3.060688e-08	0.000000e+00	1.494887e-03	1.494918e-03	1.494887e-03	5.000000e-06	-5.000000e-06	-5.000000e-06	-1.494887e-03	3.867974e-16
6.521583701848152e-09	1.473330e-03	5.000000e-02	1.000000e-01	5.000000e-02	7.366519e-01	1.473315e-06	-1.288074e-05	0.000000e+00	1.457529e-08	0.000000e+00	1.473330e-03	1.473315e-03	1.473330e-03	5.000000e-06	-5.000000e-06	-5.000000e-06	-1.473330e-03	3.826864e-16
6.521879997354839e-09	1.449628e-03	5.000000e-02	1.000000e-01	5.000000e-02	7.248001e-01	1.449659e-06	-1.396841e-05	0.000000e+00	-3.054336e-08	0.000000e+00	1.449628e-03	1.449659e-03	1.449628e-03	5.000000e-06	-5.000000e-06	-5.000000e-06	-1.449628e-03	3.778251e-16
6.522200858207532e-09	1.423961e-03	5.000000e-02	1.000000e-01	5.000000e-02	7.119657e-01	1.423947e-06	-1.484586e-05	0.000000e+00	1.451637e-08	0.000000e+00	1.423961e-03	1.423946e-03	1.423961e-03	5.000000e-06	-5.000000e-06	-5.000000e-06	-1.423961e-03	3.722601e-16
6.522557963215119e-09	1.395394e-03	5.000000e-02	1.000000e-01	5.000000e-02	6.976815e-01	1.395425e-06	-1.555707e-05	0.000000e+00	-3.049037e-08	0.000000e+00	1.395394e-03	1.395425e-03	1.395394e-03	5.000000e-06	-5.000000e-06	-5.000000e-06	-1.395394e-03	3.658010e-16
6.522951806730996e-09	1.363888e-03	5.000000e-02	1.000000e-01	5.000000e-02	6.819277e-01	1.363873e-06	-1.611453e-05	0.000000e+00	1.446810e-08	0.000000e+00	1.363888e-03	1.363873e-03	1.363888e-03	5.000000e-06	-5.000000e-06	-5.000000e-06	-1.363888e-03	3.584503e-16
6.523397889406021e-09	1.328202e-03	5.000000e-02	1.000000e-01	5.000000e-02	6.640844e-01	1.328232e-06	-1.655296e-05	0.000000e+00	-3.044757e-08	0.000000e+00	1.328202e-03	1.328232e-03	1.328202e-03	5.000000e-06	-5.000000e-06	-5.000000e-06	-1.328202e-03	3.499317e-16
6.523902544036280e-09	1.287830e-03	5.000000e-02	1.000000e-01	5.000000e-02	6.438982e-01	1.287816e-06	-1.689091e-05	0.000000e+00	1.443005e-08	0.000000e+00	1.287830e-03	1.287816e-03	1.287830e-03	5.000000e-06	-5.000000e-06	-5.000000e-06	-1.287830e-03	3.401363e-16
6.524490010180983e-09	1.240834e-03	5.000000e-02	1.000000e-01	5.000000e-02	6.203996e-01	1.240864e-06	-1.715744e-05	0.000000e+00	-3.041460e-08	0.000000e+00	1.240834e-03	1.240864e-03	1.240834e-03	5.000000e-06	-5.000000e-06	-5.000000e-06	-1.240834e-03	3.286067e-16
6.525179769296170e-09	1.185653e-03	5.000000e-02	1.000000e-01	5.000000e-02	5.928092e-01	1.185639e-06	-1.737390e-05	0.000000e+00	1.440173e-08	0.000000e+00	1.185653e-03	1.185639e-03	1.185653e-03	5.000000e-06	-5.000000e-06	-5.000000e-06	-1.185653e-03	3.149729e-16
6.526019067776123e-09	1.118510e-03	5.000000e-02	1.000000e-01	5.000000e-02	5.592373e-01	1.118540e-06	-1.756738e-05	0.000000e+00	-3.039097e-08	0.000000e+00	1.118510e-03	1.118540e-03	1.118510e-03	5.000000e-06	-5.000000e-06	-5.000000e-06	-1.118510e-03	2.983134e-16
6.527065705839216e-09	1.034779e-03	5.000000e-02	1.000000e-01	5.000000e-02	5.173718e-01	1.034765e-06	-1.776272e-05	0.000000e+00	1.438249e-08	0.000000e+00	1.034779e-03	1.034765e-03	1.034779e-03	5.000000e-06	-5.000000e-06	-5.000000e-06	-1.034779e-03	2.774923e-16
6.528443968871167e-09	9.245184e-04	5.000000e-02	1.000000e-01	5.000000e-02	4.622412e-01	9.245488e-07	-1.799317e-05	0.000000e+00	-3.037593e-08	0.000000e+00	9.245184e-04	9.245488e-04	9.245184e-04	5.000000e-06	-5.000000e-06	-5.000000e-06	-9.245184e-04	2.500473e-16
6.530368272592422e-09	7.705748e-04	5.000000e-02	1.000000e-01	5.000000e-02	3.852691e-01	7.705604e-07	-1.830277e-05	0.000000e+00	1.437134e-08	0.000000e+00	7.705748e-04	7.705604e-04	7.705748e-04	5.000000e-06	-5.000000e-06	-5.000000e-06	-7.705748e-04	2.117170e-16
6.533360908780048e-09	5.311649e-04	5.000000e-02	1.000000e-01	5.000000e-02	2.655636e-01	5.311952e-07	-1.878064e-05	0.000000e+00	-3.036829e-08	0.000000e+00	5.311649e-04	5.311953e-04	5.311649e-04	5.000000e-06	-5.000000e-06	-5.000000e-06	-5.311649e-04	1.521031e-16
6.538824177932354e-09	9.410507e-05	5.000000e-02	1.000000e-01	5.000000e-02	4.703288e-02	9.409070e-08	-1.965305e-05	0.000000e+00	1.436671e-08	0.000000e+00	9.410507e-05	9.409070e-05	9.410507e-05	5.000000e-06	-5.000000e-06	-5.000000e-06	-9.410507e-05	4.327341e-17
6.540000000000001e-09	3.968153e-08	5.000000e-02	1.000000e-01	5.000000e-02	0.000000e+00	7.004057e-11	-1.984077e-05	0.000000e+00	-3.035904e-08	0.000000e+00	3.968153e-08	7.004057e-08	3.968153e-08	5.000000e-06	-5.000000e-06	-5.000000e-06	-3.968153e-08	1.985075e-17
6.540163250077335e-09	-3.367312e-08	5.000000e-02	1.000000e-01	5.000000e-02	0.000000e+00	3.395724e-12	-1.683656e-05	0.000000e+00	3.027739e-08	0.000000e+00	3.367312e-08	3.395724e-09	3.367312e-08	5.000000e-06	-5.000000e-06	-5.000000e-06	-3.367312e-08	1.684498e-17
6.540297316718146e-09	2.942829e-08	5.000000e-02	1.000000e-01	5.000000e-02	0.000000e+00	5.962181e-11	-1.471415e-05	0.000000e+00	-3.019352e-08	0.000000e+00	2.942829e-08	5.962181e-08	2.942829e-08	5.000000e-06	-5.000000e-06	-5.000000e-06	-2.942829e-08	1.472156e-17
6.540484461294824e-09	2.437618e-08	5.000000e-02	1.000000e-01	5.000000e-02	0.000000e+00	-5.747472e-12	-1.218809e-05	0.000000e+00	3.012365e-08	0.000000e+00	2.437618e-08	-5.747472e-09	2.437618e-08	5.000000e-06	-5.000000e-06	-5.000000e-06	-2.437618e-08	1.219418e-17
6.540695787949292e-09	1.970228e-08	5.000000e-02	1.000000e-01	5.000000e-02	0.000000e+00	4.977339e-11	-9.851142e-06	0.000000e+00	-3.007111e-08	0.000000e+00	1.970228e-08	4.977339e-08	1.970228e-08	5.000000e-06	-5.000000e-06	-5.000000e-06	-1.970228e-08	9.856118e-18
6.540926290044715e-09	1.561751e-08	5.000000e-02	1.000000e-01	5.000000e-02	0.000000e+00	-1.439792e-11	-7.808756e-06	0.000000e+00	3.001543e-08	0.000000e+00	1.561751e-08	-1.439792e-08	1.561751e-08	5.000000e-06	-5.000000e-06	-5.000000e-06	-1.561751e-08	7.812646e-18
6.541164848209098e-09	1.227835e-08	5.000000e-02	1.000000e-01	5.000000e-02	0.000000e+00	4.224629e-11	-6.139176e-06	0.000000e+00	-2.996794e-08	0.000000e+00	1.227835e-08	4.224630e-08	1.227835e-08	5.000000e-06	-5.000000e-06	-5.000000e-06	-1.227835e-08	6.142288e-18
6.541426071775572e-09	9.432813e-09	5.000000e-02	1.000000e-01	5.000000e-02	0.000000e+00	-2.048710e-11	-4.716406e-06	0.000000e+00	2.991991e-08	0.000000e+00	9.432813e-09	-2.048710e-08	9.432813e-09	5.000000e-06	-5.000000e-06	-5.000000e-06	-9.432813e-09	4.718744e-18
6.541704327595840e-09	7.121469e-09	5.000000e-02	1.000000e-01	5.000000e-02	0.000000e+00	3.700006e-11	-3.560734e-06	0.000000e+00	-2.987859e-08	0.000000e+00	7.121469e-09	3.700006e-08	7.121469e-09	5.000000e-06	-5.000000e-06	-5.000000e-06	-7.121469e-09	3.562552e-18
6.542012465492795e-09	5.214366e-09	5.000000e-02	1.000000e-01	5.000000e-02	0.000000e+00	-2.462423e-11	-2.607183e-06	0.000000e+00	2.983860e-08	0.000000e+00	5.214366e-09	-2.462423e-08	5.214366e-09	5.000000e-06	-5.000000e-06	-5.000000e-06	-5.214366e-09	2.608462e-18
6.542345944526242e-09	3.719418e-09	5.000000e-02	1.000000e-01	5.000000e-02	0.000000e+00	3.352314e-11	-1.859709e-06	0.000000e+00	-2.980372e-08	0.000000e+00	3.719418e-09	3.352314e-08	3.719418e-09	5.000000e-06	-5.000000e-06	-5.000000e-06	-3.719418e-09	1.860672e-18
6.542719354671697e-09	2.545711e-09	5.000000e-02	1.000000e-01	5.000000e-02	0.000000e+00	-2.722547e-11	-1.272856e-06	0.000000e+00	2.977118e-08	0.000000e+00	2.545711e-09	-2.722547e-08	2.545711e-09	5.000000e-06	-5.000000e-06	-5.000000e-06	-2.545711e-09	1.273465e-18
6.543131908044606e-09	1.672441e-09	5.000000e-02	1.000000e-01	5.000000e-02	0.000000e+00	3.141520e-11	-8.362202e-07	0.000000e+00	-2.974276e-08	0.000000e+00	1.672441e-09	3.141520e-08	1.672441e-09	5.000000e-06	-5.000000e-06	-5.000000e-06	-1.672441e-09	8.366698e-19
6.543602656609672e-09	1.033436e-09	5.000000e-02	1.000000e-01	5.000000e-02	0.000000e+00	-2.868379e-11	-5.167181e-07	0.000000e+00	2.971722e-08	0.000000e+00	1.033436e-09	-2.868379e-08	1.033436e-09	5.000000e-06	-5.000000e-06	-5.000000e-06	-1.033436e-09	5.169478e-19
6.544137496948803e-09	5.960380e-10	5.000000e-02	1.000000e-01	5.000000e-02	0.000000e+00	3.029121e-11	-2.980190e-07	0.000000e+00	-2.969517e-08	0.000000e+00	5.960380e-10	3.029121e-08	5.960380e-10	5.000000e-06	-5.000000e-06	-5.000000e-06	-5.960380e-10	2.981983e-19
6.544766085599006e-09	3.103021e-10	5.000000e-02	1.000000e-01	5.000000e-02	0.000000e+00	-2.936588e-11	-1.551510e-07	0.000000e+00	2.967619e-08	0.000000e+00	3.103021e-10	-2.936589e-08	3.103021e-10	5.000000e-06	-5.000000e-06	-5.000000e-06	-3.103021e-10	1.551992e-19
6.545510262010189e-09	1.414889e-10	5.000000e-02	1.000000e-01	5.000000e-02	0.000000e+00	2.980178e-11	-7.074447e-08	0.000000e+00	-2.966029e-08	0.000000e+00	1.414889e-10	2.980178e-08	1.414889e-10	5.000000e-06	-5.000000e-06	-5.000000e-06	-1.414889e-10	7.080965e-20
6.546428911634067e-09	5.228894e-11	5.000000e-02	1.000000e-01	5.000000e-02	0.000000e+00	-2.959507e-11	-2.614447e-08	0.000000e+00	2.964735e-08	0.000000e+00	5.228894e-11	-2.959507e-08	5.228894e-11	5.000000e-06	-5.000000e-06	-5.000000e-06	-5.228894e-11	2.612795e-20
6.547593158907606e-09	1.365093e-11	5.000000e-02	1.000000e-01	5.000000e-02	0.000000e+00	2.965083e-11	-6.825465e-09	0.000000e+00	-2.963718e-08	0.000000e+00	1.365093e-11	2.965083e-08	1.365093e-11	5.000000e-06	-5.000000e-06	-5.000000e-06	-1.365093e-11	6.858528e-21
6.549166543638797e-09	1.672428e-12	5.000000e-02	1.000000e-01	5.000000e-02	0.000000e+00	-2.962797e-11	-8.362142e-10	0.000000e+00	2.962964e-08	0.000000e+00	1.672428e-12	-2.962797e-08	1.672428e-12	5.000000e-06	-5.000000e-06	-5.000000e-06	-1.672428e-12	8.070044e-22
6.551442755061183e-09	-1.662261e-13	5.000000e-02	1.000000e-01	5.000000e-02	0.000000e+00	2.962427e-11	8.311304e-11	0.000000e+00	-2.962444e-08	0.000000e+00	-1.662261e-13	2.962427e-08	-1.662261e-13	5.000000e-06	-5.000000e-06	-5.000000e-06	1.662261e-13	-5.353032e-23
6.555202474267538e-09	-9.207519e-14	5.000000e-02	1.000000e-01	5.000000e-02	0.000000e+00	-2.962119e-11	-4.603759e-11	0.000000e+00	2.962128e-08	0.000000e+00	9.207519e-14	-2.962119e-08	9.207519e-14	5.000000e-06	-5.000000e-06	-5.000000e-06	-9.207519e-14	1.643942e-23
6.562721912680249e-09	-7.830159e-14	5.000000e-02	1.000000e-01	5.000000e-02	0.000000e+00	2.961963e-11	3.915079e-11	0.000000e+00	-2.961971e-08	0.000000e+00	-7.830159e-14	2.961963e-08	-7.830159e-14	5.000000e-06	-5.000000e-06	-5.000000e-06	7.830159e-14	-9.550739e-24
6.577760789505671e-09	-7.383186e-14	5.000000e-02	1.000000e-01	5.000000e-02	0.000000e+00	-2.961885e-11	-3.691593e-11	0.000000e+00	2.961892e-08	0.000000e+00	7.383186e-14	-2.961885e-08	7.383186e-14	5.000000e-06	-5.000000e-06	-5.000000e-06	-7.383186e-14	7.315539e-24
6.597292039505670e-09	-7.112250e-14	5.000000e-02	1.000000e-01	5.000000e-02	0.000000e+00	2.961824e-11	3.556125e-11	0.000000e+00	-2.961831e-08	0.000000e+00	-7.112250e-14	2.961824e-08	-7.112250e-14	5.000000e-06	-5.000000e-06	-5.000000e-06	7.112250e-14	-5.960785e-24
6.616823289505670e-09	-6.891465e-14	5.000000e-02	1.000000e-01	5.000000e-02	0.000000e+00	-2.961764e-11	-3.445733e-11	0.000000e+00	2.961771e-08	0.000000e+00	6.891465e-14	-2.961764e-08	6.891465e-14	5.000000e-06	-5.000000e-06	-5.000000e-06	-6.891465e-14	4.856916e-24
6.636354539505670e-09	-6.711545e-14	5.000000e-02	1.000000e-01	5.000000e-02	0.000000e+00	2.961703e-11	3.355773e-11	0.000000e+00	-2.961710e-08	0.000000e+00	-6.711545e-14	2.961703e-08	-6.711545e-14	5.000000e-06	-5.000000e-06	-5.000000e-06	6.711545e-14	-3.957471e-24
6.655885789505670e-09	-6.564922e-14	5.000000e-02	1.000000e-01	5.000000e-02	0.000000e+00	-2.961643e-11	-3.282461e-11	0.000000e+00	2.961649e-08	0.000000e+00	6.564922e-14	-2.961643e-08	6.564922e-14	5.000000e-06	-5.000000e-06	-5.000000e-06	-6.564922e-14	3.224592e-24
6.675417039505670e-09	-6.445429e-14	5.000000e-02	1.000000e-01	5.000000e-02	0.000000e+00	2.961582e-11	3.222714e-11	0.000000e+00	-2.961589e-08	0.000000e+00	-6.445429e-14	2.961582e-08	-6.445429e-14	5.000000e-06	-5.000000e-06	-5.000000e-06	6.445429e-14	-2.627435e-24
6.694948289505669e-09	-6.348042e-14	5.000000e-02	1.000000e-01	5.000000e-02	0.000000e+00	-2.961522e-11	-3.174021e-11	0.000000e+00	2.961528e-08	0.000000e+00	6.348042e-14	-2.961522e-08	6.348042e-14	5.000000e-06	-5.000000e-06	-5.000000e-06	-6.348042e-14	2.140864e-24
6.714479539505669e-09	-6.268668e-14	5.000000e-02	1.000000e-01	5.000000e-02	0.000000e+00	2.961461e-11	3.134334e-11	0.000000e+00	-2.961468e-08	0.000000e+00	-6.268668e-14	2.961461e-08	-6.268668e-14	5.000000e-06	-5.000000e-06	-5.000000e-06	6.268668e-14	-1.744400e-24
6.734010789505669e-09	-6.203971e-14	5.000000e-02	1.000000e-01	5.000000e-02	0.000000e+00	-2.961401e-11	-3.101985e-11	0.000000e+00	2.961407e-08	0.000000e+00	6.203971e-14	-2.961401e-08	6.203971e-14	5.000000e-06	-5.000000e-06	-5.000000e-06	-6.203971e-14	1.421357e-24
6.753542039505669e-09	-6.151232e-14	5.000000e-02	1.000000e-01	5.000000e-02	0.000000e+00	2.961340e-11	3.075616e-11	0.000000e+00	-2.961346e-08	0.000000e+00	-6.151232e-14	2.961340e-08	-6.151232e-14	5.000000e-06	-5.000000e-06	-5.000000e-06	6.151232e-14	-1.158138e-24
6.773073289505669e-09	-6.108238e-14	5.000000e-02	1.000000e-01	5.000000e-02	0.000000e+00	-2.961279e-11	-3.054119e-11	0.000000e+00	2.961286e-08	0.000000e+00	6.108238e-14	-2.961279e-08	6.108238e-14	5.000000e-06	-5.000000e-06	-5.000000e-06	-6.108238e-14	9.436637e-25
6.792604539505668e-09	-6.073183e-14	5.000000e-02	1.000000e-01	5.000000e-02	0.000000e+00	2.961219e-11	3.036591e-11	0.000000e+00	-2.961225e-08	0.000000e+00	-6.073183e-14	2.961219e-08	-6.073183e-14	5.000000e-06	-5.000000e-06	-5.000000e-06	6.073183e-14	-7.689078e-25
6.812135789505668e-09	-6.044597e-14	5.000000e-02	1.000000e-01	5.000000e-02	0.000000e+00	-2.961158e-11	-3.022298e-11	0.000000e+00	2.961164e-08	0.000000e+00	6.044597e-14	-2.961158e-08	6.044597e-14	5.000000e-06	-5.000000e-06	-5.000000e-06	-6.044597e-14	6.265147e-25
6.831667039505668e-09	-6.021283e-14	5.000000e-02	1.000000e-01	5.000000e-02	0.000000e+00	2.961098e-11	3.010641e-11	0.000000e+00	-2.961104e-08	0.000000e+00	-6.021283e-14	2.961098e-08	-6.021283e-14	5.000000e-06	-5.000000e-06	-5.000000e-06	6.021283e-14	-5.104911e-25
6.851198289505668e-09	-6.002264e-14	5.000000e-02	1.000000e-01	5.000000e-02	0.000000e+00	-2.961037e-11	-3.001132e-11	0.000000e+00	2.961043e-08	0.000000e+00	6.002264e-14	-2.961037e-08	6.002264e-14	5.000000e-06	-5.000000e-06	-5.000000e-06	-6.002264e-14	4.159537e-25
6.870729539505668e-09	-5.986744e-14	5.000000e-02	1.000000e-01	5.000000e-02	0.000000e+00	2.960976e-11	2.993372e-11	0.000000e+00	-2.960982e-08	0.000000e+00	-5.986744e-14	2.960976e-08	-5.986744e-14	5.000000e-06	-5.000000e-06	-5.000000e-06	5.986744e-14	-3.389236e-25
6.890260789505668e-09	-5.974076e-14	5.000000e-02	1.000000e-01	5.000000e-02	0.000000e+00	-2.960916e-11	-2.987038e-11	0.000000e+00	2.960922e-08	0.000000e+00	5.974076e-14	-2.960916e-08	5.974076e-14	5.000000e-06	-5.000000e-06	-5.000000e-06	-5.974076e-14	2.761586e-25
6.909792039505667e-09	-5.963732e-14	5.000000e-02	1.000000e-01	5.000000e-02	0.000000e+00	2.960855e-11	2.981866e-11	0.000000e+00	-2.960861e-08	0.000000e+00	-5.963732e-14	2.960855e-08	-5.963732e-14	5.000000e-06	-5.000000e-06	-5.000000e-06	5.963732e-14	-2.250169e-25
6.929323289505667e-09	-5.955281e-14	5.000000e-02	1.000000e-01	5.000000e-02	0.000000e+00	-2.960794e-11	-2.977640e-11	0.000000e+00	2.960800e-08	0.000000e+00	5.955281e-14	-2.960794e-08	5.955281e-14	5.000000e-06	-5.000000e-06	-5.000000e-06	-5.955281e-14	1.833461e-25
6.948854539505667e-09	-5.948372e-14	5.000000e-02	1.000000e-01	5.000000e-02	0.000000e+00	2.960734e-11	2.974186e-11	0.000000e+00	-2.960740e-08	0.000000e+00	-5.948372e-14	2.960734e-08	-5.948372e-14	5.000000e-06	-5.000000e-06	-5.000000e-06	5.948372e-14	-1.493922e-25
6.968385789505667e-09	-5.942720e-14	5.000000e-02	1.000000e-01	5.000000e-02	0.000000e+00	-2.960673e-11	-2.971360e-11	0.000000e+00	2.960679e-08	0.000000e+00	5.942720e-14	-2.960673e-08	5.942720e-14	5.000000e-06	-5.000000e-06	-5.000000e-06	-5.942720e-14	1.217262e-25
6.987917039505667e-09	-5.938093e-14	5.000000e-02	1.000000e-01	5.000000e-02	0.000000e+00	2.960613e-11	2.969047e-11	0.000000e+00	-2.960619e-08	0.000000e+00	-5.938093e-14	2.960613e-08	-5.938093e-14	5.000000e-06	-5.000000e-06	-5.000000e-06	5.938093e-14	-9.918367e-26
7.000000000000000e-09	-5.928591e-14	5.000000e-02	1.000000e-01	5.000000e-02	0.000000e+00	-2.960514e-11	-2.966141e-11	0.000000e+00	2.960521e-08	0.000000e+00	5.928591e-14	-2.960515e-08	5.928591e-14	5.000000e-06	-5.000000e-06	-5.000000e-06	-5.928591e-14	7.109530e-26
7.000331541028046e-09	2.651186e-05	5.000000e-02	1.000000e-01	5.000000e-02	1.326164e-02	2.652544e-08	5.712541e-06	0.000000e+00	-1.358604e-08	0.000000e+00	2.651186e-05	2.652544e-05	2.651186e-05	5.000000e-06	-5.000000e-06	-5.000000e-06	-2.651186e-05	9.419491e-19
7.000607818282370e-09	4.860704e-05	5.000000e-02	1.000000e-01	5.000000e-02	2.431273e-02	4.857749e-08	9.209612e-06	0.000000e+00	2.954975e-08	0.000000e+00	4.860704e-05	4.857749e-05	4.860704e-05	5.000000e-06	-5.000000e-06	-5.000000e-06	-4.860704e-05	2.990727e-18
7.000772244195749e-09	6.175779e-05	5.000000e-02	1.000000e-01	5.000000e-02	3.088977e-02	6.177130e-08	1.087117e-05	0.000000e+00	-1.350143e-08	0.000000e+00	6.175779e-05	6.177129e-05	6.175779e-05	5.000000e-06	-5.000000e-06	-5.000000e-06	-6.175779e-05	4.630049e-18
7.000990776515009e-09	7.923671e-05	5.000000e-02	1.000000e-01	5.000000e-02	3.963106e-02	7.920725e-08	1.270304e-05	0.000000e+00	2.945876e-08	0.000000e+00	7.923671e-05	7.920725e-05	7.923671e-05	5.000000e-06	-5.000000e-06	-5.000000e-06	-7.923671e-05	7.185345e-18
7.001227060243495e-09	9.813625e-05	5.000000e-02	1.000000e-01	5.000000e-02	4.908241e-02	9.814967e-08	1.428740e-05	0.000000e+00	-1.342514e-08	0.000000e+00	9.813625e-05	9.814967e-05	9.813625e-05	5.000000e-06	-5.000000e-06	-5.000000e-06	-9.813625e-05	1.034481e-17
7.001505942377163e-09	1.204439e-04	5.000000e-02	1.000000e-01	5.000000e-02	6.023769e-02	1.204145e-07	1.574338e-05	0.000000e+00	2.939235e-08	0.000000e+00	1.204439e-04	1.204145e-04	1.204439e-04	5.000000e-06	-5.000000e-06	-5.000000e-06	-1.204439e-04	1.448801e-17
7.001785484684925e-09	1.428051e-04	5.000000e-02	1.000000e-01	5.000000e-02	7.141939e-02	1.428184e-07	1.685524e-05	0.000000e+00	-1.336335e-08	0.000000e+00	1.428051e-04	1.428184e-04	1.428051e-04	5.000000e-06	-5.000000e-06	-5.000000e-06	-1.428051e-04	1.898884e-17
7.002108414473010e-09	1.686375e-04	5.000000e-02	1.000000e-01	5.000000e-02	8.433658e-02	1.686082e-07	1.781887e-05	0.000000e+00	2.933571e-08	0.000000e+00	1.686375e-04	1.686082e-04	1.686375e-04	5.000000e-06	-5.000000e-06	-5.000000e-06	-1.686375e-04	2.450912e-17
7.002444756888890e-09	1.955434e-04	5.000000e-02	1.000000e-01	5.000000e-02	9.779028e-02	1.955568e-07	1.855374e-05	0.000000e+00	-1.331123e-08	0.000000e+00	1.955434e-04	1.955568e-04	1.955434e-04	5.000000e-06	-5.000000e-06	-5.000000e-06	-1.955434e-04	3.052768e-17
7.002836711454757e-09	2.268986e-04	5.000000e-02	1.000000e-01	5.000000e-02	1.134685e-01	2.268693e-07	1.916764e-05	0.000000e+00	2.928886e-08	0.000000e+00	2.268986e-04	2.268693e-04	2.268986e-04	5.000000e-06	-5.000000e-06	-5.000000e-06	-2.268986e-04	3.778388e-17
7.003257439363087e-09	2.605559e-04	5.000000e-02	1.000000e-01	5.000000e-02	1.302976e-01	2.605692e-07	1.962743e-05	0.000000e+00	-1.326907e-08	0.000000e+00	2.605559e-04	2.605692e-04	2.605559e-04	5.000000e-06	-5.000000e-06	-5.000000e-06	-2.605559e-04	4.577211e-17
7.003753415354824e-09	3.002332e-04	5.000000e-02	1.000000e-01	5.000000e-02	1.501366e-01	3.002040e-07	1.999892e-05	0.000000e+00	2.925162e-08	0.000000e+00	3.002332e-04	3.002040e-04	3.002332e-04	5.000000e-06	-5.000000e-06	-5.000000e-06	-3.002332e-04	5.535959e-17
7.004305176314603e-09	3.443735e-04	5.000000e-02	1.000000e-01	5.000000e-02	1.722071e-01	3.443868e-07	2.027839e-05	0.000000e+00	-1.323642e-08	0.000000e+00	3.443735e-04	3.443868e-04	3.443735e-04	5.000000e-06	-5.000000e-06	-5.000000e-06	-3.443735e-04	6.615939e-17
7.004972739039229e-09	3.977781e-04	5.000000e-02	1.000000e-01	5.000000e-02	1.989096e-01	3.977489e-07	2.051034e-05	0.000000e+00	2.922356e-08	0.000000e+00	3.977781e-04	3.977489e-04	3.977781e-04	5.000000e-06	-5.000000e-06	-5.000000e-06	-3.977781e-04	7.933194e-17
7.005752808353225e-09	4.601832e-04	5.000000e-02	1.000000e-01	5.000000e-02	2.301123e-01	4.601965e-07	2.070497e-05	0.000000e+00	-1.321278e-08	0.000000e+00	4.601832e-04	4.601965e-04	4.601832e-04	5.000000e-06	-5.000000e-06	-5.000000e-06	-4.601832e-04	9.480104e-17
7.006743918856926e-09	5.394717e-04	5.000000e-02	1.000000e-01	5.000000e-02	2.697568e-01	5.394425e-07	2.089936e-05	0.000000e+00	2.920415e-08	0.000000e+00	5.394717e-04	5.394425e-04	5.394717e-04	5.000000e-06	-5.000000e-06	-5.000000e-06	-5.394717e-04	1.145080e-16
7.007996030726803e-09	6.396402e-04	5.000000e-02	1.000000e-01	5.000000e-02	3.198412e-01	6.396534e-07	2.111345e-05	0.000000e+00	-1.319744e-08	0.000000e+00	6.396402e-04	6.396534e-04	6.396402e-04	5.000000e-06	-5.000000e-06	-5.000000e-06	-6.396402e-04	1.394363e-16
7.009749393521190e-09	7.799087e-04	5.000000e-02	1.000000e-01	5.000000e-02	3.899757e-01	7.798795e-07	2.139729e-05	0.000000e+00	2.919254e-08	0.000000e+00	7.799087e-04	7.798795e-04	7.799087e-04	5.000000e-06	-5.000000e-06	-5.000000e-06	-7.799087e-04	1.743598e-16
7.012325701079497e-09	9.860125e-04	5.000000e-02	1.000000e-01	5.000000e-02	4.930280e-01	9.860256e-07	2.180902e-05	0.000000e+00	-1.318932e-08	0.000000e+00	9.860125e-04	9.860257e-04	9.860125e-04	5.000000e-06	-5.000000e-06	-5.000000e-06	-9.860125e-04	2.256801e-16
7.016867288112838e-09	1.349338e-03	5.000000e-02	1.000000e-01	5.000000e-02	6.746915e-01	1.349309e-06	2.253413e-05	0.000000e+00	2.918738e-08	0.000000e+00	1.349338e-03	1.349309e-03	1.349338e-03	5.000000e-06	-5.000000e-06	-5.000000e-06	-1.349338e-03	3.161497e-16
7.020000000000001e-09	1.599954e-03	5.000000e-02	1.000000e-01	5.000000e-02	8.000000e-01	1.599967e-06	2.303442e-05	0.000000e+00	-1.318474e-08	0.000000e+00	1.599954e-03	1.599967e-03	1.599954e-03	5.000000e-06	-5.000000e-06	-5.000000e-06	-1.599954e-03	3.785540e-16
7.020182223921532e-09	1.599961e-03	5.000000e-02	1.000000e-01	5.000000e-02	8.000000e-01	1.599947e-06	1.971021e-05	0.000000e+00	1.316312e-08	0.000000e+00	1.599961e-03	1.599947e-03	1.599961e-03	5.000000e-06	-5.000000e-06	-5.000000e-06	-1.599961e-03	3.818799e-16
7.020365180863671e-09	1.599966e-03	5.000000e-02	1.000000e-01	5.000000e-02	8.000000e-01	1.599979e-06	1.693280e-05	0.000000e+00	-1.312831e-08	0.000000e+00	1.599966e-03	1.599979e-03	1.599966e-03	5.000000e-06	-5.000000e-06	-5.000000e-06	-1.599966e-03	3.846587e-16
7.020559987447505e-09	1.599971e-03	5.000000e-02	1.000000e-01	5.000000e-02	8.000000e-01	1.599958e-06	1.448607e-05	0.000000e+00	1.310640e-08	0.000000e+00	1.599971e-03	1.599958e-03	1.599971e-03	5.000000e-06	-5.000000e-06	-5.000000e-06	-1.599971e-03	3.871067e-16
7.020778456481784e-09	1.599976e-03	5.000000e-02	1.000000e-01	5.000000e-02	8.000000e-01	1.599989e-06	1.225497e-05	0.000000e+00	-1.307834e-08	0.000000e+00	1.599976e-03	1.599989e-03	1.599976e-03	5.000000e-06	-5.000000e-06	-5.000000e-06	-1.599976e-03	3.893389e-16
7.021006442652676e-09	1.599979e-03	5.000000e-02	1.000000e-01	5.000000e-02	8.000000e-01	1.599966e-06	1.039466e-05	0.000000e+00	1.305868e-08	0.000000e+00	1.599979e-03	1.599966e-03	1.599979e-03	5.000000e-06	-5.000000e-06	-5.000000e-06	-1.599979e-03	3.912001e-16
7.021256261928228e-09	1.599982e-03	5.000000e-02	1.000000e-01	5.000000e-02	8.000000e-01	1.599995e-06	8.790503e-06	0.000000e+00	-1.303522e-08	0.000000e+00	1.599982e-03	1.599995e-03	1.599982e-03	5.000000e-06	-5.000000e-06	-5.000000e-06	-1.599982e-03	3.928051e-16
7.021520153341024e-09	1.599985e-03	5.000000e-02	1.000000e-01	5.000000e-02	8.000000e-01	1.599972e-06	7.481639e-06	0.000000e+00	1.301746e-08	0.000000e+00	1.599985e-03	1.599972e-03	1.599985e-03	5.000000e-06	-5.000000e-06	-5.000000e-06	-1.599985e-03	3.941146e-16
7.021811754765077e-09	1.599987e-03	5.000000e-02	1.000000e-01	5.000000e-02	8.000000e-01	1.600000e-06	6.387045e-06	0.000000e+00	-1.299811e-08	0.000000e+00	1.599987e-03	1.600000e-03	1.599987e-03	5.000000e-06	-5.000000e-06	-5.000000e-06	-1.599987e-03	3.952098e-16
7.022125204515767e-09	1.599989e-03	5.000000e-02	1.000000e-01	5.000000e-02	8.000000e-01	1.599976e-06	5.519048e-06	0.000000e+00	1.298265e-08	0.000000e+00	1.599989e-03	1.599976e-03	1.599989e-03	5.000000e-06	-5.000000e-06	-5.000000e-06	-1.599989e-03	3.960782e-16
7.022475023553177e-09	1.599990e-03	5.000000e-02	1.000000e-01	5.000000e-02	8.000000e-01	1.600003e-06	4.824630e-06	0.000000e+00	-1.296702e-08	0.000000e+00	1.599990e-03	1.600003e-03	1.599990e-03	5.000000e-06	-5.000000e-06	-5.000000e-06	-1.599990e-03	3.967730e-16
7.022858363981749e-09	1.599991e-03	5.000000e-02	1.000000e-01	5.000000e-02	8.000000e-01	1.599978e-06	4.298397e-06	0.000000e+00	1.295404e-08	0.000000e+00	1.599991e-03	1.599978e-03	1.599991e-03	5.000000e-06	-5.000000e-06	-5.000000e-06	-1.599991e-03	3.972994e-16
7.023293079316514e-09	1.599992e-03	5.000000e-02	1.000000e-01	5.000000e-02	8.000000e-01	1.600005e-06	3.902769e-06	0.000000e+00	-1.294176e-08	0.000000e+00	1.599992e-03	1.600005e-03	1.599992e-03	5.000000e-06	-5.000000e-06	-5.000000e-06	-1.599992e-03	3.976953e-16
7.023781672167608e-09	1.599993e-03	5.000000e-02	1.000000e-01	5.000000e-02	8.000000e-01	1.599980e-06	3.623504e-06	0.000000e+00	1.293140e-08	0.000000e+00	1.599993e-03	1.599980e-03	1.599993e-03	5.000000e-06	-5.000000e-06	-5.000000e-06	-1.599993e-03	3.979747e-16
7.024349927025404e-09	1.599993e-03	5.000000e-02	1.000000e-01	5.000000e-02	8.000000e-01	1.600006e-06	3.432770e-06	0.000000e+00	-1.292217e-08	0.000000e+00	1.599993e-03	1.600006e-03	1.599993e-03	5.000000e-06	-5.000000e-06	-5.000000e-06	-1.599993e-03	3.981655e-16
7.025012055596348e-09	1.599993e-03	5.000000e-02	1.000000e-01	5.000000e-02	8.000000e-01	1.599980e-06	3.313471e-06	0.000000e+00	1.291443e-08	0.000000e+00	1.599993e-03	1.599980e-03	1.599993e-03	5.000000e-06	-5.000000e-06	-5.000000e-06	-1.599993e-03	3.982848e-16
7.025814534814668e-09	1.599994e-03	5.000000e-02	1.000000e-01	5.000000e-02	8.000000e-01	1.600006e-06	3.244676e-06	0.000000e+00	-1.290796e-08	0.000000e+00	1.599994e-03	1.600006e-03	1.599994e-03	5.000000e-06	-5.000000e-06	-5.000000e-06	-1.599994e-03	3.983537e-16
7.026804590169568e-09	1.599994e-03	5.000000e-02	1.000000e-01	5.000000e-02	8.000000e-01	1.599981e-06	3.210764e-06	0.000000e+00	1.290276e-08	0.000000e+00	1.599994e-03	1.599981e-03	1.599994e-03	5.000000e-06	-5.000000e-06	-5.000000e-06	-1.599994e-03	3.983876e-16
7.028095500679847e-09	1.599994e-03	5.000000e-02	1.000000e-01	5.000000e-02	8.000000e-01	1.600006e-06	3.197295e-06	0.000000e+00	-1.289876e-08	0.000000e+00	1.599994e-03	1.600006e-03	1.599994e-03	5.000000e-06	-5.000000e-06	-5.000000e-06	-1.599994e-03	3.984011e-16
7.029863692600904e-09	1.599994e-03	5.000000e-02	1.000000e-01	5.000000e-02	8.000000e-01	1.599981e-06	3.193819e-06	0.000000e+00	1.289585e-08	0.000000e+00	1.599994e-03	1.599981e-03	1.599994e-03	5.000000e-06	-5.000000e-06	-5.000000e-06	-1.599994e-03	3.984046e-16
7.032544568630642e-09	1.599994e-03	5.000000e-02	1.000000e-01	5.000000e-02	8.000000e-01	1.600006e-06	3.193593e-06	0.000000e+00	-1.289392e-08	0.000000e+00	1.599994e-03	1.600006e-03	1.599994e-03	5.000000e-06	-5.000000e-06	-5.000000e-06	-1.599994e-03	3.984048e-16
7.037207892114187e-09	1.599994e-03	5.000000e-02	1.000000e-01	5.000000e-02	8.000000e-01	1.599981e-06	3.193613e-06	0.000000e+00	1.289282e-08	0.000000e+00	1.599994e-03	1.599981e-03	1.599994e-03	5.000000e-06	-5.000000e-06	-5.000000e-06	-1.599994e-03	3.984048e-16
7.046534539081277e-09	1.599994e-03	5.000000e-02	1.000000e-01	5.000000e-02	8.000000e-01	1.600006e-06	3.193617e-06	0.000000e+00	-1.289226e-08	0.000000e+00	1.599994e-03	1.600006e-03	1.599994e-03	5.000000e-06	-5.000000e-06	-5.000000e-06	-1.599994e-03	3.984048e-16
7.065187833015456e-09	1.599994e-03	5.000000e-02	1.000000e-01	5.000000e-02	8.000000e-01	1.599981e-06	3.193607e-06	0.000000e+00	1.289199e-08	0.000000e+00	1.599994e-03	1.599981e-03	1.599994e-03	5.000000e-06	-5.000000e-06	-5.000000e-06	-1.599994e-03	3.984048e-16
7.084719083015456e-09	1.599994e-03	5.000000e-02	1.000000e-01	5.000000e-02	8.000000e-01	1.600006e-06	3.193620e-06	0.000000e+00	-1.289172e-08	0.000000e+00	1.599994e-03	1.600006e-03	1.599994e-03	5.000000e-06	-5.000000e-06	-5.000000e-06	-1.599994e-03	3.984048e-16
7.104250333015456e-09	1.599994e-03	5.000000e-02	1.000000e-01	5.000000e-02	8.000000e-01	1.599981e-06	3.193604e-06	0.000000e+00	1.289146e-08	0.000000e+00	1.599994e-03	1.599981e-03	1.599994e-03	5.000000e-06	-5.000000e-06	-5.000000e-06	-1.599994e-03	3.984048e-16
7.123781583015455e-09	1.599994e-03	5.000000e-02	1.000000e-01	5.000000e-02	8.000000e-01	1.600006e-06	3.193622e-06	0.000000e+00	-1.289119e-08	0.000000e+00	1.599994e-03	1.600006e-03	1.599994e-03	5.000000e-06	-5.000000e-06	-5.000000e-06	-1.599994e-03	3.984048e-16
7.143312833015455e-09	1.599994e-03	5.000000e-02	1.000000e-01	5.000000e-02	8.000000e-01	1.599981e-06	3.193603e-06	0.000000e+00	1.289093e-08	0.000000e+00	1.599994e-03	1.599981e-03	1.599994e-03	5.000000e-06	-5.000000e-06	-5.000000e-06	-1.599994e-03	3.984048e-16
7.162844083015455e-09	1.599994e-03	5.000000e-02	1.000000e-01	5.000000e-02	8.000000e-01	1.600006e-06	3.193623e-06	0.000000e+00	-1.289067e-08	0.000000e+00	1.599994e-03	1.600006e-03	1.599994e-03	5.000000e-06	-5.000000e-06	-5.000000e-06	-1.599994e-03	3.984048e-16
7.182375333015455e-09	1.599994e-03	5.000000e-02	1.000000e-01	5.000000e-02	8.000000e-01	1.599981e-06	3.193602e-06	0.000000e+00	1.289040e-08	0.000000e+00	1.599994e-03	1.599981e-03	1.599994e-03	5.000000e-06	-5.000000e-06	-5.000000e-06	-1.599994e-03	3.984048e-16
7.201906583015455e-09	1.599994e-03	5.000000e-02	1.000000e-01	5.000000e-02	8.000000e-01	1.600006e-06	3.193624e-06	0.000000e+00	-1.289014e-08	0.000000e+00	1.599994e-03	1.600006e-03	1.599994e-03	5.000000e-06	-5.000000e-06	-5.000000e-06	-1.599994e-03	3.984048e-16
7.221437833015455e-09	1.599994e-03	5.000000e-02	1.000000e-01	5.000000e-02	8.000000e-01	1.599981e-06	3.193601e-06	0.000000e+00	1.288987e-08	0.000000e+00	1.599994e-03	1.599981e-03	1.599994e-03	5.000000e-06	-5.000000e-06	-5.000000e-06	-1.599994e-03	3.984048e-16
7.240969083015454e-09	1.599994e-03	5.000000e-02	1.000000e-01	5.000000e-02	8.000000e-01	1.600006e-06	3.193624e-06	0.000000e+00	-1.288961e-08	0.000000e+00	1.599994e-03	1.600006e-03	1.599994e-03	5.000000e-06	-5.000000e-06	-5.000000e-06	-1.599994e-03	3.984048e-16
7.260500333015454e-09	1.599994e-03	5.000000e-02	1.000000e-01	5.000000e-02	8.000000e-01	1.599981e-06	3.193601e-06	0.000000e+00	1.288935e-08	0.000000e+00	1.599994e-03	1.599981e-03	1.599994e-03	5.000000e-06	-5.000000e-06	-5.000000e-06	-1.599994e-03	3.984048e-16
7.280031583015454e-09	1.599994e-03	5.000000e-02	1.000000e-01	5.000000e-02	8.000000e-01	1.600006e-06	3.193625e-06	0.000000e+00	-1.288908e-08	0.000000e+00	1.599994e-03	1.600006e-03	1.599994e-03	5.000000e-06	-5.000000e-06	-5.000000e-06	-1.599994e-03	3.984048e-16
7.299562833015454e-09	1.599994e-03	5.000000e-02	1.000000e-01	5.000000e-02	8.000000e-01	1.599981e-06	3.193600e-06	0.000000e+00	1.288882e-08	0.000000e+00	1.599994e-03	1.599981e-03	1.599994e-03	5.000000e-06	-5.000000e-06	-5.000000e-06	-1.599994e-03	3.984048e-16
7.319094083015454e-09	1.599994e-03	5.000000e-02	1.000000e-01	5.000000e-02	8.000000e-01	1.600006e-06	3.193625e-06	0.000000e+00	-1.288855e-08	0.000000e+00	1.599994e-03	1.600006e-03	1.599994e-03	5.000000e-06	-5.000000e-06	-5.000000e-06	-1.599994e-03	3.984048e-16
7.338625333015453e-09	1.599994e-03	5.000000e-02	1.000000e-01	5.000000e-02	8.000000e-01	1.599981e-06	3.193600e-06	0.000000e+00	1.288829e-08	0.000000e+00	1.599994e-03	1.599981e-03	1.599994e-03	5.000000e-06	-5.000000e-06	-5.000000e-06	-1.599994e-03	3.984048e-16
7.358156583015453e-09	1.599994e-03	5.000000e-02	1.000000e-01	5.000000e-02	8.000000e-01	1.600006e-06	3.193625e-06	0.000000e+00	-1.288803e-08	0.000000e+00	1.599994e-03	1.600006e-03	1.599994e-03	5.000000e-06	-5.000000e-06	-5.000000e-06	-1.599994e-03	3.984048e-16
7.377687833015453e-09	1.599994e-03	5.000000e-02	1.000000e-01	5.000000e-02	8.000000e-01	1.599981e-06	3.193600e-06	0.000000e+00	1.288776e-08	0.000000e+00	1.599994e-03	1.599981e-03	1.599994e-03	5.000000e-06	-5.000000e-06	-5.000000e-06	-1.599994e-03	3.984048e-16
7.397219083015453e-09	1.599994e-03	5.000000e-02	1.000000e-01	5.000000e-02	8.000000e-01	1.600006e-06	3.193625e-06	0.000000e+00	-1.288750e-08	0.000000e+00	1.599994e-03	1.600006e-03	1.599994e-03	5.000000e-06	-5.000000e-06	-5.000000e-06	-1.599994e-03	3.984048e-16
7.416750333015453e-09	1.599994e-03	5.000000e-02	1.000000e-01	5.000000e-02	8.000000e-01	1.599981e-06	3.193600e-06	0.000000e+00	1.288723e-08	0.000000e+00	1.599994e-03	1.599981e-03	1.599994e-03	5.000000e-06	-5.000000e-06	-5.000000e-06	-1.599994e-03	3.984048e-16
7.436281583015452e-09	1.599994e-03	5.000000e-02	1.000000e-01	5.000000e-02	8.000000e-01	1.600006e-06	3.193625e-06	0.000000e+00	-1.288697e-08	0.000000e+00	1.599994e-03	1.600006e-03	1.599994e-03	5.000000e-06	-5.000000e-06	-5.000000e-06	-1.599994e-03	3.984048e-16
7.455812833015452e-09	1.599994e-03	5.000000e-02	1.000000e-01	5.000000e-02	8.000000e-01	1.599981e-06	3.193600e-06	0.000000e+00	1.288671e-08	0.000000e+00	1.599994e-03	1.599981e-03	1.599994e-03	5.000000e-06	-5.000000e-06	-5.000000e-06	-1.599994e-03	3.984048e-16
7.475344083015452e-09	1.599994e-03	5.000000e-02	1.000000e-01	5.000000e-02	8.000000e-01	1.600006e-06	3.193626e-06	0.000000e+00	-1.288644e-08	0.000000e+00	1.599994e-03	1.600006e-03	1.599994e-03	5.000000e-06	-5.000000e-06	-5.000000e-06	-1.599994e-03	3.984048e-16
7.494875333015452e-09	1.599994e-03	5.000000e-02	1.000000e-01	5.000000e-02	8.000000e-01	1.599981e-06	3.193600e-06	0.000000e+00	1.288618e-08	0.000000e+00	1.599994e-03	1.599981e-03	1.599994e-03	5.000000e-06	-5.000000e-06	-5.000000e-06	-1.599994e-03	3.984048e-16
7.514406583015452e-09	1.599994e-03	5.000000e-02	1.000000e-01	5.000000e-02	8.000000e-01	1.600006e-06	3.193626e-06	0.000000e+00	-1.288592e-08	0.000000e+00	1.599994e-03	1.600006e-03	1.599994e-03	5.000000e-06	-5.000000e-06	-5.000000e-06	-1.599994e-03	3.984048e-16
7.520000000000001e-09	1.599994e-03	5.000000e-02	1.000000e-01	5.000000e-02	8.000000e-01	1.599981e-06	3.193600e-06	0.000000e+00	1.288499e-08	0.000000e+00	1.599994e-03	1.599981e-03	1.599994e-03	5.000000e-06	-5.000000e-06	-5.000000e-06	-1.599994e-03	3.984048e-16
7.520276173641131e-09	1.577909e-03	5.000000e-02	1.000000e-01	5.000000e-02	7.889531e-01	1.577938e-06	-1.679923e-06	0.000000e+00	-2.884771e-08	0.000000e+00	1.577909e-03	1.577938e-03	1.577909e-03	5.000000e-06	-5.000000e-06	-5.000000e-06	-1.577909e-03	3.977352e-16
7.520483998722134e-09	1.561289e-03	5.000000e-02	1.000000e-01	5.000000e-02	7.806401e-01	1.561276e-06	-4.548175e-06	0.000000e+00	1.281314e-08	0.000000e+00	1.561289e-03	1.561276e-03	1.561289e-03	5.000000e-06	-5.000000e-06	-5.000000e-06	-1.561289e-03	3.964317e-16
7.520659681897358e-09	1.547239e-03	5.000000e-02	1.000000e-01	5.000000e-02	7.736127e-01	1.547267e-06	-6.548950e-06	0.000000e+00	-2.876126e-08	0.000000e+00	1.547239e-03	1.547267e-03	1.547239e-03	5.000000e-06	-5.000000e-06	-5.000000e-06	-1.547239e-03	3.949058e-16
7.520892939386071e-09	1.528582e-03	5.000000e-02	1.000000e-01	5.000000e-02	7.642824e-01	1.528570e-06	-8.724380e-06	0.000000e+00	1.272941e-08	0.000000e+00	1.528582e-03	1.528570e-03	1.528582e-03	5.000000e-06	-5.000000e-06	-5.000000e-06	-1.528582e-03	3.923985e-16
7.521118539862459e-09	1.510538e-03	5.000000e-02	1.000000e-01	5.000000e-02	7.552584e-01	1.510566e-06	-1.040062e-05	0.000000e+00	-2.868972e-08	0.000000e+00	1.510538e-03	1.510566e-03	1.510538e-03	5.000000e-06	-5.000000e-06	-5.000000e-06	-1.510538e-03	3.895456e-16
7.521390490688786e-09	1.488785e-03	5.000000e-02	1.000000e-01	5.000000e-02	7.443804e-01	1.488772e-06	-1.198699e-05	0.000000e+00	1.266164e-08	0.000000e+00	1.488785e-03	1.488772e-03	1.488785e-03	5.000000e-06	-5.000000e-06	-5.000000e-06	-1.488785e-03	3.856719e-16
7.521654969677546e-09	1.467629e-03	5.000000e-02	1.000000e-01	5.000000e-02	7.338012e-01	1.467657e-06	-1.317315e-05	0.000000e+00	-2.862863e-08	0.000000e+00	1.467629e-03	1.467657e-03	1.467629e-03	5.000000e-06	-5.000000e-06	-5.000000e-06	-1.467629e-03	3.815480e-16
7.521969899401387e-09	1.442436e-03	5.000000e-02	1.000000e-01	5.000000e-02	7.212040e-01	1.442424e-06	-1.424368e-05	0.000000e+00	1.260380e-08	0.000000e+00	1.442436e-03	1.442424e-03	1.442436e-03	5.000000e-06	-5.000000e-06	-5.000000e-06	-1.442436e-03	3.762952e-16
7.522288447068741e-09	1.416954e-03	5.000000e-02	1.000000e-01	5.000000e-02	7.084621e-01	1.416983e-06	-1.504364e-05	0.000000e+00	-2.857694e-08	0.000000e+00	1.416954e-03	1.416983e-03	1.416954e-03	5.000000e-06	-5.000000e-06	-5.000000e-06	-1.416954e-03	3.706992e-16
7.522666671716364e-09	1.386698e-03	5.000000e-02	1.000000e-01	5.000000e-02	6.933331e-01	1.386685e-06	-1.573218e-05	0.000000e+00	1.255592e-08	0.000000e+00	1.386698e-03	1.386685e-03	1.386698e-03	5.000000e-06	-5.000000e-06	-5.000000e-06	-1.386698e-03	3.637933e-16
7.523062437502920e-09	1.355037e-03	5.000000e-02	1.000000e-01	5.000000e-02	6.775025e-01	1.355066e-06	-1.623962e-05	0.000000e+00	-2.853464e-08	0.000000e+00	1.355037e-03	1.355066e-03	1.355037e-03	5.000000e-06	-5.000000e-06	-5.000000e-06	-1.355037e-03	3.563541e-16
7.523534976201100e-09	1.317235e-03	5.000000e-02	1.000000e-01	5.000000e-02	6.586009e-01	1.317223e-06	-1.665878e-05	0.000000e+00	1.251762e-08	0.000000e+00	1.317235e-03	1.317223e-03	1.317235e-03	5.000000e-06	-5.000000e-06	-5.000000e-06	-1.317235e-03	3.472848e-16
7.524048581252485e-09	1.276147e-03	5.000000e-02	1.000000e-01	5.000000e-02	6.380568e-01	1.276176e-06	-1.696732e-05	0.000000e+00	-2.850141e-08	0.000000e+00	1.276147e-03	1.276176e-03	1.276147e-03	5.000000e-06	-5.000000e-06	-5.000000e-06	-1.276147e-03	3.372804e-16
7.524673669815400e-09	1.226141e-03	5.000000e-02	1.000000e-01	5.000000e-02	6.130532e-01	1.226128e-06	-1.722299e-05	0.000000e+00	1.248846e-08	0.000000e+00	1.226141e-03	1.226128e-03	1.226141e-03	5.000000e-06	-5.000000e-06	-5.000000e-06	-1.226141e-03	3.249843e-16
7.525386644910859e-09	1.169103e-03	5.000000e-02	1.000000e-01	5.000000e-02	5.845342e-01	1.169132e-06	-1.742665e-05	0.000000e+00	-2.847685e-08	0.000000e+00	1.169103e-03	1.169132e-03	1.169103e-03	5.000000e-06	-5.000000e-06	-5.000000e-06	-1.169103e-03	3.108716e-16
7.526289800785840e-09	1.096851e-03	5.000000e-02	1.000000e-01	5.000000e-02	5.484080e-01	1.096839e-06	-1.762121e-05	0.000000e+00	1.246787e-08	0.000000e+00	1.096851e-03	1.096839e-03	1.096851e-03	5.000000e-06	-5.000000e-06	-5.000000e-06	-1.096851e-03	2.929308e-16
7.527396419035792e-09	1.008322e-03	5.000000e-02	1.000000e-01	5.000000e-02	5.041432e-01	1.008351e-06	-1.781954e-05	0.000000e+00	-2.846040e-08	0.000000e+00	1.008322e-03	1.008351e-03	1.008322e-03	5.000000e-06	-5.000000e-06	-5.000000e-06	-1.008322e-03	2.709084e-16
7.528916525922890e-09	8.867141e-04	5.000000e-02	1.000000e-01	5.000000e-02	4.433390e-01	8.867016e-07	-1.806982e-05	0.000000e+00	1.245508e-08	0.000000e+00	8.867141e-04	8.867016e-04	8.867141e-04	5.000000e-06	-5.000000e-06	-5.000000e-06	-8.867141e-04	2.406350e-16
7.531036511948055e-09	7.171159e-04	5.000000e-02	1.000000e-01	5.000000e-02	3.585395e-01	7.171443e-07	-1.840951e-05	0.000000e+00	-2.845116e-08	0.000000e+00	7.171159e-04	7.171443e-04	7.171159e-04	5.000000e-06	-5.000000e-06	-5.000000e-06	-7.171159e-04	1.984056e-16
7.534541126456174e-09	4.367478e-04	5.000000e-02	1.000000e-01	5.000000e-02	2.183549e-01	4.367354e-07	-1.896912e-05	0.000000e+00	1.244889e-08	0.000000e+00	4.367478e-04	4.367354e-04	4.367478e-04	5.000000e-06	-5.000000e-06	-5.000000e-06	-4.367478e-04	1.285928e-16
7.540000000000000e-09	3.968155e-08	5.000000e-02	1.000000e-01	5.000000e-02	2.742251e-14	6.812887e-11	-1.984077e-05	0.000000e+00	-2.844733e-08	0.000000e+00	3.968155e-08	6.812887e-08	3.968155e-08	5.000000e-06	-5.000000e-06	-5.000000e-06	-3.968155e-08	1.985076e-17
7.540206127362582e-09	-3.224291e-08	5.000000e-02	1.000000e-01	5.000000e-02	0.000000e+00	3.857946e-12	-1.612146e-05	0.000000e+00	2.838497e-08	0.000000e+00	3.224291e-08	3.857946e-09	3.224291e-08	5.000000e-06	-5.000000e-06	-5.000000e-06	-3.224291e-08	1.612952e-17
7.540428168974736e-09	2.577865e-08	5.000000e-02	1.000000e-01	5.000000e-02	0.000000e+00	5.411835e-11	-1.288933e-05	0.000000e+00	-2.833970e-08	0.000000e+00	2.577865e-08	5.411835e-08	2.577865e-08	5.000000e-06	-5.000000e-06	-5.000000e-06	-2.577865e-08	1.289582e-17
7.540612960368280e-09	2.140403e-08	5.000000e-02	1.000000e-01	5.000000e-02	0.000000e+00	-6.869660e-12	-1.070201e-05	0.000000e+00	2.827369e-08	0.000000e+00	2.140403e-08	-6.869660e-09	2.140403e-08	5.000000e-06	-5.000000e-06	-5.000000e-06	-2.140403e-08	1.070736e-17
7.540846233907923e-09	1.691846e-08	5.000000e-02	1.000000e-01	5.000000e-02	0.000000e+00	4.514755e-11	-8.459229e-06	0.000000e+00	-2.822909e-08	0.000000e+00	1.691846e-08	4.514755e-08	1.691846e-08	5.000000e-06	-5.000000e-06	-5.000000e-06	-1.691846e-08	8.463504e-18
7.541065672313117e-09	1.356252e-08	5.000000e-02	1.000000e-01	5.000000e-02	0.000000e+00	-1.461211e-11	-6.781259e-06	0.000000e+00	2.817463e-08	0.000000e+00	1.356252e-08	-1.461211e-08	1.356252e-08	5.000000e-06	-5.000000e-06	-5.000000e-06	-1.356252e-08	6.784635e-18
7.541333513200982e-09	1.034896e-08	5.000000e-02	1.000000e-01	5.000000e-02	0.000000e+00	3.848394e-11	-5.174480e-06	0.000000e+00	-2.813498e-08	0.000000e+00	1.034896e-08	3.848394e-08	1.034896e-08	5.000000e-06	-5.000000e-06	-5.000000e-06	-1.034896e-08	5.177106e-18
7.541592359707665e-09	7.969889e-09	5.000000e-02	1.000000e-01	5.000000e-02	0.000000e+00	-2.011981e-11	-3.984945e-06	0.000000e+00	2.808970e-08	0.000000e+00	7.969889e-09	-2.011981e-08	7.969889e-09	5.000000e-06	-5.000000e-06	-5.000000e-06	-7.969889e-09	3.986917e-18
7.541902604130984e-09	5.822744e-09	5.000000e-02	1.000000e-01	5.000000e-02	0.000000e+00	3.387763e-11	-2.911372e-06	0.000000e+00	-2.805489e-08	0.000000e+00	5.822744e-09	3.387763e-08	5.822744e-09	5.000000e-06	-5.000000e-06	-5.000000e-06	-5.822744e-09	2.912862e-18
7.542213708229637e-09	4.250464e-09	5.000000e-02	1.000000e-01	5.000000e-02	0.000000e+00	-2.376736e-11	-2.125232e-06	0.000000e+00	2.801783e-08	0.000000e+00	4.250464e-09	-2.376736e-08	4.250464e-09	5.000000e-06	-5.000000e-06	-5.000000e-06	-4.250464e-09	2.126271e-18
7.542584527543192e-09	2.916817e-09	5.000000e-02	1.000000e-01	5.000000e-02	0.000000e+00	3.090516e-11	-1.458409e-06	0.000000e+00	-2.798834e-08	0.000000e+00	2.916817e-09	3.090516e-08	2.916817e-09	5.000000e-06	-5.000000e-06	-5.000000e-06	-2.916817e-09	1.459169e-18
7.542969672716619e-09	1.972152e-09	5.000000e-02	1.000000e-01	5.000000e-02	0.000000e+00	-2.598665e-11	-9.860761e-07	0.000000e+00	2.795880e-08	0.000000e+00	1.972152e-09	-2.598665e-08	1.972152e-09	5.000000e-06	-5.000000e-06	-5.000000e-06	-1.972152e-09	9.865431e-19
7.543430476736417e-09	1.231361e-09	5.000000e-02	1.000000e-01	5.000000e-02	0.000000e+00	2.916622e-11	-6.156805e-07	0.000000e+00	-2.793486e-08	0.000000e+00	1.231361e-09	2.916622e-08	1.231361e-09	5.000000e-06	-5.000000e-06	-5.000000e-06	-1.231361e-09	6.160175e-19
7.543927660143065e-09	7.397545e-10	5.000000e-02	1.000000e-01	5.000000e-02	0.000000e+00	-2.717244e-11	-3.698773e-07	0.000000e+00	2.791220e-08	0.000000e+00	7.397545e-10	-2.717244e-08	7.397545e-10	5.000000e-06	-5.000000e-06	-5.000000e-06	-7.397545e-10	3.700350e-19
7.544532562121625e-09	3.951796e-10	5.000000e-02	1.000000e-01	5.000000e-02	0.000000e+00	2.828904e-11	-1.975898e-07	0.000000e+00	-2.789386e-08	0.000000e+00	3.951796e-10	2.828904e-08	3.951796e-10	5.000000e-06	-5.000000e-06	-5.000000e-06	-3.951796e-10	1.977169e-19
7.545216770983456e-09	1.932739e-10	5.000000e-02	1.000000e-01	5.000000e-02	0.000000e+00	-2.768422e-11	-9.663693e-08	0.000000e+00	2.787750e-08	0.000000e+00	1.932739e-10	-2.768422e-08	1.932739e-10	5.000000e-06	-5.000000e-06	-5.000000e-06	-1.932739e-10	9.665756e-20
7.546080253178887e-09	7.634811e-11	5.000000e-02	1.000000e-01	5.000000e-02	0.000000e+00	2.794096e-11	-3.817405e-08	0.000000e+00	-2.786462e-08	0.000000e+00	7.634811e-11	2.794096e-08	7.634811e-11	5.000000e-06	-5.000000e-06	-5.000000e-06	-7.634811e-11	3.822108e-20
7.547126123056469e-09	2.386901e-11	5.000000e-02	1.000000e-01	5.000000e-02	0.000000e+00	-2.783008e-11	-1.193450e-08	0.000000e+00	2.785395e-08	0.000000e+00	2.386901e-11	-2.783008e-08	2.386901e-11	5.000000e-06	-5.000000e-06	-5.000000e-06	-2.386901e-11	1.191264e-20
7.548548005358400e-09	3.927105e-12	5.000000e-02	1.000000e-01	5.000000e-02	0.000000e+00	2.785005e-11	-1.963552e-09	0.000000e+00	-2.784612e-08	0.000000e+00	3.927105e-12	2.785005e-08	3.927105e-12	5.000000e-06	-5.000000e-06	-5.000000e-06	-3.927105e-12	1.992384e-21
7.550490368663079e-09	1.069234e-13	5.000000e-02	1.000000e-01	5.000000e-02	0.000000e+00	-2.784028e-11	-5.346169e-11	0.000000e+00	2.784038e-08	0.000000e+00	1.069234e-13	-2.784028e-08	1.069234e-13	5.000000e-06	-5.000000e-06	-5.000000e-06	-1.069234e-13	2.564815e-23
7.553611647273982e-09	-6.695638e-14	5.000000e-02	1.000000e-01	5.000000e-02	0.000000e+00	2.783675e-11	3.347819e-11	0.000000e+00	-2.783682e-08	0.000000e+00	-6.695638e-14	2.783675e-08	-6.695638e-14	5.000000e-06	-5.000000e-06	-5.000000e-06	6.695638e-14	-5.658179e-24
7.559238818681447e-09	-6.103592e-14	5.000000e-02	1.000000e-01	5.000000e-02	0.000000e+00	-2.783478e-11	-3.051796e-11	0.000000e+00	2.783484e-08	0.000000e+00	6.103592e-14	-2.783478e-08	6.103592e-14	5.000000e-06	-5.000000e-06	-5.000000e-06	-6.103592e-14	2.698441e-24
7.570493161496380e-09	-5.941086e-14	5.000000e-02	1.000000e-01	5.000000e-02	0.000000e+00	2.783379e-11	2.970543e-11	0.000000e+00	-2.783385e-08	0.000000e+00	-5.941086e-14	2.783379e-08	-5.941086e-14	5.000000e-06	-5.000000e-06	-5.000000e-06	5.941086e-14	-1.886497e-24
7.590024411496379e-09	-5.871136e-14	5.000000e-02	1.000000e-01	5.000000e-02	0.000000e+00	-2.783322e-11	-2.935568e-11	0.000000e+00	2.783328e-08	0.000000e+00	5.871136e-14	-2.783322e-08	5.871136e-14	5.000000e-06	-5.000000e-06	-5.000000e-06	-5.871136e-14	1.537139e-24
7.609555661496379e-09	-5.814119e-14	5.000000e-02	1.000000e-01	5.000000e-02	0.000000e+00	2.783265e-11	2.907059e-11	0.000000e+00	-2.783271e-08	0.000000e+00	-5.814119e-14	2.783265e-08	-5.814119e-14	5.000000e-06	-5.000000e-06	-5.000000e-06	5.814119e-14	-1.252479e-24
7.629086911496379e-09	-5.767639e-14	5.000000e-02	1.000000e-01	5.000000e-02	0.000000e+00	-2.783208e-11	-2.883820e-11	0.000000e+00	2.783214e-08	0.000000e+00	5.767639e-14	-2.783208e-08	5.767639e-14	5.000000e-06	-5.000000e-06	-5.000000e-06	-5.767639e-14	1.020534e-24
7.648618161496379e-09	-5.729746e-14	5.000000e-02	1.000000e-01	5.000000e-02	0.000000e+00	2.783151e-11	2.864873e-11	0.000000e+00	-2.783157e-08	0.000000e+00	-5.729746e-14	2.783151e-08	-5.729746e-14	5.000000e-06	-5.000000e-06	-5.000000e-06	5.729746e-14	-8.315424e-25
7.668149411496379e-09	-5.698849e-14	5.000000e-02	1.000000e-01	5.000000e-02	0.000000e+00	-2.783094e-11	-2.849424e-11	0.000000e+00	2.783100e-08	0.000000e+00	5.698849e-14	-2.783094e-08	5.698849e-14	5.000000e-06	-5.000000e-06	-5.000000e-06	-5.698849e-14	6.775500e-25
7.687680661496379e-09	-5.673653e-14	5.000000e-02	1.000000e-01	5.000000e-02	0.000000e+00	2.783037e-11	2.836826e-11	0.000000e+00	-2.783043e-08	0.000000e+00	-5.673653e-14	2.783037e-08	-5.673653e-14	5.000000e-06	-5.000000e-06	-5.000000e-06	5.673653e-14	-5.520753e-25
7.707211911496378e-09	-5.653101e-14	5.000000e-02	1.000000e-01	5.000000e-02	0.000000e+00	-2.782980e-11	-2.826551e-11	0.000000e+00	2.782986e-08	0.000000e+00	5.653101e-14	-2.782980e-08	5.653101e-14	5.000000e-06	-5.000000e-06	-5.000000e-06	-5.653101e-14	4.498370e-25
7.726743161496378e-09	-5.636335e-14	5.000000e-02	1.000000e-01	5.000000e-02	0.000000e+00	2.782923e-11	2.818167e-11	0.000000e+00	-2.782929e-08	0.000000e+00	-5.636335e-14	2.782923e-08	-5.636335e-14	5.000000e-06	-5.000000e-06	-5.000000e-06	5.636335e-14	-3.665322e-25
7.746274411496378e-09	-5.622652e-14	5.000000e-02	1.000000e-01	5.000000e-02	0.000000e+00	-2.782866e-11	-2.811326e-11	0.000000e+00	2.782872e-08	0.000000e+00	5.622652e-14	-2.782866e-08	5.622652e-14	5.000000e-06	-5.000000e-06	-5.000000e-06	-5.622652e-14	2.986544e-25
7.765805661496378e-09	-5.611482e-14	5.000000e-02	1.000000e-01	5.000000e-02	0.000000e+00	2.782809e-11	2.805741e-11	0.000000e+00	-2.782815e-08	0.000000e+00	-5.611482e-14	2.782809e-08	-5.611482e-14	5.000000e-06	-5.000000e-06	-5.000000e-06	5.611482e-14	-2.433468e-25
7.785336911496378e-09	-5.602360e-14	5.000000e-02	1.000000e-01	5.000000e-02	0.000000e+00	-2.782752e-11	-2.801180e-11	0.000000e+00	2.782758e-08	0.000000e+00	5.602360e-14	-2.782752e-08	5.602360e-14	5.000000e-06	-5.000000e-06	-5.000000e-06	-5.602360e-14	1.982815e-25
7.804868161496377e-09	-5.594905e-14	5.000000e-02	1.000000e-01	5.000000e-02	0.000000e+00	2.782695e-11	2.797453e-11	0.000000e+00	-2.782701e-08	0.000000e+00	-5.594905e-14	2.782695e-08	-5.594905e-14	5.000000e-06	-5.000000e-06	-5.000000e-06	5.594905e-14	-1.615618e-25
7.824399411496377e-09	-5.588810e-14	5.000000e-02	1.000000e-01	5.000000e-02	0.000000e+00	-2.782638e-11	-2.794405e-11	0.000000e+00	2.782644e-08	0.000000e+00	5.588810e-14	-2.782638e-08	5.588810e-14	5.000000e-06	-5.000000e-06	-5.000000e-06	-5.588810e-14	1.316421e-25
7.843930661496377e-09	-5.583823e-14	5.000000e-02	1.000000e-01	5.000000e-02	0.000000e+00	2.782581e-11	2.791912e-11	0.000000e+00	-2.782587e-08	0.000000e+00	-5.583823e-14	2.782581e-08	-5.583823e-14	5.000000e-06	-5.000000e-06	-5.000000e-06	5.583823e-14	-1.072633e-25
7.863461911496377e-09	-5.579738e-14	5.000000e-02	1.000000e-01	5.000000e-02	0.000000e+00	-2.782524e-11	-2.789869e-11	0.000000e+00	2.782530e-08	0.000000e+00	5.579738e-14	-2.782524e-08	5.579738e-14	5.000000e-06	-5.000000e-06	-5.000000e-06	-5.579738e-14	8.739909e-26
7.882993161496377e-09	-5.576389e-14	5.000000e-02	1.000000e-01	5.000000e-02	0.000000e+00	2.782467e-11	2.788195e-11	0.000000e+00	-2.782473e-08	0.000000e+00	-5.576389e-14	2.782467e-08	-5.576389e-14	5.000000e-06	-5.000000e-06	-5.000000e-06	5.576389e-14	-7.121352e-26
7.902524411496376e-09	-5.573639e-14	5.000000e-02	1.000000e-01	5.000000e-02	0.000000e+00	-2.782410e-11	-2.786819e-11	0.000000e+00	2.782416e-08	0.000000e+00	5.573639e-14	-2.782410e-08	5.573639e-14	5.000000e-06	-5.000000e-06	-5.000000e-06	-5.573639e-14	5.802534e-26
7.922055661496376e-09	-5.571377e-14	5.000000e-02	1.000000e-01	5.000000e-02	0.000000e+00	2.782353e-11	2.785689e-11	0.000000e+00	-2.782359e-08	0.000000e+00	-5.571377e-14	2.782353e-08	-5.571377e-14	5.000000e-06	-5.000000e-06	-5.000000e-06	5.571377e-14	-4.727946e-26
7.941586911496376e-09	-5.569513e-14	5.000000e-02	1.000000e-01	5.000000e-02	0.000000e+00	-2.782296e-11	-2.784756e-11	0.000000e+00	2.782302e-08	0.000000e+00	5.569513e-14	-2.782296e-08	5.569513e-14	5.000000e-06	-5.000000e-06	-5.000000e-06	-5.569513e-14	3.852359e-26
7.961118161496376e-09	-5.567973e-14	5.000000e-02	1.000000e-01	5.000000e-02	0.000000e+00	2.782239e-11	2.783986e-11	0.000000e+00	-2.782245e-08	0.000000e+00	-5.567973e-14	2.782239e-08	-5.567973e-14	5.000000e-06	-5.000000e-06	-5.000000e-06	5.567973e-14	-3.138921e-26
7.980649411496376e-09	-5.566697e-14	5.000000e-02	1.000000e-01	5.000000e-02	0.000000e+00	-2.782182e-11	-2.783348e-11	0.000000e+00	2.782188e-08	0.000000e+00	5.566697e-14	-2.782182e-08	5.566697e-14	5.000000e-06	-5.000000e-06	-5.000000e-06	-5.566697e-14	2.557603e-26
8.000000000000000e-09	-5.562217e-14	5.000000e-02	1.000000e-01	5.000000e-02	0.000000e+00	2.782125e-11	2.782813e-11	0.000000e+00	-2.782130e-08	0.000000e+00	-5.562217e-14	2.782125e-08	-5.562217e-14	5.000000e-06	-5.000000e-06	-5.000000e-06	5.562217e-14	-2.080068e-26
8.000392935297201e-09	3.142163e-05	5.000000e-02	1.000000e-01	5.000000e-02	1.571741e-02	3.137785e-08	6.597723e-06	0.000000e+00	4.377814e-08	0.000000e+00	3.142163e-05	3.137785e-05	3.142163e-05	5.000000e-06	-5.000000e-06	-5.000000e-06	-3.142163e-05	1.289061e-18
8.000721100933864e-09	5.766725e-05	5.000000e-02	1.000000e-01	5.000000e-02	2.884404e-02	5.769499e-08	1.041249e-05	0.000000e+00	-2.773921e-08	0.000000e+00	5.766725e-05	5.769499e-05	5.766725e-05	5.000000e-06	-5.000000e-06	-5.000000e-06	-5.766725e-05	4.062018e-18
8.000878689216246e-09	7.027147e-05	5.000000e-02	1.000000e-01	5.000000e-02	3.514757e-02	7.022782e-08	1.183620e-05	0.000000e+00	4.364500e-08	0.000000e+00	7.027147e-05	7.022782e-05	7.027147e-05	5.000000e-06	-5.000000e-06	-5.000000e-06	-7.027147e-05	5.801896e-18
8.001096964255047e-09	8.773018e-05	5.000000e-02	1.000000e-01	5.000000e-02	4.387857e-02	8.775776e-08	1.347907e-05	0.000000e+00	-2.758274e-08	0.000000e+00	8.773018e-05	8.775776e-05	8.773018e-05	5.000000e-06	-5.000000e-06	-5.000000e-06	-8.773018e-05	8.541237e-18
8.001339314454801e-09	1.071153e-04	5.000000e-02	1.000000e-01	5.000000e-02	5.357258e-02	1.070718e-07	1.493511e-05	0.000000e+00	4.352166e-08	0.000000e+00	1.071153e-04	1.070718e-04	1.071153e-04	5.000000e-06	-5.000000e-06	-5.000000e-06	-1.071153e-04	1.195079e-17
8.001631231263626e-09	1.304659e-04	5.000000e-02	1.000000e-01	5.000000e-02	6.524925e-02	1.304934e-07	1.628990e-05	0.000000e+00	-2.747488e-08	0.000000e+00	1.304659e-04	1.304934e-04	1.304659e-04	5.000000e-06	-5.000000e-06	-5.000000e-06	-1.304659e-04	1.645708e-17
8.001921129189032e-09	1.536557e-04	5.000000e-02	1.000000e-01	5.000000e-02	7.684517e-02	1.536123e-07	1.730410e-05	0.000000e+00	4.342457e-08	0.000000e+00	1.536557e-04	1.536123e-04	1.536557e-04	5.000000e-06	-5.000000e-06	-5.000000e-06	-1.536557e-04	2.126344e-17
8.002259178877226e-09	1.806979e-04	5.000000e-02	1.000000e-01	5.000000e-02	9.036715e-02	1.807253e-07	1.818285e-05	0.000000e+00	-2.738371e-08	0.000000e+00	1.806979e-04	1.807253e-04	1.806979e-04	5.000000e-06	-5.000000e-06	-5.000000e-06	-1.806979e-04	2.717236e-17
8.002609964188448e-09	2.087594e-04	5.000000e-02	1.000000e-01	5.000000e-02	1.043986e-01	2.087161e-07	1.884306e-05	0.000000e+00	4.334263e-08	0.000000e+00	2.087594e-04	2.087161e-04	2.087594e-04	5.000000e-06	-5.000000e-06	-5.000000e-06	-2.087594e-04	3.355552e-17
8.003023405152071e-09	2.418336e-04	5.000000e-02	1.000000e-01	5.000000e-02	1.209362e-01	2.418609e-07	1.939517e-05	0.000000e+00	-2.730899e-08	0.000000e+00	2.418336e-04	2.418609e-04	2.418336e-04	5.000000e-06	-5.000000e-06	-5.000000e-06	-2.418336e-04	4.130510e-17
8.003466979871022e-09	2.773188e-04	5.000000e-02	1.000000e-01	5.000000e-02	1.386792e-01	2.772755e-07	1.980396e-05	0.000000e+00	4.327680e-08	0.000000e+00	2.773188e-04	2.772755e-04	2.773188e-04	5.000000e-06	-5.000000e-06	-5.000000e-06	-2.773188e-04	4.980301e-17
8.003996024303119e-09	3.196417e-04	5.000000e-02	1.000000e-01	5.000000e-02	1.598410e-01	3.196689e-07	2.013620e-05	0.000000e+00	-2.725039e-08	0.000000e+00	3.196417e-04	3.196689e-04	3.196417e-04	5.000000e-06	-5.000000e-06	-5.000000e-06	-3.196417e-04	6.009388e-17
8.004586435361951e-09	3.668741e-04	5.000000e-02	1.000000e-01	5.000000e-02	1.834574e-01	3.668308e-07	2.038705e-05	0.000000e+00	4.322634e-08	0.000000e+00	3.668741e-04	3.668308e-04	3.668741e-04	5.000000e-06	-5.000000e-06	-5.000000e-06	-3.668741e-04	7.169829e-17
8.005311077440318e-09	4.248450e-04	5.000000e-02	1.000000e-01	5.000000e-02	2.124431e-01	4.248722e-07	2.060206e-05	0.000000e+00	-2.720702e-08	0.000000e+00	4.248450e-04	4.248722e-04	4.248450e-04	5.000000e-06	-5.000000e-06	-5.000000e-06	-4.248450e-04	8.603406e-17
8.006165591973902e-09	4.932058e-04	5.000000e-02	1.000000e-01	5.000000e-02	2.466237e-01	4.931626e-07	2.079056e-05	0.000000e+00	4.319046e-08	0.000000e+00	4.932058e-04	4.931626e-04	4.932058e-04	5.000000e-06	-5.000000e-06	-5.000000e-06	-4.932058e-04	1.030041e-16
8.007274397015167e-09	5.819098e-04	5.000000e-02	1.000000e-01	5.000000e-02	2.909759e-01	5.819369e-07	2.099251e-05	0.000000e+00	-2.717784e-08	0.000000e+00	5.819098e-04	5.819370e-04	5.819098e-04	5.000000e-06	-5.000000e-06	-5.000000e-06	-5.819098e-04	1.250669e-16
8.008704742072083e-09	6.963369e-04	5.000000e-02	1.000000e-01	5.000000e-02	3.481897e-01	6.962937e-07	2.122911e-05	0.000000e+00	4.316794e-08	0.000000e+00	6.963369e-04	6.962937e-04	6.963369e-04	5.000000e-06	-5.000000e-06	-5.000000e-06	-6.963369e-04	1.535514e-16
8.010787204697716e-09	8.629332e-04	5.000000e-02	1.000000e-01	5.000000e-02	4.314882e-01	8.629604e-07	2.156337e-05	0.000000e+00	-2.716125e-08	0.000000e+00	8.629332e-04	8.629604e-04	8.629332e-04	5.000000e-06	-5.000000e-06	-5.000000e-06	-8.629332e-04	1.950329e-16
8.014011545200535e-09	1.120879e-03	5.000000e-02	1.000000e-01	5.000000e-02	5.604618e-01	1.120836e-06	2.207812e-05	0.000000e+00	4.315682e-08	0.000000e+00	1.120879e-03	1.120836e-03	1.120879e-03	5.000000e-06	-5.000000e-06	-5.000000e-06	-1.120879e-03	2.592626e-16
8.020000000000000e-09	1.599954e-03	5.000000e-02	1.000000e-01	5.000000e-02	8.000000e-01	1.599981e-06	2.303444e-05	0.000000e+00	-2.715453e-08	0.000000e+00	1.599954e-03	1.599981e-03	1.599954e-03	5.000000e-06	-5.000000e-06	-5.000000e-06	-1.599954e-03	3.785540e-16
8.020211344835806e-09	1.599962e-03	5.000000e-02	1.000000e-01	5.000000e-02	8.000000e-01	1.599934e-06	1.922990e-05	0.000000e+00	2.711038e-08	0.000000e+00	1.599962e-03	1.599934e-03	1.599962e-03	5.000000e-06	-5.000000e-06	-5.000000e-06	-1.599962e-03	3.823604e-16
8.020440711105067e-09	1.599968e-03	5.000000e-02	1.000000e-01	5.000000e-02	8.000000e-01	1.599995e-06	1.591983e-05	0.000000e+00	-2.705738e-08	0.000000e+00	1.599968e-03	1.599995e-03	1.599968e-03	5.000000e-06	-5.000000e-06	-5.000000e-06	-1.599968e-03	3.856722e-16
8.020623804530474e-09	1.599972e-03	5.000000e-02	1.000000e-01	5.000000e-02	8.000000e-01	1.599945e-06	1.377827e-05	0.000000e+00	2.700300e-08	0.000000e+00	1.599972e-03	1.599945e-03	1.599972e-03	5.000000e-06	-5.000000e-06	-5.000000e-06	-1.599972e-03	3.878148e-16
8.020859740332530e-09	1.599977e-03	5.000000e-02	1.000000e-01	5.000000e-02	8.000000e-01	1.600004e-06	1.153754e-05	0.000000e+00	-2.695347e-08	0.000000e+00	1.599977e-03	1.600004e-03	1.599977e-03	5.000000e-06	-5.000000e-06	-5.000000e-06	-1.599977e-03	3.900567e-16
8.021077956752223e-09	1.599980e-03	5.000000e-02	1.000000e-01	5.000000e-02	8.000000e-01	1.599953e-06	9.890652e-06	0.000000e+00	2.690712e-08	0.000000e+00	1.599980e-03	1.599953e-03	1.599980e-03	5.000000e-06	-5.000000e-06	-5.000000e-06	-1.599980e-03	3.917044e-16
8.021349170998123e-09	1.599983e-03	5.000000e-02	1.000000e-01	5.000000e-02	8.000000e-01	1.600010e-06	8.286334e-06	0.000000e+00	-2.686510e-08	0.000000e+00	1.599983e-03	1.600010e-03	1.599983e-03	5.000000e-06	-5.000000e-06	-5.000000e-06	-1.599983e-03	3.933095e-16
8.021607413093475e-09	1.599986e-03	5.000000e-02	1.000000e-01	5.000000e-02	8.000000e-01	1.599959e-06	7.117917e-06	0.000000e+00	2.682533e-08	0.000000e+00	1.599986e-03	1.599959e-03	1.599986e-03	5.000000e-06	-5.000000e-06	-5.000000e-06	-1.599986e-03	3.944785e-16
8.021921188669166e-09	1.599988e-03	5.000000e-02	1.000000e-01	5.000000e-02	8.000000e-01	1.600015e-06	6.050380e-06	0.000000e+00	-2.678980e-08	0.000000e+00	1.599988e-03	1.600015e-03	1.599988e-03	5.000000e-06	-5.000000e-06	-5.000000e-06	-1.599988e-03	3.955466e-16
8.022232223132606e-09	1.599989e-03	5.000000e-02	1.000000e-01	5.000000e-02	8.000000e-01	1.599963e-06	5.279040e-06	0.000000e+00	2.675636e-08	0.000000e+00	1.599989e-03	1.599963e-03	1.599989e-03	5.000000e-06	-5.000000e-06	-5.000000e-06	-1.599989e-03	3.963183e-16
8.022607109933884e-09	1.599991e-03	5.000000e-02	1.000000e-01	5.000000e-02	8.000000e-01	1.600018e-06	4.618757e-06	0.000000e+00	-2.672712e-08	0.000000e+00	1.599991e-03	1.600018e-03	1.599991e-03	5.000000e-06	-5.000000e-06	-5.000000e-06	-1.599991e-03	3.969790e-16
8.022993044805230e-09	1.599992e-03	5.000000e-02	1.000000e-01	5.000000e-02	8.000000e-01	1.599965e-06	4.156314e-06	0.000000e+00	2.669991e-08	0.000000e+00	1.599992e-03	1.599965e-03	1.599992e-03	5.000000e-06	-5.000000e-06	-5.000000e-06	-1.599992e-03	3.974416e-16
8.023459031497406e-09	1.599992e-03	5.000000e-02	1.000000e-01	5.000000e-02	8.000000e-01	1.600019e-06	3.791490e-06	0.000000e+00	-2.667669e-08	0.000000e+00	1.599992e-03	1.600019e-03	1.599992e-03	5.000000e-06	-5.000000e-06	-5.000000e-06	-1.599992e-03	3.978066e-16
8.023958460723967e-09	1.599993e-03	5.000000e-02	1.000000e-01	5.000000e-02	8.000000e-01	1.599966e-06	3.551846e-06	0.000000e+00	2.665552e-08	0.000000e+00	1.599993e-03	1.599966e-03	1.599993e-03	5.000000e-06	-5.000000e-06	-5.000000e-06	-1.599993e-03	3.980464e-16
8.024570852907732e-09	1.599993e-03	5.000000e-02	1.000000e-01	5.000000e-02	8.000000e-01	1.600020e-06	3.383484e-06	0.000000e+00	-2.663801e-08	0.000000e+00	1.599993e-03	1.600020e-03	1.599993e-03	5.000000e-06	-5.000000e-06	-5.000000e-06	-1.599993e-03	3.982148e-16
8.025260280531741e-09	1.599993e-03	5.000000e-02	1.000000e-01	5.000000e-02	8.000000e-01	1.599967e-06	3.285845e-06	0.000000e+00	2.662262e-08	0.000000e+00	1.599993e-03	1.599967e-03	1.599993e-03	5.000000e-06	-5.000000e-06	-5.000000e-06	-1.599993e-03	3.983125e-16
8.026136637377763e-09	1.599994e-03	5.000000e-02	1.000000e-01	5.000000e-02	8.000000e-01	1.600020e-06	3.229544e-06	0.000000e+00	-2.661044e-08	0.000000e+00	1.599994e-03	1.600020e-03	1.599994e-03	5.000000e-06	-5.000000e-06	-5.000000e-06	-1.599994e-03	3.983689e-16
8.027195345508374e-09	1.599994e-03	5.000000e-02	1.000000e-01	5.000000e-02	8.000000e-01	1.599967e-06	3.204579e-06	0.000000e+00	2.660040e-08	0.000000e+00	1.599994e-03	1.599967e-03	1.599994e-03	5.000000e-06	-5.000000e-06	-5.000000e-06	-1.599994e-03	3.983938e-16
8.028645993979584e-09	1.599994e-03	5.000000e-02	1.000000e-01	5.000000e-02	8.000000e-01	1.600020e-06	3.195371e-06	0.000000e+00	-2.659306e-08	0.000000e+00	1.599994e-03	1.600020e-03	1.599994e-03	5.000000e-06	-5.000000e-06	-5.000000e-06	-1.599994e-03	3.984031e-16
8.030628889744071e-09	1.599994e-03	5.000000e-02	1.000000e-01	5.000000e-02	8.000000e-01	1.599967e-06	3.193591e-06	0.000000e+00	2.658770e-08	0.000000e+00	1.599994e-03	1.599967e-03	1.599994e-03	5.000000e-06	-5.000000e-06	-5.000000e-06	-1.599994e-03	3.984048e-16
8.033853240764929e-09	1.599994e-03	5.000000e-02	1.000000e-01	5.000000e-02	8.000000e-01	1.600020e-06	3.193638e-06	0.000000e+00	-2.658440e-08	0.000000e+00	1.599994e-03	1.600020e-03	1.599994e-03	5.000000e-06	-5.000000e-06	-5.000000e-06	-1.599994e-03	3.984048e-16
8.039720661489620e-09	1.599994e-03	5.000000e-02	1.000000e-01	5.000000e-02	8.000000e-01	1.599967e-06	3.193587e-06	0.000000e+00	2.658259e-08	0.000000e+00	1.599994e-03	1.599967e-03	1.599994e-03	5.000000e-06	-5.000000e-06	-5.000000e-06	-1.599994e-03	3.984048e-16
8.051455502939004e-09	1.599994e-03	5.000000e-02	1.000000e-01	5.000000e-02	8.000000e-01	1.600020e-06	3.193639e-06	0.000000e+00	-2.658168e-08	0.000000e+00	1.599994e-03	1.600020e-03	1.599994e-03	5.000000e-06	-5.000000e-06	-5.000000e-06	-1.599994e-03	3.984048e-16
8.070986752939004e-09	1.599994e-03	5.000000e-02	1.000000e-01	5.000000e-02	8.000000e-01	1.599967e-06	3.193587e-06	0.000000e+00	2.658114e-08	0.000000e+00	1.599994e-03	1.599967e-03	1.599994e-03	5.000000e-06	-5.000000e-06	-5.000000e-06	-1.599994e-03	3.984048e-16
8.090518002939004e-09	1.599994e-03	5.000000e-02	1.000000e-01	5.000000e-02	8.000000e-01	1.600020e-06	3.193639e-06	0.000000e+00	-2.658059e-08	0.000000e+00	1.599994e-03	1.600020e-03	1.599994e-03	5.000000e-06	-5.000000e-06	-5.000000e-06	-1.599994e-03	3.984048e-16
8.110049252939004e-09	1.599994e-03	5.000000e-02	1.000000e-01	5.000000e-02	8.000000e-01	1.599967e-06	3.193586e-06	0.000000e+00	2.658005e-08	0.000000e+00	1.599994e-03	1.599967e-03	1.599994e-03	5.000000e-06	-5.000000e-06	-5.000000e-06	-1.599994e-03	3.984048e-16
8.129580502939003e-09	1.599994e-03	5.000000e-02	1.000000e-01	5.000000e-02	8.000000e-01	1.600020e-06	3.193639e-06	0.000000e+00	-2.657950e-08	0.000000e+00	1.599994e-03	1.600020e-03	1.599994e-03	5.000000e-06	-5.000000e-06	-5.000000e-06	-1.599994e-03	3.984048e-16
8.149111752939003e-09	1.599994e-03	5.000000e-02	1.000000e-01	5.000000e-02	8.000000e-01	1.599967e-06	3.193586e-06	0.000000e+00	2.657896e-08	0.000000e+00	1.599994e-03	1.599967e-03	1.599994e-03	5.000000e-06	-5.000000e-06	-5.000000e-06	-1.599994e-03	3.984048e-16
8.168643002939003e-09	1.599994e-03	5.000000e-02	1.000000e-01	5.000000e-02	8.000000e-01	1.600020e-06	3.193639e-06	0.000000e+00	-2.657842e-08	0.000000e+00	1.599994e-03	1.600020e-03	1.599994e-03	5.000000e-06	-5.000000e-06	-5.000000e-06	-1.599994e-03	3.984048e-16
8.188174252939003e-09	1.599994e-03	5.000000e-02	1.000000e-01	5.000000e-02	8.000000e-01	1.599967e-06	3.193586e-06	0.000000e+00	2.657787e-08	0.000000e+00	1.599994e-03	1.599967e-03	1.599994e-03	5.000000e-06	-5.000000e-06	-5.000000e-06	-1.599994e-03	3.984048e-16
8.207705502939003e-09	1.599994e-03	5.000000e-02	1.000000e-01	5.000000e-02	8.000000e-01	1.600020e-06	3.193639e-06	0.000000e+00	-2.657733e-08	0.000000e+00	1.599994e-03	1.600020e-03	1.599994e-03	5.000000e-06	-5.000000e-06	-5.000000e-06	-1.599994e-03	3.984048e-16
8.227236752939003e-09	1.599994e-03	5.000000e-02	1.000000e-01	5.000000e-02	8.000000e-01	1.599967e-06	3.193586e-06	0.000000e+00	2.657678e-08	0.000000e+00	1.599994e-03	1.599967e-03	1.599994e-03	5.000000e-06	-5.000000e-06	-5.000000e-06	-1.599994e-03	3.984048e-16
8.246768002939002e-09	1.599994e-03	5.000000e-02	1.000000e-01	5.000000e-02	8.000000e-01	1.600020e-06	3.193639e-06	0.000000e+00	-2.657624e-08	0.000000e+00	1.599994e-03	1.600020e-03	1.599994e-03	5.000000e-06	-5.000000e-06	-5.000000e-06	-1.599994e-03	3.984048e-16
8.266299252939002e-09	1.599994e-03	5.000000e-02	1.000000e-01	5.000000e-02	8.000000e-01	1.599967e-06	3.193586e-06	0.000000e+00	2.657569e-08	0.000000e+00	1.599994e-03	1.599967e-03	1.599994e-03	5.000000e-06	-5.000000e-06	-5.000000e-06	-1.599994e-03	3.984048e-16
8.285830502939002e-09	1.599994e-03	5.000000e-02	1.000000e-01	5.000000e-02	8.000000e-01	1.600020e-06	3.193639e-06	0.000000e+00	-2.657515e-08	0.000000e+00	1.599994e-03	1.600020e-03	1.599994e-03	5.000000e-06	-5.000000e-06	-5.000000e-06	-1.599994e-03	3.984048e-16
8.305361752939002e-09	1.599994e-03	5.000000e-02	1.000000e-01	5.000000e-02	8.000000e-01	1.599967e-06	3.193586e-06	0.000000e+00	2.657461e-08	0.000000e+00	1.599994e-03	1.599967e-03	1.599994e-03	5.000000e-06	-5.000000e-06	-5.000000e-06	-1.599994e-03	3.984048e-16
8.324893002939002e-09	1.599994e-03	5.000000e-02	1.000000e-01	5.000000e-02	8.000000e-01	1.600020e-06	3.193639e-06	0.000000e+00	-2.657406e-08	0.000000e+00	1.599994e-03	1.600020e-03	1.599994e-03	5.000000e-06	-5.000000e-06	-5.000000e-06	-1.599994e-03	3.984048e-16
8.344424252939001e-09	1.599994e-03	5.000000e-02	1.000000e-01	5.000000e-02	8.000000e-01	1.599967e-06	3.193586e-06	0.000000e+00	2.657352e-08	0.000000e+00	1.599994e-03	1.599967e-03	1.599994e-03	5.000000e-06	-5.000000e-06	-5.000000e-06	-1.599994e-03	3.984048e-16
8.363955502939001e-09	1.599994e-03	5.000000e-02	1.000000e-01	5.000000e-02	8.000000e-01	1.600020e-06	3.193639e-06	0.000000e+00	-2.657297e-08	0.000000e+00	1.599994e-03	1.600020e-03	1.599994e-03	5.000000e-06	-5.000000e-06	-5.000000e-06	-1.599994e-03	3.984048e-16
8.383486752939001e-09	1.599994e-03	5.000000e-02	1.000000e-01	5.000000e-02	8.000000e-01	1.599967e-06	3.193586e-06	0.000000e+00	2.657243e-08	0.000000e+00	1.599994e-03	1.599967e-03	1.599994e-03	5.000000e-06	-5.000000e-06	-5.000000e-06	-1.599994e-03	3.984048e-16
8.403018002939001e-09	1.599994e-03	5.000000e-02	1.000000e-01	5.000000e-02	8.000000e-01	1.600020e-06	3.193639e-06	0.000000e+00	-2.657188e-08	0.000000e+00	1.599994e-03	1.600020e-03	1.599994e-03	5.000000e-06	-5.000000e-06	-5.000000e-06	-1.599994e-03	3.984048e-16
8.422549252939001e-09	1.599994e-03	5.000000e-02	1.000000e-01	5.000000e-02	8.000000e-01	1.599967e-06	3.193586e-06	0.000000e+00	2.657134e-08	0.000000e+00	1.599994e-03	1.599967e-03	1.599994e-03	5.000000e-06	-5.000000e-06	-5.000000e-06	-1.599994e-03	3.984048e-16
8.442080502939000e-09	1.599994e-03	5.000000e-02	1.000000e-01	5.000000e-02	8.000000e-01	1.600020e-06	3.193639e-06	0.000000e+00	-2.657080e-08	0.000000e+00	1.599994e-03	1.600020e-03	1.599994e-03	5.000000e-06	-5.000000e-06	-5.000000e-06	-1.599994e-03	3.984048e-16
8.461611752939000e-09	1.599994e-03	5.000000e-02	1.000000e-01	5.000000e-02	8.000000e-01	1.599967e-06	3.193586e-06	0.000000e+00	2.657025e-08	0.000000e+00	1.599994e-03	1.599967e-03	1.599994e-03	5.000000e-06	-5.000000e-06	-5.000000e-06	-1.599994e-03	3.984048e-16
8.481143002939000e-09	1.599994e-03	5.000000e-02	1.000000e-01	5.000000e-02	8.000000e-01	1.600020e-06	3.193639e-06	0.000000e+00	-2.656971e-08	0.000000e+00	1.599994e-03	1.600020e-03	1.599994e-03	5.000000e-06	-5.000000e-06	-5.000000e-06	-1.599994e-03	3.984048e-16
8.500674252939000e-09	1.599994e-03	5.000000e-02	1.000000e-01	5.000000e-02	8.000000e-01	1.599967e-06	3.193586e-06	0.000000e+00	2.656916e-08	0.000000e+00	1.599994e-03	1.599967e-03	1.599994e-03	5.000000e-06	-5.000000e-06	-5.000000e-06	-1.599994e-03	3.984048e-16
8.520000000000000e-09	1.599994e-03	5.000000e-02	1.000000e-01	5.000000e-02	8.000000e-01	1.600020e-06	3.193639e-06	0.000000e+00	-2.656861e-08	0.000000e+00	1.599994e-03	1.600020e-03	1.599994e-03	5.000000e-06	-5.000000e-06	-5.000000e-06	-1.599994e-03	3.984048e-16
8.520392726220536e-09	1.568589e-03	5.000000e-02	1.000000e-01	5.000000e-02	7.842910e-01	1.568578e-06	-3.401227e-06	0.000000e+00	1.055643e-08	0.000000e+00	1.568589e-03	1.568578e-03	1.568589e-03	5.000000e-06	-5.000000e-06	-5.000000e-06	-1.568589e-03	3.971170e-16
8.520720739213993e-09	1.542355e-03	5.000000e-02	1.000000e-01	5.000000e-02	7.711704e-01	1.542382e-06	-7.215178e-06	0.000000e+00	-2.652916e-08	0.000000e+00	1.542355e-03	1.542382e-03	1.542355e-03	5.000000e-06	-5.000000e-06	-5.000000e-06	-1.542355e-03	3.943464e-16
8.520878345831044e-09	1.529750e-03	5.000000e-02	1.000000e-01	5.000000e-02	7.648662e-01	1.529739e-06	-8.639675e-06	0.000000e+00	1.048581e-08	0.000000e+00	1.529750e-03	1.529739e-03	1.529750e-03	5.000000e-06	-5.000000e-06	-5.000000e-06	-1.529750e-03	3.926068e-16
8.521096615509271e-09	1.512291e-03	5.000000e-02	1.000000e-01	5.000000e-02	7.561354e-01	1.512318e-06	-1.028297e-05	0.000000e+00	-2.644895e-08	0.000000e+00	1.512291e-03	1.512318e-03	1.512291e-03	5.000000e-06	-5.000000e-06	-5.000000e-06	-1.512291e-03	3.898681e-16
8.521338946006126e-09	1.492908e-03	5.000000e-02	1.000000e-01	5.000000e-02	7.464421e-01	1.492897e-06	-1.173953e-05	0.000000e+00	1.042093e-08	0.000000e+00	1.492908e-03	1.492897e-03	1.492908e-03	5.000000e-06	-5.000000e-06	-5.000000e-06	-1.492908e-03	3.864594e-16
8.521630818358342e-09	1.469561e-03	5.000000e-02	1.000000e-01	5.000000e-02	7.347673e-01	1.469587e-06	-1.309453e-05	0.000000e+00	-2.639384e-08	0.000000e+00	1.469561e-03	1.469587e-03	1.469561e-03	5.000000e-06	-5.000000e-06	-5.000000e-06	-1.469561e-03	3.819543e-16
8.521920682897165e-09	1.446374e-03	5.000000e-02	1.000000e-01	5.000000e-02	7.231727e-01	1.446363e-06	-1.410916e-05	0.000000e+00	1.036988e-08	0.000000e+00	1.446374e-03	1.446363e-03	1.446374e-03	5.000000e-06	-5.000000e-06	-5.000000e-06	-1.446374e-03	3.771489e-16
8.522258680360803e-09	1.419336e-03	5.000000e-02	1.000000e-01	5.000000e-02	7.096528e-01	1.419362e-06	-1.498806e-05	0.000000e+00	-2.634711e-08	0.000000e+00	1.419336e-03	1.419362e-03	1.419336e-03	5.000000e-06	-5.000000e-06	-5.000000e-06	-1.419336e-03	3.712413e-16
8.522609417855376e-09	1.391278e-03	5.000000e-02	1.000000e-01	5.000000e-02	6.956233e-01	1.391268e-06	-1.564861e-05	0.000000e+00	1.032695e-08	0.000000e+00	1.391278e-03	1.391268e-03	1.391278e-03	5.000000e-06	-5.000000e-06	-5.000000e-06	-1.391278e-03	3.648593e-16
8.523022784610197e-09	1.358210e-03	5.000000e-02	1.000000e-01	5.000000e-02	6.790886e-01	1.358236e-06	-1.620080e-05	0.000000e+00	-2.630869e-08	0.000000e+00	1.358210e-03	1.358236e-03	1.358210e-03	5.000000e-06	-5.000000e-06	-5.000000e-06	-1.358210e-03	3.571114e-16
8.523466282481226e-09	1.322731e-03	5.000000e-02	1.000000e-01	5.000000e-02	6.613487e-01	1.322720e-06	-1.660986e-05	0.000000e+00	1.029255e-08	0.000000e+00	1.322731e-03	1.322720e-03	1.322731e-03	5.000000e-06	-5.000000e-06	-5.000000e-06	-1.322731e-03	3.486152e-16
8.523995212189808e-09	1.280417e-03	5.000000e-02	1.000000e-01	5.000000e-02	6.401915e-01	1.280443e-06	-1.694212e-05	0.000000e+00	-2.627847e-08	0.000000e+00	1.280417e-03	1.280443e-03	1.280417e-03	5.000000e-06	-5.000000e-06	-5.000000e-06	-1.280417e-03	3.383268e-16
8.524585490920226e-09	1.233195e-03	5.000000e-02	1.000000e-01	5.000000e-02	6.165804e-01	1.233185e-06	-1.719316e-05	0.000000e+00	1.026626e-08	0.000000e+00	1.233195e-03	1.233185e-03	1.233195e-03	5.000000e-06	-5.000000e-06	-5.000000e-06	-1.233195e-03	3.267251e-16
8.525309932711115e-09	1.175240e-03	5.000000e-02	1.000000e-01	5.000000e-02	5.876027e-01	1.175266e-06	-1.740811e-05	0.000000e+00	-2.625606e-08	0.000000e+00	1.175240e-03	1.175266e-03	1.175240e-03	5.000000e-06	-5.000000e-06	-5.000000e-06	-1.175240e-03	3.123934e-16
8.526164186542735e-09	1.106900e-03	5.000000e-02	1.000000e-01	5.000000e-02	5.534325e-01	1.106890e-06	-1.759672e-05	0.000000e+00	1.024760e-08	0.000000e+00	1.106900e-03	1.106890e-03	1.106900e-03	5.000000e-06	-5.000000e-06	-5.000000e-06	-1.106900e-03	2.954287e-16
8.527272569407865e-09	1.018230e-03	5.000000e-02	1.000000e-01	5.000000e-02	5.090972e-01	1.018256e-06	-1.779853e-05	0.000000e+00	-2.624095e-08	0.000000e+00	1.018230e-03	1.018256e-03	1.018230e-03	5.000000e-06	-5.000000e-06	-5.000000e-06	-1.018230e-03	2.733743e-16
8.528702268094473e-09	9.038546e-04	5.000000e-02	1.000000e-01	5.000000e-02	4.519093e-01	9.038444e-07	-1.803515e-05	0.000000e+00	1.023591e-08	0.000000e+00	9.038546e-04	9.038444e-04	9.038546e-04	5.000000e-06	-5.000000e-06	-5.000000e-06	-9.038546e-04	2.449026e-16
8.530783497039376e-09	7.373570e-04	5.000000e-02	1.000000e-01	5.000000e-02	3.686601e-01	7.373832e-07	-1.836911e-05	0.000000e+00	-2.623234e-08	0.000000e+00	7.373570e-04	7.373832e-04	7.373570e-04	5.000000e-06	-5.000000e-06	-5.000000e-06	-7.373570e-04	2.034457e-16
8.534005322128460e-09	4.796120e-04	5.000000e-02	1.000000e-01	5.000000e-02	2.397871e-01	4.796018e-07	-1.888356e-05	0.000000e+00	1.023014e-08	0.000000e+00	4.796120e-04	4.796018e-04	4.796120e-04	5.000000e-06	-5.000000e-06	-5.000000e-06	-4.796120e-04	1.392662e-16
8.539999999999999e-09	3.968155e-08	5.000000e-02	1.000000e-01	5.000000e-02	9.370282e-14	6.591041e-11	-1.984077e-05	0.000000e+00	-2.622886e-08	0.000000e+00	3.968155e-08	6.591041e-08	3.968155e-08	5.000000e-06	-5.000000e-06	-5.000000e-06	-3.968155e-08	1.985076e-17
8.540211409720267e-09	-3.207056e-08	5.000000e-02	1.000000e-01	5.000000e-02	0.000000e+00	5.898472e-12	-1.603528e-05	0.000000e+00	2.617209e-08	0.000000e+00	3.207056e-08	5.898471e-09	3.207056e-08	5.000000e-06	-5.000000e-06	-5.000000e-06	-3.207056e-08	1.604330e-17
8.540440858194281e-09	2.544853e-08	5.000000e-02	1.000000e-01	5.000000e-02	0.000000e+00	5.158079e-11	-1.272426e-05	0.000000e+00	-2.613227e-08	0.000000e+00	2.544853e-08	5.158079e-08	2.544853e-08	5.000000e-06	-5.000000e-06	-5.000000e-06	-2.544853e-08	1.273068e-17
8.540623931881425e-09	2.116668e-08	5.000000e-02	1.000000e-01	5.000000e-02	0.000000e+00	-4.903877e-12	-1.058334e-05	0.000000e+00	2.607056e-08	0.000000e+00	2.116668e-08	-4.903877e-09	2.116668e-08	5.000000e-06	-5.000000e-06	-5.000000e-06	-2.116668e-08	1.058863e-17
8.540859897748969e-09	1.668509e-08	5.000000e-02	1.000000e-01	5.000000e-02	0.000000e+00	4.271529e-11	-8.342543e-06	0.000000e+00	-2.603020e-08	0.000000e+00	1.668509e-08	4.271529e-08	1.668509e-08	5.000000e-06	-5.000000e-06	-5.000000e-06	-1.668509e-08	8.346757e-18
8.541078101215966e-09	1.339222e-08	5.000000e-02	1.000000e-01	5.000000e-02	0.000000e+00	-1.258729e-11	-6.696109e-06	0.000000e+00	2.597951e-08	0.000000e+00	1.339222e-08	-1.258729e-08	1.339222e-08	5.000000e-06	-5.000000e-06	-5.000000e-06	-1.339222e-08	6.699444e-18
8.541349354074356e-09	1.018344e-08	5.000000e-02	1.000000e-01	5.000000e-02	0.000000e+00	3.612703e-11	-5.091720e-06	0.000000e+00	-2.594359e-08	0.000000e+00	1.018344e-08	3.612703e-08	1.018344e-08	5.000000e-06	-5.000000e-06	-5.000000e-06	-1.018344e-08	5.094302e-18
8.541607590128776e-09	7.847301e-09	5.000000e-02	1.000000e-01	5.000000e-02	0.000000e+00	-1.805433e-11	-3.923650e-06	0.000000e+00	2.590163e-08	0.000000e+00	7.847301e-09	-1.805433e-08	7.847301e-09	5.000000e-06	-5.000000e-06	-5.000000e-06	-7.847301e-09	3.925594e-18
8.541921406197859e-09	5.712161e-09	5.000000e-02	1.000000e-01	5.000000e-02	0.000000e+00	3.158216e-11	-2.856081e-06	0.000000e+00	-2.587000e-08	0.000000e+00	5.712161e-09	3.158216e-08	5.712161e-09	5.000000e-06	-5.000000e-06	-5.000000e-06	-5.712161e-09	2.857540e-18
8.542232440852680e-09	4.170033e-09	5.000000e-02	1.000000e-01	5.000000e-02	0.000000e+00	-2.166572e-11	-2.085017e-06	0.000000e+00	2.583576e-08	0.000000e+00	4.170033e-09	-2.166572e-08	4.170033e-09	5.000000e-06	-5.000000e-06	-5.000000e-06	-4.170033e-09	2.086037e-18
8.542607374563865e-09	2.849411e-09	5.000000e-02	1.000000e-01	5.000000e-02	0.000000e+00	2.865832e-11	-1.424705e-06	0.000000e+00	-2.580891e-08	0.000000e+00	2.849411e-09	2.865832e-08	2.849411e-09	5.000000e-06	-5.000000e-06	-5.000000e-06	-2.849411e-09	1.425446e-18
8.542993319714416e-09	1.924965e-09	5.000000e-02	1.000000e-01	5.000000e-02	0.000000e+00	-2.385673e-11	-9.624827e-07	0.000000e+00	2.578170e-08	0.000000e+00	1.924965e-09	-2.385673e-08	1.924965e-09	5.000000e-06	-5.000000e-06	-5.000000e-06	-1.924965e-09	9.629401e-19
8.543459366521201e-09	1.195237e-09	5.000000e-02	1.000000e-01	5.000000e-02	0.000000e+00	2.695513e-11	-5.976186e-07	0.000000e+00	-2.575989e-08	0.000000e+00	1.195237e-09	2.695513e-08	1.195237e-09	5.000000e-06	-5.000000e-06	-5.000000e-06	-1.195237e-09	5.979444e-19
8.543958823223333e-09	7.163033e-10	5.000000e-02	1.000000e-01	5.000000e-02	0.000000e+00	-2.502278e-11	-3.581517e-07	0.000000e+00	2.573908e-08	0.000000e+00	7.163033e-10	-2.502278e-08	7.163033e-10	5.000000e-06	-5.000000e-06	-5.000000e-06	-7.163033e-10	3.583057e-19
8.544571302819518e-09	3.794597e-10	5.000000e-02	1.000000e-01	5.000000e-02	0.000000e+00	2.610184e-11	-1.897298e-07	0.000000e+00	-2.572239e-08	0.000000e+00	3.794597e-10	2.610185e-08	3.794597e-10	5.000000e-06	-5.000000e-06	-5.000000e-06	-3.794597e-10	1.898508e-19
8.545260793192340e-09	1.844700e-10	5.000000e-02	1.000000e-01	5.000000e-02	0.000000e+00	-2.552294e-11	-9.223498e-08	0.000000e+00	2.570741e-08	0.000000e+00	1.844700e-10	-2.552294e-08	1.844700e-10	5.000000e-06	-5.000000e-06	-5.000000e-06	-1.844700e-10	9.225557e-20
8.546137301271598e-09	7.170467e-11	5.000000e-02	1.000000e-01	5.000000e-02	0.000000e+00	2.576741e-11	-3.585233e-08	0.000000e+00	-2.569571e-08	0.000000e+00	7.170467e-11	2.576741e-08	7.170467e-11	5.000000e-06	-5.000000e-06	-5.000000e-06	-7.170467e-11	3.589603e-20
8.547196162935067e-09	2.201540e-11	5.000000e-02	1.000000e-01	5.000000e-02	0.000000e+00	-2.566398e-11	-1.100770e-08	0.000000e+00	2.568599e-08	0.000000e+00	2.201540e-11	-2.566398e-08	2.201540e-11	5.000000e-06	-5.000000e-06	-5.000000e-06	-2.201540e-11	1.098754e-20
8.548647151929875e-09	3.405474e-12	5.000000e-02	1.000000e-01	5.000000e-02	0.000000e+00	2.568232e-11	-1.702737e-09	0.000000e+00	-2.567891e-08	0.000000e+00	3.405474e-12	2.568232e-08	3.405474e-12	5.000000e-06	-5.000000e-06	-5.000000e-06	-3.405474e-12	1.729271e-21
8.550630533262947e-09	5.970429e-14	5.000000e-02	1.000000e-01	5.000000e-02	0.000000e+00	-2.567368e-11	-2.985215e-11	0.000000e+00	2.567374e-08	0.000000e+00	5.970429e-14	-2.567368e-08	5.970429e-14	5.000000e-06	-5.000000e-06	-5.000000e-06	-5.970429e-14	4.193393e-24
8.553856119121468e-09	-5.329519e-14	5.000000e-02	1.000000e-01	5.000000e-02	0.000000e+00	2.567050e-11	2.664760e-11	0.000000e+00	-2.567055e-08	0.000000e+00	-5.329519e-14	2.567050e-08	-5.329519e-14	5.000000e-06	-5.000000e-06	-5.000000e-06	5.329519e-14	-9.904193e-25
8.559726454835981e-09	-5.228808e-14	5.000000e-02	1.000000e-01	5.000000e-02	0.000000e+00	-2.566875e-11	-2.614404e-11	0.000000e+00	2.566880e-08	0.000000e+00	5.228808e-14	-2.566875e-08	5.228808e-14	5.000000e-06	-5.000000e-06	-5.000000e-06	-5.228808e-14	4.883612e-25
8.571467126265004e-09	-5.200299e-14	5.000000e-02	1.000000e-01	5.000000e-02	0.000000e+00	2.566788e-11	2.600150e-11	0.000000e+00	-2.566793e-08	0.000000e+00	-5.200299e-14	2.566788e-08	-5.200299e-14	5.000000e-06	-5.000000e-06	-5.000000e-06	5.200299e-14	-3.466195e-25
8.590998376265004e-09	-5.187363e-14	5.000000e-02	1.000000e-01	5.000000e-02	0.000000e+00	-2.566735e-11	-2.593681e-11	0.000000e+00	2.566740e-08	0.000000e+00	5.187363e-14	-2.566735e-08	5.187363e-14	5.000000e-06	-5.000000e-06	-5.000000e-06	-5.187363e-14	2.824294e-25
8.610529626265004e-09	-5.176802e-14	5.000000e-02	1.000000e-01	5.000000e-02	0.000000e+00	2.566683e-11	2.588401e-11	0.000000e+00	-2.566688e-08	0.000000e+00	-5.176802e-14	2.566683e-08	-5.176802e-14	5.000000e-06	-5.000000e-06	-5.000000e-06	5.176802e-14	-2.301265e-25
8.630060876265003e-09	-5.168178e-14	5.000000e-02	1.000000e-01	5.000000e-02	0.000000e+00	-2.566630e-11	-2.584089e-11	0.000000e+00	2.566635e-08	0.000000e+00	5.168178e-14	-2.566630e-08	5.168178e-14	5.000000e-06	-5.000000e-06	-5.000000e-06	-5.168178e-14	1.875094e-25
8.649592126265003e-09	-5.161131e-14	5.000000e-02	1.000000e-01	5.000000e-02	0.000000e+00	2.566578e-11	2.580566e-11	0.000000e+00	-2.566583e-08	0.000000e+00	-5.161131e-14	2.566578e-08	-5.161131e-14	5.000000e-06	-5.000000e-06	-5.000000e-06	5.161131e-14	-1.527846e-25
8.669123376265003e-09	-5.155370e-14	5.000000e-02	1.000000e-01	5.000000e-02	0.000000e+00	-2.566525e-11	-2.577685e-11	0.000000e+00	2.566530e-08	0.000000e+00	5.155370e-14	-2.566525e-08	5.155370e-14	5.000000e-06	-5.000000e-06	-5.000000e-06	-5.155370e-14	1.244904e-25
8.688654626265003e-09	-5.150657e-14	5.000000e-02	1.000000e-01	5.000000e-02	0.000000e+00	2.566472e-11	2.575328e-11	0.000000e+00	-2.566478e-08	0.000000e+00	-5.150657e-14	2.566472e-08	-5.150657e-14	5.000000e-06	-5.000000e-06	-5.000000e-06	5.150657e-14	-1.014360e-25
8.708185876265003e-09	-5.146796e-14	5.000000e-02	1.000000e-01	5.000000e-02	0.000000e+00	-2.566420e-11	-2.573398e-11	0.000000e+00	2.566425e-08	0.000000e+00	5.146796e-14	-2.566420e-08	5.146796e-14	5.000000e-06	-5.000000e-06	-5.000000e-06	-5.146796e-14	8.265098e-26
8.727717126265002e-09	-5.143632e-14	5.000000e-02	1.000000e-01	5.000000e-02	0.000000e+00	2.566367e-11	2.571816e-11	0.000000e+00	-2.566373e-08	0.000000e+00	-5.143632e-14	2.566367e-08	-5.143632e-14	5.000000e-06	-5.000000e-06	-5.000000e-06	5.143632e-14	-6.734473e-26
8.747248376265002e-09	-5.141034e-14	5.000000e-02	1.000000e-01	5.000000e-02	0.000000e+00	-2.566315e-11	-2.570517e-11	0.000000e+00	2.566320e-08	0.000000e+00	5.141034e-14	-2.566315e-08	5.141034e-14	5.000000e-06	-5.000000e-06	-5.000000e-06	-5.141034e-14	5.487302e-26
8.766779626265002e-09	-5.138897e-14	5.000000e-02	1.000000e-01	5.000000e-02	0.000000e+00	2.566262e-11	2.569449e-11	0.000000e+00	-2.566267e-08	0.000000e+00	-5.138897e-14	2.566262e-08	-5.138897e-14	5.000000e-06	-5.000000e-06	-5.000000e-06	5.138897e-14	-4.471094e-26
8.786310876265002e-09	-5.137137e-14	5.000000e-02	1.000000e-01	5.000000e-02	0.000000e+00	-2.566210e-11	-2.568568e-11	0.000000e+00	2.566215e-08	0.000000e+00	5.137137e-14	-2.566210e-08	5.137137e-14	5.000000e-06	-5.000000e-06	-5.000000e-06	-5.137137e-14	3.643075e-26
8.805842126265002e-09	-5.135683e-14	5.000000e-02	1.000000e-01	5.000000e-02	0.000000e+00	2.566157e-11	2.567842e-11	0.000000e+00	-2.566162e-08	0.000000e+00	-5.135683e-14	2.566157e-08	-5.135683e-14	5.000000e-06	-5.000000e-06	-5.000000e-06	5.135683e-14	-2.968395e-26
8.825373376265001e-09	-5.134479e-14	5.000000e-02	1.000000e-01	5.000000e-02	0.000000e+00	-2.566105e-11	-2.567240e-11	0.000000e+00	2.566110e-08	0.000000e+00	5.134479e-14	-2.566104e-08	5.134479e-14	5.000000e-06	-5.000000e-06	-5.000000e-06	-5.134479e-14	2.418659e-26
8.844904626265001e-09	-5.133479e-14	5.000000e-02	1.000000e-01	5.000000e-02	0.000000e+00	2.566052e-11	2.566739e-11	0.000000e+00	-2.566057e-08	0.000000e+00	-5.133479e-14	2.566052e-08	-5.133479e-14	5.000000e-06	-5.000000e-06	-5.000000e-06	5.133479e-14	-1.970727e-26
8.864435876265001e-09	-5.132644e-14	5.000000e-02	1.000000e-01	5.000000e-02	0.000000e+00	-2.565999e-11	-2.566322e-11	0.000000e+00	2.566005e-08	0.000000e+00	5.132644e-14	-2.566000e-08	5.132644e-14	5.000000e-06	-5.000000e-06	-5.000000e-06	-5.132644e-14	1.605748e-26
8.883967126265001e-09	-5.131945e-14	5.000000e-02	1.000000e-01	5.000000e-02	0.000000e+00	2.565947e-11	2.565972e-11	0.000000e+00	-2.565952e-08	0.000000e+00	-5.131945e-14	2.565947e-08	-5.131945e-14	5.000000e-06	-5.000000e-06	-5.000000e-06	5.131945e-14	-1.308358e-26
8.903498376265001e-09	-5.131355e-14	5.000000e-02	1.000000e-01	5.000000e-02	0.000000e+00	-2.565894e-11	-2.565678e-11	0.000000e+00	2.565899e-08	0.000000e+00	5.131355e-14	-2.565894e-08	5.131355e-14	5.000000e-06	-5.000000e-06	-5.000000e-06	-5.131355e-14	1.066041e-26
8.923029626265001e-09	-5.130855e-14	5.000000e-02	1.000000e-01	5.000000e-02	0.000000e+00	2.565842e-11	2.565428e-11	0.000000e+00	-2.565847e-08	0.000000e+00	-5.130855e-14	2.565842e-08	-5.130855e-14	5.000000e-06	-5.000000e-06	-5.000000e-06	5.130855e-14	-8.685990e-27
8.942560876265000e-09	-5.130429e-14	5.000000e-02	1.000000e-01	5.000000e-02	0.000000e+00	-2.565789e-11	-2.565214e-11	0.000000e+00	2.565794e-08	0.000000e+00	5.130429e-14	-2.565789e-08	5.130429e-14	5.000000e-06	-5.000000e-06	-5.000000e-06	-5.130429e-14	7.077207e-27
8.962092126265000e-09	-5.130062e-14	5.000000e-02	1.000000e-01	5.000000e-02	0.000000e+00	2.565737e-11	2.565031e-11	0.000000e+00	-2.565742e-08	0.000000e+00	-5.130062e-14	2.565737e-08	-5.130062e-14	5.000000e-06	-5.000000e-06	-5.000000e-06	5.130062e-14	-5.766352e-27
8.981623376265000e-09	-5.129743e-14	5.000000e-02	1.000000e-01	5.000000e-02	0.000000e+00	-2.565684e-11	-2.564872e-11	0.000000e+00	2.565689e-08	0.000000e+00	5.129743e-14	-2.565684e-08	5.129743e-14	5.000000e-06	-5.000000e-06	-5.000000e-06	-5.129743e-14	4.698253e-27
9.000000000000001e-09	-5.129230e-14	5.000000e-02	1.000000e-01	5.000000e-02	0.000000e+00	2.565628e-11	2.564723e-11	0.000000e+00	-2.565633e-08	0.000000e+00	-5.129230e-14	2.565628e-08	-5.129230e-14	5.000000e-06	-5.000000e-06	-5.000000e-06	5.129230e-14	-3.780221e-27
9.000384734540549e-09	3.076580e-05	5.000000e-02	1.000000e-01	5.000000e-02	1.538938e-02	3.072418e-08	6.482096e-06	0.000000e+00	4.161463e-08	0.000000e+00	3.076580e-05	3.072419e-05	3.076580e-05	5.000000e-06	-5.000000e-06	-5.000000e-06	-3.076580e-05	1.240078e-18
9.000706813905930e-09	5.652458e-05	5.000000e-02	1.000000e-01	5.000000e-02	2.827256e-02	5.655016e-08	1.026762e-05	0.000000e+00	-2.557760e-08	0.000000e+00	5.652458e-05	5.655015e-05	5.652458e-05	5.000000e-06	-5.000000e-06	-5.000000e-06	-5.652458e-05	3.920070e-18
9.000865141439756e-09	6.918788e-05	5.000000e-02	1.000000e-01	5.000000e-02	3.460566e-02	6.914639e-08	1.171852e-05	0.000000e+00	4.148922e-08	0.000000e+00	6.918788e-05	6.914639e-05	6.918788e-05	5.000000e-06	-5.000000e-06	-5.000000e-06	-6.918788e-05	5.647595e-18
9.001083230757516e-09	8.663169e-05	5.000000e-02	1.000000e-01	5.000000e-02	4.332923e-02	8.665712e-08	1.338291e-05	0.000000e+00	-2.543090e-08	0.000000e+00	8.663169e-05	8.665713e-05	8.663169e-05	5.000000e-06	-5.000000e-06	-5.000000e-06	-8.663169e-05	8.361672e-18
9.001324804847699e-09	1.059547e-04	5.000000e-02	1.000000e-01	5.000000e-02	5.299219e-02	1.059133e-07	1.485510e-05	0.000000e+00	4.137316e-08	0.000000e+00	1.059547e-04	1.059133e-04	1.059547e-04	5.000000e-06	-5.000000e-06	-5.000000e-06	-1.059547e-04	1.173949e-17
9.001614978649664e-09	1.291658e-04	5.000000e-02	1.000000e-01	5.000000e-02	6.459915e-02	1.291912e-07	1.622254e-05	0.000000e+00	-2.532907e-08	0.000000e+00	1.291658e-04	1.291912e-04	1.291658e-04	5.000000e-06	-5.000000e-06	-5.000000e-06	-1.291658e-04	1.619812e-17
9.001903560264464e-09	1.522503e-04	5.000000e-02	1.000000e-01	5.000000e-02	7.614241e-02	1.522090e-07	1.724908e-05	0.000000e+00	4.128148e-08	0.000000e+00	1.522503e-04	1.522090e-04	1.522503e-04	5.000000e-06	-5.000000e-06	-5.000000e-06	-1.522503e-04	2.096571e-17
9.002239565298806e-09	1.791290e-04	5.000000e-02	1.000000e-01	5.000000e-02	8.958261e-02	1.791542e-07	1.813830e-05	0.000000e+00	-2.524294e-08	0.000000e+00	1.791290e-04	1.791542e-04	1.791290e-04	5.000000e-06	-5.000000e-06	-5.000000e-06	-1.791290e-04	2.682309e-17
9.002588470838944e-09	2.070401e-04	5.000000e-02	1.000000e-01	5.000000e-02	1.035388e-01	2.069988e-07	1.880779e-05	0.000000e+00	4.120409e-08	0.000000e+00	2.070401e-04	2.069988e-04	2.070401e-04	5.000000e-06	-5.000000e-06	-5.000000e-06	-2.070401e-04	3.315922e-17
9.002999007113668e-09	2.398818e-04	5.000000e-02	1.000000e-01	5.000000e-02	1.199603e-01	2.399070e-07	1.936748e-05	0.000000e+00	-2.517229e-08	0.000000e+00	2.398818e-04	2.399070e-04	2.398818e-04	5.000000e-06	-5.000000e-06	-5.000000e-06	-2.398818e-04	4.084289e-17
9.003439566306018e-09	2.751257e-04	5.000000e-02	1.000000e-01	5.000000e-02	1.375826e-01	2.750846e-07	1.978253e-05	0.000000e+00	4.114181e-08	0.000000e+00	2.751257e-04	2.750846e-04	2.751257e-04	5.000000e-06	-5.000000e-06	-5.000000e-06	-2.751257e-04	4.927399e-17
9.003964123647748e-09	3.170897e-04	5.000000e-02	1.000000e-01	5.000000e-02	1.585649e-01	3.171148e-07	2.011949e-05	0.000000e+00	-2.511681e-08	0.000000e+00	3.170897e-04	3.171148e-04	3.170897e-04	5.000000e-06	-5.000000e-06	-5.000000e-06	-3.170897e-04	5.947003e-17
9.004549353216012e-09	3.639075e-04	5.000000e-02	1.000000e-01	5.000000e-02	1.819741e-01	3.638664e-07	2.037373e-05	0.000000e+00	4.109400e-08	0.000000e+00	3.639075e-04	3.638664e-04	3.639075e-04	5.000000e-06	-5.000000e-06	-5.000000e-06	-3.639075e-04	7.096701e-17
9.005266174261338e-09	4.212528e-04	5.000000e-02	1.000000e-01	5.000000e-02	2.106470e-01	4.212778e-07	2.059061e-05	0.000000e+00	-2.507566e-08	0.000000e+00	4.212528e-04	4.212778e-04	4.212528e-04	5.000000e-06	-5.000000e-06	-5.000000e-06	-4.212528e-04	8.514386e-17
9.006110509811904e-09	4.887992e-04	5.000000e-02	1.000000e-01	5.000000e-02	2.444204e-01	4.887582e-07	2.077960e-05	0.000000e+00	4.105991e-08	0.000000e+00	4.887992e-04	4.887581e-04	4.887992e-04	5.000000e-06	-5.000000e-06	-5.000000e-06	-4.887992e-04	1.019090e-16
9.007202878982953e-09	5.761884e-04	5.000000e-02	1.000000e-01	5.000000e-02	2.881152e-01	5.762134e-07	2.098021e-05	0.000000e+00	-2.504788e-08	0.000000e+00	5.761884e-04	5.762134e-04	5.761884e-04	5.000000e-06	-5.000000e-06	-5.000000e-06	-5.761884e-04	1.236431e-16
9.008608102724002e-09	6.886058e-04	5.000000e-02	1.000000e-01	5.000000e-02	3.443241e-01	6.885647e-07	2.121344e-05	0.000000e+00	4.103841e-08	0.000000e+00	6.886058e-04	6.885647e-04	6.886058e-04	5.000000e-06	-5.000000e-06	-5.000000e-06	-6.886058e-04	1.516266e-16
9.010642826332470e-09	8.513830e-04	5.000000e-02	1.000000e-01	5.000000e-02	4.257131e-01	8.514081e-07	2.154029e-05	0.000000e+00	-2.503198e-08	0.000000e+00	8.513830e-04	8.514081e-04	8.513830e-04	5.000000e-06	-5.000000e-06	-5.000000e-06	-8.513830e-04	1.921569e-16
9.013770312085910e-09	1.101581e-03	5.000000e-02	1.000000e-01	5.000000e-02	5.508125e-01	1.101540e-06	2.203960e-05	0.000000e+00	4.102769e-08	0.000000e+00	1.101581e-03	1.101540e-03	1.101581e-03	5.000000e-06	-5.000000e-06	-5.000000e-06	-1.101581e-03	2.544572e-16
9.019784222572425e-09	1.582692e-03	5.000000e-02	1.000000e-01	5.000000e-02	7.913689e-01	1.582717e-06	2.299998e-05	0.000000e+00	-2.502556e-08	0.000000e+00	1.582692e-03	1.582717e-03	1.582692e-03	5.000000e-06	-5.000000e-06	-5.000000e-06	-1.582692e-03	3.742557e-16
9.020000000000001e-09	1.599954e-03	5.000000e-02	1.000000e-01	5.000000e-02	8.000000e-01	1.599913e-06	2.303437e-05	0.000000e+00	4.096433e-08	0.000000e+00	1.599954e-03	1.599913e-03	1.599954e-03	5.000000e-06	-5.000000e-06	-5.000000e-06	-1.599954e-03	3.785540e-16
9.020139817825566e-09	1.599959e-03	5.000000e-02	1.000000e-01	5.000000e-02	8.000000e-01	1.600000e-06	2.043314e-05	0.000000e+00	-4.083987e-08	0.000000e+00	1.599959e-03	1.600000e-03	1.599959e-03	5.000000e-06	-5.000000e-06	-5.000000e-06	-1.599959e-03	3.811566e-16
9.020249665514997e-09	1.599963e-03	5.000000e-02	1.000000e-01	5.000000e-02	8.000000e-01	1.599922e-06	1.863198e-05	0.000000e+00	4.069797e-08	0.000000e+00	1.599963e-03	1.599922e-03	1.599963e-03	5.000000e-06	-5.000000e-06	-5.000000e-06	-1.599963e-03	3.829586e-16
9.020389784676237e-09	1.599967e-03	5.000000e-02	1.000000e-01	5.000000e-02	8.000000e-01	1.600007e-06	1.660386e-05	0.000000e+00	-4.057618e-08	0.000000e+00	1.599967e-03	1.600007e-03	1.599967e-03	5.000000e-06	-5.000000e-06	-5.000000e-06	-1.599967e-03	3.849878e-16
9.020591566536619e-09	1.599972e-03	5.000000e-02	1.000000e-01	5.000000e-02	8.000000e-01	1.599931e-06	1.413802e-05	0.000000e+00	4.050071e-08	0.000000e+00	1.599972e-03	1.599931e-03	1.599972e-03	5.000000e-06	-5.000000e-06	-5.000000e-06	-1.599972e-03	3.874548e-16
9.020813397431722e-09	1.599976e-03	5.000000e-02	1.000000e-01	5.000000e-02	8.000000e-01	1.600017e-06	1.194580e-05	0.000000e+00	-4.042379e-08	0.000000e+00	1.599976e-03	1.600016e-03	1.599976e-03	5.000000e-06	-5.000000e-06	-5.000000e-06	-1.599976e-03	3.896483e-16
9.021051224930868e-09	1.599980e-03	5.000000e-02	1.000000e-01	5.000000e-02	8.000000e-01	1.599940e-06	1.007961e-05	0.000000e+00	4.035899e-08	0.000000e+00	1.599980e-03	1.599939e-03	1.599980e-03	5.000000e-06	-5.000000e-06	-5.000000e-06	-1.599980e-03	3.915153e-16
9.021298939005739e-09	1.599983e-03	5.000000e-02	1.000000e-01	5.000000e-02	8.000000e-01	1.600023e-06	8.557186e-06	0.000000e+00	-4.029142e-08	0.000000e+00	1.599983e-03	1.600023e-03	1.599983e-03	5.000000e-06	-5.000000e-06	-5.000000e-06	-1.599983e-03	3.930386e-16
9.021570581938538e-09	1.599985e-03	5.000000e-02	1.000000e-01	5.000000e-02	8.000000e-01	1.599945e-06	7.270412e-06	0.000000e+00	4.023403e-08	0.000000e+00	1.599985e-03	1.599945e-03	1.599985e-03	5.000000e-06	-5.000000e-06	-5.000000e-06	-1.599985e-03	3.943259e-16
9.021861921625736e-09	1.599988e-03	5.000000e-02	1.000000e-01	5.000000e-02	8.000000e-01	1.600028e-06	6.230601e-06	0.000000e+00	-4.017740e-08	0.000000e+00	1.599988e-03	1.600028e-03	1.599988e-03	5.000000e-06	-5.000000e-06	-5.000000e-06	-1.599988e-03	3.953663e-16
9.022184764033213e-09	1.599989e-03	5.000000e-02	1.000000e-01	5.000000e-02	8.000000e-01	1.599949e-06	5.383792e-06	0.000000e+00	4.012870e-08	0.000000e+00	1.599989e-03	1.599949e-03	1.599989e-03	5.000000e-06	-5.000000e-06	-5.000000e-06	-1.599989e-03	3.962135e-16
9.022536410150320e-09	1.599991e-03	5.000000e-02	1.000000e-01	5.000000e-02	8.000000e-01	1.600031e-06	4.726908e-06	0.000000e+00	-4.008233e-08	0.000000e+00	1.599991e-03	1.600031e-03	1.599991e-03	5.000000e-06	-5.000000e-06	-5.000000e-06	-1.599991e-03	3.968707e-16
9.022931227674099e-09	1.599992e-03	5.000000e-02	1.000000e-01	5.000000e-02	8.000000e-01	1.599951e-06	4.219796e-06	0.000000e+00	4.004226e-08	0.000000e+00	1.599992e-03	1.599952e-03	1.599992e-03	5.000000e-06	-5.000000e-06	-5.000000e-06	-1.599992e-03	3.973780e-16
9.023370826769345e-09	1.599992e-03	5.000000e-02	1.000000e-01	5.000000e-02	8.000000e-01	1.600032e-06	3.848978e-06	0.000000e+00	-4.000550e-08	0.000000e+00	1.599992e-03	1.600032e-03	1.599992e-03	5.000000e-06	-5.000000e-06	-5.000000e-06	-1.599992e-03	3.977491e-16
9.023875126569220e-09	1.599993e-03	5.000000e-02	1.000000e-01	5.000000e-02	8.000000e-01	1.599953e-06	3.584231e-06	0.000000e+00	3.997399e-08	0.000000e+00	1.599993e-03	1.599953e-03	1.599993e-03	5.000000e-06	-5.000000e-06	-5.000000e-06	-1.599993e-03	3.980139e-16
9.024453946884340e-09	1.599993e-03	5.000000e-02	1.000000e-01	5.000000e-02	8.000000e-01	1.600033e-06	3.408467e-06	0.000000e+00	-3.994625e-08	0.000000e+00	1.599993e-03	1.600033e-03	1.599993e-03	5.000000e-06	-5.000000e-06	-5.000000e-06	-1.599993e-03	3.981899e-16
9.025140750616465e-09	1.599993e-03	5.000000e-02	1.000000e-01	5.000000e-02	8.000000e-01	1.599954e-06	3.298279e-06	0.000000e+00	3.992306e-08	0.000000e+00	1.599993e-03	1.599954e-03	1.599993e-03	5.000000e-06	-5.000000e-06	-5.000000e-06	-1.599993e-03	3.983000e-16
9.025966317897340e-09	1.599994e-03	5.000000e-02	1.000000e-01	5.000000e-02	8.000000e-01	1.600033e-06	3.237022e-06	0.000000e+00	-3.990369e-08	0.000000e+00	1.599994e-03	1.600033e-03	1.599994e-03	5.000000e-06	-5.000000e-06	-5.000000e-06	-1.599994e-03	3.983614e-16
9.027003493640337e-09	1.599994e-03	5.000000e-02	1.000000e-01	5.000000e-02	8.000000e-01	1.599954e-06	3.207253e-06	0.000000e+00	3.988832e-08	0.000000e+00	1.599994e-03	1.599954e-03	1.599994e-03	5.000000e-06	-5.000000e-06	-5.000000e-06	-1.599994e-03	3.983911e-16
9.028353370392387e-09	1.599994e-03	5.000000e-02	1.000000e-01	5.000000e-02	8.000000e-01	1.600033e-06	3.196285e-06	0.000000e+00	-3.987650e-08	0.000000e+00	1.599994e-03	1.600033e-03	1.599994e-03	5.000000e-06	-5.000000e-06	-5.000000e-06	-1.599994e-03	3.984022e-16
9.030244916957771e-09	1.599994e-03	5.000000e-02	1.000000e-01	5.000000e-02	8.000000e-01	1.599954e-06	3.193642e-06	0.000000e+00	3.986807e-08	0.000000e+00	1.599994e-03	1.599954e-03	1.599994e-03	5.000000e-06	-5.000000e-06	-5.000000e-06	-1.599994e-03	3.984047e-16
9.033144013599756e-09	1.599994e-03	5.000000e-02	1.000000e-01	5.000000e-02	8.000000e-01	1.600033e-06	3.193640e-06	0.000000e+00	-3.986257e-08	0.000000e+00	1.599994e-03	1.600033e-03	1.599994e-03	5.000000e-06	-5.000000e-06	-5.000000e-06	-1.599994e-03	3.984048e-16
9.038413191389401e-09	1.599994e-03	5.000000e-02	1.000000e-01	5.000000e-02	8.000000e-01	1.599954e-06	3.193579e-06	0.000000e+00	3.985954e-08	0.000000e+00	1.599994e-03	1.599954e-03	1.599994e-03	5.000000e-06	-5.000000e-06	-5.000000e-06	-1.599994e-03	3.984048e-16
9.048951546968692e-09	1.599994e-03	5.000000e-02	1.000000e-01	5.000000e-02	8.000000e-01	1.600033e-06	3.193649e-06	0.000000e+00	-3.985803e-08	0.000000e+00	1.599994e-03	1.600033e-03	1.599994e-03	5.000000e-06	-5.000000e-06	-5.000000e-06	-1.599994e-03	3.984048e-16
9.068482796968691e-09	1.599994e-03	5.000000e-02	1.000000e-01	5.000000e-02	8.000000e-01	1.599954e-06	3.193576e-06	0.000000e+00	3.985721e-08	0.000000e+00	1.599994e-03	1.599954e-03	1.599994e-03	5.000000e-06	-5.000000e-06	-5.000000e-06	-1.599994e-03	3.984048e-16
9.088014046968691e-09	1.599994e-03	5.000000e-02	1.000000e-01	5.000000e-02	8.000000e-01	1.600033e-06	3.193650e-06	0.000000e+00	-3.985640e-08	0.000000e+00	1.599994e-03	1.600033e-03	1.599994e-03	5.000000e-06	-5.000000e-06	-5.000000e-06	-1.599994e-03	3.984048e-16
9.107545296968691e-09	1.599994e-03	5.000000e-02	1.000000e-01	5.000000e-02	8.000000e-01	1.599954e-06	3.193575e-06	0.000000e+00	3.985558e-08	0.000000e+00	1.599994e-03	1.599954e-03	1.599994e-03	5.000000e-06	-5.000000e-06	-5.000000e-06	-1.599994e-03	3.984048e-16
9.127076546968691e-09	1.599994e-03	5.000000e-02	1.000000e-01	5.000000e-02	8.000000e-01	1.600033e-06	3.193651e-06	0.000000e+00	-3.985476e-08	0.000000e+00	1.599994e-03	1.600033e-03	1.599994e-03	5.000000e-06	-5.000000e-06	-5.000000e-06	-1.599994e-03	3.984048e-16
9.146607796968691e-09	1.599994e-03	5.000000e-02	1.000000e-01	5.000000e-02	8.000000e-01	1.599954e-06	3.193574e-06	0.000000e+00	3.985394e-08	0.000000e+00	1.599994e-03	1.599954e-03	1.599994e-03	5.000000e-06	-5.000000e-06	-5.000000e-06	-1.599994e-03	3.984048e-16
9.166139046968690e-09	1.599994e-03	5.000000e-02	1.000000e-01	5.000000e-02	8.000000e-01	1.600033e-06	3.193652e-06	0.000000e+00	-3.985313e-08	0.000000e+00	1.599994e-03	1.600033e-03	1.599994e-03	5.000000e-06	-5.000000e-06	-5.000000e-06	-1.599994e-03	3.984048e-16
9.185670296968690e-09	1.599994e-03	5.000000e-02	1.000000e-01	5.000000e-02	8.000000e-01	1.599954e-06	3.193574e-06	0.000000e+00	3.985231e-08	0.000000e+00	1.599994e-03	1.599954e-03	1.599994e-03	5.000000e-06	-5.000000e-06	-5.000000e-06	-1.599994e-03	3.984048e-16
9.205201546968690e-09	1.599994e-03	5.000000e-02	1.000000e-01	5.000000e-02	8.000000e-01	1.600033e-06	3.193652e-06	0.000000e+00	-3.985150e-08	0.000000e+00	1.599994e-03	1.600033e-03	1.599994e-03	5.000000e-06	-5.000000e-06	-5.000000e-06	-1.599994e-03	3.984048e-16
9.224732796968690e-09	1.599994e-03	5.000000e-02	1.000000e-01	5.000000e-02	8.000000e-01	1.599954e-06	3.193574e-06	0.000000e+00	3.985068e-08	0.000000e+00	1.599994e-03	1.599954e-03	1.599994e-03	5.000000e-06	-5.000000e-06	-5.000000e-06	-1.599994e-03	3.984048e-16
9.244264046968690e-09	1.599994e-03	5.000000e-02	1.000000e-01	5.000000e-02	8.000000e-01	1.600033e-06	3.193652e-06	0.000000e+00	-3.984987e-08	0.000000e+00	1.599994e-03	1.600033e-03	1.599994e-03	5.000000e-06	-5.000000e-06	-5.000000e-06	-1.599994e-03	3.984048e-16
9.263795296968689e-09	1.599994e-03	5.000000e-02	1.000000e-01	5.000000e-02	8.000000e-01	1.599954e-06	3.193573e-06	0.000000e+00	3.984905e-08	0.000000e+00	1.599994e-03	1.599954e-03	1.599994e-03	5.000000e-06	-5.000000e-06	-5.000000e-06	-1.599994e-03	3.984048e-16
9.283326546968689e-09	1.599994e-03	5.000000e-02	1.000000e-01	5.000000e-02	8.000000e-01	1.600033e-06	3.193652e-06	0.000000e+00	-3.984823e-08	0.000000e+00	1.599994e-03	1.600033e-03	1.599994e-03	5.000000e-06	-5.000000e-06	-5.000000e-06	-1.599994e-03	3.984048e-16
9.302857796968689e-09	1.599994e-03	5.000000e-02	1.000000e-01	5.000000e-02	8.000000e-01	1.599954e-06	3.193573e-06	0.000000e+00	3.984742e-08	0.000000e+00	1.599994e-03	1.599954e-03	1.599994e-03	5.000000e-06	-5.000000e-06	-5.000000e-06	-1.599994e-03	3.984048e-16
9.322389046968689e-09	1.599994e-03	5.000000e-02	1.000000e-01	5.000000e-02	8.000000e-01	1.600033e-06	3.193652e-06	0.000000e+00	-3.984660e-08	0.000000e+00	1.599994e-03	1.600033e-03	1.599994e-03	5.000000e-06	-5.000000e-06	-5.000000e-06	-1.599994e-03	3.984048e-16
9.341920296968689e-09	1.599994e-03	5.000000e-02	1.000000e-01	5.000000e-02	8.000000e-01	1.599954e-06	3.193573e-06	0.000000e+00	3.984578e-08	0.000000e+00	1.599994e-03	1.599954e-03	1.599994e-03	5.000000e-06	-5.000000e-06	-5.000000e-06	-1.599994e-03	3.984048e-16
9.361451546968689e-09	1.599994e-03	5.000000e-02	1.000000e-01	5.000000e-02	8.000000e-01	1.600033e-06	3.193652e-06	0.000000e+00	-3.984497e-08	0.000000e+00	1.599994e-03	1.600033e-03	1.599994e-03	5.000000e-06	-5.000000e-06	-5.000000e-06	-1.599994e-03	3.984048e-16
9.380982796968688e-09	1.599994e-03	5.000000e-02	1.000000e-01	5.000000e-02	8.000000e-01	1.599954e-06	3.193573e-06	0.000000e+00	3.984415e-08	0.000000e+00	1.599994e-03	1.599954e-03	1.599994e-03	5.000000e-06	-5.000000e-06	-5.000000e-06	-1.599994e-03	3.984048e-16
9.400514046968688e-09	1.599994e-03	5.000000e-02	1.000000e-01	5.000000e-02	8.000000e-01	1.600033e-06	3.193652e-06	0.000000e+00	-3.984334e-08	0.000000e+00	1.599994e-03	1.600033e-03	1.599994e-03	5.000000e-06	-5.000000e-06	-5.000000e-06	-1.599994e-03	3.984048e-16
9.420045296968688e-09	1.599994e-03	5.000000e-02	1.000000e-01	5.000000e-02	8.000000e-01	1.599954e-06	3.193573e-06	0.000000e+00	3.984252e-08	0.000000e+00	1.599994e-03	1.599954e-03	1.599994e-03	5.000000e-06	-5.000000e-06	-5.000000e-06	-1.599994e-03	3.984048e-16
9.439576546968688e-09	1.599994e-03	5.000000e-02	1.000000e-01	5.000000e-02	8.000000e-01	1.600033e-06	3.193652e-06	0.000000e+00	-3.984171e-08	0.000000e+00	1.599994e-03	1.600033e-03	1.599994e-03	5.000000e-06	-5.000000e-06	-5.000000e-06	-1.599994e-03	3.984048e-16
9.459107796968688e-09	1.599994e-03	5.000000e-02	1.000000e-01	5.000000e-02	8.000000e-01	1.599954e-06	3.193573e-06	0.000000e+00	3.984089e-08	0.000000e+00	1.599994e-03	1.599954e-03	1.599994e-03	5.000000e-06	-5.000000e-06	-5.000000e-06	-1.599994e-03	3.984048e-16
9.478639046968687e-09	1.599994e-03	5.000000e-02	1.000000e-01	5.000000e-02	8.000000e-01	1.600033e-06	3.193652e-06	0.000000e+00	-3.984007e-08	0.000000e+00	1.599994e-03	1.600033e-03	1.599994e-03	5.000000e-06	-5.000000e-06	-5.000000e-06	-1.599994e-03	3.984048e-16
9.498170296968687e-09	1.599994e-03	5.000000e-02	1.000000e-01	5.000000e-02	8.000000e-01	1.599954e-06	3.193573e-06	0.000000e+00	3.983926e-08	0.000000e+00	1.599994e-03	1.599954e-03	1.599994e-03	5.000000e-06	-5.000000e-06	-5.000000e-06	-1.599994e-03	3.984048e-16
9.517701546968687e-09	1.599994e-03	5.000000e-02	1.000000e-01	5.000000e-02	8.000000e-01	1.600033e-06	3.193652e-06	0.000000e+00	-3.983844e-08	0.000000e+00	1.599994e-03	1.600033e-03	1.599994e-03	5.000000e-06	-5.000000e-06	-5.000000e-06	-1.599994e-03	3.984048e-16
9.520000000000000e-09	1.599994e-03	5.000000e-02	1.000000e-01	5.000000e-02	8.000000e-01	1.599954e-06	3.193573e-06	0.000000e+00	3.983151e-08	0.000000e+00	1.599994e-03	1.599954e-03	1.599994e-03	5.000000e-06	-5.000000e-06	-5.000000e-06	-1.599994e-03	3.984048e-16
9.520247748905829e-09	1.580183e-03	5.000000e-02	1.000000e-01	5.000000e-02	7.900900e-01	1.580238e-06	-1.233250e-06	0.000000e+00	-5.574720e-08	0.000000e+00	1.580183e-03	1.580238e-03	1.580183e-03	5.000000e-06	-5.000000e-06	-5.000000e-06	-1.580183e-03	3.978591e-16
9.520401223387055e-09	1.567909e-03	5.000000e-02	1.000000e-01	5.000000e-02	7.839510e-01	1.567869e-06	-3.467691e-06	0.000000e+00	3.962874e-08	0.000000e+00	1.567909e-03	1.567869e-03	1.567909e-03	5.000000e-06	-5.000000e-06	-5.000000e-06	-1.567909e-03	3.970128e-16
9.520590199734304e-09	1.552796e-03	5.000000e-02	1.000000e-01	5.000000e-02	7.763920e-01	1.552851e-06	-5.791747e-06	0.000000e+00	-5.552312e-08	0.000000e+00	1.552796e-03	1.552851e-03	1.552796e-03	5.000000e-06	-5.000000e-06	-5.000000e-06	-1.552796e-03	3.955435e-16
9.520803202536111e-09	1.535760e-03	5.000000e-02	1.000000e-01	5.000000e-02	7.678719e-01	1.535720e-06	-7.940335e-06	0.000000e+00	3.943799e-08	0.000000e+00	1.535760e-03	1.535720e-03	1.535760e-03	5.000000e-06	-5.000000e-06	-5.000000e-06	-1.535760e-03	3.934160e-16
9.521042079821528e-09	1.516653e-03	5.000000e-02	1.000000e-01	5.000000e-02	7.583168e-01	1.516709e-06	-9.869611e-06	0.000000e+00	-5.535539e-08	0.000000e+00	1.516653e-03	1.516709e-03	1.516653e-03	5.000000e-06	-5.000000e-06	-5.000000e-06	-1.516653e-03	3.905497e-16
9.521289078269505e-09	1.496897e-03	5.000000e-02	1.000000e-01	5.000000e-02	7.484369e-01	1.496857e-06	-1.144050e-05	0.000000e+00	3.928130e-08	0.000000e+00	1.496897e-03	1.496857e-03	1.496897e-03	5.000000e-06	-5.000000e-06	-5.000000e-06	-1.496897e-03	3.871615e-16
9.521561677927781e-09	1.475091e-03	5.000000e-02	1.000000e-01	5.000000e-02	7.375329e-01	1.475147e-06	-1.278642e-05	0.000000e+00	-5.521001e-08	0.000000e+00	1.475091e-03	1.475147e-03	1.475091e-03	5.000000e-06	-5.000000e-06	-5.000000e-06	-1.475091e-03	3.830344e-16
9.521850897339024e-09	1.451956e-03	5.000000e-02	1.000000e-01	5.000000e-02	7.259641e-01	1.451917e-06	-1.387440e-05	0.000000e+00	3.914626e-08	0.000000e+00	1.451956e-03	1.451917e-03	1.451956e-03	5.000000e-06	-5.000000e-06	-5.000000e-06	-1.451956e-03	3.783153e-16
9.522173911319093e-09	1.426117e-03	5.000000e-02	1.000000e-01	5.000000e-02	7.130436e-01	1.426172e-06	-1.478177e-05	0.000000e+00	-5.508679e-08	0.000000e+00	1.426117e-03	1.426172e-03	1.426117e-03	5.000000e-06	-5.000000e-06	-5.000000e-06	-1.426117e-03	3.727371e-16
9.522523265251152e-09	1.398170e-03	5.000000e-02	1.000000e-01	5.000000e-02	6.990694e-01	1.398131e-06	-1.549761e-05	0.000000e+00	3.903373e-08	0.000000e+00	1.398170e-03	1.398131e-03	1.398170e-03	5.000000e-06	-5.000000e-06	-5.000000e-06	-1.398170e-03	3.664382e-16
9.522917899520472e-09	1.366600e-03	5.000000e-02	1.000000e-01	5.000000e-02	6.832840e-01	1.366655e-06	-1.607374e-05	0.000000e+00	-5.498550e-08	0.000000e+00	1.366600e-03	1.366655e-03	1.366600e-03	5.000000e-06	-5.000000e-06	-5.000000e-06	-1.366600e-03	3.590904e-16
9.523354660949463e-09	1.331660e-03	5.000000e-02	1.000000e-01	5.000000e-02	6.658136e-01	1.331621e-06	-1.651722e-05	0.000000e+00	3.894289e-08	0.000000e+00	1.331660e-03	1.331621e-03	1.331660e-03	5.000000e-06	-5.000000e-06	-5.000000e-06	-1.331660e-03	3.507639e-16
9.523857991037979e-09	1.291394e-03	5.000000e-02	1.000000e-01	5.000000e-02	6.456804e-01	1.291449e-06	-1.686593e-05	0.000000e+00	-5.490532e-08	0.000000e+00	1.291394e-03	1.291449e-03	1.291394e-03	5.000000e-06	-5.000000e-06	-5.000000e-06	-1.291394e-03	3.410060e-16
9.524432802034092e-09	1.245410e-03	5.000000e-02	1.000000e-01	5.000000e-02	6.226879e-01	1.245371e-06	-1.713566e-05	0.000000e+00	3.887288e-08	0.000000e+00	1.245410e-03	1.245371e-03	1.245410e-03	5.000000e-06	-5.000000e-06	-5.000000e-06	-1.245410e-03	3.297336e-16
9.525117121000415e-09	1.190665e-03	5.000000e-02	1.000000e-01	5.000000e-02	5.953152e-01	1.190720e-06	-1.735699e-05	0.000000e+00	-5.484536e-08	0.000000e+00	1.190665e-03	1.190720e-03	1.190665e-03	5.000000e-06	-5.000000e-06	-5.000000e-06	-1.190665e-03	3.162140e-16
9.525936008270135e-09	1.125154e-03	5.000000e-02	1.000000e-01	5.000000e-02	5.625597e-01	1.125116e-06	-1.755031e-05	0.000000e+00	3.882258e-08	0.000000e+00	1.125154e-03	1.125116e-03	1.125154e-03	5.000000e-06	-5.000000e-06	-5.000000e-06	-1.125154e-03	2.999640e-16
9.526966912340412e-09	1.042683e-03	5.000000e-02	1.000000e-01	5.000000e-02	5.213235e-01	1.042737e-06	-1.774536e-05	0.000000e+00	-5.480434e-08	0.000000e+00	1.042683e-03	1.042737e-03	1.042683e-03	5.000000e-06	-5.000000e-06	-5.000000e-06	-1.042683e-03	2.794587e-16
9.528302426370997e-09	9.358418e-04	5.000000e-02	1.000000e-01	5.000000e-02	4.679030e-01	9.358030e-07	-1.797015e-05	0.000000e+00	3.879039e-08	0.000000e+00	9.358418e-04	9.358031e-04	9.358418e-04	5.000000e-06	-5.000000e-06	-5.000000e-06	-9.358418e-04	2.528664e-16
9.530174396942095e-09	7.860848e-04	5.000000e-02	1.000000e-01	5.000000e-02	3.930241e-01	7.861396e-07	-1.827170e-05	0.000000e+00	-5.478033e-08	0.000000e+00	7.860848e-04	7.861396e-04	7.860848e-04	5.000000e-06	-5.000000e-06	-5.000000e-06	-7.860848e-04	2.155790e-16
9.533025171453329e-09	5.580237e-04	5.000000e-02	1.000000e-01	5.000000e-02	2.789931e-01	5.579849e-07	-1.872711e-05	0.000000e+00	3.877383e-08	0.000000e+00	5.580237e-04	5.579850e-04	5.580237e-04	5.000000e-06	-5.000000e-06	-5.000000e-06	-5.580237e-04	1.587910e-16
9.538185560927752e-09	1.451942e-04	5.000000e-02	1.000000e-01	5.000000e-02	7.257757e-02	1.452490e-07	-1.955100e-05	0.000000e+00	-5.477014e-08	0.000000e+00	1.451942e-04	1.452490e-04	1.451942e-04	5.000000e-06	-5.000000e-06	-5.000000e-06	-1.451942e-04	5.599481e-17
9.540000000000000e-09	3.968167e-08	5.000000e-02	1.000000e-01	5.000000e-02	6.061818e-14	9.217772e-13	-1.984083e-05	0.000000e+00	3.875989e-08	0.000000e+00	3.968167e-08	9.217772e-10	3.968167e-08	5.000000e-06	-5.000000e-06	-5.000000e-06	-3.968167e-08	1.985076e-17
9.540167130387524e-09	-3.354121e-08	5.000000e-02	1.000000e-01	5.000000e-02	0.000000e+00	7.221579e-11	-1.677061e-05	0.000000e+00	-3.867458e-08	0.000000e+00	3.354121e-08	7.221579e-08	3.354121e-08	5.000000e-06	-5.000000e-06	-5.000000e-06	-3.354121e-08	1.677906e-17
9.540319955270841e-09	2.876382e-08	5.000000e-02	1.000000e-01	5.000000e-02	0.000000e+00	-9.803417e-12	-1.438191e-05	0.000000e+00	3.856724e-08	0.000000e+00	2.876382e-08	-9.803417e-09	2.876382e-08	5.000000e-06	-5.000000e-06	-5.000000e-06	-2.876382e-08	1.438909e-17
9.540527426039522e-09	2.333976e-08	5.000000e-02	1.000000e-01	5.000000e-02	0.000000e+00	6.183794e-11	-1.166988e-05	0.000000e+00	-3.849818e-08	0.000000e+00	2.333976e-08	6.183794e-08	2.333976e-08	5.000000e-06	-5.000000e-06	-5.000000e-06	-2.333976e-08	1.167578e-17
9.540731986631527e-09	1.899477e-08	5.000000e-02	1.000000e-01	5.000000e-02	0.000000e+00	-1.942396e-11	-9.497387e-06	0.000000e+00	3.841873e-08	0.000000e+00	1.899477e-08	-1.942395e-08	1.899477e-08	5.000000e-06	-5.000000e-06	-5.000000e-06	-1.899477e-08	9.502116e-18
9.540971444329138e-09	1.491985e-08	5.000000e-02	1.000000e-01	5.000000e-02	0.000000e+00	5.327785e-11	-7.459924e-06	0.000000e+00	-3.835801e-08	0.000000e+00	1.491985e-08	5.327786e-08	1.491985e-08	5.000000e-06	-5.000000e-06	-5.000000e-06	-1.491985e-08	7.463708e-18
9.541205554871043e-09	1.178331e-08	5.000000e-02	1.000000e-01	5.000000e-02	0.000000e+00	-2.650653e-11	-5.891657e-06	0.000000e+00	3.828985e-08	0.000000e+00	1.178331e-08	-2.650653e-08	1.178331e-08	5.000000e-06	-5.000000e-06	-5.000000e-06	-1.178331e-08	5.894577e-18
9.541477864962280e-09	8.950295e-09	5.000000e-02	1.000000e-01	5.000000e-02	0.000000e+00	4.718602e-11	-4.475147e-06	0.000000e+00	-3.823572e-08	0.000000e+00	8.950295e-09	4.718602e-08	8.950295e-09	5.000000e-06	-5.000000e-06	-5.000000e-06	-8.950295e-09	4.477432e-18
9.541753782560776e-09	6.773604e-09	5.000000e-02	1.000000e-01	5.000000e-02	0.000000e+00	-3.140515e-11	-3.386802e-06	0.000000e+00	3.817875e-08	0.000000e+00	6.773604e-09	-3.140515e-08	6.773604e-09	5.000000e-06	-5.000000e-06	-5.000000e-06	-6.773604e-09	3.388464e-18
9.542073653525619e-09	4.899908e-09	5.000000e-02	1.000000e-01	5.000000e-02	0.000000e+00	4.303212e-11	-2.449954e-06	0.000000e+00	-3.813221e-08	0.000000e+00	4.899908e-09	4.303212e-08	4.899908e-09	5.000000e-06	-5.000000e-06	-5.000000e-06	-4.899908e-09	2.451222e-18
9.542406688551619e-09	3.496943e-09	5.000000e-02	1.000000e-01	5.000000e-02	0.000000e+00	-3.458865e-11	-1.748472e-06	0.000000e+00	3.808560e-08	0.000000e+00	3.496943e-09	-3.458866e-08	3.496943e-09	5.000000e-06	-5.000000e-06	-5.000000e-06	-3.496943e-09	1.749311e-18
9.542793773227158e-09	2.359378e-09	5.000000e-02	1.000000e-01	5.000000e-02	0.000000e+00	4.040623e-11	-1.179689e-06	0.000000e+00	-3.804685e-08	0.000000e+00	2.359378e-09	4.040623e-08	2.359378e-09	5.000000e-06	-5.000000e-06	-5.000000e-06	-2.359378e-09	1.180319e-18
9.543208910293353e-09	1.546049e-09	5.000000e-02	1.000000e-01	5.000000e-02	0.000000e+00	-3.646377e-11	-7.730243e-07	0.000000e+00	3.800982e-08	0.000000e+00	1.546049e-09	-3.646377e-08	1.546049e-09	5.000000e-06	-5.000000e-06	-5.000000e-06	-1.546049e-09	7.733744e-19
9.543697339178193e-09	9.373036e-10	5.000000e-02	1.000000e-01	5.000000e-02	0.000000e+00	3.891626e-11	-4.686518e-07	0.000000e+00	-3.797895e-08	0.000000e+00	9.373036e-10	3.891626e-08	9.373036e-10	5.000000e-06	-5.000000e-06	-5.000000e-06	-9.373036e-10	4.689250e-19
9.544239993738049e-09	5.362426e-10	5.000000e-02	1.000000e-01	5.000000e-02	0.000000e+00	-3.741457e-11	-2.681213e-07	0.000000e+00	3.795082e-08	0.000000e+00	5.362426e-10	-3.741458e-08	5.362426e-10	5.000000e-06	-5.000000e-06	-5.000000e-06	-5.362426e-10	2.682179e-19
9.544894710961137e-09	2.709309e-10	5.000000e-02	1.000000e-01	5.000000e-02	0.000000e+00	3.819865e-11	-1.354654e-07	0.000000e+00	-3.792772e-08	0.000000e+00	2.709309e-10	3.819865e-08	2.709309e-10	5.000000e-06	-5.000000e-06	-5.000000e-06	-2.709309e-10	1.355714e-19
9.545657771410295e-09	1.210185e-10	5.000000e-02	1.000000e-01	5.000000e-02	0.000000e+00	-3.778678e-11	-6.050924e-08	0.000000e+00	3.790780e-08	0.000000e+00	1.210185e-10	-3.778679e-08	1.210185e-10	5.000000e-06	-5.000000e-06	-5.000000e-06	-1.210185e-10	6.050172e-20
9.546623026890426e-09	4.194229e-11	5.000000e-02	1.000000e-01	5.000000e-02	0.000000e+00	3.793406e-11	-2.097115e-08	0.000000e+00	-3.789211e-08	0.000000e+00	4.194229e-11	3.793406e-08	4.194229e-11	5.000000e-06	-5.000000e-06	-5.000000e-06	-4.194229e-11	2.101957e-20
9.547836249154496e-09	1.029507e-11	5.000000e-02	1.000000e-01	5.000000e-02	0.000000e+00	-3.786932e-11	-5.147533e-09	0.000000e+00	3.787962e-08	0.000000e+00	1.029507e-11	-3.786932e-08	1.029507e-11	5.000000e-06	-5.000000e-06	-5.000000e-06	-1.029507e-11	5.112238e-21
9.549521107708991e-09	7.805634e-13	5.000000e-02	1.000000e-01	5.000000e-02	0.000000e+00	3.787141e-11	-3.902817e-10	0.000000e+00	-3.787063e-08	0.000000e+00	7.805634e-13	3.787141e-08	7.805634e-13	5.000000e-06	-5.000000e-06	-5.000000e-06	-7.805634e-13	4.283483e-22
9.551967865576204e-09	-1.181732e-14	5.000000e-02	1.000000e-01	5.000000e-02	0.000000e+00	-3.786445e-11	5.908658e-12	0.000000e+00	3.786444e-08	0.000000e+00	-1.181732e-14	-3.786445e-08	-1.181732e-14	5.000000e-06	-5.000000e-06	-5.000000e-06	1.181732e-14	-4.377606e-23
9.556191529512738e-09	4.428447e-14	5.000000e-02	1.000000e-01	5.000000e-02	0.000000e+00	3.786081e-11	2.214223e-11	0.000000e+00	-3.786085e-08	0.000000e+00	-4.428447e-14	3.786081e-08	-4.428447e-14	5.000000e-06	-5.000000e-06	-5.000000e-06	4.428447e-14	1.570750e-23
9.564638857385808e-09	-5.626888e-14	5.000000e-02	1.000000e-01	5.000000e-02	0.000000e+00	-3.785900e-11	-2.813444e-11	0.000000e+00	3.785906e-08	0.000000e+00	5.626888e-14	-3.785900e-08	5.626888e-14	5.000000e-06	-5.000000e-06	-5.000000e-06	-5.626888e-14	-9.710497e-24
9.581533513131948e-09	-6.036363e-14	5.000000e-02	1.000000e-01	5.000000e-02	0.000000e+00	3.785810e-11	3.018181e-11	0.000000e+00	-3.785816e-08	0.000000e+00	-6.036363e-14	3.785810e-08	-6.036363e-14	5.000000e-06	-5.000000e-06	-5.000000e-06	6.036363e-14	7.661199e-24
9.601064763131948e-09	-6.319819e-14	5.000000e-02	1.000000e-01	5.000000e-02	0.000000e+00	-3.785732e-11	-3.159909e-11	0.000000e+00	3.785739e-08	0.000000e+00	6.319819e-14	-3.785732e-08	6.319819e-14	5.000000e-06	-5.000000e-06	-5.000000e-06	-6.319819e-14	-6.242433e-24
9.620596013131948e-09	-6.550752e-14	5.000000e-02	1.000000e-01	5.000000e-02	0.000000e+00	3.785655e-11	3.275376e-11	0.000000e+00	-3.785661e-08	0.000000e+00	-6.550752e-14	3.785654e-08	-6.550752e-14	5.000000e-06	-5.000000e-06	-5.000000e-06	6.550752e-14	5.086407e-24
9.640127263131948e-09	-6.738892e-14	5.000000e-02	1.000000e-01	5.000000e-02	0.000000e+00	-3.785577e-11	-3.369446e-11	0.000000e+00	3.785584e-08	0.000000e+00	6.738892e-14	-3.785577e-08	6.738892e-14	5.000000e-06	-5.000000e-06	-5.000000e-06	-6.738892e-14	-4.144463e-24
9.659658513131948e-09	-6.892161e-14	5.000000e-02	1.000000e-01	5.000000e-02	0.000000e+00	3.785499e-11	3.446081e-11	0.000000e+00	-3.785506e-08	0.000000e+00	-6.892161e-14	3.785499e-08	-6.892161e-14	5.000000e-06	-5.000000e-06	-5.000000e-06	6.892161e-14	3.376957e-24
9.679189763131947e-09	-7.017018e-14	5.000000e-02	1.000000e-01	5.000000e-02	0.000000e+00	-3.785422e-11	-3.508509e-11	0.000000e+00	3.785429e-08	0.000000e+00	7.017018e-14	-3.785421e-08	7.017018e-14	5.000000e-06	-5.000000e-06	-5.000000e-06	-7.017018e-14	-2.751583e-24
9.698721013131947e-09	-7.118724e-14	5.000000e-02	1.000000e-01	5.000000e-02	0.000000e+00	3.785344e-11	3.559362e-11	0.000000e+00	-3.785351e-08	0.000000e+00	-7.118724e-14	3.785344e-08	-7.118724e-14	5.000000e-06	-5.000000e-06	-5.000000e-06	7.118724e-14	2.242022e-24
9.718252263131947e-09	-7.201567e-14	5.000000e-02	1.000000e-01	5.000000e-02	0.000000e+00	-3.785266e-11	-3.600783e-11	0.000000e+00	3.785274e-08	0.000000e+00	7.201567e-14	-3.785267e-08	7.201567e-14	5.000000e-06	-5.000000e-06	-5.000000e-06	-7.201567e-14	-1.826826e-24
9.737783513131947e-09	-7.269039e-14	5.000000e-02	1.000000e-01	5.000000e-02	0.000000e+00	3.785189e-11	3.634519e-11	0.000000e+00	-3.785196e-08	0.000000e+00	-7.269039e-14	3.785189e-08	-7.269039e-14	5.000000e-06	-5.000000e-06	-5.000000e-06	7.269039e-14	1.488519e-24
9.757314763131947e-09	-7.323988e-14	5.000000e-02	1.000000e-01	5.000000e-02	0.000000e+00	-3.785111e-11	-3.661994e-11	0.000000e+00	3.785118e-08	0.000000e+00	7.323988e-14	-3.785111e-08	7.323988e-14	5.000000e-06	-5.000000e-06	-5.000000e-06	-7.323988e-14	-1.212863e-24
9.776846013131947e-09	-7.368732e-14	5.000000e-02	1.000000e-01	5.000000e-02	0.000000e+00	3.785034e-11	3.684366e-11	0.000000e+00	-3.785041e-08	0.000000e+00	-7.368732e-14	3.785033e-08	-7.368732e-14	5.000000e-06	-5.000000e-06	-5.000000e-06	7.368732e-14	9.882549e-25
9.796377263131946e-09	-7.405161e-14	5.000000e-02	1.000000e-01	5.000000e-02	0.000000e+00	-3.784956e-11	-3.702581e-11	0.000000e+00	3.784963e-08	0.000000e+00	7.405161e-14	-3.784956e-08	7.405161e-14	5.000000e-06	-5.000000e-06	-5.000000e-06	-7.405161e-14	-8.052418e-25
9.815908513131946e-09	-7.434815e-14	5.000000e-02	1.000000e-01	5.000000e-02	0.000000e+00	3.784879e-11	3.717408e-11	0.000000e+00	-3.784886e-08	0.000000e+00	-7.434815e-14	3.784879e-08	-7.434815e-14	5.000000e-06	-5.000000e-06	-5.000000e-06	7.434815e-14	6.561206e-25
9.835439763131946e-09	-7.458950e-14	5.000000e-02	1.000000e-01	5.000000e-02	0.000000e+00	-3.784801e-11	-3.729475e-11	0.000000e+00	3.784809e-08	0.000000e+00	7.458950e-14	-3.784801e-08	7.458950e-14	5.000000e-06	-5.000000e-06	-5.000000e-06	-7.458950e-14	-5.346150e-25
9.854971013131946e-09	-7.478585e-14	5.000000e-02	1.000000e-01	5.000000e-02	0.000000e+00	3.784724e-11	3.739293e-11	0.000000e+00	-3.784731e-08	0.000000e+00	-7.478585e-14	3.784723e-08	-7.478585e-14	5.000000e-06	-5.000000e-06	-5.000000e-06	7.478585e-14	4.356108e-25
9.874502263131946e-09	-7.494556e-14	5.000000e-02	1.000000e-01	5.000000e-02	0.000000e+00	-3.784646e-11	-3.747278e-11	0.000000e+00	3.784653e-08	0.000000e+00	7.494556e-14	-3.784646e-08	7.494556e-14	5.000000e-06	-5.000000e-06	-5.000000e-06	-7.494556e-14	-3.549410e-25
9.894033513131945e-09	-7.507541e-14	5.000000e-02	1.000000e-01	5.000000e-02	0.000000e+00	3.784568e-11	3.753771e-11	0.000000e+00	-3.784576e-08	0.000000e+00	-7.507541e-14	3.784568e-08	-7.507541e-14	5.000000e-06	-5.000000e-06	-5.000000e-06	7.507541e-14	2.892104e-25
9.913564763131945e-09	-7.518092e-14	5.000000e-02	1.000000e-01	5.000000e-02	0.000000e+00	-3.784491e-11	-3.759046e-11	0.000000e+00	3.784498e-08	0.000000e+00	7.518092e-14	-3.784491e-08	7.518092e-14	5.000000e-06	-5.000000e-06	-5.000000e-06	-7.518092e-14	-2.356523e-25
9.933096013131945e-09	-7.526661e-14	5.000000e-02	1.000000e-01	5.000000e-02	0.000000e+00	3.784413e-11	3.763330e-11	0.000000e+00	-3.784421e-08	0.000000e+00	-7.526661e-14	3.784413e-08	-7.526661e-14	5.000000e-06	-5.000000e-06	-5.000000e-06	7.526661e-14	1.920126e-25
9.952627263131945e-09	-7.533614e-14	5.000000e-02	1.000000e-01	5.000000e-02	0.000000e+00	-3.784336e-11	-3.766807e-11	0.000000e+00	3.784344e-08	0.000000e+00	7.533614e-14	-3.784336e-08	7.533614e-14	5.000000e-06	-5.000000e-06	-5.000000e-06	-7.533614e-14	-1.564544e-25
9.972158513131945e-09	-7.539251e-14	5.000000e-02	1.000000e-01	5.000000e-02	0.000000e+00	3.784258e-11	3.769626e-11	0.000000e+00	-3.784266e-08	0.000000e+00	-7.539251e-14	3.784258e-08	-7.539251e-14	5.000000e-06	-5.000000e-06	-5.000000e-06	7.539251e-14	1.274812e-25
9.991689763131944e-09	-7.543815e-14	5.000000e-02	1.000000e-01	5.000000e-02	0.000000e+00	-3.784181e-11	-3.771907e-11	0.000000e+00	3.784188e-08	0.000000e+00	7.543815e-14	-3.784181e-08	7.543815e-14	5.000000e-06	-5.000000e-06	-5.000000e-06	-7.543815e-14	-1.038735e-25
1.000000000000000e-08	-7.549517e-14	5.000000e-02	1.000000e-01	5.000000e-02	0.000000e+00	3.783999e-11	3.775741e-11	0.000000e+00	-3.784006e-08	0.000000e+00	-7.549517e-14	3.783999e-08	-7.549517e-14	5.000000e-06	-5.000000e-06	-5.000000e-06	7.549517e-14	6.368947e-26
1.000029943531113e-08	2.394436e-05	5.000000e-02	1.000000e-01	5.000000e-02	1.197741e-02	2.389059e-08	5.230871e-06	0.000000e+00	5.377188e-08	0.000000e+00	2.394436e-05	2.389059e-05	2.394436e-05	5.000000e-06	-5.000000e-06	-5.000000e-06	-2.394436e-05	7.791104e-19
1.000053994966770e-08	4.317912e-05	5.000000e-02	1.000000e-01	5.000000e-02	2.159799e-02	4.321682e-08	8.426138e-06	0.000000e+00	-3.770113e-08	0.000000e+00	4.317912e-05	4.321682e-05	4.317912e-05	5.000000e-06	-5.000000e-06	-5.000000e-06	-4.317912e-05	2.411859e-18
1.000070985174818e-08	5.676762e-05	5.000000e-02	1.000000e-01	5.000000e-02	2.839407e-02	5.671403e-08	1.026002e-05	0.000000e+00	5.358935e-08	0.000000e+00	5.676762e-05	5.671403e-05	5.676762e-05	5.000000e-06	-5.000000e-06	-5.000000e-06	-5.676762e-05	3.988603e-18
1.000095397679086e-08	7.629331e-05	5.000000e-02	1.000000e-01	5.000000e-02	3.815907e-02	7.633083e-08	1.241479e-05	0.000000e+00	-3.751824e-08	0.000000e+00	7.629331e-05	7.633083e-05	7.629331e-05	5.000000e-06	-5.000000e-06	-5.000000e-06	-7.629331e-05	6.734871e-18
1.000117516755145e-08	9.398547e-05	5.000000e-02	1.000000e-01	5.000000e-02	4.700670e-02	9.393204e-08	1.396411e-05	0.000000e+00	5.343320e-08	0.000000e+00	9.398547e-05	9.393205e-05	9.398547e-05	5.000000e-06	-5.000000e-06	-5.000000e-06	-9.398547e-05	9.626188e-18
1.000146160613586e-08	1.168974e-04	5.000000e-02	1.000000e-01	5.000000e-02	5.846424e-02	1.169348e-07	1.553403e-05	0.000000e+00	-3.737199e-08	0.000000e+00	1.168974e-04	1.169348e-04	1.168974e-04	5.000000e-06	-5.000000e-06	-5.000000e-06	-1.168974e-04	1.380727e-17
1.000172448486951e-08	1.379255e-04	5.000000e-02	1.000000e-01	5.000000e-02	6.897940e-02	1.378722e-07	1.663404e-05	0.000000e+00	5.330133e-08	0.000000e+00	1.379255e-04	1.378722e-04	1.379255e-04	5.000000e-06	-5.000000e-06	-5.000000e-06	-1.379255e-04	1.798521e-17
1.000205480634248e-08	1.643492e-04	5.000000e-02	1.000000e-01	5.000000e-02	8.219226e-02	1.643864e-07	1.767700e-05	0.000000e+00	-3.724777e-08	0.000000e+00	1.643492e-04	1.643864e-04	1.643492e-04	5.000000e-06	-5.000000e-06	-5.000000e-06	-1.643492e-04	2.357467e-17
1.000237421812474e-08	1.899006e-04	5.000000e-02	1.000000e-01	5.000000e-02	9.496872e-02	1.898474e-07	1.841633e-05	0.000000e+00	5.319022e-08	0.000000e+00	1.899006e-04	1.898474e-04	1.899006e-04	5.000000e-06	-5.000000e-06	-5.000000e-06	-1.899006e-04	2.924867e-17
1.000277058181002e-08	2.216084e-04	5.000000e-02	1.000000e-01	5.000000e-02	1.108233e-01	2.216455e-07	1.907807e-05	0.000000e+00	-3.714531e-08	0.000000e+00	2.216084e-04	2.216455e-04	2.216084e-04	5.000000e-06	-5.000000e-06	-5.000000e-06	-2.216084e-04	3.654567e-17
1.000317132303204e-08	2.536667e-04	5.000000e-02	1.000000e-01	5.000000e-02	1.268529e-01	2.536136e-07	1.954549e-05	0.000000e+00	5.309980e-08	0.000000e+00	2.536667e-04	2.536137e-04	2.536667e-04	5.000000e-06	-5.000000e-06	-5.000000e-06	-2.536667e-04	4.412481e-17
1.000366759510858e-08	2.933677e-04	5.000000e-02	1.000000e-01	5.000000e-02	1.467038e-01	2.934048e-07	1.994446e-05	0.000000e+00	-3.706378e-08	0.000000e+00	2.933677e-04	2.934048e-04	2.933677e-04	5.000000e-06	-5.000000e-06	-5.000000e-06	-2.933677e-04	5.369087e-17
1.000419337986753e-08	3.354299e-04	5.000000e-02	1.000000e-01	5.000000e-02	1.677352e-01	3.353769e-07	2.022957e-05	0.000000e+00	5.302930e-08	0.000000e+00	3.354299e-04	3.353769e-04	3.354299e-04	5.000000e-06	-5.000000e-06	-5.000000e-06	-3.354299e-04	6.396330e-17
1.000485387962129e-08	3.882694e-04	5.000000e-02	1.000000e-01	5.000000e-02	1.941552e-01	3.883064e-07	2.047490e-05	0.000000e+00	-3.700218e-08	0.000000e+00	3.882694e-04	3.883064e-04	3.882694e-04	5.000000e-06	-5.000000e-06	-5.000000e-06	-3.882694e-04	7.698076e-17
1.000559426848711e-08	4.475001e-04	5.000000e-02	1.000000e-01	5.000000e-02	2.237707e-01	4.474471e-07	2.066942e-05	0.000000e+00	5.297778e-08	0.000000e+00	4.475001e-04	4.474471e-04	4.475001e-04	5.000000e-06	-5.000000e-06	-5.000000e-06	-4.475001e-04	9.165306e-17
1.000656085428295e-08	5.248266e-04	5.000000e-02	1.000000e-01	5.000000e-02	2.624342e-01	5.248636e-07	2.086607e-05	0.000000e+00	-3.695925e-08	0.000000e+00	5.248266e-04	5.248635e-04	5.248266e-04	5.000000e-06	-5.000000e-06	-5.000000e-06	-5.248266e-04	1.108654e-16
1.000773574358075e-08	6.188173e-04	5.000000e-02	1.000000e-01	5.000000e-02	3.094297e-01	6.187644e-07	2.107020e-05	0.000000e+00	5.294387e-08	0.000000e+00	6.188173e-04	6.187644e-04	6.188173e-04	5.000000e-06	-5.000000e-06	-5.000000e-06	-6.188173e-04	1.342529e-16
1.000940664614497e-08	7.524890e-04	5.000000e-02	1.000000e-01	5.000000e-02	3.762659e-01	7.525259e-07	2.134238e-05	0.000000e+00	-3.693318e-08	0.000000e+00	7.524890e-04	7.525259e-04	7.524890e-04	5.000000e-06	-5.000000e-06	-5.000000e-06	-7.524890e-04	1.675324e-16
1.001175528913039e-08	9.403797e-04	5.000000e-02	1.000000e-01	5.000000e-02	4.702116e-01	9.403267e-07	2.171788e-05	0.000000e+00	5.292546e-08	0.000000e+00	9.403797e-04	9.403268e-04	9.403797e-04	5.000000e-06	-5.000000e-06	-5.000000e-06	-9.403797e-04	2.143174e-16
1.001586984791140e-08	1.269543e-03	5.000000e-02	1.000000e-01	5.000000e-02	6.347939e-01	1.269580e-06	2.237493e-05	0.000000e+00	-3.692116e-08	0.000000e+00	1.269543e-03	1.269580e-03	1.269543e-03	5.000000e-06	-5.000000e-06	-5.000000e-06	-1.269543e-03	2.962804e-16
1.002000000000000e-08	1.599954e-03	5.000000e-02	1.000000e-01	5.000000e-02	8.000000e-01	1.599901e-06	2.303436e-05	0.000000e+00	5.291675e-08	0.000000e+00	1.599954e-03	1.599901e-03	1.599954e-03	5.000000e-06	-5.000000e-06	-5.000000e-06	-1.599954e-03	3.785540e-16
1.002019241848748e-08	1.599961e-03	5.000000e-02	1.000000e-01	5.000000e-02	8.000000e-01	1.600014e-06	1.954068e-05	0.000000e+00	-5.279960e-08	0.000000e+00	1.599961e-03	1.600014e-03	1.599961e-03	5.000000e-06	-5.000000e-06	-5.000000e-06	-1.599961e-03	3.820496e-16
1.002039386867537e-08	1.599967e-03	5.000000e-02	1.000000e-01	5.000000e-02	8.000000e-01	1.599914e-06	1.653930e-05	0.000000e+00	5.270082e-08	0.000000e+00	1.599967e-03	1.599914e-03	1.599967e-03	5.000000e-06	-5.000000e-06	-5.000000e-06	-1.599967e-03	3.850523e-16
1.002058377799038e-08	1.599972e-03	5.000000e-02	1.000000e-01	5.000000e-02	8.000000e-01	1.600024e-06	1.421732e-05	0.000000e+00	-5.258505e-08	0.000000e+00	1.599972e-03	1.600024e-03	1.599972e-03	5.000000e-06	-5.000000e-06	-5.000000e-06	-1.599972e-03	3.873756e-16
1.002080935246757e-08	1.599976e-03	5.000000e-02	1.000000e-01	5.000000e-02	8.000000e-01	1.599924e-06	1.197557e-05	0.000000e+00	5.249586e-08	0.000000e+00	1.599976e-03	1.599924e-03	1.599976e-03	5.000000e-06	-5.000000e-06	-5.000000e-06	-1.599976e-03	3.896184e-16
1.002103283064972e-08	1.599980e-03	5.000000e-02	1.000000e-01	5.000000e-02	8.000000e-01	1.600032e-06	1.020479e-05	0.000000e+00	-5.239881e-08	0.000000e+00	1.599980e-03	1.600032e-03	1.599980e-03	5.000000e-06	-5.000000e-06	-5.000000e-06	-1.599980e-03	3.913902e-16
1.002129114304590e-08	1.599983e-03	5.000000e-02	1.000000e-01	5.000000e-02	8.000000e-01	1.599930e-06	8.595806e-06	0.000000e+00	5.232022e-08	0.000000e+00	1.599983e-03	1.599930e-03	1.599983e-03	5.000000e-06	-5.000000e-06	-5.000000e-06	-1.599983e-03	3.929998e-16
1.002155223275502e-08	1.599985e-03	5.000000e-02	1.000000e-01	5.000000e-02	8.000000e-01	1.600038e-06	7.344447e-06	0.000000e+00	-5.223821e-08	0.000000e+00	1.599985e-03	1.600038e-03	1.599985e-03	5.000000e-06	-5.000000e-06	-5.000000e-06	-1.599985e-03	3.942519e-16
1.002185257341036e-08	1.599988e-03	5.000000e-02	1.000000e-01	5.000000e-02	8.000000e-01	1.599935e-06	6.257164e-06	0.000000e+00	5.217014e-08	0.000000e+00	1.599988e-03	1.599935e-03	1.599988e-03	5.000000e-06	-5.000000e-06	-5.000000e-06	-1.599988e-03	3.953396e-16
1.002216445748532e-08	1.599989e-03	5.000000e-02	1.000000e-01	5.000000e-02	8.000000e-01	1.600041e-06	5.428177e-06	0.000000e+00	-5.210221e-08	0.000000e+00	1.599989e-03	1.600041e-03	1.599989e-03	5.000000e-06	-5.000000e-06	-5.000000e-06	-1.599989e-03	3.961691e-16
1.002252401391944e-08	1.599991e-03	5.000000e-02	1.000000e-01	5.000000e-02	8.000000e-01	1.599939e-06	4.745050e-06	0.000000e+00	5.204503e-08	0.000000e+00	1.599991e-03	1.599938e-03	1.599991e-03	5.000000e-06	-5.000000e-06	-5.000000e-06	-1.599991e-03	3.968525e-16
1.002290764594738e-08	1.599991e-03	5.000000e-02	1.000000e-01	5.000000e-02	8.000000e-01	1.600043e-06	4.244282e-06	0.000000e+00	-5.199028e-08	0.000000e+00	1.599991e-03	1.600043e-03	1.599991e-03	5.000000e-06	-5.000000e-06	-5.000000e-06	-1.599991e-03	3.973536e-16
1.002335430660575e-08	1.599992e-03	5.000000e-02	1.000000e-01	5.000000e-02	8.000000e-01	1.599940e-06	3.859481e-06	0.000000e+00	5.194408e-08	0.000000e+00	1.599992e-03	1.599940e-03	1.599992e-03	5.000000e-06	-5.000000e-06	-5.000000e-06	-1.599992e-03	3.977385e-16
1.002384616895668e-08	1.599993e-03	5.000000e-02	1.000000e-01	5.000000e-02	8.000000e-01	1.600045e-06	3.595958e-06	0.000000e+00	-5.190164e-08	0.000000e+00	1.599993e-03	1.600045e-03	1.599993e-03	5.000000e-06	-5.000000e-06	-5.000000e-06	-1.599993e-03	3.980023e-16
1.002443096337311e-08	1.599993e-03	5.000000e-02	1.000000e-01	5.000000e-02	8.000000e-01	1.599941e-06	3.413329e-06	0.000000e+00	5.186628e-08	0.000000e+00	1.599993e-03	1.599941e-03	1.599993e-03	5.000000e-06	-5.000000e-06	-5.000000e-06	-1.599993e-03	3.981849e-16
1.002510219774145e-08	1.599993e-03	5.000000e-02	1.000000e-01	5.000000e-02	8.000000e-01	1.600045e-06	3.302696e-06	0.000000e+00	-5.183531e-08	0.000000e+00	1.599993e-03	1.600045e-03	1.599993e-03	5.000000e-06	-5.000000e-06	-5.000000e-06	-1.599993e-03	3.982957e-16
1.002593176256925e-08	1.599994e-03	5.000000e-02	1.000000e-01	5.000000e-02	8.000000e-01	1.599942e-06	3.238503e-06	0.000000e+00	5.181036e-08	0.000000e+00	1.599994e-03	1.599942e-03	1.599994e-03	5.000000e-06	-5.000000e-06	-5.000000e-06	-1.599994e-03	3.983598e-16
1.002694534259864e-08	1.599994e-03	5.000000e-02	1.000000e-01	5.000000e-02	8.000000e-01	1.600045e-06	3.208305e-06	0.000000e+00	-5.178990e-08	0.000000e+00	1.599994e-03	1.600045e-03	1.599994e-03	5.000000e-06	-5.000000e-06	-5.000000e-06	-1.599994e-03	3.983901e-16
1.002829324969613e-08	1.599994e-03	5.000000e-02	1.000000e-01	5.000000e-02	8.000000e-01	1.599942e-06	3.196388e-06	0.000000e+00	5.177454e-08	0.000000e+00	1.599994e-03	1.599942e-03	1.599994e-03	5.000000e-06	-5.000000e-06	-5.000000e-06	-1.599994e-03	3.984019e-16
1.003013471227718e-08	1.599994e-03	5.000000e-02	1.000000e-01	5.000000e-02	8.000000e-01	1.600045e-06	3.193776e-06	0.000000e+00	-5.176329e-08	0.000000e+00	1.599994e-03	1.600045e-03	1.599994e-03	5.000000e-06	-5.000000e-06	-5.000000e-06	-1.599994e-03	3.984047e-16
1.003300132894079e-08	1.599994e-03	5.000000e-02	1.000000e-01	5.000000e-02	8.000000e-01	1.599942e-06	3.193541e-06	0.000000e+00	5.175607e-08	0.000000e+00	1.599994e-03	1.599942e-03	1.599994e-03	5.000000e-06	-5.000000e-06	-5.000000e-06	-1.599994e-03	3.984048e-16
1.003805754875119e-08	1.599994e-03	5.000000e-02	1.000000e-01	5.000000e-02	8.000000e-01	1.600045e-06	3.193673e-06	0.000000e+00	-5.175198e-08	0.000000e+00	1.599994e-03	1.600045e-03	1.599994e-03	5.000000e-06	-5.000000e-06	-5.000000e-06	-1.599994e-03	3.984048e-16
1.004816998837198e-08	1.599994e-03	5.000000e-02	1.000000e-01	5.000000e-02	8.000000e-01	1.599942e-06	3.193555e-06	0.000000e+00	5.174993e-08	0.000000e+00	1.599994e-03	1.599942e-03	1.599994e-03	5.000000e-06	-5.000000e-06	-5.000000e-06	-1.599994e-03	3.984048e-16
1.006770123837198e-08	1.599994e-03	5.000000e-02	1.000000e-01	5.000000e-02	8.000000e-01	1.600045e-06	3.193669e-06	0.000000e+00	-5.174887e-08	0.000000e+00	1.599994e-03	1.600045e-03	1.599994e-03	5.000000e-06	-5.000000e-06	-5.000000e-06	-1.599994e-03	3.984048e-16
1.008723248837198e-08	1.599994e-03	5.000000e-02	1.000000e-01	5.000000e-02	8.000000e-01	1.599942e-06	3.193557e-06	0.000000e+00	5.174781e-08	0.000000e+00	1.599994e-03	1.599942e-03	1.599994e-03	5.000000e-06	-5.000000e-06	-5.000000e-06	-1.599994e-03	3.984048e-16
1.010676373837198e-08	1.599994e-03	5.000000e-02	1.000000e-01	5.000000e-02	8.000000e-01	1.600045e-06	3.193668e-06	0.000000e+00	-5.174675e-08	0.000000e+00	1.599994e-03	1.600045e-03	1.599994e-03	5.000000e-06	-5.000000e-06	-5.000000e-06	-1.599994e-03	3.984048e-16
1.012629498837198e-08	1.599994e-03	5.000000e-02	1.000000e-01	5.000000e-02	8.000000e-01	1.599942e-06	3.193559e-06	0.000000e+00	5.174569e-08	0.000000e+00	1.599994e-03	1.599942e-03	1.599994e-03	5.000000e-06	-5.000000e-06	-5.000000e-06	-1.599994e-03	3.984048e-16
1.014582623837198e-08	1.599994e-03	5.000000e-02	1.000000e-01	5.000000e-02	8.000000e-01	1.600045e-06	3.193667e-06	0.000000e+00	-5.174463e-08	0.000000e+00	1.599994e-03	1.600045e-03	1.599994e-03	5.000000e-06	-5.000000e-06	-5.000000e-06	-1.599994e-03	3.984048e-16
1.016535748837198e-08	1.599994e-03	5.000000e-02	1.000000e-01	5.000000e-02	8.000000e-01	1.599942e-06	3.193559e-06	0.000000e+00	5.174357e-08	0.000000e+00	1.599994e-03	1.599942e-03	1.599994e-03	5.000000e-06	-5.000000e-06	-5.000000e-06	-1.599994e-03	3.984048e-16
1.018488873837198e-08	1.599994e-03	5.000000e-02	1.000000e-01	5.000000e-02	8.000000e-01	1.600045e-06	3.193666e-06	0.000000e+00	-5.174251e-08	0.000000e+00	1.599994e-03	1.600045e-03	1.599994e-03	5.000000e-06	-5.000000e-06	-5.000000e-06	-1.599994e-03	3.984048e-16
1.020441998837198e-08	1.599994e-03	5.000000e-02	1.000000e-01	5.000000e-02	8.000000e-01	1.599942e-06	3.193560e-06	0.000000e+00	5.174145e-08	0.000000e+00	1.599994e-03	1.599942e-03	1.599994e-03	5.000000e-06	-5.000000e-06	-5.000000e-06	-1.599994e-03	3.984048e-16
1.022395123837198e-08	1.599994e-03	5.000000e-02	1.000000e-01	5.000000e-02	8.000000e-01	1.600045e-06	3.193665e-06	0.000000e+00	-5.174039e-08	0.000000e+00	1.599994e-03	1.600045e-03	1.599994e-03	5.000000e-06	-5.000000e-06	-5.000000e-06	-1.599994e-03	3.984048e-16
1.024348248837198e-08	1.599994e-03	5.000000e-02	1.000000e-01	5.000000e-02	8.000000e-01	1.599942e-06	3.193560e-06	0.000000e+00	5.173933e-08	0.000000e+00	1.599994e-03	1.599942e-03	1.599994e-03	5.000000e-06	-5.000000e-06	-5.000000e-06	-1.599994e-03	3.984048e-16
1.026301373837198e-08	1.599994e-03	5.000000e-02	1.000000e-01	5.000000e-02	8.000000e-01	1.600045e-06	3.193665e-06	0.000000e+00	-5.173827e-08	0.000000e+00	1.599994e-03	1.600045e-03	1.599994e-03	5.000000e-06	-5.000000e-06	-5.000000e-06	-1.599994e-03	3.984048e-16
1.028254498837198e-08	1.599994e-03	5.000000e-02	1.000000e-01	5.000000e-02	8.000000e-01	1.599942e-06	3.193561e-06	0.000000e+00	5.173721e-08	0.000000e+00	1.599994e-03	1.599942e-03	1.599994e-03	5.000000e-06	-5.000000e-06	-5.000000e-06	-1.599994e-03	3.984048e-16
1.030207623837198e-08	1.599994e-03	5.000000e-02	1.000000e-01	5.000000e-02	8.000000e-01	1.600045e-06	3.193665e-06	0.000000e+00	-5.173615e-08	0.000000e+00	1.599994e-03	1.600045e-03	1.599994e-03	5.000000e-06	-5.000000e-06	-5.000000e-06	-1.599994e-03	3.984048e-16
1.032160748837198e-08	1.599994e-03	5.000000e-02	1.000000e-01	5.000000e-02	8.000000e-01	1.599942e-06	3.193561e-06	0.000000e+00	5.173510e-08	0.000000e+00	1.599994e-03	1.599942e-03	1.599994e-03	5.000000e-06	-5.000000e-06	-5.000000e-06	-1.599994e-03	3.984048e-16
1.034113873837197e-08	1.599994e-03	5.000000e-02	1.000000e-01	5.000000e-02	8.000000e-01	1.600045e-06	3.193665e-06	0.000000e+00	-5.173404e-08	0.000000e+00	1.599994e-03	1.600045e-03	1.599994e-03	5.000000e-06	-5.000000e-06	-5.000000e-06	-1.599994e-03	3.984048e-16
1.036066998837197e-08	1.599994e-03	5.000000e-02	1.000000e-01	5.000000e-02	8.000000e-01	1.599942e-06	3.193561e-06	0.000000e+00	5.173298e-08	0.000000e+00	1.599994e-03	1.599942e-03	1.599994e-03	5.000000e-06	-5.000000e-06	-5.000000e-06	-1.599994e-03	3.984048e-16
1.038020123837197e-08	1.599994e-03	5.000000e-02	1.000000e-01	5.000000e-02	8.000000e-01	1.600045e-06	3.193665e-06	0.000000e+00	-5.173192e-08	0.000000e+00	1.599994e-03	1.600045e-03	1.599994e-03	5.000000e-06	-5.000000e-06	-5.000000e-06	-1.599994e-03	3.984048e-16
1.039973248837197e-08	1.599994e-03	5.000000e-02	1.000000e-01	5.000000e-02	8.000000e-01	1.599942e-06	3.193561e-06	0.000000e+00	5.173086e-08	0.000000e+00	1.599994e-03	1.599942e-03	1.599994e-03	5.000000e-06	-5.000000e-06	-5.000000e-06	-1.599994e-03	3.984048e-16
1.041926373837197e-08	1.599994e-03	5.000000e-02	1.000000e-01	5.000000e-02	8.000000e-01	1.600045e-06	3.193664e-06	0.000000e+00	-5.172980e-08	0.000000e+00	1.599994e-03	1.600045e-03	1.599994e-03	5.000000e-06	-5.000000e-06	-5.000000e-06	-1.599994e-03	3.984048e-16
1.043879498837197e-08	1.599994e-03	5.000000e-02	1.000000e-01	5.000000e-02	8.000000e-01	1.599942e-06	3.193561e-06	0.000000e+00	5.172874e-08	0.000000e+00	1.599994e-03	1.599942e-03	1.599994e-03	5.000000e-06	-5.000000e-06	-5.000000e-06	-1.599994e-03	3.984048e-16
1.045832623837197e-08	1.599994e-03	5.000000e-02	1.000000e-01	5.000000e-02	8.000000e-01	1.600045e-06	3.193664e-06	0.000000e+00	-5.172768e-08	0.000000e+00	1.599994e-03	1.600045e-03	1.599994e-03	5.000000e-06	-5.000000e-06	-5.000000e-06	-1.599994e-03	3.984048e-16
1.047785748837197e-08	1.599994e-03	5.000000e-02	1.000000e-01	5.000000e-02	8.000000e-01	1.599942e-06	3.193561e-06	0.000000e+00	5.172662e-08	0.000000e+00	1.599994e-03	1.599942e-03	1.599994e-03	5.000000e-06	-5.000000e-06	-5.000000e-06	-1.599994e-03	3.984048e-16
1.049738873837197e-08	1.599994e-03	5.000000e-02	1.000000e-01	5.000000e-02	8.000000e-01	1.600045e-06	3.193664e-06	0.000000e+00	-5.172556e-08	0.000000e+00	1.599994e-03	1.600045e-03	1.599994e-03	5.000000e-06	-5.000000e-06	-5.000000e-06	-1.599994e-03	3.984048e-16
1.051691998837197e-08	1.599994e-03	5.000000e-02	1.000000e-01	5.000000e-02	8.000000e-01	1.599942e-06	3.193561e-06	0.000000e+00	5.172450e-08	0.000000e+00	1.599994e-03	1.599942e-03	1.599994e-03	5.000000e-06	-5.000000e-06	-5.000000e-06	-1.599994e-03	3.984048e-16
1.052000000000000e-08	1.599994e-03	5.000000e-02	1.000000e-01	5.000000e-02	8.000000e-01	1.600045e-06	3.193664e-06	0.000000e+00	-5.171778e-08	0.000000e+00	1.599994e-03	1.600045e-03	1.599994e-03	5.000000e-06	-5.000000e-06	-5.000000e-06	-1.599994e-03	3.984048e-16
1.052025451604621e-08	1.579641e-03	5.000000e-02	1.000000e-01	5.000000e-02	7.898194e-01	1.579606e-06	-1.340689e-06	0.000000e+00	3.565625e-08	0.000000e+00	1.579641e-03	1.579606e-03	1.579641e-03	5.000000e-06	-5.000000e-06	-5.000000e-06	-1.579641e-03	3.978306e-16
1.052042300506147e-08	1.566167e-03	5.000000e-02	1.000000e-01	5.000000e-02	7.830798e-01	1.566219e-06	-3.760118e-06	0.000000e+00	-5.154699e-08	0.000000e+00	1.566167e-03	1.566219e-03	1.566167e-03	5.000000e-06	-5.000000e-06	-5.000000e-06	-1.566167e-03	3.968681e-16
1.052060751913322e-08	1.551410e-03	5.000000e-02	1.000000e-01	5.000000e-02	7.756993e-01	1.551375e-06	-5.985082e-06	0.000000e+00	3.545751e-08	0.000000e+00	1.551410e-03	1.551375e-03	1.551410e-03	5.000000e-06	-5.000000e-06	-5.000000e-06	-1.551410e-03	3.953891e-16
1.052082651487383e-08	1.533895e-03	5.000000e-02	1.000000e-01	5.000000e-02	7.669394e-01	1.533946e-06	-8.150332e-06	0.000000e+00	-5.137426e-08	0.000000e+00	1.533895e-03	1.533946e-03	1.533895e-03	5.000000e-06	-5.000000e-06	-5.000000e-06	-1.533895e-03	3.931580e-16
1.052106070909606e-08	1.515163e-03	5.000000e-02	1.000000e-01	5.000000e-02	7.575716e-01	1.515128e-06	-1.000246e-05	0.000000e+00	3.530340e-08	0.000000e+00	1.515163e-03	1.515128e-03	1.515163e-03	5.000000e-06	-5.000000e-06	-5.000000e-06	-1.515163e-03	3.903084e-16
1.052131486181141e-08	1.494834e-03	5.000000e-02	1.000000e-01	5.000000e-02	7.474055e-01	1.494886e-06	-1.158430e-05	0.000000e+00	-5.123281e-08	0.000000e+00	1.494834e-03	1.494885e-03	1.494834e-03	5.000000e-06	-5.000000e-06	-5.000000e-06	-1.494834e-03	3.867877e-16
1.052158429807589e-08	1.473282e-03	5.000000e-02	1.000000e-01	5.000000e-02	7.366281e-01	1.473247e-06	-1.288328e-05	0.000000e+00	3.517060e-08	0.000000e+00	1.473282e-03	1.473247e-03	1.473282e-03	5.000000e-06	-5.000000e-06	-5.000000e-06	-1.473282e-03	3.826770e-16
1.052188077157594e-08	1.449566e-03	5.000000e-02	1.000000e-01	5.000000e-02	7.247691e-01	1.449617e-06	-1.397086e-05	0.000000e+00	-5.111093e-08	0.000000e+00	1.449566e-03	1.449617e-03	1.449566e-03	5.000000e-06	-5.000000e-06	-5.000000e-06	-1.449566e-03	3.778120e-16
1.052220158881478e-08	1.423903e-03	5.000000e-02	1.000000e-01	5.000000e-02	7.119365e-01	1.423868e-06	-1.484759e-05	0.000000e+00	3.505831e-08	0.000000e+00	1.423903e-03	1.423868e-03	1.423903e-03	5.000000e-06	-5.000000e-06	-5.000000e-06	-1.423903e-03	3.722471e-16
1.052255889086107e-08	1.395320e-03	5.000000e-02	1.000000e-01	5.000000e-02	6.976444e-01	1.395371e-06	-1.555861e-05	0.000000e+00	-5.100933e-08	0.000000e+00	1.395320e-03	1.395371e-03	1.395320e-03	5.000000e-06	-5.000000e-06	-5.000000e-06	-1.395320e-03	3.657840e-16
1.052295272697856e-08	1.363814e-03	5.000000e-02	1.000000e-01	5.000000e-02	6.818909e-01	1.363779e-06	-1.611565e-05	0.000000e+00	3.496624e-08	0.000000e+00	1.363814e-03	1.363779e-03	1.363814e-03	5.000000e-06	-5.000000e-06	-5.000000e-06	-1.363814e-03	3.584330e-16
1.052339904969723e-08	1.328109e-03	5.000000e-02	1.000000e-01	5.000000e-02	6.640380e-01	1.328160e-06	-1.655389e-05	0.000000e+00	-5.092735e-08	0.000000e+00	1.328109e-03	1.328160e-03	1.328109e-03	5.000000e-06	-5.000000e-06	-5.000000e-06	-1.328109e-03	3.499093e-16
1.052390375448201e-08	1.287733e-03	5.000000e-02	1.000000e-01	5.000000e-02	6.438498e-01	1.287699e-06	-1.689160e-05	0.000000e+00	3.489362e-08	0.000000e+00	1.287733e-03	1.287699e-03	1.287733e-03	5.000000e-06	-5.000000e-06	-5.000000e-06	-1.287733e-03	3.401127e-16
1.052449155138779e-08	1.240710e-03	5.000000e-02	1.000000e-01	5.000000e-02	6.203380e-01	1.240761e-06	-1.715800e-05	0.000000e+00	-5.086426e-08	0.000000e+00	1.240710e-03	1.240761e-03	1.240710e-03	5.000000e-06	-5.000000e-06	-5.000000e-06	-1.240710e-03	3.285763e-16
1.052518147418866e-08	1.185517e-03	5.000000e-02	1.000000e-01	5.000000e-02	5.927410e-01	1.185482e-06	-1.737438e-05	0.000000e+00	3.483953e-08	0.000000e+00	1.185517e-03	1.185482e-03	1.185517e-03	5.000000e-06	-5.000000e-06	-5.000000e-06	-1.185517e-03	3.149391e-16
1.052602131479200e-08	1.118330e-03	5.000000e-02	1.000000e-01	5.000000e-02	5.591474e-01	1.118381e-06	-1.756782e-05	0.000000e+00	-5.081904e-08	0.000000e+00	1.118330e-03	1.118381e-03	1.118330e-03	5.000000e-06	-5.000000e-06	-5.000000e-06	-1.118330e-03	2.982687e-16
1.052706840276468e-08	1.034563e-03	5.000000e-02	1.000000e-01	5.000000e-02	5.172639e-01	1.034529e-06	-1.776321e-05	0.000000e+00	3.480276e-08	0.000000e+00	1.034563e-03	1.034528e-03	1.034563e-03	5.000000e-06	-5.000000e-06	-5.000000e-06	-1.034563e-03	2.774386e-16
1.052844782133695e-08	9.242103e-04	5.000000e-02	1.000000e-01	5.000000e-02	4.620872e-01	9.242611e-07	-1.799378e-05	0.000000e+00	-5.079029e-08	0.000000e+00	9.242103e-04	9.242611e-04	9.242103e-04	5.000000e-06	-5.000000e-06	-5.000000e-06	-9.242103e-04	2.499706e-16
1.053037360086744e-08	7.701485e-04	5.000000e-02	1.000000e-01	5.000000e-02	3.850560e-01	7.701137e-07	-1.830364e-05	0.000000e+00	3.478146e-08	0.000000e+00	7.701485e-04	7.701138e-04	7.701485e-04	5.000000e-06	-5.000000e-06	-5.000000e-06	-7.701485e-04	2.116109e-16
1.053337015871545e-08	5.304249e-04	5.000000e-02	1.000000e-01	5.000000e-02	2.651936e-01	5.304756e-07	-1.878210e-05	0.000000e+00	-5.077569e-08	0.000000e+00	5.304249e-04	5.304756e-04	5.304249e-04	5.000000e-06	-5.000000e-06	-5.000000e-06	-5.304249e-04	1.519188e-16
1.053884205915651e-08	9.267458e-05	5.000000e-02	1.000000e-01	5.000000e-02	4.631763e-02	9.263981e-08	-1.965593e-05	0.000000e+00	3.477263e-08	0.000000e+00	9.267458e-05	9.263981e-05	9.267458e-05	5.000000e-06	-5.000000e-06	-5.000000e-06	-9.267458e-05	4.291721e-17
1.054000000000000e-08	3.968149e-08	5.000000e-02	1.000000e-01	5.000000e-02	6.061818e-14	9.043928e-11	-1.984075e-05	0.000000e+00	-5.075779e-08	0.000000e+00	3.968149e-08	9.043928e-08	3.968149e-08	5.000000e-06	-5.000000e-06	-5.000000e-06	-3.968149e-08	1.985075e-17
1.054016316438041e-08	-3.367607e-08	5.000000e-02	1.000000e-01	5.000000e-02	0.000000e+00	-1.695009e-11	-1.683804e-05	0.000000e+00	5.062616e-08	0.000000e+00	3.367607e-08	-1.695008e-08	3.367607e-08	5.000000e-06	-5.000000e-06	-5.000000e-06	-3.367607e-08	1.684644e-17
1.054029666993680e-08	2.944745e-08	5.000000e-02	1.000000e-01	5.000000e-02	0.000000e+00	7.992848e-11	-1.472373e-05	0.000000e+00	-5.048103e-08	0.000000e+00	2.944745e-08	7.992848e-08	2.944745e-08	5.000000e-06	-5.000000e-06	-5.000000e-06	-2.944745e-08	1.473117e-17
1.054048317462488e-08	2.440793e-08	5.000000e-02	1.000000e-01	5.000000e-02	0.000000e+00	-2.595954e-11	-1.220397e-05	0.000000e+00	5.036748e-08	0.000000e+00	2.440793e-08	-2.595954e-08	2.440793e-08	5.000000e-06	-5.000000e-06	-5.000000e-06	-2.440793e-08	1.221004e-17
1.054069473825396e-08	1.972313e-08	5.000000e-02	1.000000e-01	5.000000e-02	0.000000e+00	6.999989e-11	-9.861565e-06	0.000000e+00	-5.027676e-08	0.000000e+00	1.972313e-08	6.999989e-08	1.972313e-08	5.000000e-06	-5.000000e-06	-5.000000e-06	-1.972313e-08	9.866565e-18
1.054092494892580e-08	1.563874e-08	5.000000e-02	1.000000e-01	5.000000e-02	0.000000e+00	-3.454719e-11	-7.819371e-06	0.000000e+00	5.018594e-08	0.000000e+00	1.563874e-08	-3.454720e-08	1.563874e-08	5.000000e-06	-5.000000e-06	-5.000000e-06	-1.563874e-08	7.823246e-18
1.054116367696408e-08	1.229284e-08	5.000000e-02	1.000000e-01	5.000000e-02	0.000000e+00	6.239757e-11	-6.146422e-06	0.000000e+00	-5.010472e-08	0.000000e+00	1.229284e-08	6.239756e-08	1.229284e-08	5.000000e-06	-5.000000e-06	-5.000000e-06	-1.229284e-08	6.149558e-18
1.054142454895386e-08	9.447408e-09	5.000000e-02	1.000000e-01	5.000000e-02	0.000000e+00	-4.057836e-11	-4.723704e-06	0.000000e+00	5.002577e-08	0.000000e+00	9.447408e-09	-4.057836e-08	9.447408e-09	5.000000e-06	-5.000000e-06	-5.000000e-06	-9.447408e-09	4.726025e-18
1.054170290730244e-08	7.131669e-09	5.000000e-02	1.000000e-01	5.000000e-02	0.000000e+00	5.708727e-11	-3.565835e-06	0.000000e+00	-4.995560e-08	0.000000e+00	7.131669e-09	5.708727e-08	7.131669e-09	5.000000e-06	-5.000000e-06	-5.000000e-06	-7.131669e-09	3.567675e-18
1.054201067754708e-08	5.223879e-09	5.000000e-02	1.000000e-01	5.000000e-02	0.000000e+00	-4.466560e-11	-2.611939e-06	0.000000e+00	4.988948e-08	0.000000e+00	5.223879e-09	-4.466560e-08	5.223879e-09	5.000000e-06	-5.000000e-06	-5.000000e-06	-5.223879e-09	2.613201e-18
1.054234420268469e-08	3.725958e-09	5.000000e-02	1.000000e-01	5.000000e-02	0.000000e+00	5.355653e-11	-1.862979e-06	0.000000e+00	-4.983058e-08	0.000000e+00	3.725958e-09	5.355653e-08	3.725958e-09	5.000000e-06	-5.000000e-06	-5.000000e-06	-3.725958e-09	1.863964e-18
1.054271719185413e-08	2.551371e-09	5.000000e-02	1.000000e-01	5.000000e-02	0.000000e+00	-4.722516e-11	-1.275686e-06	0.000000e+00	4.977653e-08	0.000000e+00	2.551371e-09	-4.722516e-08	2.551371e-09	5.000000e-06	-5.000000e-06	-5.000000e-06	-2.551371e-09	1.276276e-18
1.054312970379978e-08	1.676166e-09	5.000000e-02	1.000000e-01	5.000000e-02	0.000000e+00	5.140488e-11	-8.380828e-07	0.000000e+00	-4.972872e-08	0.000000e+00	1.676166e-09	5.140488e-08	1.676166e-09	5.000000e-06	-5.000000e-06	-5.000000e-06	-1.676166e-09	8.385532e-19
1.054359991882754e-08	1.036390e-09	5.000000e-02	1.000000e-01	5.000000e-02	0.000000e+00	-4.864977e-11	-5.181949e-07	0.000000e+00	4.968616e-08	0.000000e+00	1.036390e-09	-4.864977e-08	1.036390e-09	5.000000e-06	-5.000000e-06	-5.000000e-06	-1.036390e-09	5.184054e-19
1.054413457027693e-08	5.978009e-10	5.000000e-02	1.000000e-01	5.000000e-02	0.000000e+00	5.024697e-11	-2.989005e-07	0.000000e+00	-4.964917e-08	0.000000e+00	5.978009e-10	5.024697e-08	5.978009e-10	5.000000e-06	-5.000000e-06	-5.000000e-06	-5.978009e-10	2.991002e-19
1.054476238747286e-08	3.115478e-10	5.000000e-02	1.000000e-01	5.000000e-02	0.000000e+00	-4.930590e-11	-1.557739e-07	0.000000e+00	4.961745e-08	0.000000e+00	3.115478e-10	-4.930590e-08	3.115478e-10	5.000000e-06	-5.000000e-06	-5.000000e-06	-3.115478e-10	1.558025e-19
1.054550606807830e-08	1.420815e-10	5.000000e-02	1.000000e-01	5.000000e-02	0.000000e+00	4.973290e-11	-7.104072e-08	0.000000e+00	-4.959082e-08	0.000000e+00	1.420815e-10	4.973290e-08	1.420815e-10	5.000000e-06	-5.000000e-06	-5.000000e-06	-1.420815e-10	7.112598e-20
1.054642337403625e-08	5.265197e-11	5.000000e-02	1.000000e-01	5.000000e-02	0.000000e+00	-4.951653e-11	-2.632598e-08	0.000000e+00	4.956918e-08	0.000000e+00	5.265197e-11	-4.951653e-08	5.265197e-11	5.000000e-06	-5.000000e-06	-5.000000e-06	-5.265197e-11	2.628963e-20
1.054758630338846e-08	1.372367e-11	5.000000e-02	1.000000e-01	5.000000e-02	0.000000e+00	4.956586e-11	-6.861832e-09	0.000000e+00	-4.955214e-08	0.000000e+00	1.372367e-11	4.956586e-08	1.372367e-11	5.000000e-06	-5.000000e-06	-5.000000e-06	-1.372367e-11	6.914829e-21
1.054915656520385e-08	1.739011e-12	5.000000e-02	1.000000e-01	5.000000e-02	0.000000e+00	-4.953778e-11	-8.695053e-10	0.000000e+00	4.953952e-08	0.000000e+00	1.739011e-12	-4.953777e-08	1.739011e-12	5.000000e-06	-5.000000e-06	-5.000000e-06	-1.739011e-12	8.204023e-22
1.055142821154512e-08	-2.061563e-13	5.000000e-02	1.000000e-01	5.000000e-02	0.000000e+00	4.953058e-11	1.030781e-10	0.000000e+00	-4.953079e-08	0.000000e+00	-2.061563e-13	4.953059e-08	-2.061563e-13	5.000000e-06	-5.000000e-06	-5.000000e-06	2.061563e-13	-5.359910e-23
1.055517552320847e-08	-1.317454e-13	5.000000e-02	1.000000e-01	5.000000e-02	0.000000e+00	-4.952537e-11	-6.587270e-11	0.000000e+00	4.952551e-08	0.000000e+00	1.317454e-13	-4.952537e-08	1.317454e-13	5.000000e-06	-5.000000e-06	-5.000000e-06	-1.317454e-13	1.638027e-23
1.056267014653516e-08	-1.179833e-13	5.000000e-02	1.000000e-01	5.000000e-02	0.000000e+00	4.952274e-11	5.899167e-11	0.000000e+00	-4.952286e-08	0.000000e+00	-1.179833e-13	4.952274e-08	-1.179833e-13	5.000000e-06	-5.000000e-06	-5.000000e-06	1.179833e-13	-9.498419e-24
1.057765939318853e-08	-1.135240e-13	5.000000e-02	1.000000e-01	5.000000e-02	0.000000e+00	-4.952143e-11	-5.676201e-11	0.000000e+00	4.952154e-08	0.000000e+00	1.135240e-13	-4.952143e-08	1.135240e-13	5.000000e-06	-5.000000e-06	-5.000000e-06	-1.135240e-13	7.268967e-24
1.059719064318853e-08	-1.108311e-13	5.000000e-02	1.000000e-01	5.000000e-02	0.000000e+00	4.952042e-11	5.541555e-11	0.000000e+00	-4.952053e-08	0.000000e+00	-1.108311e-13	4.952042e-08	-1.108311e-13	5.000000e-06	-5.000000e-06	-5.000000e-06	1.108311e-13	-5.922837e-24
1.061672189318853e-08	-1.086365e-13	5.000000e-02	1.000000e-01	5.000000e-02	0.000000e+00	-4.951940e-11	-5.431824e-11	0.000000e+00	4.951951e-08	0.000000e+00	1.086365e-13	-4.951940e-08	1.086365e-13	5.000000e-06	-5.000000e-06	-5.000000e-06	-1.086365e-13	4.825996e-24
1.063625314318853e-08	-1.068479e-13	5.000000e-02	1.000000e-01	5.000000e-02	0.000000e+00	4.951839e-11	5.342396e-11	0.000000e+00	-4.951850e-08	0.000000e+00	-1.068479e-13	4.951839e-08	-1.068479e-13	5.000000e-06	-5.000000e-06	-5.000000e-06	1.068479e-13	-3.932276e-24
1.065578439318853e-08	-1.053902e-13	5.000000e-02	1.000000e-01	5.000000e-02	0.000000e+00	-4.951738e-11	-5.269509e-11	0.000000e+00	4.951749e-08	0.000000e+00	1.053902e-13	-4.951738e-08	1.053902e-13	5.000000e-06	-5.000000e-06	-5.000000e-06	-1.053902e-13	3.204064e-24
1.067531564318853e-08	-1.042020e-13	5.000000e-02	1.000000e-01	5.000000e-02	0.000000e+00	4.951637e-11	5.210102e-11	0.000000e+00	-4.951647e-08	0.000000e+00	-1.042020e-13	4.951637e-08	-1.042020e-13	5.000000e-06	-5.000000e-06	-5.000000e-06	1.042020e-13	-2.610707e-24
1.069484689318853e-08	-1.032336e-13	5.000000e-02	1.000000e-01	5.000000e-02	0.000000e+00	-4.951535e-11	-5.161678e-11	0.000000e+00	4.951546e-08	0.000000e+00	1.032336e-13	-4.951535e-08	1.032336e-13	5.000000e-06	-5.000000e-06	-5.000000e-06	-1.032336e-13	2.127234e-24
1.071437814318853e-08	-1.024440e-13	5.000000e-02	1.000000e-01	5.000000e-02	0.000000e+00	4.951434e-11	5.122202e-11	0.000000e+00	-4.951444e-08	0.000000e+00	-1.024440e-13	4.951434e-08	-1.024440e-13	5.000000e-06	-5.000000e-06	-5.000000e-06	1.024440e-13	-1.733294e-24
1.073390939318853e-08	-1.018004e-13	5.000000e-02	1.000000e-01	5.000000e-02	0.000000e+00	-4.951333e-11	-5.090018e-11	0.000000e+00	4.951343e-08	0.000000e+00	1.018004e-13	-4.951332e-08	1.018004e-13	5.000000e-06	-5.000000e-06	-5.000000e-06	-1.018004e-13	1.412308e-24
1.075344064318853e-08	-1.012755e-13	5.000000e-02	1.000000e-01	5.000000e-02	0.000000e+00	4.951231e-11	5.063776e-11	0.000000e+00	-4.951242e-08	0.000000e+00	-1.012755e-13	4.951231e-08	-1.012755e-13	5.000000e-06	-5.000000e-06	-5.000000e-06	1.012755e-13	-1.150764e-24
1.077297189318853e-08	-1.008475e-13	5.000000e-02	1.000000e-01	5.000000e-02	0.000000e+00	-4.951130e-11	-5.042374e-11	0.000000e+00	4.951140e-08	0.000000e+00	1.008475e-13	-4.951130e-08	1.008475e-13	5.000000e-06	-5.000000e-06	-5.000000e-06	-1.008475e-13	9.376554e-25
1.079250314318853e-08	-1.004983e-13	5.000000e-02	1.000000e-01	5.000000e-02	0.000000e+00	4.951028e-11	5.024917e-11	0.000000e+00	-4.951039e-08	0.000000e+00	-1.004983e-13	4.951028e-08	-1.004983e-13	5.000000e-06	-5.000000e-06	-5.000000e-06	1.004983e-13	-7.640119e-25
1.081203439318853e-08	-1.002135e-13	5.000000e-02	1.000000e-01	5.000000e-02	0.000000e+00	-4.950927e-11	-5.010675e-11	0.000000e+00	4.950937e-08	0.000000e+00	1.002135e-13	-4.950927e-08	1.002135e-13	5.000000e-06	-5.000000e-06	-5.000000e-06	-1.002135e-13	6.225252e-25
1.083156564318853e-08	-9.998100e-14	5.000000e-02	1.000000e-01	5.000000e-02	0.000000e+00	4.950826e-11	4.999050e-11	0.000000e+00	-4.950836e-08	0.000000e+00	-9.998100e-14	4.950826e-08	-9.998100e-14	5.000000e-06	-5.000000e-06	-5.000000e-06	9.998100e-14	-5.072403e-25
1.085109689318853e-08	-9.979120e-14	5.000000e-02	1.000000e-01	5.000000e-02	0.000000e+00	-4.950725e-11	-4.989560e-11	0.000000e+00	4.950735e-08	0.000000e+00	9.979120e-14	-4.950724e-08	9.979120e-14	5.000000e-06	-5.000000e-06	-5.000000e-06	-9.979120e-14	4.133048e-25
1.087062814318853e-08	-9.963617e-14	5.000000e-02	1.000000e-01	5.000000e-02	0.000000e+00	4.950623e-11	4.981809e-11	0.000000e+00	-4.950633e-08	0.000000e+00	-9.963617e-14	4.950623e-08	-9.963617e-14	5.000000e-06	-5.000000e-06	-5.000000e-06	9.963617e-14	-3.367650e-25
1.089015939318853e-08	-9.950948e-14	5.000000e-02	1.000000e-01	5.000000e-02	0.000000e+00	-4.950522e-11	-4.975474e-11	0.000000e+00	4.950532e-08	0.000000e+00	9.950948e-14	-4.950522e-08	9.950948e-14	5.000000e-06	-5.000000e-06	-5.000000e-06	-9.950948e-14	2.743995e-25
1.090969064318853e-08	-9.940587e-14	5.000000e-02	1.000000e-01	5.000000e-02	0.000000e+00	4.950420e-11	4.970294e-11	0.000000e+00	-4.950430e-08	0.000000e+00	-9.940587e-14	4.950420e-08	-9.940587e-14	5.000000e-06	-5.000000e-06	-5.000000e-06	9.940587e-14	-2.235834e-25
1.092922189318853e-08	-9.932107e-14	5.000000e-02	1.000000e-01	5.000000e-02	0.000000e+00	-4.950319e-11	-4.966054e-11	0.000000e+00	4.950329e-08	0.000000e+00	9.932107e-14	-4.950319e-08	9.932107e-14	5.000000e-06	-5.000000e-06	-5.000000e-06	-9.932107e-14	1.821779e-25
1.094875314318853e-08	-9.925161e-14	5.000000e-02	1.000000e-01	5.000000e-02	0.000000e+00	4.950218e-11	4.962580e-11	0.000000e+00	-4.950228e-08	0.000000e+00	-9.925161e-14	4.950218e-08	-9.925161e-14	5.000000e-06	-5.000000e-06	-5.000000e-06	9.925161e-14	-1.484402e-25
1.096828439318853e-08	-9.919463e-14	5.000000e-02	1.000000e-01	5.000000e-02	0.000000e+00	-4.950116e-11	-4.959731e-11	0.000000e+00	4.950126e-08	0.000000e+00	9.919463e-14	-4.950116e-08	9.919463e-14	5.000000e-06	-5.000000e-06	-5.000000e-06	-9.919463e-14	1.209503e-25
1.098781564318853e-08	-9.914782e-14	5.000000e-02	1.000000e-01	5.000000e-02	0.000000e+00	4.950015e-11	4.957391e-11	0.000000e+00	-4.950025e-08	0.000000e+00	-9.914782e-14	4.950015e-08	-9.914782e-14	5.000000e-06	-5.000000e-06	-5.000000e-06	9.914782e-14	-9.855126e-26
1.100000000000000e-08	-9.925394e-14	5.000000e-02	1.000000e-01	5.000000e-02	5.684342e-14	-4.949852e-11	-4.954459e-11	0.000000e+00	4.949862e-08	0.000000e+00	9.925394e-14	-4.949852e-08	9.925394e-14	5.000000e-06	-5.000000e-06	-5.000000e-06	-9.925394e-14	7.087126e-26
1.100033240128360e-08	2.658065e-05	5.000000e-02	1.000000e-01	5.000000e-02	1.329605e-02	2.661411e-08	5.725284e-06	0.000000e+00	-3.345560e-08	0.000000e+00	2.658065e-05	2.661411e-05	2.658065e-05	5.000000e-06	-5.000000e-06	-5.000000e-06	-2.658065e-05	9.464934e-19
1.100060953117264e-08	4.874404e-05	5.000000e-02	1.000000e-01	5.000000e-02	2.438125e-02	4.869464e-08	9.228734e-06	0.000000e+00	4.939075e-08	0.000000e+00	4.874404e-05	4.869464e-05	4.874404e-05	5.000000e-06	-5.000000e-06	-5.000000e-06	-4.874404e-05	3.005970e-18
1.100077383476181e-08	6.188501e-05	5.000000e-02	1.000000e-01	5.000000e-02	3.095339e-02	6.191830e-08	1.088632e-05	0.000000e+00	-3.329414e-08	0.000000e+00	6.188501e-05	6.191830e-05	6.188501e-05	5.000000e-06	-5.000000e-06	-5.000000e-06	-6.188501e-05	4.646855e-18
1.100099232898766e-08	7.936089e-05	5.000000e-02	1.000000e-01	5.000000e-02	3.969316e-02	7.931168e-08	1.271492e-05	0.000000e+00	4.921527e-08	0.000000e+00	7.936089e-05	7.931167e-05	7.936089e-05	5.000000e-06	-5.000000e-06	-5.000000e-06	-7.936089e-05	7.204614e-18
1.100122870354008e-08	9.826769e-05	5.000000e-02	1.000000e-01	5.000000e-02	4.914814e-02	9.830084e-08	1.429740e-05	0.000000e+00	-3.314826e-08	0.000000e+00	9.826769e-05	9.830084e-05	9.826769e-05	5.000000e-06	-5.000000e-06	-5.000000e-06	-9.826769e-05	1.036783e-17
1.100150776827070e-08	1.205900e-04	5.000000e-02	1.000000e-01	5.000000e-02	6.031073e-02	1.205409e-07	1.575179e-05	0.000000e+00	4.908723e-08	0.000000e+00	1.205900e-04	1.205409e-04	1.205900e-04	5.000000e-06	-5.000000e-06	-5.000000e-06	-1.205900e-04	1.451624e-17
1.100178746665115e-08	1.429636e-04	5.000000e-02	1.000000e-01	5.000000e-02	7.149867e-02	1.429966e-07	1.686223e-05	0.000000e+00	-3.303010e-08	0.000000e+00	1.429636e-04	1.429966e-04	1.429636e-04	5.000000e-06	-5.000000e-06	-5.000000e-06	-1.429636e-04	1.902167e-17
1.100211060502927e-08	1.688128e-04	5.000000e-02	1.000000e-01	5.000000e-02	8.442420e-02	1.687638e-07	1.782451e-05	0.000000e+00	4.897815e-08	0.000000e+00	1.688128e-04	1.687638e-04	1.688128e-04	5.000000e-06	-5.000000e-06	-5.000000e-06	-1.688128e-04	2.454745e-17
1.100244715853446e-08	1.957356e-04	5.000000e-02	1.000000e-01	5.000000e-02	9.788634e-02	1.957685e-07	1.855828e-05	0.000000e+00	-3.293035e-08	0.000000e+00	1.957356e-04	1.957685e-04	1.957356e-04	5.000000e-06	-5.000000e-06	-5.000000e-06	-1.957356e-04	3.057138e-17
1.100283941040304e-08	2.271145e-04	5.000000e-02	1.000000e-01	5.000000e-02	1.135764e-01	2.270656e-07	1.917118e-05	0.000000e+00	4.888801e-08	0.000000e+00	2.271145e-04	2.270656e-04	2.271145e-04	5.000000e-06	-5.000000e-06	-5.000000e-06	-2.271145e-04	3.783451e-17
1.100326046632540e-08	2.607981e-04	5.000000e-02	1.000000e-01	5.000000e-02	1.304187e-01	2.608309e-07	1.963022e-05	0.000000e+00	-3.284962e-08	0.000000e+00	2.607981e-04	2.608309e-04	2.607981e-04	5.000000e-06	-5.000000e-06	-5.000000e-06	-2.607981e-04	4.583012e-17
1.100375689876696e-08	3.005119e-04	5.000000e-02	1.000000e-01	5.000000e-02	1.502759e-01	3.004631e-07	2.000105e-05	0.000000e+00	4.881642e-08	0.000000e+00	3.005119e-04	3.004631e-04	3.005119e-04	5.000000e-06	-5.000000e-06	-5.000000e-06	-3.005119e-04	5.542739e-17
1.100430920401452e-08	3.446958e-04	5.000000e-02	1.000000e-01	5.000000e-02	1.723682e-01	3.447286e-07	2.028010e-05	0.000000e+00	-3.278707e-08	0.000000e+00	3.446958e-04	3.447286e-04	3.446958e-04	5.000000e-06	-5.000000e-06	-5.000000e-06	-3.446958e-04	6.623857e-17
1.100497754675367e-08	3.981627e-04	5.000000e-02	1.000000e-01	5.000000e-02	1.991019e-01	3.981140e-07	2.051171e-05	0.000000e+00	4.876253e-08	0.000000e+00	3.981627e-04	3.981139e-04	3.981627e-04	5.000000e-06	-5.000000e-06	-5.000000e-06	-3.981627e-04	7.942708e-17
1.100575863985774e-08	4.606498e-04	5.000000e-02	1.000000e-01	5.000000e-02	2.303456e-01	4.606825e-07	2.070627e-05	0.000000e+00	-3.274176e-08	0.000000e+00	4.606498e-04	4.606825e-04	4.606498e-04	5.000000e-06	-5.000000e-06	-5.000000e-06	-4.606498e-04	9.491686e-17
1.100675132495985e-08	5.400642e-04	5.000000e-02	1.000000e-01	5.000000e-02	2.700530e-01	5.400155e-07	2.090068e-05	0.000000e+00	4.872527e-08	0.000000e+00	5.400642e-04	5.400155e-04	5.400642e-04	5.000000e-06	-5.000000e-06	-5.000000e-06	-5.400642e-04	1.146554e-16
1.100800580118495e-08	6.404219e-04	5.000000e-02	1.000000e-01	5.000000e-02	3.202320e-01	6.404546e-07	2.111508e-05	0.000000e+00	-3.271235e-08	0.000000e+00	6.404219e-04	6.404546e-04	6.404219e-04	5.000000e-06	-5.000000e-06	-5.000000e-06	-6.404219e-04	1.396308e-16
1.100976337664277e-08	7.810273e-04	5.000000e-02	1.000000e-01	5.000000e-02	3.905351e-01	7.809786e-07	2.139951e-05	0.000000e+00	4.870303e-08	0.000000e+00	7.810273e-04	7.809786e-04	7.810273e-04	5.000000e-06	-5.000000e-06	-5.000000e-06	-7.810273e-04	1.746383e-16
1.101234769771261e-08	9.877722e-04	5.000000e-02	1.000000e-01	5.000000e-02	4.939079e-01	9.878049e-07	2.181255e-05	0.000000e+00	-3.269679e-08	0.000000e+00	9.877722e-04	9.878048e-04	9.877722e-04	5.000000e-06	-5.000000e-06	-5.000000e-06	-9.877722e-04	2.261183e-16
1.101690931815063e-08	1.352700e-03	5.000000e-02	1.000000e-01	5.000000e-02	6.763727e-01	1.352652e-06	2.254083e-05	0.000000e+00	4.869316e-08	0.000000e+00	1.352700e-03	1.352652e-03	1.352700e-03	5.000000e-06	-5.000000e-06	-5.000000e-06	-1.352700e-03	3.169869e-16
1.102000000000000e-08	1.599954e-03	5.000000e-02	1.000000e-01	5.000000e-02	8.000000e-01	1.599987e-06	2.303444e-05	0.000000e+00	-3.268796e-08	0.000000e+00	1.599954e-03	1.599987e-03	1.599954e-03	5.000000e-06	-5.000000e-06	-5.000000e-06	-1.599954e-03	3.785540e-16
1.102018182702634e-08	1.599961e-03	5.000000e-02	1.000000e-01	5.000000e-02	8.000000e-01	1.599928e-06	1.971682e-05	0.000000e+00	3.262342e-08	0.000000e+00	1.599961e-03	1.599928e-03	1.599961e-03	5.000000e-06	-5.000000e-06	-5.000000e-06	-1.599961e-03	3.818732e-16
1.102036392333086e-08	1.599966e-03	5.000000e-02	1.000000e-01	5.000000e-02	8.000000e-01	1.599999e-06	1.695031e-05	0.000000e+00	-3.254576e-08	0.000000e+00	1.599966e-03	1.599999e-03	1.599966e-03	5.000000e-06	-5.000000e-06	-5.000000e-06	-1.599966e-03	3.846412e-16
1.102055895941500e-08	1.599971e-03	5.000000e-02	1.000000e-01	5.000000e-02	8.000000e-01	1.599939e-06	1.449780e-05	0.000000e+00	3.248411e-08	0.000000e+00	1.599971e-03	1.599938e-03	1.599971e-03	5.000000e-06	-5.000000e-06	-5.000000e-06	-1.599971e-03	3.870949e-16
1.102077709619323e-08	1.599976e-03	5.000000e-02	1.000000e-01	5.000000e-02	8.000000e-01	1.600008e-06	1.226748e-05	0.000000e+00	-3.242051e-08	0.000000e+00	1.599976e-03	1.600008e-03	1.599976e-03	5.000000e-06	-5.000000e-06	-5.000000e-06	-1.599976e-03	3.893264e-16
1.102100531484263e-08	1.599979e-03	5.000000e-02	1.000000e-01	5.000000e-02	8.000000e-01	1.599947e-06	1.040286e-05	0.000000e+00	3.236700e-08	0.000000e+00	1.599979e-03	1.599947e-03	1.599979e-03	5.000000e-06	-5.000000e-06	-5.000000e-06	-1.599979e-03	3.911919e-16
1.102125474442023e-08	1.599982e-03	5.000000e-02	1.000000e-01	5.000000e-02	8.000000e-01	1.600015e-06	8.799139e-06	0.000000e+00	-3.231257e-08	0.000000e+00	1.599982e-03	1.600015e-03	1.599982e-03	5.000000e-06	-5.000000e-06	-5.000000e-06	-1.599982e-03	3.927965e-16
1.102151878647451e-08	1.599985e-03	5.000000e-02	1.000000e-01	5.000000e-02	8.000000e-01	1.599953e-06	7.487562e-06	0.000000e+00	3.226564e-08	0.000000e+00	1.599985e-03	1.599953e-03	1.599985e-03	5.000000e-06	-5.000000e-06	-5.000000e-06	-1.599985e-03	3.941087e-16
1.102180998896628e-08	1.599987e-03	5.000000e-02	1.000000e-01	5.000000e-02	8.000000e-01	1.600019e-06	6.392797e-06	0.000000e+00	-3.221984e-08	0.000000e+00	1.599987e-03	1.600019e-03	1.599987e-03	5.000000e-06	-5.000000e-06	-5.000000e-06	-1.599987e-03	3.952040e-16
1.102212353454357e-08	1.599989e-03	5.000000e-02	1.000000e-01	5.000000e-02	8.000000e-01	1.599957e-06	5.522974e-06	0.000000e+00	3.217988e-08	0.000000e+00	1.599989e-03	1.599957e-03	1.599989e-03	5.000000e-06	-5.000000e-06	-5.000000e-06	-1.599989e-03	3.960742e-16
1.102247291435741e-08	1.599990e-03	5.000000e-02	1.000000e-01	5.000000e-02	8.000000e-01	1.600023e-06	4.828159e-06	0.000000e+00	-3.214226e-08	0.000000e+00	1.599990e-03	1.600022e-03	1.599990e-03	5.000000e-06	-5.000000e-06	-5.000000e-06	-1.599990e-03	3.967694e-16
1.102285627032697e-08	1.599991e-03	5.000000e-02	1.000000e-01	5.000000e-02	8.000000e-01	1.599959e-06	4.300738e-06	0.000000e+00	3.210929e-08	0.000000e+00	1.599991e-03	1.599959e-03	1.599991e-03	5.000000e-06	-5.000000e-06	-5.000000e-06	-1.599991e-03	3.972971e-16
1.102329045417731e-08	1.599992e-03	5.000000e-02	1.000000e-01	5.000000e-02	8.000000e-01	1.600024e-06	3.904701e-06	0.000000e+00	-3.207936e-08	0.000000e+00	1.599992e-03	1.600024e-03	1.599992e-03	5.000000e-06	-5.000000e-06	-5.000000e-06	-1.599992e-03	3.976934e-16
1.102377893668935e-08	1.599993e-03	5.000000e-02	1.000000e-01	5.000000e-02	8.000000e-01	1.599961e-06	3.624695e-06	0.000000e+00	3.205333e-08	0.000000e+00	1.599993e-03	1.599961e-03	1.599993e-03	5.000000e-06	-5.000000e-06	-5.000000e-06	-1.599993e-03	3.979735e-16
1.102434646706056e-08	1.599993e-03	5.000000e-02	1.000000e-01	5.000000e-02	8.000000e-01	1.600025e-06	3.433652e-06	0.000000e+00	-3.203061e-08	0.000000e+00	1.599993e-03	1.600025e-03	1.599993e-03	5.000000e-06	-5.000000e-06	-5.000000e-06	-1.599993e-03	3.981646e-16
1.102500824229286e-08	1.599993e-03	5.000000e-02	1.000000e-01	5.000000e-02	8.000000e-01	1.599961e-06	3.313932e-06	0.000000e+00	3.201133e-08	0.000000e+00	1.599993e-03	1.599961e-03	1.599993e-03	5.000000e-06	-5.000000e-06	-5.000000e-06	-1.599993e-03	3.982844e-16
1.102580955530231e-08	1.599994e-03	5.000000e-02	1.000000e-01	5.000000e-02	8.000000e-01	1.600025e-06	3.244971e-06	0.000000e+00	-3.199532e-08	0.000000e+00	1.599994e-03	1.600025e-03	1.599994e-03	5.000000e-06	-5.000000e-06	-5.000000e-06	-1.599994e-03	3.983534e-16
1.102679866338682e-08	1.599994e-03	5.000000e-02	1.000000e-01	5.000000e-02	8.000000e-01	1.599962e-06	3.210860e-06	0.000000e+00	3.198240e-08	0.000000e+00	1.599994e-03	1.599962e-03	1.599994e-03	5.000000e-06	-5.000000e-06	-5.000000e-06	-1.599994e-03	3.983875e-16
1.102808716778368e-08	1.599994e-03	5.000000e-02	1.000000e-01	5.000000e-02	8.000000e-01	1.600026e-06	3.197354e-06	0.000000e+00	-3.197247e-08	0.000000e+00	1.599994e-03	1.600026e-03	1.599994e-03	5.000000e-06	-5.000000e-06	-5.000000e-06	-1.599994e-03	3.984011e-16
1.102985238965351e-08	1.599994e-03	5.000000e-02	1.000000e-01	5.000000e-02	8.000000e-01	1.599962e-06	3.193806e-06	0.000000e+00	3.196522e-08	0.000000e+00	1.599994e-03	1.599962e-03	1.599994e-03	5.000000e-06	-5.000000e-06	-5.000000e-06	-1.599994e-03	3.984046e-16
1.103252563800242e-08	1.599994e-03	5.000000e-02	1.000000e-01	5.000000e-02	8.000000e-01	1.600026e-06	3.193612e-06	0.000000e+00	-3.196044e-08	0.000000e+00	1.599994e-03	1.600026e-03	1.599994e-03	5.000000e-06	-5.000000e-06	-5.000000e-06	-1.599994e-03	3.984048e-16
1.103717335465389e-08	1.599994e-03	5.000000e-02	1.000000e-01	5.000000e-02	8.000000e-01	1.599962e-06	3.193594e-06	0.000000e+00	3.195769e-08	0.000000e+00	1.599994e-03	1.599962e-03	1.599994e-03	5.000000e-06	-5.000000e-06	-5.000000e-06	-1.599994e-03	3.984048e-16
1.104646878795683e-08	1.599994e-03	5.000000e-02	1.000000e-01	5.000000e-02	8.000000e-01	1.600026e-06	3.193636e-06	0.000000e+00	-3.195631e-08	0.000000e+00	1.599994e-03	1.600026e-03	1.599994e-03	5.000000e-06	-5.000000e-06	-5.000000e-06	-1.599994e-03	3.984048e-16
1.106505965456272e-08	1.599994e-03	5.000000e-02	1.000000e-01	5.000000e-02	8.000000e-01	1.599962e-06	3.193588e-06	0.000000e+00	3.195563e-08	0.000000e+00	1.599994e-03	1.599962e-03	1.599994e-03	5.000000e-06	-5.000000e-06	-5.000000e-06	-1.599994e-03	3.984048e-16
1.108459090456272e-08	1.599994e-03	5.000000e-02	1.000000e-01	5.000000e-02	8.000000e-01	1.600026e-06	3.193639e-06	0.000000e+00	-3.195497e-08	0.000000e+00	1.599994e-03	1.600026e-03	1.599994e-03	5.000000e-06	-5.000000e-06	-5.000000e-06	-1.599994e-03	3.984048e-16
1.110412215456272e-08	1.599994e-03	5.000000e-02	1.000000e-01	5.000000e-02	8.000000e-01	1.599962e-06	3.193585e-06	0.000000e+00	3.195432e-08	0.000000e+00	1.599994e-03	1.599962e-03	1.599994e-03	5.000000e-06	-5.000000e-06	-5.000000e-06	-1.599994e-03	3.984048e-16
1.112365340456272e-08	1.599994e-03	5.000000e-02	1.000000e-01	5.000000e-02	8.000000e-01	1.600026e-06	3.193641e-06	0.000000e+00	-3.195366e-08	0.000000e+00	1.599994e-03	1.600026e-03	1.599994e-03	5.000000e-06	-5.000000e-06	-5.000000e-06	-1.599994e-03	3.984048e-16
1.114318465456272e-08	1.599994e-03	5.000000e-02	1.000000e-01	5.000000e-02	8.000000e-01	1.599962e-06	3.193584e-06	0.000000e+00	3.195301e-08	0.000000e+00	1.599994e-03	1.599962e-03	1.599994e-03	5.000000e-06	-5.000000e-06	-5.000000e-06	-1.599994e-03	3.984048e-16
1.116271590456272e-08	1.599994e-03	5.000000e-02	1.000000e-01	5.000000e-02	8.000000e-01	1.600026e-06	3.193642e-06	0.000000e+00	-3.195235e-08	0.000000e+00	1.599994e-03	1.600026e-03	1.599994e-03	5.000000e-06	-5.000000e-06	-5.000000e-06	-1.599994e-03	3.984048e-16
1.118224715456272e-08	1.599994e-03	5.000000e-02	1.000000e-01	5.000000e-02	8.000000e-01	1.599962e-06	3.193583e-06	0.000000e+00	3.195170e-08	0.000000e+00	1.599994e-03	1.599962e-03	1.599994e-03	5.000000e-06	-5.000000e-06	-5.000000e-06	-1.599994e-03	3.984048e-16
1.120177840456272e-08	1.599994e-03	5.000000e-02	1.000000e-01	5.000000e-02	8.000000e-01	1.600026e-06	3.193643e-06	0.000000e+00	-3.195105e-08	0.000000e+00	1.599994e-03	1.600026e-03	1.599994e-03	5.000000e-06	-5.000000e-06	-5.000000e-06	-1.599994e-03	3.984048e-16
1.122130965456272e-08	1.599994e-03	5.000000e-02	1.000000e-01	5.000000e-02	8.000000e-01	1.599962e-06	3.193582e-06	0.000000e+00	3.195039e-08	0.000000e+00	1.599994e-03	1.599962e-03	1.599994e-03	5.000000e-06	-5.000000e-06	-5.000000e-06	-1.599994e-03	3.984048e-16
1.124084090456272e-08	1.599994e-03	5.000000e-02	1.000000e-01	5.000000e-02	8.000000e-01	1.600026e-06	3.193644e-06	0.000000e+00	-3.194974e-08	0.000000e+00	1.599994e-03	1.600026e-03	1.599994e-03	5.000000e-06	-5.000000e-06	-5.000000e-06	-1.599994e-03	3.984048e-16
1.126037215456272e-08	1.599994e-03	5.000000e-02	1.000000e-01	5.000000e-02	8.000000e-01	1.599962e-06	3.193582e-06	0.000000e+00	3.194908e-08	0.000000e+00	1.599994e-03	1.599962e-03	1.599994e-03	5.000000e-06	-5.000000e-06	-5.000000e-06	-1.599994e-03	3.984048e-16
1.127990340456272e-08	1.599994e-03	5.000000e-02	1.000000e-01	5.000000e-02	8.000000e-01	1.600026e-06	3.193644e-06	0.000000e+00	-3.194843e-08	0.000000e+00	1.599994e-03	1.600026e-03	1.599994e-03	5.000000e-06	-5.000000e-06	-5.000000e-06	-1.599994e-03	3.984048e-16
1.129943465456272e-08	1.599994e-03	5.000000e-02	1.000000e-01	5.000000e-02	8.000000e-01	1.599962e-06	3.193582e-06	0.000000e+00	3.194777e-08	0.000000e+00	1.599994e-03	1.599962e-03	1.599994e-03	5.000000e-06	-5.000000e-06	-5.000000e-06	-1.599994e-03	3.984048e-16
1.131896590456272e-08	1.599994e-03	5.000000e-02	1.000000e-01	5.000000e-02	8.000000e-01	1.600026e-06	3.193644e-06	0.000000e+00	-3.194712e-08	0.000000e+00	1.599994e-03	1.600026e-03	1.599994e-03	5.000000e-06	-5.000000e-06	-5.000000e-06	-1.599994e-03	3.984048e-16
1.133849715456272e-08	1.599994e-03	5.000000e-02	1.000000e-01	5.000000e-02	8.000000e-01	1.599962e-06	3.193581e-06	0.000000e+00	3.194646e-08	0.000000e+00	1.599994e-03	1.599962e-03	1.599994e-03	5.000000e-06	-5.000000e-06	-5.000000e-06	-1.599994e-03	3.984048e-16
1.135802840456272e-08	1.599994e-03	5.000000e-02	1.000000e-01	5.000000e-02	8.000000e-01	1.600026e-06	3.193644e-06	0.000000e+00	-3.194581e-08	0.000000e+00	1.599994e-03	1.600026e-03	1.599994e-03	5.000000e-06	-5.000000e-06	-5.000000e-06	-1.599994e-03	3.984048e-16
1.137755965456272e-08	1.599994e-03	5.000000e-02	1.000000e-01	5.000000e-02	8.000000e-01	1.599962e-06	3.193581e-06	0.000000e+00	3.194516e-08	0.000000e+00	1.599994e-03	1.599962e-03	1.599994e-03	5.000000e-06	-5.000000e-06	-5.000000e-06	-1.599994e-03	3.984048e-16
1.139709090456272e-08	1.599994e-03	5.000000e-02	1.000000e-01	5.000000e-02	8.000000e-01	1.600026e-06	3.193644e-06	0.000000e+00	-3.194450e-08	0.000000e+00	1.599994e-03	1.600026e-03	1.599994e-03	5.000000e-06	-5.000000e-06	-5.000000e-06	-1.599994e-03	3.984048e-16
1.141662215456272e-08	1.599994e-03	5.000000e-02	1.000000e-01	5.000000e-02	8.000000e-01	1.599962e-06	3.193581e-06	0.000000e+00	3.194385e-08	0.000000e+00	1.599994e-03	1.599962e-03	1.599994e-03	5.000000e-06	-5.000000e-06	-5.000000e-06	-1.599994e-03	3.984048e-16
1.143615340456271e-08	1.599994e-03	5.000000e-02	1.000000e-01	5.000000e-02	8.000000e-01	1.600026e-06	3.193644e-06	0.000000e+00	-3.194319e-08	0.000000e+00	1.599994e-03	1.600026e-03	1.599994e-03	5.000000e-06	-5.000000e-06	-5.000000e-06	-1.599994e-03	3.984048e-16
1.145568465456271e-08	1.599994e-03	5.000000e-02	1.000000e-01	5.000000e-02	8.000000e-01	1.599962e-06	3.193581e-06	0.000000e+00	3.194254e-08	0.000000e+00	1.599994e-03	1.599962e-03	1.599994e-03	5.000000e-06	-5.000000e-06	-5.000000e-06	-1.599994e-03	3.984048e-16
1.147521590456271e-08	1.599994e-03	5.000000e-02	1.000000e-01	5.000000e-02	8.000000e-01	1.600026e-06	3.193644e-06	0.000000e+00	-3.194188e-08	0.000000e+00	1.599994e-03	1.600026e-03	1.599994e-03	5.000000e-06	-5.000000e-06	-5.000000e-06	-1.599994e-03	3.984048e-16
1.149474715456271e-08	1.599994e-03	5.000000e-02	1.000000e-01	5.000000e-02	8.000000e-01	1.599962e-06	3.193581e-06	0.000000e+00	3.194123e-08	0.000000e+00	1.599994e-03	1.599962e-03	1.599994e-03	5.000000e-06	-5.000000e-06	-5.000000e-06	-1.599994e-03	3.984048e-16
1.151427840456271e-08	1.599994e-03	5.000000e-02	1.000000e-01	5.000000e-02	8.000000e-01	1.600026e-06	3.193645e-06	0.000000e+00	-3.194058e-08	0.000000e+00	1.599994e-03	1.600026e-03	1.599994e-03	5.000000e-06	-5.000000e-06	-5.000000e-06	-1.599994e-03	3.984048e-16
1.152000000000000e-08	1.599994e-03	5.000000e-02	1.000000e-01	5.000000e-02	8.000000e-01	1.599962e-06	3.193581e-06	0.000000e+00	3.193835e-08	0.000000e+00	1.599994e-03	1.599962e-03	1.599994e-03	5.000000e-06	-5.000000e-06	-5.000000e-06	-1.599994e-03	3.984048e-16
1.152027727430569e-08	1.577821e-03	5.000000e-02	1.000000e-01	5.000000e-02	7.889090e-01	1.577869e-06	-1.696976e-06	0.000000e+00	-4.787372e-08	0.000000e+00	1.577821e-03	1.577869e-03	1.577821e-03	5.000000e-06	-5.000000e-06	-5.000000e-06	-1.577821e-03	3.977302e-16
1.152048682786461e-08	1.561063e-03	5.000000e-02	1.000000e-01	5.000000e-02	7.805269e-01	1.561031e-06	-4.583663e-06	0.000000e+00	3.180319e-08	0.000000e+00	1.561063e-03	1.561031e-03	1.561063e-03	5.000000e-06	-5.000000e-06	-5.000000e-06	-1.561063e-03	3.964104e-16
1.152066217976158e-08	1.547039e-03	5.000000e-02	1.000000e-01	5.000000e-02	7.735128e-01	1.547087e-06	-6.575264e-06	0.000000e+00	-4.770796e-08	0.000000e+00	1.547039e-03	1.547087e-03	1.547039e-03	5.000000e-06	-5.000000e-06	-5.000000e-06	-1.547039e-03	3.948820e-16
1.152089603079355e-08	1.528335e-03	5.000000e-02	1.000000e-01	5.000000e-02	7.641588e-01	1.528303e-06	-8.750249e-06	0.000000e+00	3.164381e-08	0.000000e+00	1.528335e-03	1.528303e-03	1.528335e-03	5.000000e-06	-5.000000e-06	-5.000000e-06	-1.528335e-03	3.923623e-16
1.152112134445467e-08	1.510313e-03	5.000000e-02	1.000000e-01	5.000000e-02	7.551462e-01	1.510361e-06	-1.041938e-05	0.000000e+00	-4.757053e-08	0.000000e+00	1.510313e-03	1.510361e-03	1.510313e-03	5.000000e-06	-5.000000e-06	-5.000000e-06	-1.510313e-03	3.895081e-16
1.152139406318908e-08	1.488499e-03	5.000000e-02	1.000000e-01	5.000000e-02	7.442375e-01	1.488467e-06	-1.200534e-05	0.000000e+00	3.151486e-08	0.000000e+00	1.488499e-03	1.488467e-03	1.488499e-03	5.000000e-06	-5.000000e-06	-5.000000e-06	-1.488499e-03	3.856186e-16
1.152165840728571e-08	1.467354e-03	5.000000e-02	1.000000e-01	5.000000e-02	7.336637e-01	1.467401e-06	-1.318676e-05	0.000000e+00	-4.745333e-08	0.000000e+00	1.467354e-03	1.467401e-03	1.467354e-03	5.000000e-06	-5.000000e-06	-5.000000e-06	-1.467354e-03	3.814926e-16
1.152197414489888e-08	1.442097e-03	5.000000e-02	1.000000e-01	5.000000e-02	7.210342e-01	1.442065e-06	-1.425614e-05	0.000000e+00	3.140473e-08	0.000000e+00	1.442097e-03	1.442065e-03	1.442097e-03	5.000000e-06	-5.000000e-06	-5.000000e-06	-1.442097e-03	3.762224e-16
1.152229268207187e-08	1.416616e-03	5.000000e-02	1.000000e-01	5.000000e-02	7.082927e-01	1.416663e-06	-1.505279e-05	0.000000e+00	-4.735428e-08	0.000000e+00	1.416616e-03	1.416663e-03	1.416616e-03	5.000000e-06	-5.000000e-06	-5.000000e-06	-1.416616e-03	3.706233e-16
1.152267184362843e-08	1.386284e-03	5.000000e-02	1.000000e-01	5.000000e-02	6.931263e-01	1.386253e-06	-1.574012e-05	0.000000e+00	3.131351e-08	0.000000e+00	1.386284e-03	1.386253e-03	1.386284e-03	5.000000e-06	-5.000000e-06	-5.000000e-06	-1.386284e-03	3.636974e-16
1.152306780139879e-08	1.354608e-03	5.000000e-02	1.000000e-01	5.000000e-02	6.772879e-01	1.354656e-06	-1.624538e-05	0.000000e+00	-4.727330e-08	0.000000e+00	1.354608e-03	1.354656e-03	1.354608e-03	5.000000e-06	-5.000000e-06	-5.000000e-06	-1.354608e-03	3.562521e-16
1.152354154454763e-08	1.316710e-03	5.000000e-02	1.000000e-01	5.000000e-02	6.583382e-01	1.316679e-06	-1.666358e-05	0.000000e+00	3.124051e-08	0.000000e+00	1.316710e-03	1.316678e-03	1.316710e-03	5.000000e-06	-5.000000e-06	-5.000000e-06	-1.316710e-03	3.471577e-16
1.152405568915359e-08	1.275579e-03	5.000000e-02	1.000000e-01	5.000000e-02	6.377724e-01	1.275626e-06	-1.697083e-05	0.000000e+00	-4.720975e-08	0.000000e+00	1.275579e-03	1.275626e-03	1.275579e-03	5.000000e-06	-5.000000e-06	-5.000000e-06	-1.275579e-03	3.371412e-16
1.152468254006197e-08	1.225431e-03	5.000000e-02	1.000000e-01	5.000000e-02	6.126984e-01	1.225400e-06	-1.722601e-05	0.000000e+00	3.118490e-08	0.000000e+00	1.225431e-03	1.225400e-03	1.225431e-03	5.000000e-06	-5.000000e-06	-5.000000e-06	-1.225431e-03	3.248092e-16
1.152539677723289e-08	1.168293e-03	5.000000e-02	1.000000e-01	5.000000e-02	5.841289e-01	1.168340e-06	-1.742911e-05	0.000000e+00	-4.716285e-08	0.000000e+00	1.168293e-03	1.168340e-03	1.168293e-03	5.000000e-06	-5.000000e-06	-5.000000e-06	-1.168293e-03	3.106706e-16
1.152630301962761e-08	1.095794e-03	5.000000e-02	1.000000e-01	5.000000e-02	5.478792e-01	1.095763e-06	-1.762378e-05	0.000000e+00	3.114566e-08	0.000000e+00	1.095794e-03	1.095762e-03	1.095794e-03	5.000000e-06	-5.000000e-06	-5.000000e-06	-1.095794e-03	2.926680e-16
1.152741280185599e-08	1.007012e-03	5.000000e-02	1.000000e-01	5.000000e-02	5.034879e-01	1.007059e-06	-1.782230e-05	0.000000e+00	-4.713148e-08	0.000000e+00	1.007012e-03	1.007059e-03	1.007012e-03	5.000000e-06	-5.000000e-06	-5.000000e-06	-1.007012e-03	2.705822e-16
1.152894002952509e-08	8.848338e-04	5.000000e-02	1.000000e-01	5.000000e-02	4.423988e-01	8.848027e-07	-1.807364e-05	0.000000e+00	3.112130e-08	0.000000e+00	8.848338e-04	8.848027e-04	8.848338e-04	5.000000e-06	-5.000000e-06	-5.000000e-06	-8.848338e-04	2.401669e-16
1.153107041983620e-08	7.144032e-04	5.000000e-02	1.000000e-01	5.000000e-02	3.571832e-01	7.144504e-07	-1.841491e-05	0.000000e+00	-4.711389e-08	0.000000e+00	7.144032e-04	7.144504e-04	7.144032e-04	5.000000e-06	-5.000000e-06	-5.000000e-06	-7.144032e-04	1.977302e-16
1.153460231287735e-08	4.318529e-04	5.000000e-02	1.000000e-01	5.000000e-02	2.159075e-01	4.318218e-07	-1.897891e-05	0.000000e+00	3.110952e-08	0.000000e+00	4.318529e-04	4.318218e-04	4.318529e-04	5.000000e-06	-5.000000e-06	-5.000000e-06	-4.318529e-04	1.273740e-16
1.154000000000000e-08	3.968151e-08	5.000000e-02	1.000000e-01	5.000000e-02	6.061818e-14	8.678807e-11	-1.984075e-05	0.000000e+00	-4.710656e-08	0.000000e+00	3.968151e-08	8.678807e-08	3.968151e-08	5.000000e-06	-5.000000e-06	-5.000000e-06	-3.968151e-08	1.985076e-17
1.154020549517731e-08	-3.226363e-08	5.000000e-02	1.000000e-01	5.000000e-02	0.000000e+00	-1.474411e-11	-1.613182e-05	0.000000e+00	4.700774e-08	0.000000e+00	3.226363e-08	-1.474411e-08	3.226363e-08	5.000000e-06	-5.000000e-06	-5.000000e-06	-3.226363e-08	1.613987e-17
1.154042666852715e-08	2.581792e-08	5.000000e-02	1.000000e-01	5.000000e-02	0.000000e+00	7.274654e-11	-1.290896e-05	0.000000e+00	-4.692863e-08	0.000000e+00	2.581792e-08	7.274654e-08	2.581792e-08	5.000000e-06	-5.000000e-06	-5.000000e-06	-2.581792e-08	1.291549e-17
1.154061167030304e-08	2.143213e-08	5.000000e-02	1.000000e-01	5.000000e-02	0.000000e+00	-2.539040e-11	-1.071607e-05	0.000000e+00	4.682254e-08	0.000000e+00	2.143213e-08	-2.539040e-08	2.143213e-08	5.000000e-06	-5.000000e-06	-5.000000e-06	-2.143213e-08	1.072140e-17
1.154084462353384e-08	1.694613e-08	5.000000e-02	1.000000e-01	5.000000e-02	0.000000e+00	6.369218e-11	-8.473065e-06	0.000000e+00	-4.674605e-08	0.000000e+00	1.694613e-08	6.369218e-08	1.694613e-08	5.000000e-06	-5.000000e-06	-5.000000e-06	-1.694613e-08	8.477365e-18
1.154106421318104e-08	1.358268e-08	5.000000e-02	1.000000e-01	5.000000e-02	0.000000e+00	-3.307524e-11	-6.791340e-06	0.000000e+00	4.665792e-08	0.000000e+00	1.358268e-08	-3.307524e-08	1.358268e-08	5.000000e-06	-5.000000e-06	-5.000000e-06	-1.358268e-08	6.794702e-18
1.154133164983187e-08	1.036856e-08	5.000000e-02	1.000000e-01	5.000000e-02	0.000000e+00	5.695915e-11	-5.184281e-06	0.000000e+00	-4.659059e-08	0.000000e+00	1.036856e-08	5.695915e-08	1.036856e-08	5.000000e-06	-5.000000e-06	-5.000000e-06	-1.036856e-08	5.186930e-18
1.154159057354997e-08	7.984420e-09	5.000000e-02	1.000000e-01	5.000000e-02	0.000000e+00	-3.853241e-11	-3.992210e-06	0.000000e+00	4.651683e-08	0.000000e+00	7.984420e-09	-3.853241e-08	7.984420e-09	5.000000e-06	-5.000000e-06	-5.000000e-06	-7.984420e-09	3.994168e-18
1.154190039571301e-08	5.835831e-09	5.000000e-02	1.000000e-01	5.000000e-02	0.000000e+00	5.229403e-11	-2.917915e-06	0.000000e+00	-4.645819e-08	0.000000e+00	5.835831e-09	5.229403e-08	5.835831e-09	5.000000e-06	-5.000000e-06	-5.000000e-06	-5.835831e-09	2.919427e-18
1.154221151325369e-08	4.260021e-09	5.000000e-02	1.000000e-01	5.000000e-02	0.000000e+00	-4.213747e-11	-2.130010e-06	0.000000e+00	4.639749e-08	0.000000e+00	4.260021e-09	-4.213747e-08	4.260021e-09	5.000000e-06	-5.000000e-06	-5.000000e-06	-4.260021e-09	2.131033e-18
1.154258184745503e-08	2.924789e-09	5.000000e-02	1.000000e-01	5.000000e-02	0.000000e+00	4.927291e-11	-1.462394e-06	0.000000e+00	-4.634812e-08	0.000000e+00	2.924789e-09	4.927291e-08	2.924789e-09	5.000000e-06	-5.000000e-06	-5.000000e-06	-2.924789e-09	1.463175e-18
1.154296690425786e-08	1.977785e-09	5.000000e-02	1.000000e-01	5.000000e-02	0.000000e+00	-4.432173e-11	-9.888927e-07	0.000000e+00	4.629951e-08	0.000000e+00	1.977785e-09	-4.432173e-08	1.977785e-09	5.000000e-06	-5.000000e-06	-5.000000e-06	-1.977785e-09	9.893428e-19
1.154342709219321e-08	1.235626e-09	5.000000e-02	1.000000e-01	5.000000e-02	0.000000e+00	4.749523e-11	-6.178129e-07	0.000000e+00	-4.625961e-08	0.000000e+00	1.235626e-09	4.749523e-08	1.235626e-09	5.000000e-06	-5.000000e-06	-5.000000e-06	-1.235626e-09	6.181693e-19
1.154392401559303e-08	7.425814e-10	5.000000e-02	1.000000e-01	5.000000e-02	0.000000e+00	-4.547961e-11	-3.712907e-07	0.000000e+00	4.622219e-08	0.000000e+00	7.425814e-10	-4.547961e-08	7.425814e-10	5.000000e-06	-5.000000e-06	-5.000000e-06	-7.425814e-10	3.714309e-19
1.154452803061841e-08	3.970230e-10	5.000000e-02	1.000000e-01	5.000000e-02	0.000000e+00	4.658872e-11	-1.985115e-07	0.000000e+00	-4.619170e-08	0.000000e+00	3.970230e-10	4.658872e-08	3.970230e-10	5.000000e-06	-5.000000e-06	-5.000000e-06	-3.970230e-10	1.986573e-19
1.154521163053034e-08	1.943640e-10	5.000000e-02	1.000000e-01	5.000000e-02	0.000000e+00	-4.597026e-11	-9.718200e-08	0.000000e+00	4.616462e-08	0.000000e+00	1.943640e-10	-4.597026e-08	1.943640e-10	5.000000e-06	-5.000000e-06	-5.000000e-06	-1.943640e-10	9.718462e-20
1.154607359538231e-08	7.687226e-11	5.000000e-02	1.000000e-01	5.000000e-02	0.000000e+00	4.622010e-11	-3.843613e-08	0.000000e+00	-4.614323e-08	0.000000e+00	7.687226e-11	4.622010e-08	7.687226e-11	5.000000e-06	-5.000000e-06	-5.000000e-06	-7.687226e-11	3.850157e-20
1.154711796617216e-08	2.413011e-11	5.000000e-02	1.000000e-01	5.000000e-02	0.000000e+00	-4.610142e-11	-1.206506e-08	0.000000e+00	4.612555e-08	0.000000e+00	2.413011e-11	-4.610142e-08	2.413011e-11	5.000000e-06	-5.000000e-06	-5.000000e-06	-2.413011e-11	1.202499e-20
1.154853648057763e-08	3.955850e-12	5.000000e-02	1.000000e-01	5.000000e-02	0.000000e+00	4.611650e-11	-1.977925e-09	0.000000e+00	-4.611255e-08	0.000000e+00	3.955850e-12	4.611650e-08	3.955850e-12	5.000000e-06	-5.000000e-06	-5.000000e-06	-3.955850e-12	2.025031e-21
1.155047413305806e-08	1.491844e-13	5.000000e-02	1.000000e-01	5.000000e-02	0.000000e+00	-4.610288e-11	-7.459219e-11	0.000000e+00	4.610303e-08	0.000000e+00	1.491844e-13	-4.610288e-08	1.491844e-13	5.000000e-06	-5.000000e-06	-5.000000e-06	-1.491844e-13	2.852660e-23
1.155358348736235e-08	-1.046241e-13	5.000000e-02	1.000000e-01	5.000000e-02	0.000000e+00	4.609699e-11	5.231207e-11	0.000000e+00	-4.609710e-08	0.000000e+00	-1.046241e-13	4.609700e-08	-1.046241e-13	5.000000e-06	-5.000000e-06	-5.000000e-06	1.046241e-13	-6.241228e-24
1.155918316663194e-08	-9.806775e-14	5.000000e-02	1.000000e-01	5.000000e-02	0.000000e+00	-4.609371e-11	-4.903387e-11	0.000000e+00	4.609381e-08	0.000000e+00	9.806775e-14	-4.609371e-08	9.806775e-14	5.000000e-06	-5.000000e-06	-5.000000e-06	-9.806775e-14	2.964682e-24
1.157038252517112e-08	-9.627381e-14	5.000000e-02	1.000000e-01	5.000000e-02	0.000000e+00	4.609206e-11	4.813690e-11	0.000000e+00	-4.609216e-08	0.000000e+00	-9.627381e-14	4.609207e-08	-9.627381e-14	5.000000e-06	-5.000000e-06	-5.000000e-06	9.627381e-14	-2.068909e-24
1.158991377517112e-08	-9.550603e-14	5.000000e-02	1.000000e-01	5.000000e-02	0.000000e+00	-4.609112e-11	-4.775302e-11	0.000000e+00	4.609122e-08	0.000000e+00	9.550603e-14	-4.609112e-08	9.550603e-14	5.000000e-06	-5.000000e-06	-5.000000e-06	-9.550603e-14	1.685771e-24
1.160944502517112e-08	-9.488008e-14	5.000000e-02	1.000000e-01	5.000000e-02	0.000000e+00	4.609018e-11	4.744004e-11	0.000000e+00	-4.609027e-08	0.000000e+00	-9.488008e-14	4.609018e-08	-9.488008e-14	5.000000e-06	-5.000000e-06	-5.000000e-06	9.488008e-14	-1.373585e-24
1.162897627517112e-08	-9.436971e-14	5.000000e-02	1.000000e-01	5.000000e-02	0.000000e+00	-4.608923e-11	-4.718485e-11	0.000000e+00	4.608933e-08	0.000000e+00	9.436971e-14	-4.608923e-08	9.436971e-14	5.000000e-06	-5.000000e-06	-5.000000e-06	-9.436971e-14	1.119212e-24
1.164850752517112e-08	-9.395350e-14	5.000000e-02	1.000000e-01	5.000000e-02	0.000000e+00	4.608829e-11	4.697675e-11	0.000000e+00	-4.608838e-08	0.000000e+00	-9.395350e-14	4.608829e-08	-9.395350e-14	5.000000e-06	-5.000000e-06	-5.000000e-06	9.395350e-14	-9.119467e-25
1.166803877517112e-08	-9.361401e-14	5.000000e-02	1.000000e-01	5.000000e-02	0.000000e+00	-4.608735e-11	-4.680701e-11	0.000000e+00	4.608744e-08	0.000000e+00	9.361401e-14	-4.608735e-08	9.361401e-14	5.000000e-06	-5.000000e-06	-5.000000e-06	-9.361401e-14	7.430642e-25
1.168757002517112e-08	-9.333705e-14	5.000000e-02	1.000000e-01	5.000000e-02	0.000000e+00	4.608640e-11	4.666853e-11	0.000000e+00	-4.608650e-08	0.000000e+00	-9.333705e-14	4.608640e-08	-9.333705e-14	5.000000e-06	-5.000000e-06	-5.000000e-06	9.333705e-14	-6.054569e-25
1.170710127517112e-08	-9.311103e-14	5.000000e-02	1.000000e-01	5.000000e-02	0.000000e+00	-4.608546e-11	-4.655552e-11	0.000000e+00	4.608555e-08	0.000000e+00	9.311103e-14	-4.608546e-08	9.311103e-14	5.000000e-06	-5.000000e-06	-5.000000e-06	-9.311103e-14	4.933328e-25
1.172663252517112e-08	-9.292651e-14	5.000000e-02	1.000000e-01	5.000000e-02	0.000000e+00	4.608452e-11	4.646326e-11	0.000000e+00	-4.608461e-08	0.000000e+00	-9.292651e-14	4.608452e-08	-9.292651e-14	5.000000e-06	-5.000000e-06	-5.000000e-06	9.292651e-14	-4.019728e-25
1.174616377517112e-08	-9.277582e-14	5.000000e-02	1.000000e-01	5.000000e-02	0.000000e+00	-4.608357e-11	-4.638791e-11	0.000000e+00	4.608367e-08	0.000000e+00	9.277582e-14	-4.608357e-08	9.277582e-14	5.000000e-06	-5.000000e-06	-5.000000e-06	-9.277582e-14	3.275316e-25
1.176569502517112e-08	-9.265269e-14	5.000000e-02	1.000000e-01	5.000000e-02	0.000000e+00	4.608263e-11	4.632634e-11	0.000000e+00	-4.608272e-08	0.000000e+00	-9.265269e-14	4.608263e-08	-9.265269e-14	5.000000e-06	-5.000000e-06	-5.000000e-06	9.265269e-14	-2.668761e-25
1.178522627517112e-08	-9.255200e-14	5.000000e-02	1.000000e-01	5.000000e-02	0.000000e+00	-4.608169e-11	-4.627600e-11	0.000000e+00	4.608178e-08	0.000000e+00	9.255200e-14	-4.608168e-08	9.255200e-14	5.000000e-06	-5.000000e-06	-5.000000e-06	-9.255200e-14	2.174533e-25
1.180475752517112e-08	-9.246962e-14	5.000000e-02	1.000000e-01	5.000000e-02	0.000000e+00	4.608074e-11	4.623481e-11	0.000000e+00	-4.608084e-08	0.000000e+00	-9.246962e-14	4.608074e-08	-9.246962e-14	5.000000e-06	-5.000000e-06	-5.000000e-06	9.246962e-14	-1.771830e-25
1.182428877517112e-08	-9.240213e-14	5.000000e-02	1.000000e-01	5.000000e-02	0.000000e+00	-4.607980e-11	-4.620107e-11	0.000000e+00	4.607989e-08	0.000000e+00	9.240213e-14	-4.607980e-08	9.240213e-14	5.000000e-06	-5.000000e-06	-5.000000e-06	-9.240213e-14	1.443703e-25
1.184382002517112e-08	-9.234680e-14	5.000000e-02	1.000000e-01	5.000000e-02	0.000000e+00	4.607886e-11	4.617340e-11	0.000000e+00	-4.607895e-08	0.000000e+00	-9.234680e-14	4.607886e-08	-9.234680e-14	5.000000e-06	-5.000000e-06	-5.000000e-06	9.234680e-14	-1.176342e-25
1.186335127517112e-08	-9.230137e-14	5.000000e-02	1.000000e-01	5.000000e-02	0.000000e+00	-4.607791e-11	-4.615068e-11	0.000000e+00	4.607800e-08	0.000000e+00	9.230137e-14	-4.607791e-08	9.230137e-14	5.000000e-06	-5.000000e-06	-5.000000e-06	-9.230137e-14	9.584927e-26
1.188288252517112e-08	-9.226400e-14	5.000000e-02	1.000000e-01	5.000000e-02	0.000000e+00	4.607697e-11	4.613200e-11	0.000000e+00	-4.607706e-08	0.000000e+00	-9.226400e-14	4.607697e-08	-9.226400e-14	5.000000e-06	-5.000000e-06	-5.000000e-06	9.226400e-14	-7.809867e-26
1.190241377517112e-08	-9.223320e-14	5.000000e-02	1.000000e-01	5.000000e-02	0.000000e+00	-4.607602e-11	-4.611660e-11	0.000000e+00	4.607612e-08	0.000000e+00	9.223320e-14	-4.607602e-08	9.223320e-14	5.000000e-06	-5.000000e-06	-5.000000e-06	-9.223320e-14	6.363526e-26
1.192194502517112e-08	-9.220776e-14	5.000000e-02	1.000000e-01	5.000000e-02	0.000000e+00	4.607508e-11	4.610388e-11	0.000000e+00	-4.607517e-08	0.000000e+00	-9.220776e-14	4.607508e-08	-9.220776e-14	5.000000e-06	-5.000000e-06	-5.000000e-06	9.220776e-14	-5.185032e-26
1.194147627517112e-08	-9.218667e-14	5.000000e-02	1.000000e-01	5.000000e-02	0.000000e+00	-4.607414e-11	-4.609334e-11	0.000000e+00	4.607423e-08	0.000000e+00	9.218667e-14	-4.607413e-08	9.218667e-14	5.000000e-06	-5.000000e-06	-5.000000e-06	-9.218667e-14	4.224781e-26
1.196100752517112e-08	-9.216915e-14	5.000000e-02	1.000000e-01	5.000000e-02	0.000000e+00	4.607319e-11	4.608457e-11	0.000000e+00	-4.607329e-08	0.000000e+00	-9.216915e-14	4.607319e-08	-9.216915e-14	5.000000e-06	-5.000000e-06	-5.000000e-06	9.216915e-14	-3.442358e-26
1.198053877517112e-08	-9.215451e-14	5.000000e-02	1.000000e-01	5.000000e-02	0.000000e+00	-4.607225e-11	-4.607726e-11	0.000000e+00	4.607234e-08	0.000000e+00	9.215451e-14	-4.607225e-08	9.215451e-14	5.000000e-06	-5.000000e-06	-5.000000e-06	-9.215451e-14	2.804830e-26
1.200000000000000e-08	-9.214851e-14	5.000000e-02	1.000000e-01	5.000000e-02	0.000000e+00	4.607130e-11	4.607112e-11	0.000000e+00	-4.607140e-08	0.000000e+00	-9.214851e-14	4.607130e-08	-9.214851e-14	5.000000e-06	-5.000000e-06	-5.000000e-06	9.214851e-14	-2.283910e-26
1.200039386640794e-08	3.149609e-05	5.000000e-02	1.000000e-01	5.000000e-02	1.575466e-02	3.143408e-08	6.610784e-06	0.000000e+00	6.200980e-08	0.000000e+00	3.149609e-05	3.143408e-05	3.149609e-05	5.000000e-06	-5.000000e-06	-5.000000e-06	-3.149609e-05	1.294673e-18
1.200072271027790e-08	5.779597e-05	5.000000e-02	1.000000e-01	5.000000e-02	2.890841e-02	5.784191e-08	1.042871e-05	0.000000e+00	-4.594878e-08	0.000000e+00	5.779597e-05	5.784191e-05	5.779597e-05	5.000000e-06	-5.000000e-06	-5.000000e-06	-5.779597e-05	4.078126e-18
1.200088021722261e-08	7.039368e-05	5.000000e-02	1.000000e-01	5.000000e-02	3.520869e-02	7.033187e-08	1.184936e-05	0.000000e+00	6.180835e-08	0.000000e+00	7.039368e-05	7.033187e-05	7.039368e-05	5.000000e-06	-5.000000e-06	-5.000000e-06	-7.039368e-05	5.819389e-18
1.200109851651709e-08	8.785434e-05	5.000000e-02	1.000000e-01	5.000000e-02	4.394066e-02	8.790006e-08	1.348988e-05	0.000000e+00	-4.571285e-08	0.000000e+00	8.785434e-05	8.790005e-05	8.785434e-05	5.000000e-06	-5.000000e-06	-5.000000e-06	-8.785434e-05	8.561609e-18
1.200134095441201e-08	1.072465e-04	5.000000e-02	1.000000e-01	5.000000e-02	5.363818e-02	1.071848e-07	1.494407e-05	0.000000e+00	6.162190e-08	0.000000e+00	1.072465e-04	1.071848e-04	1.072465e-04	5.000000e-06	-5.000000e-06	-5.000000e-06	-1.072465e-04	1.197474e-17
1.200163306921876e-08	1.306129e-04	5.000000e-02	1.000000e-01	5.000000e-02	6.532277e-02	1.306585e-07	1.629747e-05	0.000000e+00	-4.555038e-08	0.000000e+00	1.306129e-04	1.306585e-04	1.306129e-04	5.000000e-06	-5.000000e-06	-5.000000e-06	-1.306129e-04	1.648643e-17
1.200192311572474e-08	1.538146e-04	5.000000e-02	1.000000e-01	5.000000e-02	7.692463e-02	1.537532e-07	1.731025e-05	0.000000e+00	6.147518e-08	0.000000e+00	1.538146e-04	1.537532e-04	1.538146e-04	5.000000e-06	-5.000000e-06	-5.000000e-06	-1.538146e-04	2.129716e-17
1.200226139805359e-08	1.808755e-04	5.000000e-02	1.000000e-01	5.000000e-02	9.045592e-02	1.809209e-07	1.818786e-05	0.000000e+00	-4.541302e-08	0.000000e+00	1.808755e-04	1.809209e-04	1.808755e-04	5.000000e-06	-5.000000e-06	-5.000000e-06	-1.808755e-04	2.721193e-17
1.200261239624940e-08	2.089540e-04	5.000000e-02	1.000000e-01	5.000000e-02	1.044959e-01	2.088927e-07	1.884699e-05	0.000000e+00	6.135144e-08	0.000000e+00	2.089540e-04	2.088927e-04	2.089540e-04	5.000000e-06	-5.000000e-06	-5.000000e-06	-2.089540e-04	3.360041e-17
1.200302616779757e-08	2.420546e-04	5.000000e-02	1.000000e-01	5.000000e-02	1.210467e-01	2.420999e-07	1.939828e-05	0.000000e+00	-4.530042e-08	0.000000e+00	2.420546e-04	2.420999e-04	2.420546e-04	5.000000e-06	-5.000000e-06	-5.000000e-06	-2.420546e-04	4.135748e-17
1.200347008473938e-08	2.775672e-04	5.000000e-02	1.000000e-01	5.000000e-02	1.388034e-01	2.775059e-07	1.980634e-05	0.000000e+00	6.125205e-08	0.000000e+00	2.775672e-04	2.775059e-04	2.775672e-04	5.000000e-06	-5.000000e-06	-5.000000e-06	-2.775672e-04	4.986295e-17
1.200399964029783e-08	3.199310e-04	5.000000e-02	1.000000e-01	5.000000e-02	1.599856e-01	3.199762e-07	2.013809e-05	0.000000e+00	-4.521209e-08	0.000000e+00	3.199310e-04	3.199762e-04	3.199310e-04	5.000000e-06	-5.000000e-06	-5.000000e-06	-3.199310e-04	6.016462e-17
1.200459064082641e-08	3.672105e-04	5.000000e-02	1.000000e-01	5.000000e-02	1.836256e-01	3.671493e-07	2.038853e-05	0.000000e+00	6.117592e-08	0.000000e+00	3.672105e-04	3.671493e-04	3.672105e-04	5.000000e-06	-5.000000e-06	-5.000000e-06	-3.672105e-04	7.178124e-17
1.200531617545161e-08	4.252528e-04	5.000000e-02	1.000000e-01	5.000000e-02	2.126470e-01	4.252980e-07	2.060337e-05	0.000000e+00	-4.514672e-08	0.000000e+00	4.252528e-04	4.252980e-04	4.252528e-04	5.000000e-06	-5.000000e-06	-5.000000e-06	-4.252528e-04	8.613514e-17
1.200617185178022e-08	4.937066e-04	5.000000e-02	1.000000e-01	5.000000e-02	2.468741e-01	4.936454e-07	2.079178e-05	0.000000e+00	6.112180e-08	0.000000e+00	4.937066e-04	4.936454e-04	4.937066e-04	5.000000e-06	-5.000000e-06	-5.000000e-06	-4.937066e-04	1.031285e-16
1.200728253899272e-08	5.825611e-04	5.000000e-02	1.000000e-01	5.000000e-02	2.913015e-01	5.826062e-07	2.099392e-05	0.000000e+00	-4.510274e-08	0.000000e+00	5.825611e-04	5.826062e-04	5.825611e-04	5.000000e-06	-5.000000e-06	-5.000000e-06	-5.825611e-04	1.252290e-16
1.200871576643915e-08	6.972189e-04	5.000000e-02	1.000000e-01	5.000000e-02	3.486307e-01	6.971578e-07	2.123087e-05	0.000000e+00	6.108786e-08	0.000000e+00	6.972189e-04	6.971578e-04	6.972189e-04	5.000000e-06	-5.000000e-06	-5.000000e-06	-6.972189e-04	1.537710e-16
1.201080373393109e-08	8.642556e-04	5.000000e-02	1.000000e-01	5.000000e-02	4.321494e-01	8.643007e-07	2.156603e-05	0.000000e+00	-4.507775e-08	0.000000e+00	8.642556e-04	8.643006e-04	8.642556e-04	5.000000e-06	-5.000000e-06	-5.000000e-06	-8.642556e-04	1.953622e-16
1.201403930663630e-08	1.123100e-03	5.000000e-02	1.000000e-01	5.000000e-02	5.615723e-01	1.123039e-06	2.208253e-05	0.000000e+00	6.107113e-08	0.000000e+00	1.123100e-03	1.123039e-03	1.123100e-03	5.000000e-06	-5.000000e-06	-5.000000e-06	-1.123100e-03	2.598156e-16
1.202000000000000e-08	1.599954e-03	5.000000e-02	1.000000e-01	5.000000e-02	8.000000e-01	1.599999e-06	2.303446e-05	0.000000e+00	-4.506763e-08	0.000000e+00	1.599954e-03	1.599999e-03	1.599954e-03	5.000000e-06	-5.000000e-06	-5.000000e-06	-1.599954e-03	3.785540e-16
1.202021105529996e-08	1.599962e-03	5.000000e-02	1.000000e-01	5.000000e-02	8.000000e-01	1.599917e-06	1.923459e-05	0.000000e+00	4.498949e-08	0.000000e+00	1.599962e-03	1.599916e-03	1.599962e-03	5.000000e-06	-5.000000e-06	-5.000000e-06	-1.599962e-03	3.823557e-16
1.202044005413128e-08	1.599968e-03	5.000000e-02	1.000000e-01	5.000000e-02	8.000000e-01	1.600013e-06	1.592835e-05	0.000000e+00	-4.490521e-08	0.000000e+00	1.599968e-03	1.600013e-03	1.599968e-03	5.000000e-06	-5.000000e-06	-5.000000e-06	-1.599968e-03	3.856637e-16
1.202062323584345e-08	1.599972e-03	5.000000e-02	1.000000e-01	5.000000e-02	8.000000e-01	1.599928e-06	1.378438e-05	0.000000e+00	4.481193e-08	0.000000e+00	1.599972e-03	1.599928e-03	1.599972e-03	5.000000e-06	-5.000000e-06	-5.000000e-06	-1.599972e-03	3.878087e-16
1.202085903720822e-08	1.599977e-03	5.000000e-02	1.000000e-01	5.000000e-02	8.000000e-01	1.600022e-06	1.154353e-05	0.000000e+00	-4.473219e-08	0.000000e+00	1.599977e-03	1.600022e-03	1.599977e-03	5.000000e-06	-5.000000e-06	-5.000000e-06	-1.599977e-03	3.900507e-16
1.202107731169524e-08	1.599980e-03	5.000000e-02	1.000000e-01	5.000000e-02	8.000000e-01	1.599936e-06	9.895030e-06	0.000000e+00	4.465331e-08	0.000000e+00	1.599980e-03	1.599936e-03	1.599980e-03	5.000000e-06	-5.000000e-06	-5.000000e-06	-1.599980e-03	3.917000e-16
1.202134835336836e-08	1.599983e-03	5.000000e-02	1.000000e-01	5.000000e-02	8.000000e-01	1.600028e-06	8.290594e-06	0.000000e+00	-4.458509e-08	0.000000e+00	1.599983e-03	1.600028e-03	1.599983e-03	5.000000e-06	-5.000000e-06	-5.000000e-06	-1.599983e-03	3.933053e-16
1.202160662262467e-08	1.599986e-03	5.000000e-02	1.000000e-01	5.000000e-02	8.000000e-01	1.599941e-06	7.121059e-06	0.000000e+00	4.451790e-08	0.000000e+00	1.599986e-03	1.599941e-03	1.599986e-03	5.000000e-06	-5.000000e-06	-5.000000e-06	-1.599986e-03	3.944753e-16
1.202192021724240e-08	1.599988e-03	5.000000e-02	1.000000e-01	5.000000e-02	8.000000e-01	1.600032e-06	6.053230e-06	0.000000e+00	-4.445979e-08	0.000000e+00	1.599988e-03	1.600032e-03	1.599988e-03	5.000000e-06	-5.000000e-06	-5.000000e-06	-1.599988e-03	3.955438e-16
1.202223125102963e-08	1.599989e-03	5.000000e-02	1.000000e-01	5.000000e-02	8.000000e-01	1.599945e-06	5.281091e-06	0.000000e+00	4.440364e-08	0.000000e+00	1.599989e-03	1.599945e-03	1.599989e-03	5.000000e-06	-5.000000e-06	-5.000000e-06	-1.599989e-03	3.963162e-16
1.202260592824633e-08	1.599991e-03	5.000000e-02	1.000000e-01	5.000000e-02	8.000000e-01	1.600035e-06	4.620499e-06	0.000000e+00	-4.435556e-08	0.000000e+00	1.599991e-03	1.600035e-03	1.599991e-03	5.000000e-06	-5.000000e-06	-5.000000e-06	-1.599991e-03	3.969772e-16
1.202299181740056e-08	1.599992e-03	5.000000e-02	1.000000e-01	5.000000e-02	8.000000e-01	1.599947e-06	4.157508e-06	0.000000e+00	4.431008e-08	0.000000e+00	1.599992e-03	1.599947e-03	1.599992e-03	5.000000e-06	-5.000000e-06	-5.000000e-06	-1.599992e-03	3.974404e-16
1.202345753557902e-08	1.599992e-03	5.000000e-02	1.000000e-01	5.000000e-02	8.000000e-01	1.600037e-06	3.792431e-06	0.000000e+00	-4.427173e-08	0.000000e+00	1.599992e-03	1.600037e-03	1.599992e-03	5.000000e-06	-5.000000e-06	-5.000000e-06	-1.599992e-03	3.978057e-16
1.202395684233253e-08	1.599993e-03	5.000000e-02	1.000000e-01	5.000000e-02	8.000000e-01	1.599949e-06	3.552429e-06	0.000000e+00	4.423647e-08	0.000000e+00	1.599993e-03	1.599949e-03	1.599993e-03	5.000000e-06	-5.000000e-06	-5.000000e-06	-1.599993e-03	3.980457e-16
1.202456884417997e-08	1.599993e-03	5.000000e-02	1.000000e-01	5.000000e-02	8.000000e-01	1.600037e-06	3.383902e-06	0.000000e+00	-4.420746e-08	0.000000e+00	1.599993e-03	1.600037e-03	1.599993e-03	5.000000e-06	-5.000000e-06	-5.000000e-06	-1.599993e-03	3.982144e-16
1.202525799192885e-08	1.599993e-03	5.000000e-02	1.000000e-01	5.000000e-02	8.000000e-01	1.599949e-06	3.286052e-06	0.000000e+00	4.418186e-08	0.000000e+00	1.599993e-03	1.599949e-03	1.599993e-03	5.000000e-06	-5.000000e-06	-5.000000e-06	-1.599993e-03	3.983123e-16
1.202613367366477e-08	1.599994e-03	5.000000e-02	1.000000e-01	5.000000e-02	8.000000e-01	1.600038e-06	3.229679e-06	0.000000e+00	-4.416166e-08	0.000000e+00	1.599994e-03	1.600038e-03	1.599994e-03	5.000000e-06	-5.000000e-06	-5.000000e-06	-1.599994e-03	3.983688e-16
1.202719169691631e-08	1.599994e-03	5.000000e-02	1.000000e-01	5.000000e-02	8.000000e-01	1.599949e-06	3.204608e-06	0.000000e+00	4.414498e-08	0.000000e+00	1.599994e-03	1.599949e-03	1.599994e-03	5.000000e-06	-5.000000e-06	-5.000000e-06	-1.599994e-03	3.983937e-16
1.202864082591147e-08	1.599994e-03	5.000000e-02	1.000000e-01	5.000000e-02	8.000000e-01	1.600038e-06	3.195401e-06	0.000000e+00	-4.413279e-08	0.000000e+00	1.599994e-03	1.600038e-03	1.599994e-03	5.000000e-06	-5.000000e-06	-5.000000e-06	-1.599994e-03	3.984030e-16
1.203062155613813e-08	1.599994e-03	5.000000e-02	1.000000e-01	5.000000e-02	8.000000e-01	1.599950e-06	3.193574e-06	0.000000e+00	4.412388e-08	0.000000e+00	1.599994e-03	1.599949e-03	1.599994e-03	5.000000e-06	-5.000000e-06	-5.000000e-06	-1.599994e-03	3.984048e-16
1.203384040102885e-08	1.599994e-03	5.000000e-02	1.000000e-01	5.000000e-02	8.000000e-01	1.600038e-06	3.193656e-06	0.000000e+00	-4.411839e-08	0.000000e+00	1.599994e-03	1.600038e-03	1.599994e-03	5.000000e-06	-5.000000e-06	-5.000000e-06	-1.599994e-03	3.984048e-16
1.203969483291366e-08	1.599994e-03	5.000000e-02	1.000000e-01	5.000000e-02	8.000000e-01	1.599950e-06	3.193569e-06	0.000000e+00	4.411538e-08	0.000000e+00	1.599994e-03	1.599950e-03	1.599994e-03	5.000000e-06	-5.000000e-06	-5.000000e-06	-1.599994e-03	3.984048e-16
1.205140369668328e-08	1.599994e-03	5.000000e-02	1.000000e-01	5.000000e-02	8.000000e-01	1.600038e-06	3.193656e-06	0.000000e+00	-4.411387e-08	0.000000e+00	1.599994e-03	1.600038e-03	1.599994e-03	5.000000e-06	-5.000000e-06	-5.000000e-06	-1.599994e-03	3.984048e-16
1.207093494668328e-08	1.599994e-03	5.000000e-02	1.000000e-01	5.000000e-02	8.000000e-01	1.599950e-06	3.193569e-06	0.000000e+00	4.411297e-08	0.000000e+00	1.599994e-03	1.599950e-03	1.599994e-03	5.000000e-06	-5.000000e-06	-5.000000e-06	-1.599994e-03	3.984048e-16
1.209046619668328e-08	1.599994e-03	5.000000e-02	1.000000e-01	5.000000e-02	8.000000e-01	1.600038e-06	3.193657e-06	0.000000e+00	-4.411207e-08	0.000000e+00	1.599994e-03	1.600038e-03	1.599994e-03	5.000000e-06	-5.000000e-06	-5.000000e-06	-1.599994e-03	3.984048e-16
1.210999744668328e-08	1.599994e-03	5.000000e-02	1.000000e-01	5.000000e-02	8.000000e-01	1.599950e-06	3.193569e-06	0.000000e+00	4.411116e-08	0.000000e+00	1.599994e-03	1.599950e-03	1.599994e-03	5.000000e-06	-5.000000e-06	-5.000000e-06	-1.599994e-03	3.984048e-16
1.212952869668328e-08	1.599994e-03	5.000000e-02	1.000000e-01	5.000000e-02	8.000000e-01	1.600038e-06	3.193657e-06	0.000000e+00	-4.411026e-08	0.000000e+00	1.599994e-03	1.600038e-03	1.599994e-03	5.000000e-06	-5.000000e-06	-5.000000e-06	-1.599994e-03	3.984048e-16
1.214905994668328e-08	1.599994e-03	5.000000e-02	1.000000e-01	5.000000e-02	8.000000e-01	1.599950e-06	3.193569e-06	0.000000e+00	4.410936e-08	0.000000e+00	1.599994e-03	1.599950e-03	1.599994e-03	5.000000e-06	-5.000000e-06	-5.000000e-06	-1.599994e-03	3.984048e-16
1.216859119668328e-08	1.599994e-03	5.000000e-02	1.000000e-01	5.000000e-02	8.000000e-01	1.600038e-06	3.193657e-06	0.000000e+00	-4.410845e-08	0.000000e+00	1.599994e-03	1.600038e-03	1.599994e-03	5.000000e-06	-5.000000e-06	-5.000000e-06	-1.599994e-03	3.984048e-16
1.218812244668328e-08	1.599994e-03	5.000000e-02	1.000000e-01	5.000000e-02	8.000000e-01	1.599950e-06	3.193569e-06	0.000000e+00	4.410755e-08	0.000000e+00	1.599994e-03	1.599950e-03	1.599994e-03	5.000000e-06	-5.000000e-06	-5.000000e-06	-1.599994e-03	3.984048e-16
1.220765369668328e-08	1.599994e-03	5.000000e-02	1.000000e-01	5.000000e-02	8.000000e-01	1.600038e-06	3.193657e-06	0.000000e+00	-4.410665e-08	0.000000e+00	1.599994e-03	1.600038e-03	1.599994e-03	5.000000e-06	-5.000000e-06	-5.000000e-06	-1.599994e-03	3.984048e-16
1.222718494668328e-08	1.599994e-03	5.000000e-02	1.000000e-01	5.000000e-02	8.000000e-01	1.599950e-06	3.193569e-06	0.000000e+00	4.410574e-08	0.000000e+00	1.599994e-03	1.599950e-03	1.599994e-03	5.000000e-06	-5.000000e-06	-5.000000e-06	-1.599994e-03	3.984048e-16
1.224671619668328e-08	1.599994e-03	5.000000e-02	1.000000e-01	5.000000e-02	8.000000e-01	1.600038e-06	3.193657e-06	0.000000e+00	-4.410484e-08	0.000000e+00	1.599994e-03	1.600038e-03	1.599994e-03	5.000000e-06	-5.000000e-06	-5.000000e-06	-1.599994e-03	3.984048e-16
1.226624744668328e-08	1.599994e-03	5.000000e-02	1.000000e-01	5.000000e-02	8.000000e-01	1.599950e-06	3.193569e-06	0.000000e+00	4.410393e-08	0.000000e+00	1.599994e-03	1.599950e-03	1.599994e-03	5.000000e-06	-5.000000e-06	-5.000000e-06	-1.599994e-03	3.984048e-16
1.228577869668328e-08	1.599994e-03	5.000000e-02	1.000000e-01	5.000000e-02	8.000000e-01	1.600038e-06	3.193657e-06	0.000000e+00	-4.410303e-08	0.000000e+00	1.599994e-03	1.600038e-03	1.599994e-03	5.000000e-06	-5.000000e-06	-5.000000e-06	-1.599994e-03	3.984048e-16
1.230530994668328e-08	1.599994e-03	5.000000e-02	1.000000e-01	5.000000e-02	8.000000e-01	1.599950e-06	3.193569e-06	0.000000e+00	4.410213e-08	0.000000e+00	1.599994e-03	1.599950e-03	1.599994e-03	5.000000e-06	-5.000000e-06	-5.000000e-06	-1.599994e-03	3.984048e-16
1.232484119668328e-08	1.599994e-03	5.000000e-02	1.000000e-01	5.000000e-02	8.000000e-01	1.600038e-06	3.193657e-06	0.000000e+00	-4.410123e-08	0.000000e+00	1.599994e-03	1.600038e-03	1.599994e-03	5.000000e-06	-5.000000e-06	-5.000000e-06	-1.599994e-03	3.984048e-16
1.234437244668328e-08	1.599994e-03	5.000000e-02	1.000000e-01	5.000000e-02	8.000000e-01	1.599950e-06	3.193569e-06	0.000000e+00	4.410033e-08	0.000000e+00	1.599994e-03	1.599950e-03	1.599994e-03	5.000000e-06	-5.000000e-06	-5.000000e-06	-1.599994e-03	3.984048e-16
1.236390369668328e-08	1.599994e-03	5.000000e-02	1.000000e-01	5.000000e-02	8.000000e-01	1.600038e-06	3.193657e-06	0.000000e+00	-4.409942e-08	0.000000e+00	1.599994e-03	1.600038e-03	1.599994e-03	5.000000e-06	-5.000000e-06	-5.000000e-06	-1.599994e-03	3.984048e-16
1.238343494668328e-08	1.599994e-03	5.000000e-02	1.000000e-01	5.000000e-02	8.000000e-01	1.599950e-06	3.193569e-06	0.000000e+00	4.409852e-08	0.000000e+00	1.599994e-03	1.599950e-03	1.599994e-03	5.000000e-06	-5.000000e-06	-5.000000e-06	-1.599994e-03	3.984048e-16
1.240296619668328e-08	1.599994e-03	5.000000e-02	1.000000e-01	5.000000e-02	8.000000e-01	1.600038e-06	3.193657e-06	0.000000e+00	-4.409761e-08	0.000000e+00	1.599994e-03	1.600038e-03	1.599994e-03	5.000000e-06	-5.000000e-06	-5.000000e-06	-1.599994e-03	3.984048e-16
1.242249744668328e-08	1.599994e-03	5.000000e-02	1.000000e-01	5.000000e-02	8.000000e-01	1.599950e-06	3.193569e-06	0.000000e+00	4.409671e-08	0.000000e+00	1.599994e-03	1.599950e-03	1.599994e-03	5.000000e-06	-5.000000e-06	-5.000000e-06	-1.599994e-03	3.984048e-16
1.244202869668328e-08	1.599994e-03	5.000000e-02	1.000000e-01	5.000000e-02	8.000000e-01	1.600038e-06	3.193657e-06	0.000000e+00	-4.409581e-08	0.000000e+00	1.599994e-03	1.600038e-03	1.599994e-03	5.000000e-06	-5.000000e-06	-5.000000e-06	-1.599994e-03	3.984048e-16
1.246155994668328e-08	1.599994e-03	5.000000e-02	1.000000e-01	5.000000e-02	8.000000e-01	1.599950e-06	3.193569e-06	0.000000e+00	4.409490e-08	0.000000e+00	1.599994e-03	1.599950e-03	1.599994e-03	5.000000e-06	-5.000000e-06	-5.000000e-06	-1.599994e-03	3.984048e-16
1.248109119668328e-08	1.599994e-03	5.000000e-02	1.000000e-01	5.000000e-02	8.000000e-01	1.600038e-06	3.193657e-06	0.000000e+00	-4.409400e-08	0.000000e+00	1.599994e-03	1.600038e-03	1.599994e-03	5.000000e-06	-5.000000e-06	-5.000000e-06	-1.599994e-03	3.984048e-16
1.250062244668328e-08	1.599994e-03	5.000000e-02	1.000000e-01	5.000000e-02	8.000000e-01	1.599950e-06	3.193569e-06	0.000000e+00	4.409310e-08	0.000000e+00	1.599994e-03	1.599950e-03	1.599994e-03	5.000000e-06	-5.000000e-06	-5.000000e-06	-1.599994e-03	3.984048e-16
1.252000000000000e-08	1.599994e-03	5.000000e-02	1.000000e-01	5.000000e-02	8.000000e-01	1.600038e-06	3.193657e-06	0.000000e+00	-4.409219e-08	0.000000e+00	1.599994e-03	1.600038e-03	1.599994e-03	5.000000e-06	-5.000000e-06	-5.000000e-06	-1.599994e-03	3.984048e-16
1.252039316224021e-08	1.568554e-03	5.000000e-02	1.000000e-01	5.000000e-02	7.842735e-01	1.568526e-06	-3.407371e-06	0.000000e+00	2.806220e-08	0.000000e+00	1.568554e-03	1.568526e-03	1.568554e-03	5.000000e-06	-5.000000e-06	-5.000000e-06	-1.568554e-03	3.971144e-16
1.252072149341833e-08	1.542295e-03	5.000000e-02	1.000000e-01	5.000000e-02	7.711403e-01	1.542339e-06	-7.222758e-06	0.000000e+00	-4.401365e-08	0.000000e+00	1.542295e-03	1.542339e-03	1.542295e-03	5.000000e-06	-5.000000e-06	-5.000000e-06	-1.542295e-03	3.943388e-16
1.252087906182858e-08	1.529692e-03	5.000000e-02	1.000000e-01	5.000000e-02	7.648375e-01	1.529664e-06	-8.645873e-06	0.000000e+00	2.792595e-08	0.000000e+00	1.529692e-03	1.529664e-03	1.529692e-03	5.000000e-06	-5.000000e-06	-5.000000e-06	-1.529692e-03	3.925986e-16
1.252109734272166e-08	1.512233e-03	5.000000e-02	1.000000e-01	5.000000e-02	7.561063e-01	1.512277e-06	-1.028801e-05	0.000000e+00	-4.385717e-08	0.000000e+00	1.512233e-03	1.512277e-03	1.512233e-03	5.000000e-06	-5.000000e-06	-5.000000e-06	-1.512233e-03	3.898586e-16
1.252133971430310e-08	1.492846e-03	5.000000e-02	1.000000e-01	5.000000e-02	7.464114e-01	1.492819e-06	-1.174376e-05	0.000000e+00	2.780044e-08	0.000000e+00	1.492846e-03	1.492819e-03	1.492846e-03	5.000000e-06	-5.000000e-06	-5.000000e-06	-1.492846e-03	3.864482e-16
1.252163167936860e-08	1.469492e-03	5.000000e-02	1.000000e-01	5.000000e-02	7.347328e-01	1.469536e-06	-1.309806e-05	0.000000e+00	-4.374957e-08	0.000000e+00	1.469492e-03	1.469536e-03	1.469492e-03	5.000000e-06	-5.000000e-06	-5.000000e-06	-1.469492e-03	3.819405e-16
1.252192161352345e-08	1.446299e-03	5.000000e-02	1.000000e-01	5.000000e-02	7.231355e-01	1.446271e-06	-1.411206e-05	0.000000e+00	2.770168e-08	0.000000e+00	1.446299e-03	1.446271e-03	1.446299e-03	5.000000e-06	-5.000000e-06	-5.000000e-06	-1.446299e-03	3.771331e-16
1.252225971990463e-08	1.419252e-03	5.000000e-02	1.000000e-01	5.000000e-02	7.096112e-01	1.419296e-06	-1.499039e-05	0.000000e+00	-4.365843e-08	0.000000e+00	1.419252e-03	1.419296e-03	1.419252e-03	5.000000e-06	-5.000000e-06	-5.000000e-06	-1.419252e-03	3.712228e-16
1.252261055711203e-08	1.391187e-03	5.000000e-02	1.000000e-01	5.000000e-02	6.955777e-01	1.391159e-06	-1.565048e-05	0.000000e+00	2.761855e-08	0.000000e+00	1.391187e-03	1.391159e-03	1.391187e-03	5.000000e-06	-5.000000e-06	-5.000000e-06	-1.391187e-03	3.648383e-16
1.252302407863506e-08	1.358106e-03	5.000000e-02	1.000000e-01	5.000000e-02	6.790369e-01	1.358150e-06	-1.620224e-05	0.000000e+00	-4.358358e-08	0.000000e+00	1.358106e-03	1.358150e-03	1.358106e-03	5.000000e-06	-5.000000e-06	-5.000000e-06	-1.358106e-03	3.570869e-16
1.252346773676657e-08	1.322614e-03	5.000000e-02	1.000000e-01	5.000000e-02	6.612905e-01	1.322587e-06	-1.661101e-05	0.000000e+00	2.755188e-08	0.000000e+00	1.322614e-03	1.322587e-03	1.322614e-03	5.000000e-06	-5.000000e-06	-5.000000e-06	-1.322614e-03	3.485872e-16
1.252399690574527e-08	1.280281e-03	5.000000e-02	1.000000e-01	5.000000e-02	6.401238e-01	1.280325e-06	-1.694298e-05	0.000000e+00	-4.352477e-08	0.000000e+00	1.280281e-03	1.280325e-03	1.280281e-03	5.000000e-06	-5.000000e-06	-5.000000e-06	-1.280281e-03	3.382937e-16
1.252458746045320e-08	1.233038e-03	5.000000e-02	1.000000e-01	5.000000e-02	6.165016e-01	1.233010e-06	-1.719388e-05	0.000000e+00	2.750088e-08	0.000000e+00	1.233038e-03	1.233010e-03	1.233038e-03	5.000000e-06	-5.000000e-06	-5.000000e-06	-1.233038e-03	3.266863e-16
1.252531231998791e-08	1.175049e-03	5.000000e-02	1.000000e-01	5.000000e-02	5.875072e-01	1.175093e-06	-1.740869e-05	0.000000e+00	-4.348118e-08	0.000000e+00	1.175049e-03	1.175093e-03	1.175049e-03	5.000000e-06	-5.000000e-06	-5.000000e-06	-1.175049e-03	3.123461e-16
1.252616711757070e-08	1.106666e-03	5.000000e-02	1.000000e-01	5.000000e-02	5.533153e-01	1.106638e-06	-1.759732e-05	0.000000e+00	2.746467e-08	0.000000e+00	1.106666e-03	1.106638e-03	1.106666e-03	5.000000e-06	-5.000000e-06	-5.000000e-06	-1.106666e-03	2.953704e-16
1.252727638105288e-08	1.017925e-03	5.000000e-02	1.000000e-01	5.000000e-02	5.089447e-01	1.017969e-06	-1.779916e-05	0.000000e+00	-4.345181e-08	0.000000e+00	1.017925e-03	1.017969e-03	1.017925e-03	5.000000e-06	-5.000000e-06	-5.000000e-06	-1.017925e-03	2.732984e-16
1.252870742806366e-08	9.034418e-04	5.000000e-02	1.000000e-01	5.000000e-02	4.517029e-01	9.034144e-07	-1.803600e-05	0.000000e+00	2.744197e-08	0.000000e+00	9.034418e-04	9.034144e-04	9.034418e-04	5.000000e-06	-5.000000e-06	-5.000000e-06	-9.034418e-04	2.447999e-16
1.253079123078964e-08	7.367383e-04	5.000000e-02	1.000000e-01	5.000000e-02	3.683508e-01	7.367817e-07	-1.837033e-05	0.000000e+00	-4.343510e-08	0.000000e+00	7.367383e-04	7.367817e-04	7.367383e-04	5.000000e-06	-5.000000e-06	-5.000000e-06	-7.367383e-04	2.032917e-16
1.253401830442237e-08	4.785734e-04	5.000000e-02	1.000000e-01	5.000000e-02	2.392678e-01	4.785460e-07	-1.888565e-05	0.000000e+00	2.743077e-08	0.000000e+00	4.785734e-04	4.785460e-04	4.785734e-04	5.000000e-06	-5.000000e-06	-5.000000e-06	-4.785734e-04	1.390076e-16
1.254000000000000e-08	3.968151e-08	5.000000e-02	1.000000e-01	5.000000e-02	6.061818e-14	8.310985e-11	-1.984076e-05	0.000000e+00	-4.342834e-08	0.000000e+00	3.968151e-08	8.310985e-08	3.968151e-08	5.000000e-06	-5.000000e-06	-5.000000e-06	-3.968151e-08	1.985076e-17
1.254021127435343e-08	-3.207500e-08	5.000000e-02	1.000000e-01	5.000000e-02	0.000000e+00	-1.126400e-11	-1.603750e-05	0.000000e+00	4.333900e-08	0.000000e+00	3.207500e-08	-1.126400e-08	3.207500e-08	5.000000e-06	-5.000000e-06	-5.000000e-06	-3.207500e-08	1.604551e-17
1.254044055126889e-08	2.545643e-08	5.000000e-02	1.000000e-01	5.000000e-02	0.000000e+00	6.872566e-11	-1.272821e-05	0.000000e+00	-4.326922e-08	0.000000e+00	2.545643e-08	6.872565e-08	2.545643e-08	5.000000e-06	-5.000000e-06	-5.000000e-06	-2.545643e-08	1.273465e-17
1.254062366615477e-08	2.117244e-08	5.000000e-02	1.000000e-01	5.000000e-02	0.000000e+00	-2.199770e-11	-1.058622e-05	0.000000e+00	4.317014e-08	0.000000e+00	2.117244e-08	-2.199770e-08	2.117244e-08	5.000000e-06	-5.000000e-06	-5.000000e-06	-2.117244e-08	1.059149e-17
1.254085956927190e-08	1.669063e-08	5.000000e-02	1.000000e-01	5.000000e-02	0.000000e+00	5.979142e-11	-8.345312e-06	0.000000e+00	-4.310080e-08	0.000000e+00	1.669063e-08	5.979143e-08	1.669063e-08	5.000000e-06	-5.000000e-06	-5.000000e-06	-1.669063e-08	8.349545e-18
1.254107779978669e-08	1.339636e-08	5.000000e-02	1.000000e-01	5.000000e-02	0.000000e+00	-2.962250e-11	-6.698179e-06	0.000000e+00	4.301885e-08	0.000000e+00	1.339636e-08	-2.962249e-08	1.339636e-08	5.000000e-06	-5.000000e-06	-5.000000e-06	-1.339636e-08	6.701498e-18
1.254134897206358e-08	1.018737e-08	5.000000e-02	1.000000e-01	5.000000e-02	0.000000e+00	5.314518e-11	-5.093684e-06	0.000000e+00	-4.295781e-08	0.000000e+00	1.018737e-08	5.314518e-08	1.018737e-08	5.000000e-06	-5.000000e-06	-5.000000e-06	-1.018737e-08	5.096283e-18
1.254160722074010e-08	7.850286e-09	5.000000e-02	1.000000e-01	5.000000e-02	0.000000e+00	-3.503923e-11	-3.925143e-06	0.000000e+00	4.288951e-08	0.000000e+00	7.850286e-09	-3.503923e-08	7.850286e-09	5.000000e-06	-5.000000e-06	-5.000000e-06	-7.850286e-09	3.927071e-18
1.254192095230426e-08	5.714773e-09	5.000000e-02	1.000000e-01	5.000000e-02	0.000000e+00	4.855100e-11	-2.857387e-06	0.000000e+00	-4.283623e-08	0.000000e+00	5.714773e-09	4.855100e-08	5.714773e-09	5.000000e-06	-5.000000e-06	-5.000000e-06	-5.714773e-09	2.858864e-18
1.254223198657649e-08	4.172000e-09	5.000000e-02	1.000000e-01	5.000000e-02	0.000000e+00	-3.860818e-11	-2.086000e-06	0.000000e+00	4.278018e-08	0.000000e+00	4.172000e-09	-3.860818e-08	4.172000e-09	5.000000e-06	-5.000000e-06	-5.000000e-06	-4.172000e-09	2.087004e-18
1.254260682239659e-08	2.850988e-09	5.000000e-02	1.000000e-01	5.000000e-02	0.000000e+00	4.558625e-11	-1.425494e-06	0.000000e+00	-4.273526e-08	0.000000e+00	2.850988e-09	4.558624e-08	2.850988e-09	5.000000e-06	-5.000000e-06	-5.000000e-06	-2.850988e-09	1.426252e-18
1.254299274611630e-08	1.926131e-09	5.000000e-02	1.000000e-01	5.000000e-02	0.000000e+00	-4.076438e-11	-9.630653e-07	0.000000e+00	4.269051e-08	0.000000e+00	1.926131e-09	-4.076438e-08	1.926131e-09	5.000000e-06	-5.000000e-06	-5.000000e-06	-1.926131e-09	9.635061e-19
1.254345866748271e-08	1.196065e-09	5.000000e-02	1.000000e-01	5.000000e-02	0.000000e+00	4.385025e-11	-5.980326e-07	0.000000e+00	-4.265419e-08	0.000000e+00	1.196065e-09	4.385025e-08	1.196065e-09	5.000000e-06	-5.000000e-06	-5.000000e-06	-1.196065e-09	5.983755e-19
1.254395806687596e-08	7.168975e-10	5.000000e-02	1.000000e-01	5.000000e-02	0.000000e+00	-4.190295e-11	-3.584487e-07	0.000000e+00	4.261984e-08	0.000000e+00	7.168975e-10	-4.190295e-08	7.168975e-10	5.000000e-06	-5.000000e-06	-5.000000e-06	-7.168975e-10	3.585861e-19
1.254457036407980e-08	3.797996e-10	5.000000e-02	1.000000e-01	5.000000e-02	0.000000e+00	4.297192e-11	-1.898998e-07	0.000000e+00	-4.259212e-08	0.000000e+00	3.797996e-10	4.297192e-08	3.797996e-10	5.000000e-06	-5.000000e-06	-5.000000e-06	-3.797996e-10	1.900377e-19
1.254525972355425e-08	1.847128e-10	5.000000e-02	1.000000e-01	5.000000e-02	0.000000e+00	-4.238264e-11	-9.235640e-08	0.000000e+00	4.256736e-08	0.000000e+00	1.847128e-10	-4.238264e-08	1.847128e-10	5.000000e-06	-5.000000e-06	-5.000000e-06	-1.847128e-10	9.236020e-20
1.254613591609438e-08	7.178057e-11	5.000000e-02	1.000000e-01	5.000000e-02	0.000000e+00	4.261973e-11	-3.589028e-08	0.000000e+00	-4.254795e-08	0.000000e+00	7.178057e-11	4.261974e-08	7.178057e-11	5.000000e-06	-5.000000e-06	-5.000000e-06	-7.178057e-11	3.595085e-20
1.254719445746939e-08	2.209247e-11	5.000000e-02	1.000000e-01	5.000000e-02	0.000000e+00	-4.250978e-11	-1.104624e-08	0.000000e+00	4.253187e-08	0.000000e+00	2.209247e-11	-4.250978e-08	2.209247e-11	5.000000e-06	-5.000000e-06	-5.000000e-06	-2.209247e-11	1.100925e-20
1.254864473604090e-08	3.383893e-12	5.000000e-02	1.000000e-01	5.000000e-02	0.000000e+00	4.252353e-11	-1.691947e-09	0.000000e+00	-4.252014e-08	0.000000e+00	3.383893e-12	4.252353e-08	3.383893e-12	5.000000e-06	-5.000000e-06	-5.000000e-06	-3.383893e-12	1.735316e-21
1.255062710446235e-08	9.427835e-14	5.000000e-02	1.000000e-01	5.000000e-02	0.000000e+00	-4.251147e-11	-4.713917e-11	0.000000e+00	4.251156e-08	0.000000e+00	9.427835e-14	-4.251147e-08	9.427835e-14	5.000000e-06	-5.000000e-06	-5.000000e-06	-9.427835e-14	4.651275e-24
1.255385011448529e-08	-8.716244e-14	5.000000e-02	1.000000e-01	5.000000e-02	0.000000e+00	4.250620e-11	4.358122e-11	0.000000e+00	-4.250629e-08	0.000000e+00	-8.716244e-14	4.250620e-08	-8.716244e-14	5.000000e-06	-5.000000e-06	-5.000000e-06	8.716244e-14	-1.096809e-24
1.255971437050058e-08	-8.604436e-14	5.000000e-02	1.000000e-01	5.000000e-02	0.000000e+00	-4.250330e-11	-4.302218e-11	0.000000e+00	4.250339e-08	0.000000e+00	8.604436e-14	-4.250330e-08	8.604436e-14	5.000000e-06	-5.000000e-06	-5.000000e-06	-8.604436e-14	5.403900e-25
1.257144288253117e-08	-8.572766e-14	5.000000e-02	1.000000e-01	5.000000e-02	0.000000e+00	4.250185e-11	4.286383e-11	0.000000e+00	-4.250194e-08	0.000000e+00	-8.572766e-14	4.250185e-08	-8.572766e-14	5.000000e-06	-5.000000e-06	-5.000000e-06	8.572766e-14	-3.834084e-25
1.259097413253117e-08	-8.558399e-14	5.000000e-02	1.000000e-01	5.000000e-02	0.000000e+00	-4.250098e-11	-4.279199e-11	0.000000e+00	4.250107e-08	0.000000e+00	8.558399e-14	-4.250098e-08	8.558399e-14	5.000000e-06	-5.000000e-06	-5.000000e-06	-8.558399e-14	3.124052e-25
1.261050538253117e-08	-8.546659e-14	5.000000e-02	1.000000e-01	5.000000e-02	0.000000e+00	4.250011e-11	4.273330e-11	0.000000e+00	-4.250020e-08	0.000000e+00	-8.546659e-14	4.250011e-08	-8.546659e-14	5.000000e-06	-5.000000e-06	-5.000000e-06	8.546659e-14	-2.545509e-25
1.263003663253117e-08	-8.537062e-14	5.000000e-02	1.000000e-01	5.000000e-02	0.000000e+00	-4.249924e-11	-4.268531e-11	0.000000e+00	4.249933e-08	0.000000e+00	8.537062e-14	-4.249924e-08	8.537062e-14	5.000000e-06	-5.000000e-06	-5.000000e-06	-8.537062e-14	2.074106e-25
1.264956788253117e-08	-8.529210e-14	5.000000e-02	1.000000e-01	5.000000e-02	0.000000e+00	4.249837e-11	4.264605e-11	0.000000e+00	-4.249846e-08	0.000000e+00	-8.529210e-14	4.249837e-08	-8.529210e-14	5.000000e-06	-5.000000e-06	-5.000000e-06	8.529210e-14	-1.690002e-25
1.266909913253117e-08	-8.522780e-14	5.000000e-02	1.000000e-01	5.000000e-02	0.000000e+00	-4.249750e-11	-4.261390e-11	0.000000e+00	4.249759e-08	0.000000e+00	8.522780e-14	-4.249750e-08	8.522780e-14	5.000000e-06	-5.000000e-06	-5.000000e-06	-8.522780e-14	1.377029e-25
1.268863038253117e-08	-8.517508e-14	5.000000e-02	1.000000e-01	5.000000e-02	0.000000e+00	4.249663e-11	4.258754e-11	0.000000e+00	-4.249672e-08	0.000000e+00	-8.517508e-14	4.249663e-08	-8.517508e-14	5.000000e-06	-5.000000e-06	-5.000000e-06	8.517508e-14	-1.122015e-25
1.270816163253117e-08	-8.513181e-14	5.000000e-02	1.000000e-01	5.000000e-02	0.000000e+00	-4.249576e-11	-4.256590e-11	0.000000e+00	4.249585e-08	0.000000e+00	8.513181e-14	-4.249576e-08	8.513181e-14	5.000000e-06	-5.000000e-06	-5.000000e-06	-8.513181e-14	9.142269e-26
1.272769288253117e-08	-8.509622e-14	5.000000e-02	1.000000e-01	5.000000e-02	0.000000e+00	4.249489e-11	4.254811e-11	0.000000e+00	-4.249497e-08	0.000000e+00	-8.509622e-14	4.249489e-08	-8.509622e-14	5.000000e-06	-5.000000e-06	-5.000000e-06	8.509622e-14	-7.449186e-26
1.274722413253117e-08	-8.506690e-14	5.000000e-02	1.000000e-01	5.000000e-02	0.000000e+00	-4.249402e-11	-4.253345e-11	0.000000e+00	4.249411e-08	0.000000e+00	8.506690e-14	-4.249402e-08	8.506690e-14	5.000000e-06	-5.000000e-06	-5.000000e-06	-8.506690e-14	6.069644e-26
1.276675538253117e-08	-8.504269e-14	5.000000e-02	1.000000e-01	5.000000e-02	0.000000e+00	4.249315e-11	4.252135e-11	0.000000e+00	-4.249324e-08	0.000000e+00	-8.504269e-14	4.249315e-08	-8.504269e-14	5.000000e-06	-5.000000e-06	-5.000000e-06	8.504269e-14	-4.945576e-26
1.278628663253117e-08	-8.502265e-14	5.000000e-02	1.000000e-01	5.000000e-02	0.000000e+00	-4.249228e-11	-4.251132e-11	0.000000e+00	4.249237e-08	0.000000e+00	8.502265e-14	-4.249228e-08	8.502265e-14	5.000000e-06	-5.000000e-06	-5.000000e-06	-8.502265e-14	4.029673e-26
1.280581788253117e-08	-8.500598e-14	5.000000e-02	1.000000e-01	5.000000e-02	0.000000e+00	4.249141e-11	4.250299e-11	0.000000e+00	-4.249150e-08	0.000000e+00	-8.500598e-14	4.249141e-08	-8.500598e-14	5.000000e-06	-5.000000e-06	-5.000000e-06	8.500598e-14	-3.283385e-26
1.282534913253117e-08	-8.499209e-14	5.000000e-02	1.000000e-01	5.000000e-02	0.000000e+00	-4.249054e-11	-4.249604e-11	0.000000e+00	4.249063e-08	0.000000e+00	8.499209e-14	-4.249054e-08	8.499209e-14	5.000000e-06	-5.000000e-06	-5.000000e-06	-8.499209e-14	2.675300e-26
1.284488038253117e-08	-8.498044e-14	5.000000e-02	1.000000e-01	5.000000e-02	0.000000e+00	4.248967e-11	4.249022e-11	0.000000e+00	-4.248976e-08	0.000000e+00	-8.498044e-14	4.248967e-08	-8.498044e-14	5.000000e-06	-5.000000e-06	-5.000000e-06	8.498044e-14	-2.179826e-26
1.286441163253117e-08	-8.497064e-14	5.000000e-02	1.000000e-01	5.000000e-02	0.000000e+00	-4.248880e-11	-4.248532e-11	0.000000e+00	4.248889e-08	0.000000e+00	8.497064e-14	-4.248880e-08	8.497064e-14	5.000000e-06	-5.000000e-06	-5.000000e-06	-8.497064e-14	1.776108e-26
1.288394288253117e-08	-8.496232e-14	5.000000e-02	1.000000e-01	5.000000e-02	0.000000e+00	4.248793e-11	4.248116e-11	0.000000e+00	-4.248801e-08	0.000000e+00	-8.496232e-14	4.248793e-08	-8.496232e-14	5.000000e-06	-5.000000e-06	-5.000000e-06	8.496232e-14	-1.447154e-26
1.290347413253117e-08	-8.495522e-14	5.000000e-02	1.000000e-01	5.000000e-02	0.000000e+00	-4.248706e-11	-4.247761e-11	0.000000e+00	4.248714e-08	0.000000e+00	8.495522e-14	-4.248706e-08	8.495522e-14	5.000000e-06	-5.000000e-06	-5.000000e-06	-8.495522e-14	1.179118e-26
1.292300538253117e-08	-8.494912e-14	5.000000e-02	1.000000e-01	5.000000e-02	0.000000e+00	4.248619e-11	4.247456e-11	0.000000e+00	-4.248627e-08	0.000000e+00	-8.494912e-14	4.248619e-08	-8.494912e-14	5.000000e-06	-5.000000e-06	-5.000000e-06	8.494912e-14	-9.607200e-27
1.294253663253117e-08	-8.494382e-14	5.000000e-02	1.000000e-01	5.000000e-02	0.000000e+00	-4.248532e-11	-4.247191e-11	0.000000e+00	4.248540e-08	0.000000e+00	8.494382e-14	-4.248532e-08	8.494382e-14	5.000000e-06	-5.000000e-06	-5.000000e-06	-8.494382e-14	7.827663e-27
1.296206788253117e-08	-8.493918e-14	5.000000e-02	1.000000e-01	5.000000e-02	0.000000e+00	4.248445e-11	4.246959e-11	0.000000e+00	-4.248453e-08	0.000000e+00	-8.493918e-14	4.248445e-08	-8.493918e-14	5.000000e-06	-5.000000e-06	-5.000000e-06	8.493918e-14	-6.377677e-27
1.298159913253117e-08	-8.493508e-14	5.000000e-02	1.000000e-01	5.000000e-02	0.000000e+00	-4.248358e-11	-4.246754e-11	0.000000e+00	4.248366e-08	0.000000e+00	8.493508e-14	-4.248358e-08	8.493508e-14	5.000000e-06	-5.000000e-06	-5.000000e-06	-8.493508e-14	5.196211e-27
1.300000000000000e-08	-8.482104e-14	5.000000e-02	1.000000e-01	5.000000e-02	0.000000e+00	4.248266e-11	4.246561e-11	0.000000e+00	-4.248274e-08	0.000000e+00	-8.482104e-14	4.248266e-08	-8.482104e-14	5.000000e-06	-5.000000e-06	-5.000000e-06	8.482104e-14	-4.177807e-27
1.300038493875931e-08	3.078213e-05	5.000000e-02	1.000000e-01	5.000000e-02	1.539755e-02	3.072371e-08	6.484968e-06	0.000000e+00	5.842357e-08	0.000000e+00	3.078213e-05	3.072371e-05	3.078213e-05	5.000000e-06	-5.000000e-06	-5.000000e-06	-3.078213e-05	1.241289e-18
1.300070717222552e-08	5.655324e-05	5.000000e-02	1.000000e-01	5.000000e-02	2.828689e-02	5.659560e-08	1.027130e-05	0.000000e+00	-4.236572e-08	0.000000e+00	5.655324e-05	5.659560e-05	5.655324e-05	5.000000e-06	-5.000000e-06	-5.000000e-06	-5.655324e-05	3.923606e-18
1.300086548083504e-08	6.921502e-05	5.000000e-02	1.000000e-01	5.000000e-02	3.461923e-02	6.915679e-08	1.172147e-05	0.000000e+00	5.823496e-08	0.000000e+00	6.921502e-05	6.915679e-05	6.921502e-05	5.000000e-06	-5.000000e-06	-5.000000e-06	-6.921502e-05	5.651443e-18
1.300108357414651e-08	8.665916e-05	5.000000e-02	1.000000e-01	5.000000e-02	4.334297e-02	8.670131e-08	1.338534e-05	0.000000e+00	-4.214596e-08	0.000000e+00	8.665916e-05	8.670131e-05	8.665916e-05	5.000000e-06	-5.000000e-06	-5.000000e-06	-8.665916e-05	8.366147e-18
1.300132516765018e-08	1.059837e-04	5.000000e-02	1.000000e-01	5.000000e-02	5.300670e-02	1.059256e-07	1.485709e-05	0.000000e+00	5.806057e-08	0.000000e+00	1.059837e-04	1.059256e-04	1.059837e-04	5.000000e-06	-5.000000e-06	-5.000000e-06	-1.059837e-04	1.174476e-17
1.300161538484045e-08	1.291983e-04	5.000000e-02	1.000000e-01	5.000000e-02	6.461539e-02	1.292403e-07	1.622425e-05	0.000000e+00	-4.199350e-08	0.000000e+00	1.291983e-04	1.292403e-04	1.291983e-04	5.000000e-06	-5.000000e-06	-5.000000e-06	-1.291983e-04	1.620458e-17
1.300190399941146e-08	1.522855e-04	5.000000e-02	1.000000e-01	5.000000e-02	7.615998e-02	1.522275e-07	1.725045e-05	0.000000e+00	5.792284e-08	0.000000e+00	1.522855e-04	1.522275e-04	1.522855e-04	5.000000e-06	-5.000000e-06	-5.000000e-06	-1.522855e-04	2.097314e-17
1.300224005526920e-08	1.791681e-04	5.000000e-02	1.000000e-01	5.000000e-02	8.960221e-02	1.792100e-07	1.813944e-05	0.000000e+00	-4.186451e-08	0.000000e+00	1.791681e-04	1.792100e-04	1.791681e-04	5.000000e-06	-5.000000e-06	-5.000000e-06	-1.791681e-04	2.683181e-17
1.300258900773390e-08	2.070830e-04	5.000000e-02	1.000000e-01	5.000000e-02	1.035603e-01	2.070252e-07	1.880866e-05	0.000000e+00	5.780662e-08	0.000000e+00	2.070830e-04	2.070252e-04	2.070830e-04	5.000000e-06	-5.000000e-06	-5.000000e-06	-2.070830e-04	3.316911e-17
1.300299961619474e-08	2.399306e-04	5.000000e-02	1.000000e-01	5.000000e-02	1.199846e-01	2.399723e-07	1.936819e-05	0.000000e+00	-4.175866e-08	0.000000e+00	2.399306e-04	2.399723e-04	2.399306e-04	5.000000e-06	-5.000000e-06	-5.000000e-06	-2.399306e-04	4.085442e-17
1.300344025052395e-08	2.751805e-04	5.000000e-02	1.000000e-01	5.000000e-02	1.376100e-01	2.751228e-07	1.978305e-05	0.000000e+00	5.771314e-08	0.000000e+00	2.751805e-04	2.751228e-04	2.751805e-04	5.000000e-06	-5.000000e-06	-5.000000e-06	-2.751805e-04	4.928719e-17
1.300396491929378e-08	3.171533e-04	5.000000e-02	1.000000e-01	5.000000e-02	1.585968e-01	3.171950e-07	2.011993e-05	0.000000e+00	-4.167551e-08	0.000000e+00	3.171533e-04	3.171950e-04	3.171533e-04	5.000000e-06	-5.000000e-06	-5.000000e-06	-3.171533e-04	5.948559e-17
1.300455027768886e-08	3.639815e-04	5.000000e-02	1.000000e-01	5.000000e-02	1.820111e-01	3.639238e-07	2.037405e-05	0.000000e+00	5.764140e-08	0.000000e+00	3.639815e-04	3.639238e-04	3.639815e-04	5.000000e-06	-5.000000e-06	-5.000000e-06	-3.639815e-04	7.098524e-17
1.300526729264229e-08	4.213422e-04	5.000000e-02	1.000000e-01	5.000000e-02	2.106917e-01	4.213838e-07	2.059092e-05	0.000000e+00	-4.161384e-08	0.000000e+00	4.213422e-04	4.213839e-04	4.213422e-04	5.000000e-06	-5.000000e-06	-5.000000e-06	-4.213422e-04	8.516603e-17
1.300611188054471e-08	4.889089e-04	5.000000e-02	1.000000e-01	5.000000e-02	2.444752e-01	4.888513e-07	2.077986e-05	0.000000e+00	5.759026e-08	0.000000e+00	4.889089e-04	4.888513e-04	4.889089e-04	5.000000e-06	-5.000000e-06	-5.000000e-06	-4.889089e-04	1.019362e-16
1.300720465598466e-08	5.763305e-04	5.000000e-02	1.000000e-01	5.000000e-02	2.881863e-01	5.763721e-07	2.098054e-05	0.000000e+00	-4.157218e-08	0.000000e+00	5.763305e-04	5.763721e-04	5.763305e-04	5.000000e-06	-5.000000e-06	-5.000000e-06	-5.763305e-04	1.236785e-16
1.300861049964510e-08	6.887976e-04	5.000000e-02	1.000000e-01	5.000000e-02	3.444200e-01	6.887400e-07	2.121381e-05	0.000000e+00	5.755801e-08	0.000000e+00	6.887976e-04	6.887400e-04	6.887976e-04	5.000000e-06	-5.000000e-06	-5.000000e-06	-6.887976e-04	1.516743e-16
1.301064639614128e-08	8.516686e-04	5.000000e-02	1.000000e-01	5.000000e-02	4.258558e-01	8.517102e-07	2.154088e-05	0.000000e+00	-4.154834e-08	0.000000e+00	8.516686e-04	8.517102e-04	8.516686e-04	5.000000e-06	-5.000000e-06	-5.000000e-06	-8.516686e-04	1.922280e-16
1.301377624965594e-08	1.102056e-03	5.000000e-02	1.000000e-01	5.000000e-02	5.510500e-01	1.101998e-06	2.204053e-05	0.000000e+00	5.754195e-08	0.000000e+00	1.102056e-03	1.101998e-03	1.102056e-03	5.000000e-06	-5.000000e-06	-5.000000e-06	-1.102056e-03	2.545754e-16
1.301979690168562e-08	1.583706e-03	5.000000e-02	1.000000e-01	5.000000e-02	7.918761e-01	1.583748e-06	2.300202e-05	0.000000e+00	-4.153872e-08	0.000000e+00	1.583706e-03	1.583748e-03	1.583706e-03	5.000000e-06	-5.000000e-06	-5.000000e-06	-1.583706e-03	3.745083e-16
1.302000000000000e-08	1.599954e-03	5.000000e-02	1.000000e-01	5.000000e-02	8.000000e-01	1.599896e-06	2.303435e-05	0.000000e+00	5.744118e-08	0.000000e+00	1.599954e-03	1.599896e-03	1.599954e-03	5.000000e-06	-5.000000e-06	-5.000000e-06	-1.599954e-03	3.785540e-16
1.302013987304438e-08	1.599959e-03	5.000000e-02	1.000000e-01	5.000000e-02	8.000000e-01	1.600016e-06	2.043219e-05	0.000000e+00	-5.726972e-08	0.000000e+00	1.599959e-03	1.600016e-03	1.599959e-03	5.000000e-06	-5.000000e-06	-5.000000e-06	-1.599959e-03	3.811576e-16
1.302025030128971e-08	1.599963e-03	5.000000e-02	1.000000e-01	5.000000e-02	8.000000e-01	1.599906e-06	1.862208e-05	0.000000e+00	5.706919e-08	0.000000e+00	1.599963e-03	1.599906e-03	1.599963e-03	5.000000e-06	-5.000000e-06	-5.000000e-06	-1.599963e-03	3.829685e-16
1.302039012406897e-08	1.599967e-03	5.000000e-02	1.000000e-01	5.000000e-02	8.000000e-01	1.600024e-06	1.659930e-05	0.000000e+00	-5.690039e-08	0.000000e+00	1.599967e-03	1.600024e-03	1.599967e-03	5.000000e-06	-5.000000e-06	-5.000000e-06	-1.599967e-03	3.849924e-16
1.302059159652901e-08	1.599972e-03	5.000000e-02	1.000000e-01	5.000000e-02	8.000000e-01	1.599915e-06	1.413770e-05	0.000000e+00	5.679241e-08	0.000000e+00	1.599972e-03	1.599915e-03	1.599972e-03	5.000000e-06	-5.000000e-06	-5.000000e-06	-1.599972e-03	3.874552e-16
1.302081350072063e-08	1.599976e-03	5.000000e-02	1.000000e-01	5.000000e-02	8.000000e-01	1.600033e-06	1.194492e-05	0.000000e+00	-5.668618e-08	0.000000e+00	1.599976e-03	1.600033e-03	1.599976e-03	5.000000e-06	-5.000000e-06	-5.000000e-06	-1.599976e-03	3.896491e-16
1.302105129663481e-08	1.599980e-03	5.000000e-02	1.000000e-01	5.000000e-02	8.000000e-01	1.599923e-06	1.007911e-05	0.000000e+00	5.659405e-08	0.000000e+00	1.599980e-03	1.599923e-03	1.599980e-03	5.000000e-06	-5.000000e-06	-5.000000e-06	-1.599980e-03	3.915158e-16
1.302129910028691e-08	1.599983e-03	5.000000e-02	1.000000e-01	5.000000e-02	8.000000e-01	1.600039e-06	8.556338e-06	0.000000e+00	-5.650031e-08	0.000000e+00	1.599983e-03	1.600039e-03	1.599983e-03	5.000000e-06	-5.000000e-06	-5.000000e-06	-1.599983e-03	3.930394e-16
1.302157068395311e-08	1.599985e-03	5.000000e-02	1.000000e-01	5.000000e-02	8.000000e-01	1.599929e-06	7.269986e-06	0.000000e+00	5.641905e-08	0.000000e+00	1.599985e-03	1.599929e-03	1.599985e-03	5.000000e-06	-5.000000e-06	-5.000000e-06	-1.599985e-03	3.943263e-16
1.302186209596730e-08	1.599988e-03	5.000000e-02	1.000000e-01	5.000000e-02	8.000000e-01	1.600044e-06	6.230086e-06	0.000000e+00	-5.634023e-08	0.000000e+00	1.599988e-03	1.600044e-03	1.599988e-03	5.000000e-06	-5.000000e-06	-5.000000e-06	-1.599988e-03	3.953668e-16
1.302218488887452e-08	1.599989e-03	5.000000e-02	1.000000e-01	5.000000e-02	8.000000e-01	1.599933e-06	5.383505e-06	0.000000e+00	5.627151e-08	0.000000e+00	1.599989e-03	1.599933e-03	1.599989e-03	5.000000e-06	-5.000000e-06	-5.000000e-06	-1.599989e-03	3.962137e-16
1.302253661243010e-08	1.599991e-03	5.000000e-02	1.000000e-01	5.000000e-02	8.000000e-01	1.600047e-06	4.726611e-06	0.000000e+00	-5.620680e-08	0.000000e+00	1.599991e-03	1.600047e-03	1.599991e-03	5.000000e-06	-5.000000e-06	-5.000000e-06	-1.599991e-03	3.968711e-16
1.302293138939358e-08	1.599992e-03	5.000000e-02	1.000000e-01	5.000000e-02	8.000000e-01	1.599935e-06	4.219614e-06	0.000000e+00	5.615040e-08	0.000000e+00	1.599992e-03	1.599935e-03	1.599992e-03	5.000000e-06	-5.000000e-06	-5.000000e-06	-1.599992e-03	3.973782e-16
1.302337107328620e-08	1.599992e-03	5.000000e-02	1.000000e-01	5.000000e-02	8.000000e-01	1.600048e-06	3.848830e-06	0.000000e+00	-5.609900e-08	0.000000e+00	1.599992e-03	1.600048e-03	1.599992e-03	5.000000e-06	-5.000000e-06	-5.000000e-06	-1.599992e-03	3.977493e-16
1.302387534263510e-08	1.599993e-03	5.000000e-02	1.000000e-01	5.000000e-02	8.000000e-01	1.599937e-06	3.584129e-06	0.000000e+00	5.605473e-08	0.000000e+00	1.599993e-03	1.599937e-03	1.599993e-03	5.000000e-06	-5.000000e-06	-5.000000e-06	-1.599993e-03	3.980140e-16
1.302445426691444e-08	1.599993e-03	5.000000e-02	1.000000e-01	5.000000e-02	8.000000e-01	1.600049e-06	3.408412e-06	0.000000e+00	-5.601589e-08	0.000000e+00	1.599993e-03	1.600049e-03	1.599993e-03	5.000000e-06	-5.000000e-06	-5.000000e-06	-1.599993e-03	3.981899e-16
1.302514105814959e-08	1.599993e-03	5.000000e-02	1.000000e-01	5.000000e-02	8.000000e-01	1.599937e-06	3.298230e-06	0.000000e+00	5.598334e-08	0.000000e+00	1.599993e-03	1.599937e-03	1.599993e-03	5.000000e-06	-5.000000e-06	-5.000000e-06	-1.599993e-03	3.983001e-16
1.302596677537904e-08	1.599994e-03	5.000000e-02	1.000000e-01	5.000000e-02	8.000000e-01	1.600049e-06	3.237016e-06	0.000000e+00	-5.595620e-08	0.000000e+00	1.599994e-03	1.600049e-03	1.599994e-03	5.000000e-06	-5.000000e-06	-5.000000e-06	-1.599994e-03	3.983614e-16
1.302700398238575e-08	1.599994e-03	5.000000e-02	1.000000e-01	5.000000e-02	8.000000e-01	1.599938e-06	3.207230e-06	0.000000e+00	5.593463e-08	0.000000e+00	1.599994e-03	1.599938e-03	1.599994e-03	5.000000e-06	-5.000000e-06	-5.000000e-06	-1.599994e-03	3.983911e-16
1.302835414009283e-08	1.599994e-03	5.000000e-02	1.000000e-01	5.000000e-02	8.000000e-01	1.600049e-06	3.196298e-06	0.000000e+00	-5.591806e-08	0.000000e+00	1.599994e-03	1.600050e-03	1.599994e-03	5.000000e-06	-5.000000e-06	-5.000000e-06	-1.599994e-03	3.984022e-16
1.303024587888250e-08	1.599994e-03	5.000000e-02	1.000000e-01	5.000000e-02	8.000000e-01	1.599938e-06	3.193625e-06	0.000000e+00	5.590624e-08	0.000000e+00	1.599994e-03	1.599938e-03	1.599994e-03	5.000000e-06	-5.000000e-06	-5.000000e-06	-1.599994e-03	3.984047e-16
1.303314582139367e-08	1.599994e-03	5.000000e-02	1.000000e-01	5.000000e-02	8.000000e-01	1.600049e-06	3.193656e-06	0.000000e+00	-5.589853e-08	0.000000e+00	1.599994e-03	1.600050e-03	1.599994e-03	5.000000e-06	-5.000000e-06	-5.000000e-06	-1.599994e-03	3.984048e-16
1.303841633503526e-08	1.599994e-03	5.000000e-02	1.000000e-01	5.000000e-02	8.000000e-01	1.599938e-06	3.193563e-06	0.000000e+00	5.589429e-08	0.000000e+00	1.599994e-03	1.599938e-03	1.599994e-03	5.000000e-06	-5.000000e-06	-5.000000e-06	-1.599994e-03	3.984048e-16
1.304895736231844e-08	1.599994e-03	5.000000e-02	1.000000e-01	5.000000e-02	8.000000e-01	1.600049e-06	3.193665e-06	0.000000e+00	-5.589217e-08	0.000000e+00	1.599994e-03	1.600050e-03	1.599994e-03	5.000000e-06	-5.000000e-06	-5.000000e-06	-1.599994e-03	3.984048e-16
1.306848861231844e-08	1.599994e-03	5.000000e-02	1.000000e-01	5.000000e-02	8.000000e-01	1.599938e-06	3.193560e-06	0.000000e+00	5.589102e-08	0.000000e+00	1.599994e-03	1.599938e-03	1.599994e-03	5.000000e-06	-5.000000e-06	-5.000000e-06	-1.599994e-03	3.984048e-16
1.308801986231844e-08	1.599994e-03	5.000000e-02	1.000000e-01	5.000000e-02	8.000000e-01	1.600049e-06	3.193666e-06	0.000000e+00	-5.588987e-08	0.000000e+00	1.599994e-03	1.600050e-03	1.599994e-03	5.000000e-06	-5.000000e-06	-5.000000e-06	-1.599994e-03	3.984048e-16
1.310755111231844e-08	1.599994e-03	5.000000e-02	1.000000e-01	5.000000e-02	8.000000e-01	1.599938e-06	3.193559e-06	0.000000e+00	5.588873e-08	0.000000e+00	1.599994e-03	1.599938e-03	1.599994e-03	5.000000e-06	-5.000000e-06	-5.000000e-06	-1.599994e-03	3.984048e-16
1.312708236231844e-08	1.599994e-03	5.000000e-02	1.000000e-01	5.000000e-02	8.000000e-01	1.600049e-06	3.193667e-06	0.000000e+00	-5.588759e-08	0.000000e+00	1.599994e-03	1.600050e-03	1.599994e-03	5.000000e-06	-5.000000e-06	-5.000000e-06	-1.599994e-03	3.984048e-16
1.314661361231844e-08	1.599994e-03	5.000000e-02	1.000000e-01	5.000000e-02	8.000000e-01	1.599938e-06	3.193558e-06	0.000000e+00	5.588644e-08	0.000000e+00	1.599994e-03	1.599938e-03	1.599994e-03	5.000000e-06	-5.000000e-06	-5.000000e-06	-1.599994e-03	3.984048e-16
1.316614486231844e-08	1.599994e-03	5.000000e-02	1.000000e-01	5.000000e-02	8.000000e-01	1.600049e-06	3.193667e-06	0.000000e+00	-5.588530e-08	0.000000e+00	1.599994e-03	1.600050e-03	1.599994e-03	5.000000e-06	-5.000000e-06	-5.000000e-06	-1.599994e-03	3.984048e-16
1.318567611231844e-08	1.599994e-03	5.000000e-02	1.000000e-01	5.000000e-02	8.000000e-01	1.599938e-06	3.193558e-06	0.000000e+00	5.588415e-08	0.000000e+00	1.599994e-03	1.599938e-03	1.599994e-03	5.000000e-06	-5.000000e-06	-5.000000e-06	-1.599994e-03	3.984048e-16
1.320520736231844e-08	1.599994e-03	5.000000e-02	1.000000e-01	5.000000e-02	8.000000e-01	1.600049e-06	3.193668e-06	0.000000e+00	-5.588301e-08	0.000000e+00	1.599994e-03	1.600050e-03	1.599994e-03	5.000000e-06	-5.000000e-06	-5.000000e-06	-1.599994e-03	3.984048e-16
1.322473861231844e-08	1.599994e-03	5.000000e-02	1.000000e-01	5.000000e-02	8.000000e-01	1.599938e-06	3.193557e-06	0.000000e+00	5.588186e-08	0.000000e+00	1.599994e-03	1.599938e-03	1.599994e-03	5.000000e-06	-5.000000e-06	-5.000000e-06	-1.599994e-03	3.984048e-16
1.324426986231844e-08	1.599994e-03	5.000000e-02	1.000000e-01	5.000000e-02	8.000000e-01	1.600049e-06	3.193668e-06	0.000000e+00	-5.588072e-08	0.000000e+00	1.599994e-03	1.600049e-03	1.599994e-03	5.000000e-06	-5.000000e-06	-5.000000e-06	-1.599994e-03	3.984048e-16
1.326380111231844e-08	1.599994e-03	5.000000e-02	1.000000e-01	5.000000e-02	8.000000e-01	1.599938e-06	3.193557e-06	0.000000e+00	5.587957e-08	0.000000e+00	1.599994e-03	1.599938e-03	1.599994e-03	5.000000e-06	-5.000000e-06	-5.000000e-06	-1.599994e-03	3.984048e-16
1.328333236231844e-08	1.599994e-03	5.000000e-02	1.000000e-01	5.000000e-02	8.000000e-01	1.600049e-06	3.193668e-06	0.000000e+00	-5.587843e-08	0.000000e+00	1.599994e-03	1.600049e-03	1.599994e-03	5.000000e-06	-5.000000e-06	-5.000000e-06	-1.599994e-03	3.984048e-16
1.330286361231844e-08	1.599994e-03	5.000000e-02	1.000000e-01	5.000000e-02	8.000000e-01	1.599938e-06	3.193557e-06	0.000000e+00	5.587729e-08	0.000000e+00	1.599994e-03	1.599938e-03	1.599994e-03	5.000000e-06	-5.000000e-06	-5.000000e-06	-1.599994e-03	3.984048e-16
1.332239486231844e-08	1.599994e-03	5.000000e-02	1.000000e-01	5.000000e-02	8.000000e-01	1.600049e-06	3.193668e-06	0.000000e+00	-5.587614e-08	0.000000e+00	1.599994e-03	1.600049e-03	1.599994e-03	5.000000e-06	-5.000000e-06	-5.000000e-06	-1.599994e-03	3.984048e-16
1.334192611231844e-08	1.599994e-03	5.000000e-02	1.000000e-01	5.000000e-02	8.000000e-01	1.599938e-06	3.193557e-06	0.000000e+00	5.587500e-08	0.000000e+00	1.599994e-03	1.599938e-03	1.599994e-03	5.000000e-06	-5.000000e-06	-5.000000e-06	-1.599994e-03	3.984048e-16
1.336145736231844e-08	1.599994e-03	5.000000e-02	1.000000e-01	5.000000e-02	8.000000e-01	1.600049e-06	3.193668e-06	0.000000e+00	-5.587385e-08	0.000000e+00	1.599994e-03	1.600049e-03	1.599994e-03	5.000000e-06	-5.000000e-06	-5.000000e-06	-1.599994e-03	3.984048e-16
1.338098861231844e-08	1.599994e-03	5.000000e-02	1.000000e-01	5.000000e-02	8.000000e-01	1.599938e-06	3.193557e-06	0.000000e+00	5.587271e-08	0.000000e+00	1.599994e-03	1.599938e-03	1.599994e-03	5.000000e-06	-5.000000e-06	-5.000000e-06	-1.599994e-03	3.984048e-16
1.340051986231844e-08	1.599994e-03	5.000000e-02	1.000000e-01	5.000000e-02	8.000000e-01	1.600049e-06	3.193669e-06	0.000000e+00	-5.587156e-08	0.000000e+00	1.599994e-03	1.600049e-03	1.599994e-03	5.000000e-06	-5.000000e-06	-5.000000e-06	-1.599994e-03	3.984048e-16
1.342005111231844e-08	1.599994e-03	5.000000e-02	1.000000e-01	5.000000e-02	8.000000e-01	1.599938e-06	3.193557e-06	0.000000e+00	5.587042e-08	0.000000e+00	1.599994e-03	1.599938e-03	1.599994e-03	5.000000e-06	-5.000000e-06	-5.000000e-06	-1.599994e-03	3.984048e-16
1.343958236231844e-08	1.599994e-03	5.000000e-02	1.000000e-01	5.000000e-02	8.000000e-01	1.600049e-06	3.193669e-06	0.000000e+00	-5.586928e-08	0.000000e+00	1.599994e-03	1.600049e-03	1.599994e-03	5.000000e-06	-5.000000e-06	-5.000000e-06	-1.599994e-03	3.984048e-16
1.345911361231844e-08	1.599994e-03	5.000000e-02	1.000000e-01	5.000000e-02	8.000000e-01	1.599938e-06	3.193557e-06	0.000000e+00	5.586813e-08	0.000000e+00	1.599994e-03	1.599938e-03	1.599994e-03	5.000000e-06	-5.000000e-06	-5.000000e-06	-1.599994e-03	3.984048e-16
1.347864486231844e-08	1.599994e-03	5.000000e-02	1.000000e-01	5.000000e-02	8.000000e-01	1.600049e-06	3.193669e-06	0.000000e+00	-5.586699e-08	0.000000e+00	1.599994e-03	1.600049e-03	1.599994e-03	5.000000e-06	-5.000000e-06	-5.000000e-06	-1.599994e-03	3.984048e-16
1.349817611231844e-08	1.599994e-03	5.000000e-02	1.000000e-01	5.000000e-02	8.000000e-01	1.599938e-06	3.193557e-06	0.000000e+00	5.586584e-08	0.000000e+00	1.599994e-03	1.599938e-03	1.599994e-03	5.000000e-06	-5.000000e-06	-5.000000e-06	-1.599994e-03	3.984048e-16
1.351770736231844e-08	1.599994e-03	5.000000e-02	1.000000e-01	5.000000e-02	8.000000e-01	1.600049e-06	3.193669e-06	0.000000e+00	-5.586470e-08	0.000000e+00	1.599994e-03	1.600049e-03	1.599994e-03	5.000000e-06	-5.000000e-06	-5.000000e-06	-1.599994e-03	3.984048e-16
1.352000000000000e-08	1.599994e-03	5.000000e-02	1.000000e-01	5.000000e-02	8.000000e-01	1.599938e-06	3.193557e-06	0.000000e+00	5.585495e-08	0.000000e+00	1.599994e-03	1.599938e-03	1.599994e-03	5.000000e-06	-5.000000e-06	-5.000000e-06	-1.599994e-03	3.984048e-16
1.352024769848891e-08	1.580187e-03	5.000000e-02	1.000000e-01	5.000000e-02	7.900921e-01	1.580258e-06	-1.232431e-06	0.000000e+00	-7.174478e-08	0.000000e+00	1.580187e-03	1.580258e-03	1.580187e-03	5.000000e-06	-5.000000e-06	-5.000000e-06	-1.580187e-03	3.978593e-16
1.352040105503333e-08	1.567923e-03	5.000000e-02	1.000000e-01	5.000000e-02	7.839578e-01	1.567867e-06	-3.465423e-06	0.000000e+00	5.558455e-08	0.000000e+00	1.567923e-03	1.567867e-03	1.567923e-03	5.000000e-06	-5.000000e-06	-5.000000e-06	-1.567923e-03	3.970139e-16
1.352059007048155e-08	1.552806e-03	5.000000e-02	1.000000e-01	5.000000e-02	7.763972e-01	1.552877e-06	-5.790278e-06	0.000000e+00	-7.144521e-08	0.000000e+00	1.552806e-03	1.552877e-03	1.552806e-03	5.000000e-06	-5.000000e-06	-5.000000e-06	-1.552806e-03	3.955446e-16
1.352080302434895e-08	1.535774e-03	5.000000e-02	1.000000e-01	5.000000e-02	7.678790e-01	1.535719e-06	-7.938728e-06	0.000000e+00	5.533019e-08	0.000000e+00	1.535774e-03	1.535719e-03	1.535774e-03	5.000000e-06	-5.000000e-06	-5.000000e-06	-1.535774e-03	3.934179e-16
1.352104194279099e-08	1.516664e-03	5.000000e-02	1.000000e-01	5.000000e-02	7.583223e-01	1.516736e-06	-9.868611e-06	0.000000e+00	-7.122102e-08	0.000000e+00	1.516664e-03	1.516736e-03	1.516664e-03	5.000000e-06	-5.000000e-06	-5.000000e-06	-1.516664e-03	3.905514e-16
1.352128888354308e-08	1.496912e-03	5.000000e-02	1.000000e-01	5.000000e-02	7.484447e-01	1.496857e-06	-1.143942e-05	0.000000e+00	5.512124e-08	0.000000e+00	1.496912e-03	1.496857e-03	1.496912e-03	5.000000e-06	-5.000000e-06	-5.000000e-06	-1.496912e-03	3.871643e-16
1.352156151201807e-08	1.475105e-03	5.000000e-02	1.000000e-01	5.000000e-02	7.375395e-01	1.475176e-06	-1.278568e-05	0.000000e+00	-7.102672e-08	0.000000e+00	1.475105e-03	1.475176e-03	1.475105e-03	5.000000e-06	-5.000000e-06	-5.000000e-06	-1.475105e-03	3.830370e-16
1.352185067338374e-08	1.451974e-03	5.000000e-02	1.000000e-01	5.000000e-02	7.259731e-01	1.451919e-06	-1.387368e-05	0.000000e+00	5.494110e-08	0.000000e+00	1.451974e-03	1.451919e-03	1.451974e-03	5.000000e-06	-5.000000e-06	-5.000000e-06	-1.451974e-03	3.783191e-16
1.352217370868682e-08	1.426133e-03	5.000000e-02	1.000000e-01	5.000000e-02	7.130517e-01	1.426204e-06	-1.478127e-05	0.000000e+00	-7.086209e-08	0.000000e+00	1.426133e-03	1.426204e-03	1.426133e-03	5.000000e-06	-5.000000e-06	-5.000000e-06	-1.426133e-03	3.727407e-16
1.352252299973190e-08	1.398191e-03	5.000000e-02	1.000000e-01	5.000000e-02	6.990800e-01	1.398136e-06	-1.549716e-05	0.000000e+00	5.479096e-08	0.000000e+00	1.398191e-03	1.398136e-03	1.398191e-03	5.000000e-06	-5.000000e-06	-5.000000e-06	-1.398191e-03	3.664430e-16
1.352291764481497e-08	1.366621e-03	5.000000e-02	1.000000e-01	5.000000e-02	6.832942e-01	1.366691e-06	-1.607341e-05	0.000000e+00	-7.072676e-08	0.000000e+00	1.366621e-03	1.366691e-03	1.366621e-03	5.000000e-06	-5.000000e-06	-5.000000e-06	-1.366621e-03	3.590953e-16
1.352335433165908e-08	1.331687e-03	5.000000e-02	1.000000e-01	5.000000e-02	6.658267e-01	1.331632e-06	-1.651696e-05	0.000000e+00	5.466974e-08	0.000000e+00	1.331687e-03	1.331632e-03	1.331687e-03	5.000000e-06	-5.000000e-06	-5.000000e-06	-1.331687e-03	3.507702e-16
1.352385765669054e-08	1.291421e-03	5.000000e-02	1.000000e-01	5.000000e-02	6.456937e-01	1.291492e-06	-1.686573e-05	0.000000e+00	-7.061968e-08	0.000000e+00	1.291421e-03	1.291492e-03	1.291421e-03	5.000000e-06	-5.000000e-06	-5.000000e-06	-1.291421e-03	3.410125e-16
1.352443236804897e-08	1.245445e-03	5.000000e-02	1.000000e-01	5.000000e-02	6.227053e-01	1.245390e-06	-1.713551e-05	0.000000e+00	5.457630e-08	0.000000e+00	1.245445e-03	1.245390e-03	1.245445e-03	5.000000e-06	-5.000000e-06	-5.000000e-06	-1.245445e-03	3.297421e-16
1.352511665157984e-08	1.190703e-03	5.000000e-02	1.000000e-01	5.000000e-02	5.953339e-01	1.190773e-06	-1.735685e-05	0.000000e+00	-7.053960e-08	0.000000e+00	1.190703e-03	1.190773e-03	1.190703e-03	5.000000e-06	-5.000000e-06	-5.000000e-06	-1.190703e-03	3.162233e-16
1.352593538098010e-08	1.125205e-03	5.000000e-02	1.000000e-01	5.000000e-02	5.625848e-01	1.125150e-06	-1.755019e-05	0.000000e+00	5.450915e-08	0.000000e+00	1.125205e-03	1.125150e-03	1.125205e-03	5.000000e-06	-5.000000e-06	-5.000000e-06	-1.125205e-03	2.999765e-16
1.352696617428047e-08	1.042742e-03	5.000000e-02	1.000000e-01	5.000000e-02	5.213530e-01	1.042812e-06	-1.774522e-05	0.000000e+00	-7.048482e-08	0.000000e+00	1.042742e-03	1.042812e-03	1.042742e-03	5.000000e-06	-5.000000e-06	-5.000000e-06	-1.042742e-03	2.794734e-16
1.352830136401999e-08	9.359268e-04	5.000000e-02	1.000000e-01	5.000000e-02	4.679454e-01	9.358724e-07	-1.796999e-05	0.000000e+00	5.446617e-08	0.000000e+00	9.359268e-04	9.358724e-04	9.359268e-04	5.000000e-06	-5.000000e-06	-5.000000e-06	-9.359268e-04	2.528876e-16
1.353017295799550e-08	7.861999e-04	5.000000e-02	1.000000e-01	5.000000e-02	3.930817e-01	7.862703e-07	-1.827145e-05	0.000000e+00	-7.045276e-08	0.000000e+00	7.861999e-04	7.862704e-04	7.861999e-04	5.000000e-06	-5.000000e-06	-5.000000e-06	-7.861999e-04	2.156077e-16
1.353302268188236e-08	5.582229e-04	5.000000e-02	1.000000e-01	5.000000e-02	2.790927e-01	5.581684e-07	-1.872672e-05	0.000000e+00	5.444405e-08	0.000000e+00	5.582229e-04	5.581685e-04	5.582229e-04	5.000000e-06	-5.000000e-06	-5.000000e-06	-5.582229e-04	1.588406e-16
1.353818090727156e-08	1.455665e-04	5.000000e-02	1.000000e-01	5.000000e-02	7.276371e-02	1.456370e-07	-1.955025e-05	0.000000e+00	-7.043915e-08	0.000000e+00	1.455665e-04	1.456370e-04	1.455665e-04	5.000000e-06	-5.000000e-06	-5.000000e-06	-1.455665e-04	5.608751e-17
1.354000000000000e-08	3.968170e-08	5.000000e-02	1.000000e-01	5.000000e-02	6.061818e-14	-1.474378e-11	-1.984085e-05	0.000000e+00	5.442548e-08	0.000000e+00	3.968170e-08	-1.474378e-08	3.968170e-08	5.000000e-06	-5.000000e-06	-5.000000e-06	-3.968170e-08	1.985076e-17
1.354016716533636e-08	-3.354000e-08	5.000000e-02	1.000000e-01	5.000000e-02	0.000000e+00	8.784275e-11	-1.677000e-05	0.000000e+00	-5.430275e-08	0.000000e+00	3.354000e-08	8.784274e-08	3.354000e-08	5.000000e-06	-5.000000e-06	-5.000000e-06	-3.354000e-08	1.677847e-17
1.354032011696376e-08	2.875916e-08	5.000000e-02	1.000000e-01	5.000000e-02	0.000000e+00	-2.539552e-11	-1.437958e-05	0.000000e+00	5.415468e-08	0.000000e+00	2.875916e-08	-2.539552e-08	2.875916e-08	5.000000e-06	-5.000000e-06	-5.000000e-06	-2.875916e-08	1.438674e-17
1.354052772167222e-08	2.333275e-08	5.000000e-02	1.000000e-01	5.000000e-02	0.000000e+00	7.738841e-11	-1.166638e-05	0.000000e+00	-5.405566e-08	0.000000e+00	2.333275e-08	7.738841e-08	2.333275e-08	5.000000e-06	-5.000000e-06	-5.000000e-06	-2.333275e-08	1.167229e-17
1.354073224139171e-08	1.898991e-08	5.000000e-02	1.000000e-01	5.000000e-02	0.000000e+00	-3.495589e-11	-9.494956e-06	0.000000e+00	5.394580e-08	0.000000e+00	1.898991e-08	-3.495589e-08	1.898991e-08	5.000000e-06	-5.000000e-06	-5.000000e-06	-1.898991e-08	9.499667e-18
1.354097175720046e-08	1.491509e-08	5.000000e-02	1.000000e-01	5.000000e-02	0.000000e+00	6.877427e-11	-7.457545e-06	0.000000e+00	-5.385918e-08	0.000000e+00	1.491509e-08	6.877427e-08	1.491509e-08	5.000000e-06	-5.000000e-06	-5.000000e-06	-1.491509e-08	7.461343e-18
1.354120584331548e-08	1.177991e-08	5.000000e-02	1.000000e-01	5.000000e-02	0.000000e+00	-4.198464e-11	-5.889953e-06	0.000000e+00	5.376455e-08	0.000000e+00	1.177991e-08	-4.198464e-08	1.177991e-08	5.000000e-06	-5.000000e-06	-5.000000e-06	-1.177991e-08	5.892856e-18
1.354147822669755e-08	8.946980e-09	5.000000e-02	1.000000e-01	5.000000e-02	0.000000e+00	6.263471e-11	-4.473490e-06	0.000000e+00	-5.368773e-08	0.000000e+00	8.946980e-09	6.263471e-08	8.946980e-09	5.000000e-06	-5.000000e-06	-5.000000e-06	-8.946980e-09	4.475790e-18
1.354175413362912e-08	6.771224e-09	5.000000e-02	1.000000e-01	5.000000e-02	0.000000e+00	-4.683715e-11	-3.385612e-06	0.000000e+00	5.360837e-08	0.000000e+00	6.771224e-09	-4.683715e-08	6.771224e-09	5.000000e-06	-5.000000e-06	-5.000000e-06	-6.771224e-09	3.387258e-18
1.354207408294563e-08	4.897738e-09	5.000000e-02	1.000000e-01	5.000000e-02	0.000000e+00	5.844031e-11	-2.448869e-06	0.000000e+00	-5.354257e-08	0.000000e+00	4.897738e-09	5.844031e-08	4.897738e-09	5.000000e-06	-5.000000e-06	-5.000000e-06	-4.897738e-09	2.450152e-18
1.354240712046162e-08	3.495438e-09	5.000000e-02	1.000000e-01	5.000000e-02	0.000000e+00	-4.998202e-11	-1.747719e-06	0.000000e+00	5.347746e-08	0.000000e+00	3.495438e-09	-4.998202e-08	3.495438e-09	5.000000e-06	-5.000000e-06	-5.000000e-06	-3.495438e-09	1.748543e-18
1.354279429779608e-08	2.358083e-09	5.000000e-02	1.000000e-01	5.000000e-02	0.000000e+00	5.578091e-11	-1.179041e-06	0.000000e+00	-5.342282e-08	0.000000e+00	2.358083e-09	5.578091e-08	2.358083e-09	5.000000e-06	-5.000000e-06	-5.000000e-06	-2.358083e-09	1.179687e-18
1.354320945883959e-08	1.545212e-09	5.000000e-02	1.000000e-01	5.000000e-02	0.000000e+00	-5.182577e-11	-7.726061e-07	0.000000e+00	5.337099e-08	0.000000e+00	1.545212e-09	-5.182577e-08	1.545212e-09	5.000000e-06	-5.000000e-06	-5.000000e-06	-1.545212e-09	7.729406e-19
1.354369800947936e-08	9.366253e-10	5.000000e-02	1.000000e-01	5.000000e-02	0.000000e+00	5.426418e-11	-4.683126e-07	0.000000e+00	-5.332755e-08	0.000000e+00	9.366253e-10	5.426418e-08	9.366253e-10	5.000000e-06	-5.000000e-06	-5.000000e-06	-9.366253e-10	4.686011e-19
1.354424072586047e-08	5.358670e-10	5.000000e-02	1.000000e-01	5.000000e-02	0.000000e+00	-5.275225e-11	-2.679335e-07	0.000000e+00	5.328812e-08	0.000000e+00	5.358670e-10	-5.275225e-08	5.358670e-10	5.000000e-06	-5.000000e-06	-5.000000e-06	-5.358670e-10	2.680147e-19
1.354489562621866e-08	2.706391e-10	5.000000e-02	1.000000e-01	5.000000e-02	0.000000e+00	5.352630e-11	-1.353195e-07	0.000000e+00	-5.325566e-08	0.000000e+00	2.706391e-10	5.352630e-08	2.706391e-10	5.000000e-06	-5.000000e-06	-5.000000e-06	-2.706391e-10	1.354407e-19
1.354565882970020e-08	1.209123e-10	5.000000e-02	1.000000e-01	5.000000e-02	0.000000e+00	-5.310680e-11	-6.045612e-08	0.000000e+00	5.322772e-08	0.000000e+00	1.209123e-10	-5.310681e-08	1.209123e-10	5.000000e-06	-5.000000e-06	-5.000000e-06	-1.209123e-10	6.043325e-20
1.354662441830335e-08	4.184580e-11	5.000000e-02	1.000000e-01	5.000000e-02	0.000000e+00	5.324753e-11	-2.092290e-08	0.000000e+00	-5.320569e-08	0.000000e+00	4.184580e-11	5.324753e-08	4.184580e-11	5.000000e-06	-5.000000e-06	-5.000000e-06	-4.184580e-11	2.098661e-20
1.354783800743197e-08	1.030368e-11	5.000000e-02	1.000000e-01	5.000000e-02	0.000000e+00	-5.317784e-11	-5.151839e-09	0.000000e+00	5.318815e-08	0.000000e+00	1.030368e-11	-5.317785e-08	1.030368e-11	5.000000e-06	-5.000000e-06	-5.000000e-06	-1.030368e-11	5.101237e-21
1.354952368270771e-08	7.456729e-13	5.000000e-02	1.000000e-01	5.000000e-02	0.000000e+00	5.317628e-11	-3.728364e-10	0.000000e+00	-5.317553e-08	0.000000e+00	7.456729e-13	5.317628e-08	7.456729e-13	5.000000e-06	-5.000000e-06	-5.000000e-06	-7.456729e-13	4.261992e-22
1.355197173213035e-08	1.898874e-14	5.000000e-02	1.000000e-01	5.000000e-02	0.000000e+00	-5.316683e-11	-9.494370e-12	0.000000e+00	5.316684e-08	0.000000e+00	1.898874e-14	-5.316682e-08	1.898874e-14	5.000000e-06	-5.000000e-06	-5.000000e-06	-1.898874e-14	-4.366771e-23
1.355619894253214e-08	-7.491684e-14	5.000000e-02	1.000000e-01	5.000000e-02	0.000000e+00	5.316174e-11	3.745842e-11	0.000000e+00	-5.316181e-08	0.000000e+00	-7.491684e-14	5.316174e-08	-7.491684e-14	5.000000e-06	-5.000000e-06	-5.000000e-06	7.491684e-14	1.568459e-23
1.356465336333572e-08	-8.687419e-14	5.000000e-02	1.000000e-01	5.000000e-02	0.000000e+00	-5.315921e-11	-4.343709e-11	0.000000e+00	5.315930e-08	0.000000e+00	8.687419e-14	-5.315921e-08	8.687419e-14	5.000000e-06	-5.000000e-06	-5.000000e-06	-8.687419e-14	-9.700397e-24
1.358156220494289e-08	-9.096088e-14	5.000000e-02	1.000000e-01	5.000000e-02	0.000000e+00	5.315795e-11	4.548044e-11	0.000000e+00	-5.315804e-08	0.000000e+00	-9.096088e-14	5.315795e-08	-9.096088e-14	5.000000e-06	-5.000000e-06	-5.000000e-06	9.096088e-14	7.654766e-24
1.360109345494289e-08	-9.379243e-14	5.000000e-02	1.000000e-01	5.000000e-02	0.000000e+00	-5.315686e-11	-4.689622e-11	0.000000e+00	5.315695e-08	0.000000e+00	9.379243e-14	-5.315686e-08	9.379243e-14	5.000000e-06	-5.000000e-06	-5.000000e-06	-9.379243e-14	-6.237192e-24
1.362062470494289e-08	-9.609921e-14	5.000000e-02	1.000000e-01	5.000000e-02	0.000000e+00	5.315576e-11	4.804961e-11	0.000000e+00	-5.315586e-08	0.000000e+00	-9.609921e-14	5.315577e-08	-9.609921e-14	5.000000e-06	-5.000000e-06	-5.000000e-06	9.609921e-14	5.082136e-24
1.364015595494288e-08	-9.797839e-14	5.000000e-02	1.000000e-01	5.000000e-02	0.000000e+00	-5.315468e-11	-4.898920e-11	0.000000e+00	5.315477e-08	0.000000e+00	9.797839e-14	-5.315468e-08	9.797839e-14	5.000000e-06	-5.000000e-06	-5.000000e-06	-9.797839e-14	-4.140984e-24
1.365968720494288e-08	-9.950917e-14	5.000000e-02	1.000000e-01	5.000000e-02	0.000000e+00	5.315359e-11	4.975459e-11	0.000000e+00	-5.315368e-08	0.000000e+00	-9.950917e-14	5.315358e-08	-9.950917e-14	5.000000e-06	-5.000000e-06	-5.000000e-06	9.950917e-14	3.374121e-24
1.367921845494288e-08	-1.007561e-13	5.000000e-02	1.000000e-01	5.000000e-02	0.000000e+00	-5.315250e-11	-5.037803e-11	0.000000e+00	5.315260e-08	0.000000e+00	1.007561e-13	-5.315249e-08	1.007561e-13	5.000000e-06	-5.000000e-06	-5.000000e-06	-1.007561e-13	-2.749274e-24
1.369874970494288e-08	-1.017716e-13	5.000000e-02	1.000000e-01	5.000000e-02	0.000000e+00	5.315141e-11	5.088582e-11	0.000000e+00	-5.315151e-08	0.000000e+00	-1.017716e-13	5.315141e-08	-1.017716e-13	5.000000e-06	-5.000000e-06	-5.000000e-06	1.017716e-13	2.240140e-24
1.371828095494288e-08	-1.025987e-13	5.000000e-02	1.000000e-01	5.000000e-02	0.000000e+00	-5.315032e-11	-5.129937e-11	0.000000e+00	5.315042e-08	0.000000e+00	1.025987e-13	-5.315032e-08	1.025987e-13	5.000000e-06	-5.000000e-06	-5.000000e-06	-1.025987e-13	-1.825293e-24
1.373781220494288e-08	-1.032723e-13	5.000000e-02	1.000000e-01	5.000000e-02	0.000000e+00	5.314923e-11	5.163614e-11	0.000000e+00	-5.314933e-08	0.000000e+00	-1.032723e-13	5.314923e-08	-1.032723e-13	5.000000e-06	-5.000000e-06	-5.000000e-06	1.032723e-13	1.487270e-24
1.375734345494288e-08	-1.038207e-13	5.000000e-02	1.000000e-01	5.000000e-02	0.000000e+00	-5.314814e-11	-5.191034e-11	0.000000e+00	5.314824e-08	0.000000e+00	1.038207e-13	-5.314814e-08	1.038207e-13	5.000000e-06	-5.000000e-06	-5.000000e-06	-1.038207e-13	-1.211845e-24
1.377687470494288e-08	-1.042671e-13	5.000000e-02	1.000000e-01	5.000000e-02	0.000000e+00	5.314705e-11	5.213356e-11	0.000000e+00	-5.314715e-08	0.000000e+00	-1.042671e-13	5.314705e-08	-1.042671e-13	5.000000e-06	-5.000000e-06	-5.000000e-06	1.042671e-13	9.874258e-25
1.379640595494288e-08	-1.046305e-13	5.000000e-02	1.000000e-01	5.000000e-02	0.000000e+00	-5.314596e-11	-5.231524e-11	0.000000e+00	5.314607e-08	0.000000e+00	1.046305e-13	-5.314596e-08	1.046305e-13	5.000000e-06	-5.000000e-06	-5.000000e-06	-1.046305e-13	-8.045664e-25
1.381593720494288e-08	-1.049261e-13	5.000000e-02	1.000000e-01	5.000000e-02	0.000000e+00	5.314487e-11	5.246307e-11	0.000000e+00	-5.314498e-08	0.000000e+00	-1.049261e-13	5.314487e-08	-1.049261e-13	5.000000e-06	-5.000000e-06	-5.000000e-06	1.049261e-13	6.555705e-25
1.383546845494288e-08	-1.051666e-13	5.000000e-02	1.000000e-01	5.000000e-02	0.000000e+00	-5.314378e-11	-5.258333e-11	0.000000e+00	5.314389e-08	0.000000e+00	1.051666e-13	-5.314378e-08	1.051666e-13	5.000000e-06	-5.000000e-06	-5.000000e-06	-1.051666e-13	-5.341669e-25
1.385499970494288e-08	-1.053622e-13	5.000000e-02	1.000000e-01	5.000000e-02	0.000000e+00	5.314270e-11	5.268111e-11	0.000000e+00	-5.314280e-08	0.000000e+00	-1.053622e-13	5.314270e-08	-1.053622e-13	5.000000e-06	-5.000000e-06	-5.000000e-06	1.053622e-13	4.352458e-25
1.387453095494288e-08	-1.055212e-13	5.000000e-02	1.000000e-01	5.000000e-02	0.000000e+00	-5.314161e-11	-5.276058e-11	0.000000e+00	5.314171e-08	0.000000e+00	1.055212e-13	-5.314160e-08	1.055212e-13	5.000000e-06	-5.000000e-06	-5.000000e-06	-1.055212e-13	-3.546438e-25
1.389406220494288e-08	-1.056503e-13	5.000000e-02	1.000000e-01	5.000000e-02	0.000000e+00	5.314052e-11	5.282514e-11	0.000000e+00	-5.314062e-08	0.000000e+00	-1.056503e-13	5.314052e-08	-1.056503e-13	5.000000e-06	-5.000000e-06	-5.000000e-06	1.056503e-13	2.889683e-25
1.391359345494288e-08	-1.057551e-13	5.000000e-02	1.000000e-01	5.000000e-02	0.000000e+00	-5.313943e-11	-5.287754e-11	0.000000e+00	5.313953e-08	0.000000e+00	1.057551e-13	-5.313943e-08	1.057551e-13	5.000000e-06	-5.000000e-06	-5.000000e-06	-1.057551e-13	-2.354552e-25
1.393312470494288e-08	-1.058401e-13	5.000000e-02	1.000000e-01	5.000000e-02	0.000000e+00	5.313834e-11	5.292003e-11	0.000000e+00	-5.313845e-08	0.000000e+00	-1.058401e-13	5.313834e-08	-1.058401e-13	5.000000e-06	-5.000000e-06	-5.000000e-06	1.058401e-13	1.918521e-25
1.395265595494288e-08	-1.059089e-13	5.000000e-02	1.000000e-01	5.000000e-02	0.000000e+00	-5.313725e-11	-5.295445e-11	0.000000e+00	5.313736e-08	0.000000e+00	1.059089e-13	-5.313725e-08	1.059089e-13	5.000000e-06	-5.000000e-06	-5.000000e-06	-1.059089e-13	-1.563238e-25
1.397218720494288e-08	-1.059646e-13	5.000000e-02	1.000000e-01	5.000000e-02	0.000000e+00	5.313617e-11	5.298230e-11	0.000000e+00	-5.313627e-08	0.000000e+00	-1.059646e-13	5.313617e-08	-1.059646e-13	5.000000e-06	-5.000000e-06	-5.000000e-06	1.059646e-13	1.273749e-25
1.399171845494288e-08	-1.060096e-13	5.000000e-02	1.000000e-01	5.000000e-02	0.000000e+00	-5.313508e-11	-5.300479e-11	0.000000e+00	5.313518e-08	0.000000e+00	1.060096e-13	-5.313508e-08	1.060096e-13	5.000000e-06	-5.000000e-06	-5.000000e-06	-1.060096e-13	-1.037870e-25
1.400000000000000e-08	-1.059153e-13	5.000000e-02	1.000000e-01	5.000000e-02	1.136868e-13	5.313251e-11	5.304246e-11	0.000000e+00	-5.313262e-08	0.000000e+00	-1.059153e-13	5.313251e-08	-1.059153e-13	5.000000e-06	-5.000000e-06	-5.000000e-06	1.059153e-13	6.355063e-26
1.400029919033598e-08	2.392477e-05	5.000000e-02	1.000000e-01	5.000000e-02	1.196761e-02	2.385573e-08	5.227130e-06	0.000000e+00	6.904396e-08	0.000000e+00	2.392477e-05	2.385573e-05	2.392477e-05	5.000000e-06	-5.000000e-06	-5.000000e-06	-2.392477e-05	7.779192e-19
1.400053939627789e-08	4.313486e-05	5.000000e-02	1.000000e-01	5.000000e-02	2.157585e-02	4.318781e-08	8.419559e-06	0.000000e+00	-5.294770e-08	0.000000e+00	4.313486e-05	4.318781e-05	4.313486e-05	5.000000e-06	-5.000000e-06	-5.000000e-06	-4.313486e-05	2.407345e-18
1.400070934888091e-08	5.672740e-05	5.000000e-02	1.000000e-01	5.000000e-02	2.837395e-02	5.665860e-08	1.025493e-05	0.000000e+00	6.880011e-08	0.000000e+00	5.672740e-05	5.665860e-05	5.672740e-05	5.000000e-06	-5.000000e-06	-5.000000e-06	-5.672740e-05	3.983577e-18
1.400095337468447e-08	7.624515e-05	5.000000e-02	1.000000e-01	5.000000e-02	3.813499e-02	7.629786e-08	1.241004e-05	0.000000e+00	-5.270406e-08	0.000000e+00	7.624515e-05	7.629786e-05	7.624515e-05	5.000000e-06	-5.000000e-06	-5.000000e-06	-7.624515e-05	6.727546e-18
1.400117459771082e-08	9.393990e-05	5.000000e-02	1.000000e-01	5.000000e-02	4.698391e-02	9.387131e-08	1.396047e-05	0.000000e+00	6.859160e-08	0.000000e+00	9.393990e-05	9.387131e-05	9.393990e-05	5.000000e-06	-5.000000e-06	-5.000000e-06	-9.393990e-05	9.618373e-18
1.400146089949325e-08	1.168409e-04	5.000000e-02	1.000000e-01	5.000000e-02	5.843598e-02	1.168934e-07	1.553064e-05	0.000000e+00	-5.250919e-08	0.000000e+00	1.168409e-04	1.168934e-04	1.168409e-04	5.000000e-06	-5.000000e-06	-5.000000e-06	-1.168409e-04	1.379647e-17
1.400172378444297e-08	1.378695e-04	5.000000e-02	1.000000e-01	5.000000e-02	6.895138e-02	1.378011e-07	1.663142e-05	0.000000e+00	6.841552e-08	0.000000e+00	1.378695e-04	1.378011e-04	1.378695e-04	5.000000e-06	-5.000000e-06	-5.000000e-06	-1.378695e-04	1.797375e-17
1.400205395911401e-08	1.642814e-04	5.000000e-02	1.000000e-01	5.000000e-02	8.215836e-02	1.643337e-07	1.767472e-05	0.000000e+00	-5.234363e-08	0.000000e+00	1.642814e-04	1.643337e-04	1.642814e-04	5.000000e-06	-5.000000e-06	-5.000000e-06	-1.642814e-04	2.355996e-17
1.400237335265778e-08	1.898314e-04	5.000000e-02	1.000000e-01	5.000000e-02	9.493411e-02	1.897631e-07	1.841458e-05	0.000000e+00	6.826718e-08	0.000000e+00	1.898314e-04	1.897631e-04	1.898314e-04	5.000000e-06	-5.000000e-06	-5.000000e-06	-1.898314e-04	2.923303e-17
1.400276954047391e-08	2.215251e-04	5.000000e-02	1.000000e-01	5.000000e-02	1.107816e-01	2.215773e-07	1.907663e-05	0.000000e+00	-5.220704e-08	0.000000e+00	2.215251e-04	2.215773e-04	2.215251e-04	5.000000e-06	-5.000000e-06	-5.000000e-06	-2.215251e-04	3.652622e-17
1.400317022172344e-08	2.535786e-04	5.000000e-02	1.000000e-01	5.000000e-02	1.268089e-01	2.535105e-07	1.954439e-05	0.000000e+00	6.814649e-08	0.000000e+00	2.535786e-04	2.535105e-04	2.535786e-04	5.000000e-06	-5.000000e-06	-5.000000e-06	-2.535786e-04	4.410378e-17
1.400366625961907e-08	2.932609e-04	5.000000e-02	1.000000e-01	5.000000e-02	1.466504e-01	2.933130e-07	1.994360e-05	0.000000e+00	-5.209833e-08	0.000000e+00	2.932609e-04	2.933130e-04	2.932609e-04	5.000000e-06	-5.000000e-06	-5.000000e-06	-2.932609e-04	5.366494e-17
1.400419190988641e-08	3.353123e-04	5.000000e-02	1.000000e-01	5.000000e-02	1.676764e-01	3.352443e-07	2.022888e-05	0.000000e+00	6.805240e-08	0.000000e+00	3.353123e-04	3.352443e-04	3.353123e-04	5.000000e-06	-5.000000e-06	-5.000000e-06	-3.353123e-04	6.393444e-17
1.400485205347446e-08	3.881233e-04	5.000000e-02	1.000000e-01	5.000000e-02	1.940821e-01	3.881754e-07	2.047436e-05	0.000000e+00	-5.201617e-08	0.000000e+00	3.881233e-04	3.881753e-04	3.881233e-04	5.000000e-06	-5.000000e-06	-5.000000e-06	-3.881233e-04	7.694465e-17
1.400559214768171e-08	4.473305e-04	5.000000e-02	1.000000e-01	5.000000e-02	2.236859e-01	4.472625e-07	2.066892e-05	0.000000e+00	6.798364e-08	0.000000e+00	4.473305e-04	4.472625e-04	4.473305e-04	5.000000e-06	-5.000000e-06	-5.000000e-06	-4.473305e-04	9.161096e-17
1.400655808126873e-08	5.246048e-04	5.000000e-02	1.000000e-01	5.000000e-02	2.623233e-01	5.246567e-07	2.086557e-05	0.000000e+00	-5.195889e-08	0.000000e+00	5.246048e-04	5.246567e-04	5.246048e-04	5.000000e-06	-5.000000e-06	-5.000000e-06	-5.246048e-04	1.108103e-16
1.400773223824779e-08	6.185369e-04	5.000000e-02	1.000000e-01	5.000000e-02	3.092895e-01	6.184690e-07	2.106961e-05	0.000000e+00	6.793839e-08	0.000000e+00	6.185369e-04	6.184690e-04	6.185369e-04	5.000000e-06	-5.000000e-06	-5.000000e-06	-6.185369e-04	1.341831e-16
1.400940154350642e-08	7.520808e-04	5.000000e-02	1.000000e-01	5.000000e-02	3.760617e-01	7.521327e-07	2.134158e-05	0.000000e+00	-5.192410e-08	0.000000e+00	7.520808e-04	7.521327e-04	7.520808e-04	5.000000e-06	-5.000000e-06	-5.000000e-06	-7.520808e-04	1.674308e-16
1.401174768199366e-08	9.397711e-04	5.000000e-02	1.000000e-01	5.000000e-02	4.699073e-01	9.397032e-07	2.171665e-05	0.000000e+00	6.791382e-08	0.000000e+00	9.397711e-04	9.397032e-04	9.397711e-04	5.000000e-06	-5.000000e-06	-5.000000e-06	-9.397711e-04	2.141658e-16
1.401585541956553e-08	1.268389e-03	5.000000e-02	1.000000e-01	5.000000e-02	6.342168e-01	1.268441e-06	2.237264e-05	0.000000e+00	-5.190805e-08	0.000000e+00	1.268389e-03	1.268441e-03	1.268389e-03	5.000000e-06	-5.000000e-06	-5.000000e-06	-1.268389e-03	2.959930e-16
1.402000000000000e-08	1.599954e-03	5.000000e-02	1.000000e-01	5.000000e-02	8.000000e-01	1.599886e-06	2.303435e-05	0.000000e+00	6.790220e-08	0.000000e+00	1.599954e-03	1.599886e-03	1.599954e-03	5.000000e-06	-5.000000e-06	-5.000000e-06	-1.599954e-03	3.785540e-16
1.402019256573613e-08	1.599961e-03	5.000000e-02	1.000000e-01	5.000000e-02	8.000000e-01	1.600029e-06	1.953825e-05	0.000000e+00	-6.775404e-08	0.000000e+00	1.599961e-03	1.600029e-03	1.599961e-03	5.000000e-06	-5.000000e-06	-5.000000e-06	-1.599961e-03	3.820520e-16
1.402039426198128e-08	1.599967e-03	5.000000e-02	1.000000e-01	5.000000e-02	8.000000e-01	1.599899e-06	1.653397e-05	0.000000e+00	6.762576e-08	0.000000e+00	1.599967e-03	1.599899e-03	1.599967e-03	5.000000e-06	-5.000000e-06	-5.000000e-06	-1.599967e-03	3.850577e-16
1.402058410865223e-08	1.599972e-03	5.000000e-02	1.000000e-01	5.000000e-02	8.000000e-01	1.600039e-06	1.421364e-05	0.000000e+00	-6.747855e-08	0.000000e+00	1.599972e-03	1.600039e-03	1.599972e-03	5.000000e-06	-5.000000e-06	-5.000000e-06	-1.599972e-03	3.873793e-16
1.402080977627773e-08	1.599976e-03	5.000000e-02	1.000000e-01	5.000000e-02	8.000000e-01	1.599909e-06	1.197178e-05	0.000000e+00	6.736301e-08	0.000000e+00	1.599976e-03	1.599909e-03	1.599976e-03	5.000000e-06	-5.000000e-06	-5.000000e-06	-1.599976e-03	3.896221e-16
1.402103320036902e-08	1.599980e-03	5.000000e-02	1.000000e-01	5.000000e-02	8.000000e-01	1.600047e-06	1.020217e-05	0.000000e+00	-6.723936e-08	0.000000e+00	1.599980e-03	1.600047e-03	1.599980e-03	5.000000e-06	-5.000000e-06	-5.000000e-06	-1.599980e-03	3.913928e-16
1.402129162581306e-08	1.599983e-03	5.000000e-02	1.000000e-01	5.000000e-02	8.000000e-01	1.599916e-06	8.593143e-06	0.000000e+00	6.713785e-08	0.000000e+00	1.599983e-03	1.599916e-03	1.599983e-03	5.000000e-06	-5.000000e-06	-5.000000e-06	-1.599983e-03	3.930025e-16
1.402155268346330e-08	1.599985e-03	5.000000e-02	1.000000e-01	5.000000e-02	8.000000e-01	1.600052e-06	7.342563e-06	0.000000e+00	-6.703314e-08	0.000000e+00	1.599985e-03	1.600052e-03	1.599985e-03	5.000000e-06	-5.000000e-06	-5.000000e-06	-1.599985e-03	3.942538e-16
1.402185314101371e-08	1.599988e-03	5.000000e-02	1.000000e-01	5.000000e-02	8.000000e-01	1.599921e-06	6.255380e-06	0.000000e+00	6.694540e-08	0.000000e+00	1.599988e-03	1.599921e-03	1.599988e-03	5.000000e-06	-5.000000e-06	-5.000000e-06	-1.599988e-03	3.953414e-16
1.402216500989716e-08	1.599989e-03	5.000000e-02	1.000000e-01	5.000000e-02	8.000000e-01	1.600056e-06	5.426937e-06	0.000000e+00	-6.685854e-08	0.000000e+00	1.599989e-03	1.600056e-03	1.599989e-03	5.000000e-06	-5.000000e-06	-5.000000e-06	-1.599989e-03	3.961704e-16
1.402252469783858e-08	1.599991e-03	5.000000e-02	1.000000e-01	5.000000e-02	8.000000e-01	1.599924e-06	4.743952e-06	0.000000e+00	6.678498e-08	0.000000e+00	1.599991e-03	1.599924e-03	1.599991e-03	5.000000e-06	-5.000000e-06	-5.000000e-06	-1.599991e-03	3.968536e-16
1.402290834055953e-08	1.599991e-03	5.000000e-02	1.000000e-01	5.000000e-02	8.000000e-01	1.600058e-06	4.243551e-06	0.000000e+00	-6.671487e-08	0.000000e+00	1.599991e-03	1.600058e-03	1.599991e-03	5.000000e-06	-5.000000e-06	-5.000000e-06	-1.599991e-03	3.973544e-16
1.402335516435829e-08	1.599992e-03	5.000000e-02	1.000000e-01	5.000000e-02	8.000000e-01	1.599926e-06	3.858879e-06	0.000000e+00	6.665552e-08	0.000000e+00	1.599992e-03	1.599926e-03	1.599992e-03	5.000000e-06	-5.000000e-06	-5.000000e-06	-1.599992e-03	3.977391e-16
1.402384707964322e-08	1.599993e-03	5.000000e-02	1.000000e-01	5.000000e-02	8.000000e-01	1.600059e-06	3.595595e-06	0.000000e+00	-6.660112e-08	0.000000e+00	1.599993e-03	1.600059e-03	1.599993e-03	5.000000e-06	-5.000000e-06	-5.000000e-06	-1.599993e-03	3.980027e-16
1.402443210283066e-08	1.599993e-03	5.000000e-02	1.000000e-01	5.000000e-02	8.000000e-01	1.599927e-06	3.413053e-06	0.000000e+00	6.655573e-08	0.000000e+00	1.599993e-03	1.599927e-03	1.599993e-03	5.000000e-06	-5.000000e-06	-5.000000e-06	-1.599993e-03	3.981852e-16
1.402510347394023e-08	1.599993e-03	5.000000e-02	1.000000e-01	5.000000e-02	8.000000e-01	1.600060e-06	3.302564e-06	0.000000e+00	-6.651602e-08	0.000000e+00	1.599993e-03	1.600060e-03	1.599993e-03	5.000000e-06	-5.000000e-06	-5.000000e-06	-1.599993e-03	3.982959e-16
1.402593341873732e-08	1.599994e-03	5.000000e-02	1.000000e-01	5.000000e-02	8.000000e-01	1.599927e-06	3.238407e-06	0.000000e+00	6.648400e-08	0.000000e+00	1.599994e-03	1.599927e-03	1.599994e-03	5.000000e-06	-5.000000e-06	-5.000000e-06	-1.599994e-03	3.983599e-16
1.402694734458854e-08	1.599994e-03	5.000000e-02	1.000000e-01	5.000000e-02	8.000000e-01	1.600060e-06	3.208286e-06	0.000000e+00	-6.645777e-08	0.000000e+00	1.599994e-03	1.600060e-03	1.599994e-03	5.000000e-06	-5.000000e-06	-5.000000e-06	-1.599994e-03	3.983902e-16
1.402829606476689e-08	1.599994e-03	5.000000e-02	1.000000e-01	5.000000e-02	8.000000e-01	1.599927e-06	3.196363e-06	0.000000e+00	6.643806e-08	0.000000e+00	1.599994e-03	1.599927e-03	1.599994e-03	5.000000e-06	-5.000000e-06	-5.000000e-06	-1.599994e-03	3.984020e-16
1.403013860375205e-08	1.599994e-03	5.000000e-02	1.000000e-01	5.000000e-02	8.000000e-01	1.600060e-06	3.193790e-06	0.000000e+00	-6.642364e-08	0.000000e+00	1.599994e-03	1.600060e-03	1.599994e-03	5.000000e-06	-5.000000e-06	-5.000000e-06	-1.599994e-03	3.984047e-16
1.403300793642240e-08	1.599994e-03	5.000000e-02	1.000000e-01	5.000000e-02	8.000000e-01	1.599927e-06	3.193526e-06	0.000000e+00	6.641438e-08	0.000000e+00	1.599994e-03	1.599927e-03	1.599994e-03	5.000000e-06	-5.000000e-06	-5.000000e-06	-1.599994e-03	3.984048e-16
1.403807005714772e-08	1.599994e-03	5.000000e-02	1.000000e-01	5.000000e-02	8.000000e-01	1.600060e-06	3.193688e-06	0.000000e+00	-6.640913e-08	0.000000e+00	1.599994e-03	1.600060e-03	1.599994e-03	5.000000e-06	-5.000000e-06	-5.000000e-06	-1.599994e-03	3.984048e-16
1.404819429859836e-08	1.599994e-03	5.000000e-02	1.000000e-01	5.000000e-02	8.000000e-01	1.599927e-06	3.193541e-06	0.000000e+00	6.640651e-08	0.000000e+00	1.599994e-03	1.599927e-03	1.599994e-03	5.000000e-06	-5.000000e-06	-5.000000e-06	-1.599994e-03	3.984048e-16
1.406772554859836e-08	1.599994e-03	5.000000e-02	1.000000e-01	5.000000e-02	8.000000e-01	1.600060e-06	3.193684e-06	0.000000e+00	-6.640515e-08	0.000000e+00	1.599994e-03	1.600060e-03	1.599994e-03	5.000000e-06	-5.000000e-06	-5.000000e-06	-1.599994e-03	3.984048e-16
1.408725679859836e-08	1.599994e-03	5.000000e-02	1.000000e-01	5.000000e-02	8.000000e-01	1.599927e-06	3.193543e-06	0.000000e+00	6.640379e-08	0.000000e+00	1.599994e-03	1.599927e-03	1.599994e-03	5.000000e-06	-5.000000e-06	-5.000000e-06	-1.599994e-03	3.984048e-16
1.410678804859836e-08	1.599994e-03	5.000000e-02	1.000000e-01	5.000000e-02	8.000000e-01	1.600060e-06	3.193682e-06	0.000000e+00	-6.640243e-08	0.000000e+00	1.599994e-03	1.600060e-03	1.599994e-03	5.000000e-06	-5.000000e-06	-5.000000e-06	-1.599994e-03	3.984048e-16
1.412631929859836e-08	1.599994e-03	5.000000e-02	1.000000e-01	5.000000e-02	8.000000e-01	1.599927e-06	3.193544e-06	0.000000e+00	6.640106e-08	0.000000e+00	1.599994e-03	1.599927e-03	1.599994e-03	5.000000e-06	-5.000000e-06	-5.000000e-06	-1.599994e-03	3.984048e-16
1.414585054859836e-08	1.599994e-03	5.000000e-02	1.000000e-01	5.000000e-02	8.000000e-01	1.600060e-06	3.193681e-06	0.000000e+00	-6.639971e-08	0.000000e+00	1.599994e-03	1.600060e-03	1.599994e-03	5.000000e-06	-5.000000e-06	-5.000000e-06	-1.599994e-03	3.984048e-16
1.416538179859836e-08	1.599994e-03	5.000000e-02	1.000000e-01	5.000000e-02	8.000000e-01	1.599927e-06	3.193545e-06	0.000000e+00	6.639835e-08	0.000000e+00	1.599994e-03	1.599927e-03	1.599994e-03	5.000000e-06	-5.000000e-06	-5.000000e-06	-1.599994e-03	3.984048e-16
1.418491304859836e-08	1.599994e-03	5.000000e-02	1.000000e-01	5.000000e-02	8.000000e-01	1.600060e-06	3.193680e-06	0.000000e+00	-6.639699e-08	0.000000e+00	1.599994e-03	1.600060e-03	1.599994e-03	5.000000e-06	-5.000000e-06	-5.000000e-06	-1.599994e-03	3.984048e-16
1.420444429859836e-08	1.599994e-03	5.000000e-02	1.000000e-01	5.000000e-02	8.000000e-01	1.599927e-06	3.193545e-06	0.000000e+00	6.639563e-08	0.000000e+00	1.599994e-03	1.599927e-03	1.599994e-03	5.000000e-06	-5.000000e-06	-5.000000e-06	-1.599994e-03	3.984048e-16
1.422397554859836e-08	1.599994e-03	5.000000e-02	1.000000e-01	5.000000e-02	8.000000e-01	1.600060e-06	3.193680e-06	0.000000e+00	-6.639427e-08	0.000000e+00	1.599994e-03	1.600060e-03	1.599994e-03	5.000000e-06	-5.000000e-06	-5.000000e-06	-1.599994e-03	3.984048e-16
1.424350679859836e-08	1.599994e-03	5.000000e-02	1.000000e-01	5.000000e-02	8.000000e-01	1.599927e-06	3.193546e-06	0.000000e+00	6.639291e-08	0.000000e+00	1.599994e-03	1.599927e-03	1.599994e-03	5.000000e-06	-5.000000e-06	-5.000000e-06	-1.599994e-03	3.984048e-16
1.426303804859836e-08	1.599994e-03	5.000000e-02	1.000000e-01	5.000000e-02	8.000000e-01	1.600060e-06	3.193680e-06	0.000000e+00	-6.639155e-08	0.000000e+00	1.599994e-03	1.600060e-03	1.599994e-03	5.000000e-06	-5.000000e-06	-5.000000e-06	-1.599994e-03	3.984048e-16
1.428256929859836e-08	1.599994e-03	5.000000e-02	1.000000e-01	5.000000e-02	8.000000e-01	1.599927e-06	3.193546e-06	0.000000e+00	6.639019e-08	0.000000e+00	1.599994e-03	1.599927e-03	1.599994e-03	5.000000e-06	-5.000000e-06	-5.000000e-06	-1.599994e-03	3.984048e-16
1.430210054859836e-08	1.599994e-03	5.000000e-02	1.000000e-01	5.000000e-02	8.000000e-01	1.600060e-06	3.193680e-06	0.000000e+00	-6.638883e-08	0.000000e+00	1.599994e-03	1.600060e-03	1.599994e-03	5.000000e-06	-5.000000e-06	-5.000000e-06	-1.599994e-03	3.984048e-16
1.432163179859836e-08	1.599994e-03	5.000000e-02	1.000000e-01	5.000000e-02	8.000000e-01	1.599927e-06	3.193546e-06	0.000000e+00	6.638747e-08	0.000000e+00	1.599994e-03	1.599927e-03	1.599994e-03	5.000000e-06	-5.000000e-06	-5.000000e-06	-1.599994e-03	3.984048e-16
1.434116304859836e-08	1.599994e-03	5.000000e-02	1.000000e-01	5.000000e-02	8.000000e-01	1.600060e-06	3.193679e-06	0.000000e+00	-6.638611e-08	0.000000e+00	1.599994e-03	1.600060e-03	1.599994e-03	5.000000e-06	-5.000000e-06	-5.000000e-06	-1.599994e-03	3.984048e-16
1.436069429859836e-08	1.599994e-03	5.000000e-02	1.000000e-01	5.000000e-02	8.000000e-01	1.599927e-06	3.193546e-06	0.000000e+00	6.638475e-08	0.000000e+00	1.599994e-03	1.599927e-03	1.599994e-03	5.000000e-06	-5.000000e-06	-5.000000e-06	-1.599994e-03	3.984048e-16
1.438022554859836e-08	1.599994e-03	5.000000e-02	1.000000e-01	5.000000e-02	8.000000e-01	1.600060e-06	3.193679e-06	0.000000e+00	-6.638339e-08	0.000000e+00	1.599994e-03	1.600060e-03	1.599994e-03	5.000000e-06	-5.000000e-06	-5.000000e-06	-1.599994e-03	3.984048e-16
1.439975679859836e-08	1.599994e-03	5.000000e-02	1.000000e-01	5.000000e-02	8.000000e-01	1.599927e-06	3.193546e-06	0.000000e+00	6.638203e-08	0.000000e+00	1.599994e-03	1.599927e-03	1.599994e-03	5.000000e-06	-5.000000e-06	-5.000000e-06	-1.599994e-03	3.984048e-16
1.441928804859836e-08	1.599994e-03	5.000000e-02	1.000000e-01	5.000000e-02	8.000000e-01	1.600060e-06	3.193679e-06	0.000000e+00	-6.638067e-08	0.000000e+00	1.599994e-03	1.600060e-03	1.599994e-03	5.000000e-06	-5.000000e-06	-5.000000e-06	-1.599994e-03	3.984048e-16
1.443881929859836e-08	1.599994e-03	5.000000e-02	1.000000e-01	5.000000e-02	8.000000e-01	1.599927e-06	3.193546e-06	0.000000e+00	6.637931e-08	0.000000e+00	1.599994e-03	1.599927e-03	1.599994e-03	5.000000e-06	-5.000000e-06	-5.000000e-06	-1.599994e-03	3.984048e-16
1.445835054859836e-08	1.599994e-03	5.000000e-02	1.000000e-01	5.000000e-02	8.000000e-01	1.600060e-06	3.193679e-06	0.000000e+00	-6.637795e-08	0.000000e+00	1.599994e-03	1.600060e-03	1.599994e-03	5.000000e-06	-5.000000e-06	-5.000000e-06	-1.599994e-03	3.984048e-16
1.447788179859836e-08	1.599994e-03	5.000000e-02	1.000000e-01	5.000000e-02	8.000000e-01	1.599927e-06	3.193546e-06	0.000000e+00	6.637659e-08	0.000000e+00	1.599994e-03	1.599927e-03	1.599994e-03	5.000000e-06	-5.000000e-06	-5.000000e-06	-1.599994e-03	3.984048e-16
1.449741304859836e-08	1.599994e-03	5.000000e-02	1.000000e-01	5.000000e-02	8.000000e-01	1.600060e-06	3.193679e-06	0.000000e+00	-6.637524e-08	0.000000e+00	1.599994e-03	1.600060e-03	1.599994e-03	5.000000e-06	-5.000000e-06	-5.000000e-06	-1.599994e-03	3.984048e-16
1.451694429859836e-08	1.599994e-03	5.000000e-02	1.000000e-01	5.000000e-02	8.000000e-01	1.599927e-06	3.193546e-06	0.000000e+00	6.637387e-08	0.000000e+00	1.599994e-03	1.599927e-03	1.599994e-03	5.000000e-06	-5.000000e-06	-5.000000e-06	-1.599994e-03	3.984048e-16
1.452000000000000e-08	1.599994e-03	5.000000e-02	1.000000e-01	5.000000e-02	8.000000e-01	1.600060e-06	3.193679e-06	0.000000e+00	-6.636519e-08	0.000000e+00	1.599994e-03	1.600060e-03	1.599994e-03	5.000000e-06	-5.000000e-06	-5.000000e-06	-1.599994e-03	3.984048e-16
1.452025430580862e-08	1.579658e-03	5.000000e-02	1.000000e-01	5.000000e-02	7.898278e-01	1.579608e-06	-1.337379e-06	0.000000e+00	5.028058e-08	0.000000e+00	1.579658e-03	1.579608e-03	1.579658e-03	5.000000e-06	-5.000000e-06	-5.000000e-06	-1.579658e-03	3.978315e-16
1.452042235175759e-08	1.566219e-03	5.000000e-02	1.000000e-01	5.000000e-02	7.831059e-01	1.566286e-06	-3.751416e-06	0.000000e+00	-6.613628e-08	0.000000e+00	1.566219e-03	1.566286e-03	1.566219e-03	5.000000e-06	-5.000000e-06	-5.000000e-06	-1.566219e-03	3.968725e-16
1.452060698524888e-08	1.551453e-03	5.000000e-02	1.000000e-01	5.000000e-02	7.757206e-01	1.551403e-06	-5.979185e-06	0.000000e+00	5.001528e-08	0.000000e+00	1.551453e-03	1.551403e-03	1.551453e-03	5.000000e-06	-5.000000e-06	-5.000000e-06	-1.551453e-03	3.953939e-16
1.452082580991047e-08	1.533951e-03	5.000000e-02	1.000000e-01	5.000000e-02	7.669676e-01	1.534017e-06	-8.144031e-06	0.000000e+00	-6.590538e-08	0.000000e+00	1.533951e-03	1.534017e-03	1.533951e-03	5.000000e-06	-5.000000e-06	-5.000000e-06	-1.533951e-03	3.931659e-16
1.452106012834246e-08	1.515210e-03	5.000000e-02	1.000000e-01	5.000000e-02	7.575949e-01	1.515160e-06	-9.998373e-06	0.000000e+00	4.980978e-08	0.000000e+00	1.515210e-03	1.515160e-03	1.515210e-03	5.000000e-06	-5.000000e-06	-5.000000e-06	-1.515210e-03	3.903160e-16
1.452131407436680e-08	1.494897e-03	5.000000e-02	1.000000e-01	5.000000e-02	7.474370e-01	1.494963e-06	-1.157994e-05	0.000000e+00	-6.571630e-08	0.000000e+00	1.494897e-03	1.494963e-03	1.494897e-03	5.000000e-06	-5.000000e-06	-5.000000e-06	-1.494897e-03	3.867992e-16
1.452158359131632e-08	1.473338e-03	5.000000e-02	1.000000e-01	5.000000e-02	7.366564e-01	1.473289e-06	-1.288030e-05	0.000000e+00	4.963264e-08	0.000000e+00	1.473338e-03	1.473289e-03	1.473338e-03	5.000000e-06	-5.000000e-06	-5.000000e-06	-1.473338e-03	3.826882e-16
1.452187985376276e-08	1.449640e-03	5.000000e-02	1.000000e-01	5.000000e-02	7.248058e-01	1.449705e-06	-1.396792e-05	0.000000e+00	-6.555341e-08	0.000000e+00	1.449640e-03	1.449705e-03	1.449640e-03	5.000000e-06	-5.000000e-06	-5.000000e-06	-1.449640e-03	3.778275e-16
1.452220072276918e-08	1.423972e-03	5.000000e-02	1.000000e-01	5.000000e-02	7.119711e-01	1.423922e-06	-1.484557e-05	0.000000e+00	4.948280e-08	0.000000e+00	1.423972e-03	1.423922e-03	1.423972e-03	5.000000e-06	-5.000000e-06	-5.000000e-06	-1.423972e-03	3.722625e-16
1.452255779118980e-08	1.395408e-03	5.000000e-02	1.000000e-01	5.000000e-02	6.976883e-01	1.395473e-06	-1.555674e-05	0.000000e+00	-6.541764e-08	0.000000e+00	1.395408e-03	1.395473e-03	1.395408e-03	5.000000e-06	-5.000000e-06	-5.000000e-06	-1.395408e-03	3.658042e-16
1.452295163614265e-08	1.363901e-03	5.000000e-02	1.000000e-01	5.000000e-02	6.819345e-01	1.363852e-06	-1.611437e-05	0.000000e+00	4.935993e-08	0.000000e+00	1.363901e-03	1.363852e-03	1.363901e-03	5.000000e-06	-5.000000e-06	-5.000000e-06	-1.363901e-03	3.584535e-16
1.452339767426125e-08	1.328219e-03	5.000000e-02	1.000000e-01	5.000000e-02	6.640930e-01	1.328284e-06	-1.655275e-05	0.000000e+00	-6.530811e-08	0.000000e+00	1.328219e-03	1.328285e-03	1.328219e-03	5.000000e-06	-5.000000e-06	-5.000000e-06	-1.328219e-03	3.499358e-16
1.452390231966088e-08	1.287848e-03	5.000000e-02	1.000000e-01	5.000000e-02	6.439072e-01	1.287799e-06	-1.689082e-05	0.000000e+00	4.926298e-08	0.000000e+00	1.287848e-03	1.287799e-03	1.287848e-03	5.000000e-06	-5.000000e-06	-5.000000e-06	-1.287848e-03	3.401407e-16
1.452448972443518e-08	1.240856e-03	5.000000e-02	1.000000e-01	5.000000e-02	6.204110e-01	1.240922e-06	-1.715730e-05	0.000000e+00	-6.522382e-08	0.000000e+00	1.240856e-03	1.240922e-03	1.240856e-03	5.000000e-06	-5.000000e-06	-5.000000e-06	-1.240856e-03	3.286123e-16
1.452517945328417e-08	1.185679e-03	5.000000e-02	1.000000e-01	5.000000e-02	5.928219e-01	1.185629e-06	-1.737385e-05	0.000000e+00	4.919076e-08	0.000000e+00	1.185679e-03	1.185629e-03	1.185679e-03	5.000000e-06	-5.000000e-06	-5.000000e-06	-1.185679e-03	3.149791e-16
1.452601865122131e-08	1.118543e-03	5.000000e-02	1.000000e-01	5.000000e-02	5.592539e-01	1.118608e-06	-1.756726e-05	0.000000e+00	-6.516342e-08	0.000000e+00	1.118543e-03	1.118608e-03	1.118543e-03	5.000000e-06	-5.000000e-06	-5.000000e-06	-1.118543e-03	2.983216e-16
1.452706520599790e-08	1.034819e-03	5.000000e-02	1.000000e-01	5.000000e-02	5.173917e-01	1.034770e-06	-1.776267e-05	0.000000e+00	4.914165e-08	0.000000e+00	1.034819e-03	1.034770e-03	1.034819e-03	5.000000e-06	-5.000000e-06	-5.000000e-06	-1.034819e-03	2.775022e-16
1.452844325482755e-08	9.245756e-04	5.000000e-02	1.000000e-01	5.000000e-02	4.622698e-01	9.246407e-07	-1.799302e-05	0.000000e+00	-6.512500e-08	0.000000e+00	9.245756e-04	9.246407e-04	9.245756e-04	5.000000e-06	-5.000000e-06	-5.000000e-06	-9.245756e-04	2.500616e-16
1.453036728527477e-08	7.706538e-04	5.000000e-02	1.000000e-01	5.000000e-02	3.853086e-01	7.706047e-07	-1.830265e-05	0.000000e+00	4.911319e-08	0.000000e+00	7.706538e-04	7.706046e-04	7.706538e-04	5.000000e-06	-5.000000e-06	-5.000000e-06	-7.706538e-04	2.117367e-16
1.453335919498329e-08	5.313020e-04	5.000000e-02	1.000000e-01	5.000000e-02	2.656322e-01	5.313670e-07	-1.878033e-05	0.000000e+00	-6.510549e-08	0.000000e+00	5.313020e-04	5.313671e-04	5.313020e-04	5.000000e-06	-5.000000e-06	-5.000000e-06	-5.313020e-04	1.521372e-16
1.453882086654653e-08	9.436998e-05	5.000000e-02	1.000000e-01	5.000000e-02	4.716534e-02	9.432088e-08	-1.965256e-05	0.000000e+00	4.910137e-08	0.000000e+00	9.436998e-05	9.432088e-05	9.436998e-05	5.000000e-06	-5.000000e-06	-5.000000e-06	-9.436998e-05	4.333937e-17
1.454000000000000e-08	3.968146e-08	5.000000e-02	1.000000e-01	5.000000e-02	6.061818e-14	1.047634e-10	-1.984073e-05	0.000000e+00	-6.508194e-08	0.000000e+00	3.968146e-08	1.047634e-07	3.968146e-08	5.000000e-06	-5.000000e-06	-5.000000e-06	-3.968146e-08	1.985075e-17
1.454016326606827e-08	-3.367264e-08	5.000000e-02	1.000000e-01	5.000000e-02	0.000000e+00	-3.124269e-11	-1.683632e-05	0.000000e+00	6.491533e-08	0.000000e+00	3.367264e-08	-3.124269e-08	3.367264e-08	5.000000e-06	-5.000000e-06	-5.000000e-06	-3.367264e-08	1.684471e-17
1.454029743643858e-08	2.942467e-08	5.000000e-02	1.000000e-01	5.000000e-02	0.000000e+00	9.415309e-11	-1.471234e-05	0.000000e+00	-6.472841e-08	0.000000e+00	2.942467e-08	9.415309e-08	2.942467e-08	5.000000e-06	-5.000000e-06	-5.000000e-06	-2.942467e-08	1.471979e-17
1.454048469898824e-08	2.437040e-08	5.000000e-02	1.000000e-01	5.000000e-02	0.000000e+00	-4.021451e-11	-1.218520e-05	0.000000e+00	6.458490e-08	0.000000e+00	2.437040e-08	-4.021451e-08	2.437040e-08	5.000000e-06	-5.000000e-06	-5.000000e-06	-2.437040e-08	1.219125e-17
1.454069598215294e-08	1.969835e-08	5.000000e-02	1.000000e-01	5.000000e-02	0.000000e+00	8.416552e-11	-9.849176e-06	0.000000e+00	-6.446717e-08	0.000000e+00	1.969835e-08	8.416552e-08	1.969835e-08	5.000000e-06	-5.000000e-06	-5.000000e-06	-1.969835e-08	9.854185e-18
1.454092653788260e-08	1.561367e-08	5.000000e-02	1.000000e-01	5.000000e-02	0.000000e+00	-4.873821e-11	-7.806834e-06	0.000000e+00	6.435188e-08	0.000000e+00	1.561367e-08	-4.873821e-08	1.561367e-08	5.000000e-06	-5.000000e-06	-5.000000e-06	-1.561367e-08	7.810689e-18
1.454116506496867e-08	1.227560e-08	5.000000e-02	1.000000e-01	5.000000e-02	0.000000e+00	7.652245e-11	-6.137798e-06	0.000000e+00	-6.424685e-08	0.000000e+00	1.227560e-08	7.652245e-08	1.227560e-08	5.000000e-06	-5.000000e-06	-5.000000e-06	-1.227560e-08	6.140943e-18
1.454142635331425e-08	9.430192e-09	5.000000e-02	1.000000e-01	5.000000e-02	0.000000e+00	-5.471620e-11	-4.715096e-06	0.000000e+00	6.414639e-08	0.000000e+00	9.430192e-09	-5.471620e-08	9.430192e-09	5.000000e-06	-5.000000e-06	-5.000000e-06	-9.430192e-09	4.717399e-18
1.454170459046432e-08	7.119506e-09	5.000000e-02	1.000000e-01	5.000000e-02	0.000000e+00	7.117541e-11	-3.559753e-06	0.000000e+00	-6.405590e-08	0.000000e+00	7.119506e-09	7.117541e-08	7.119506e-09	5.000000e-06	-5.000000e-06	-5.000000e-06	-7.119506e-09	3.561604e-18
1.454201279613544e-08	5.212685e-09	5.000000e-02	1.000000e-01	5.000000e-02	0.000000e+00	-5.875890e-11	-2.606342e-06	0.000000e+00	6.397158e-08	0.000000e+00	5.212685e-09	-5.875890e-08	5.212685e-09	5.000000e-06	-5.000000e-06	-5.000000e-06	-5.212685e-09	2.607587e-18
1.454234626692254e-08	3.718134e-09	5.000000e-02	1.000000e-01	5.000000e-02	0.000000e+00	6.761393e-11	-1.859067e-06	0.000000e+00	-6.389579e-08	0.000000e+00	3.718134e-09	6.761393e-08	3.718134e-09	5.000000e-06	-5.000000e-06	-5.000000e-06	-3.718134e-09	1.860064e-18
1.454271975472848e-08	2.544741e-09	5.000000e-02	1.000000e-01	5.000000e-02	0.000000e+00	-6.128203e-11	-1.272371e-06	0.000000e+00	6.382677e-08	0.000000e+00	2.544741e-09	-6.128203e-08	2.544741e-09	5.000000e-06	-5.000000e-06	-5.000000e-06	-2.544741e-09	1.272946e-18
1.454313231604730e-08	1.671676e-09	5.000000e-02	1.000000e-01	5.000000e-02	0.000000e+00	6.543702e-11	-8.358383e-07	0.000000e+00	-6.376534e-08	0.000000e+00	1.671676e-09	6.543701e-08	1.671676e-09	5.000000e-06	-5.000000e-06	-5.000000e-06	-1.671676e-09	8.363216e-19
1.454360316311925e-08	1.032966e-09	5.000000e-02	1.000000e-01	5.000000e-02	0.000000e+00	-6.267795e-11	-5.164830e-07	0.000000e+00	6.371092e-08	0.000000e+00	1.032966e-09	-6.267796e-08	1.032966e-09	5.000000e-06	-5.000000e-06	-5.000000e-06	-1.032966e-09	5.166786e-19
1.454413803871221e-08	5.956369e-10	5.000000e-02	1.000000e-01	5.000000e-02	0.000000e+00	6.425909e-11	-2.978185e-07	0.000000e+00	-6.366346e-08	0.000000e+00	5.956369e-10	6.425909e-08	5.956369e-10	5.000000e-06	-5.000000e-06	-5.000000e-06	-5.956369e-10	2.980316e-19
1.454476676992378e-08	3.101473e-10	5.000000e-02	1.000000e-01	5.000000e-02	0.000000e+00	-6.331273e-11	-1.550736e-07	0.000000e+00	6.362288e-08	0.000000e+00	3.101473e-10	-6.331273e-08	3.101473e-10	5.000000e-06	-5.000000e-06	-5.000000e-06	-3.101473e-10	1.550879e-19
1.454551103846229e-08	1.413043e-10	5.000000e-02	1.000000e-01	5.000000e-02	0.000000e+00	6.373004e-11	-7.065217e-08	0.000000e+00	-6.358874e-08	0.000000e+00	1.413043e-10	6.373004e-08	1.413043e-10	5.000000e-06	-5.000000e-06	-5.000000e-06	-1.413043e-10	7.075123e-20
1.454642993662668e-08	5.229712e-11	5.000000e-02	1.000000e-01	5.000000e-02	0.000000e+00	-6.350875e-11	-2.614856e-08	0.000000e+00	6.356105e-08	0.000000e+00	5.229712e-11	-6.350874e-08	5.229712e-11	5.000000e-06	-5.000000e-06	-5.000000e-06	-5.229712e-11	2.609813e-20
1.454759442844569e-08	1.356241e-11	5.000000e-02	1.000000e-01	5.000000e-02	0.000000e+00	6.355278e-11	-6.781205e-09	0.000000e+00	-6.353922e-08	0.000000e+00	1.356241e-11	6.355278e-08	1.356241e-11	5.000000e-06	-5.000000e-06	-5.000000e-06	-1.356241e-11	6.848148e-21
1.454916839145455e-08	1.735259e-12	5.000000e-02	1.000000e-01	5.000000e-02	0.000000e+00	-6.352134e-11	-8.676296e-10	0.000000e+00	6.352307e-08	0.000000e+00	1.735259e-12	-6.352134e-08	1.735259e-12	5.000000e-06	-5.000000e-06	-5.000000e-06	-1.735259e-12	8.045421e-22
1.455144544985622e-08	-2.339384e-13	5.000000e-02	1.000000e-01	5.000000e-02	0.000000e+00	6.351168e-11	1.169692e-10	0.000000e+00	-6.351191e-08	0.000000e+00	-2.339384e-13	6.351168e-08	-2.339384e-13	5.000000e-06	-5.000000e-06	-5.000000e-06	2.339384e-13	-5.351600e-23
1.455520747026353e-08	-1.598298e-13	5.000000e-02	1.000000e-01	5.000000e-02	0.000000e+00	-6.350500e-11	-7.991489e-11	0.000000e+00	6.350516e-08	0.000000e+00	1.598298e-13	-6.350501e-08	1.598298e-13	5.000000e-06	-5.000000e-06	-5.000000e-06	-1.598298e-13	1.644985e-23
1.456273151107816e-08	-1.460505e-13	5.000000e-02	1.000000e-01	5.000000e-02	0.000000e+00	6.350164e-11	7.302526e-11	0.000000e+00	-6.350179e-08	0.000000e+00	-1.460505e-13	6.350164e-08	-1.460505e-13	5.000000e-06	-5.000000e-06	-5.000000e-06	1.460505e-13	-9.560129e-24
1.457777959270742e-08	-1.415770e-13	5.000000e-02	1.000000e-01	5.000000e-02	0.000000e+00	-6.349996e-11	-7.078850e-11	0.000000e+00	6.350010e-08	0.000000e+00	1.415770e-13	-6.349996e-08	1.415770e-13	5.000000e-06	-5.000000e-06	-5.000000e-06	-1.415770e-13	7.323939e-24
1.459731084270742e-08	-1.388632e-13	5.000000e-02	1.000000e-01	5.000000e-02	0.000000e+00	6.349866e-11	6.943157e-11	0.000000e+00	-6.349880e-08	0.000000e+00	-1.388632e-13	6.349866e-08	-1.388632e-13	5.000000e-06	-5.000000e-06	-5.000000e-06	1.388632e-13	-5.967629e-24
1.461684209270742e-08	-1.366514e-13	5.000000e-02	1.000000e-01	5.000000e-02	0.000000e+00	-6.349736e-11	-6.832569e-11	0.000000e+00	6.349750e-08	0.000000e+00	1.366514e-13	-6.349736e-08	1.366514e-13	5.000000e-06	-5.000000e-06	-5.000000e-06	-1.366514e-13	4.862492e-24
1.463637334270742e-08	-1.348487e-13	5.000000e-02	1.000000e-01	5.000000e-02	0.000000e+00	6.349606e-11	6.742436e-11	0.000000e+00	-6.349619e-08	0.000000e+00	-1.348487e-13	6.349606e-08	-1.348487e-13	5.000000e-06	-5.000000e-06	-5.000000e-06	1.348487e-13	-3.962014e-24
1.465590459270742e-08	-1.333794e-13	5.000000e-02	1.000000e-01	5.000000e-02	0.000000e+00	-6.349477e-11	-6.668972e-11	0.000000e+00	6.349489e-08	0.000000e+00	1.333794e-13	-6.349477e-08	1.333794e-13	5.000000e-06	-5.000000e-06	-5.000000e-06	-1.333794e-13	3.228294e-24
1.467543584270742e-08	-1.321817e-13	5.000000e-02	1.000000e-01	5.000000e-02	0.000000e+00	6.349347e-11	6.609087e-11	0.000000e+00	-6.349359e-08	0.000000e+00	-1.321817e-13	6.349347e-08	-1.321817e-13	5.000000e-06	-5.000000e-06	-5.000000e-06	1.321817e-13	-2.630451e-24
1.469496709270742e-08	-1.312054e-13	5.000000e-02	1.000000e-01	5.000000e-02	0.000000e+00	-6.349216e-11	-6.560268e-11	0.000000e+00	6.349229e-08	0.000000e+00	1.312054e-13	-6.349217e-08	1.312054e-13	5.000000e-06	-5.000000e-06	-5.000000e-06	-1.312054e-13	2.143321e-24
1.471449834270742e-08	-1.304093e-13	5.000000e-02	1.000000e-01	5.000000e-02	0.000000e+00	6.349087e-11	6.520467e-11	0.000000e+00	-6.349099e-08	0.000000e+00	-1.304093e-13	6.349087e-08	-1.304093e-13	5.000000e-06	-5.000000e-06	-5.000000e-06	1.304093e-13	-1.746402e-24
1.473402959270742e-08	-1.297602e-13	5.000000e-02	1.000000e-01	5.000000e-02	0.000000e+00	-6.348957e-11	-6.488012e-11	0.000000e+00	6.348969e-08	0.000000e+00	1.297602e-13	-6.348957e-08	1.297602e-13	5.000000e-06	-5.000000e-06	-5.000000e-06	-1.297602e-13	1.422988e-24
1.475356084270742e-08	-1.292309e-13	5.000000e-02	1.000000e-01	5.000000e-02	0.000000e+00	6.348826e-11	6.461542e-11	0.000000e+00	-6.348839e-08	0.000000e+00	-1.292309e-13	6.348827e-08	-1.292309e-13	5.000000e-06	-5.000000e-06	-5.000000e-06	1.292309e-13	-1.159466e-24
1.477309209270742e-08	-1.287990e-13	5.000000e-02	1.000000e-01	5.000000e-02	0.000000e+00	-6.348697e-11	-6.439951e-11	0.000000e+00	6.348709e-08	0.000000e+00	1.287990e-13	-6.348697e-08	1.287990e-13	5.000000e-06	-5.000000e-06	-5.000000e-06	-1.287990e-13	9.447458e-25
1.479262334270742e-08	-1.284467e-13	5.000000e-02	1.000000e-01	5.000000e-02	0.000000e+00	6.348567e-11	6.422334e-11	0.000000e+00	-6.348579e-08	0.000000e+00	-1.284467e-13	6.348566e-08	-1.284467e-13	5.000000e-06	-5.000000e-06	-5.000000e-06	1.284467e-13	-7.697892e-25
1.481215459270742e-08	-1.281591e-13	5.000000e-02	1.000000e-01	5.000000e-02	0.000000e+00	-6.348436e-11	-6.407956e-11	0.000000e+00	6.348449e-08	0.000000e+00	1.281591e-13	-6.348436e-08	1.281591e-13	5.000000e-06	-5.000000e-06	-5.000000e-06	-1.281591e-13	6.272325e-25
1.483168584270742e-08	-1.279243e-13	5.000000e-02	1.000000e-01	5.000000e-02	0.000000e+00	6.348307e-11	6.396216e-11	0.000000e+00	-6.348319e-08	0.000000e+00	-1.279243e-13	6.348306e-08	-1.279243e-13	5.000000e-06	-5.000000e-06	-5.000000e-06	1.279243e-13	-5.110757e-25
1.485121709270742e-08	-1.277325e-13	5.000000e-02	1.000000e-01	5.000000e-02	0.000000e+00	-6.348177e-11	-6.386627e-11	0.000000e+00	6.348189e-08	0.000000e+00	1.277325e-13	-6.348176e-08	1.277325e-13	5.000000e-06	-5.000000e-06	-5.000000e-06	-1.277325e-13	4.164298e-25
1.487074834270742e-08	-1.275758e-13	5.000000e-02	1.000000e-01	5.000000e-02	0.000000e+00	6.348046e-11	6.378788e-11	0.000000e+00	-6.348059e-08	0.000000e+00	-1.275758e-13	6.348047e-08	-1.275758e-13	5.000000e-06	-5.000000e-06	-5.000000e-06	1.275758e-13	-3.393112e-25
1.489027959270742e-08	-1.274476e-13	5.000000e-02	1.000000e-01	5.000000e-02	0.000000e+00	-6.347917e-11	-6.372378e-11	0.000000e+00	6.347930e-08	0.000000e+00	1.274476e-13	-6.347917e-08	1.274476e-13	5.000000e-06	-5.000000e-06	-5.000000e-06	-1.274476e-13	2.764741e-25
1.490981084270742e-08	-1.273426e-13	5.000000e-02	1.000000e-01	5.000000e-02	0.000000e+00	6.347787e-11	6.367130e-11	0.000000e+00	-6.347800e-08	0.000000e+00	-1.273426e-13	6.347787e-08	-1.273426e-13	5.000000e-06	-5.000000e-06	-5.000000e-06	1.273426e-13	-2.252737e-25
1.492934209270742e-08	-1.272566e-13	5.000000e-02	1.000000e-01	5.000000e-02	0.000000e+00	-6.347656e-11	-6.362831e-11	0.000000e+00	6.347670e-08	0.000000e+00	1.272566e-13	-6.347657e-08	1.272566e-13	5.000000e-06	-5.000000e-06	-5.000000e-06	-1.272566e-13	1.835550e-25
1.494887334270742e-08	-1.271861e-13	5.000000e-02	1.000000e-01	5.000000e-02	0.000000e+00	6.347527e-11	6.359303e-11	0.000000e+00	-6.347540e-08	0.000000e+00	-1.271861e-13	6.347527e-08	-1.271861e-13	5.000000e-06	-5.000000e-06	-5.000000e-06	1.271861e-13	-1.495621e-25
1.496840459270742e-08	-1.271281e-13	5.000000e-02	1.000000e-01	5.000000e-02	0.000000e+00	-6.347397e-11	-6.356405e-11	0.000000e+00	6.347410e-08	0.000000e+00	1.271281e-13	-6.347397e-08	1.271281e-13	5.000000e-06	-5.000000e-06	-5.000000e-06	-1.271281e-13	1.218644e-25
1.498793584270742e-08	-1.270804e-13	5.000000e-02	1.000000e-01	5.000000e-02	0.000000e+00	6.347266e-11	6.354019e-11	0.000000e+00	-6.347280e-08	0.000000e+00	-1.270804e-13	6.347267e-08	-1.270804e-13	5.000000e-06	-5.000000e-06	-5.000000e-06	1.270804e-13	-9.929589e-26
1.500000000000000e-08	-1.270095e-13	5.000000e-02	1.000000e-01	5.000000e-02	0.000000e+00	-6.347056e-11	-6.350998e-11	0.000000e+00	6.347069e-08	0.000000e+00	1.270095e-13	-6.347057e-08	1.270095e-13	5.000000e-06	-5.000000e-06	-5.000000e-06	-1.270095e-13	7.113632e-26
1.500033138148634e-08	2.649910e-05	5.000000e-02	1.000000e-01	5.000000e-02	1.325526e-02	2.654651e-08	5.710214e-06	0.000000e+00	-4.741066e-08	0.000000e+00	2.649910e-05	2.654651e-05	2.649910e-05	5.000000e-06	-5.000000e-06	-5.000000e-06	-2.649910e-05	9.411074e-19
1.500060750010373e-08	4.858159e-05	5.000000e-02	1.000000e-01	5.000000e-02	2.430000e-02	4.851827e-08	9.206018e-06	0.000000e+00	6.332539e-08	0.000000e+00	4.858159e-05	4.851827e-05	4.858159e-05	5.000000e-06	-5.000000e-06	-5.000000e-06	-4.858159e-05	2.987899e-18
1.500077194881481e-08	6.173416e-05	5.000000e-02	1.000000e-01	5.000000e-02	3.087795e-02	6.178136e-08	1.086839e-05	0.000000e+00	-4.719502e-08	0.000000e+00	6.173416e-05	6.178136e-05	6.173416e-05	5.000000e-06	-5.000000e-06	-5.000000e-06	-6.173416e-05	4.626931e-18
1.500099048834816e-08	7.921366e-05	5.000000e-02	1.000000e-01	5.000000e-02	3.961954e-02	7.915057e-08	1.270080e-05	0.000000e+00	6.309074e-08	0.000000e+00	7.921366e-05	7.915057e-05	7.921366e-05	5.000000e-06	-5.000000e-06	-5.000000e-06	-7.921366e-05	7.181770e-18
1.500122675520577e-08	9.811184e-05	5.000000e-02	1.000000e-01	5.000000e-02	4.907021e-02	9.815884e-08	1.428558e-05	0.000000e+00	-4.700023e-08	0.000000e+00	9.811184e-05	9.815885e-05	9.811184e-05	5.000000e-06	-5.000000e-06	-5.000000e-06	-9.811184e-05	1.034054e-17
1.500150560347559e-08	1.204168e-04	5.000000e-02	1.000000e-01	5.000000e-02	6.022414e-02	1.203539e-07	1.574179e-05	0.000000e+00	6.291930e-08	0.000000e+00	1.204168e-04	1.203539e-04	1.204168e-04	5.000000e-06	-5.000000e-06	-5.000000e-06	-1.204168e-04	1.448277e-17
1.500178511678973e-08	1.427756e-04	5.000000e-02	1.000000e-01	5.000000e-02	7.140467e-02	1.428225e-07	1.685398e-05	0.000000e+00	-4.684235e-08	0.000000e+00	1.427756e-04	1.428225e-04	1.427756e-04	5.000000e-06	-5.000000e-06	-5.000000e-06	-1.427756e-04	1.898275e-17
1.500210800790602e-08	1.686050e-04	5.000000e-02	1.000000e-01	5.000000e-02	8.432031e-02	1.685422e-07	1.781779e-05	0.000000e+00	6.277326e-08	0.000000e+00	1.686050e-04	1.685422e-04	1.686050e-04	5.000000e-06	-5.000000e-06	-5.000000e-06	-1.686050e-04	2.450201e-17
1.500244431113312e-08	1.955078e-04	5.000000e-02	1.000000e-01	5.000000e-02	9.777244e-02	1.955545e-07	1.855293e-05	0.000000e+00	-4.670903e-08	0.000000e+00	1.955078e-04	1.955545e-04	1.955078e-04	5.000000e-06	-5.000000e-06	-5.000000e-06	-1.955078e-04	3.051957e-17
1.500283621057343e-08	2.268585e-04	5.000000e-02	1.000000e-01	5.000000e-02	1.134484e-01	2.267959e-07	1.916694e-05	0.000000e+00	6.265259e-08	0.000000e+00	2.268585e-04	2.267959e-04	2.268585e-04	5.000000e-06	-5.000000e-06	-5.000000e-06	-2.268585e-04	3.777448e-17
1.500325687760780e-08	2.605109e-04	5.000000e-02	1.000000e-01	5.000000e-02	1.302751e-01	2.605576e-07	1.962695e-05	0.000000e+00	-4.660108e-08	0.000000e+00	2.605109e-04	2.605575e-04	2.605109e-04	5.000000e-06	-5.000000e-06	-5.000000e-06	-2.605109e-04	4.576135e-17
1.500375276896433e-08	3.001815e-04	5.000000e-02	1.000000e-01	5.000000e-02	1.501108e-01	3.001190e-07	1.999849e-05	0.000000e+00	6.255676e-08	0.000000e+00	3.001815e-04	3.001190e-04	3.001815e-04	5.000000e-06	-5.000000e-06	-5.000000e-06	-3.001815e-04	5.534701e-17
1.500430442895083e-08	3.443138e-04	5.000000e-02	1.000000e-01	5.000000e-02	1.721772e-01	3.443603e-07	2.027811e-05	0.000000e+00	-4.651742e-08	0.000000e+00	3.443138e-04	3.443603e-04	3.443138e-04	5.000000e-06	-5.000000e-06	-5.000000e-06	-3.443138e-04	6.614469e-17
1.500497184706417e-08	3.977068e-04	5.000000e-02	1.000000e-01	5.000000e-02	1.988739e-01	3.976443e-07	2.051004e-05	0.000000e+00	6.248462e-08	0.000000e+00	3.977068e-04	3.976443e-04	3.977068e-04	5.000000e-06	-5.000000e-06	-5.000000e-06	-3.977068e-04	7.931429e-17
1.500575172653165e-08	4.600967e-04	5.000000e-02	1.000000e-01	5.000000e-02	2.300691e-01	4.601432e-07	2.070477e-05	0.000000e+00	-4.645678e-08	0.000000e+00	4.600967e-04	4.601432e-04	4.600967e-04	5.000000e-06	-5.000000e-06	-5.000000e-06	-4.600967e-04	9.477955e-17
1.500674254520733e-08	5.393618e-04	5.000000e-02	1.000000e-01	5.000000e-02	2.697018e-01	5.392994e-07	2.089908e-05	0.000000e+00	6.243472e-08	0.000000e+00	5.393618e-04	5.392994e-04	5.393618e-04	5.000000e-06	-5.000000e-06	-5.000000e-06	-5.393618e-04	1.144807e-16
1.500799421891203e-08	6.394953e-04	5.000000e-02	1.000000e-01	5.000000e-02	3.197688e-01	6.395417e-07	2.111318e-05	0.000000e+00	-4.641739e-08	0.000000e+00	6.394953e-04	6.395417e-04	6.394953e-04	5.000000e-06	-5.000000e-06	-5.000000e-06	-6.394953e-04	1.394002e-16
1.500974680149752e-08	7.797013e-04	5.000000e-02	1.000000e-01	5.000000e-02	3.898721e-01	7.796389e-07	2.139684e-05	0.000000e+00	6.240492e-08	0.000000e+00	7.797013e-04	7.796389e-04	7.797013e-04	5.000000e-06	-5.000000e-06	-5.000000e-06	-7.797013e-04	1.743081e-16
1.501232162566211e-08	9.856864e-04	5.000000e-02	1.000000e-01	5.000000e-02	4.928650e-01	9.857329e-07	2.180840e-05	0.000000e+00	-4.639653e-08	0.000000e+00	9.856864e-04	9.857329e-04	9.856864e-04	5.000000e-06	-5.000000e-06	-5.000000e-06	-9.856864e-04	2.255989e-16
1.501685950872712e-08	1.348716e-03	5.000000e-02	1.000000e-01	5.000000e-02	6.743804e-01	1.348653e-06	2.253286e-05	0.000000e+00	6.239166e-08	0.000000e+00	1.348716e-03	1.348653e-03	1.348716e-03	5.000000e-06	-5.000000e-06	-5.000000e-06	-1.348716e-03	3.159947e-16
1.502000000000000e-08	1.599954e-03	5.000000e-02	1.000000e-01	5.000000e-02	8.000000e-01	1.600000e-06	2.303446e-05	0.000000e+00	-4.638480e-08	0.000000e+00	1.599954e-03	1.600000e-03	1.599954e-03	5.000000e-06	-5.000000e-06	-5.000000e-06	-1.599954e-03	3.785540e-16
1.502018229769475e-08	1.599961e-03	5.000000e-02	1.000000e-01	5.000000e-02	8.000000e-01	1.599914e-06	1.970894e-05	0.000000e+00	4.629042e-08	0.000000e+00	1.599961e-03	1.599914e-03	1.599961e-03	5.000000e-06	-5.000000e-06	-5.000000e-06	-1.599961e-03	3.818811e-16
1.502036541313856e-08	1.599966e-03	5.000000e-02	1.000000e-01	5.000000e-02	8.000000e-01	1.600012e-06	1.692960e-05	0.000000e+00	-4.618335e-08	0.000000e+00	1.599966e-03	1.600012e-03	1.599966e-03	5.000000e-06	-5.000000e-06	-5.000000e-06	-1.599966e-03	3.846620e-16
1.502056017749622e-08	1.599971e-03	5.000000e-02	1.000000e-01	5.000000e-02	8.000000e-01	1.599925e-06	1.448387e-05	0.000000e+00	4.609362e-08	0.000000e+00	1.599971e-03	1.599925e-03	1.599971e-03	5.000000e-06	-5.000000e-06	-5.000000e-06	-1.599971e-03	3.871088e-16
1.502077870769818e-08	1.599976e-03	5.000000e-02	1.000000e-01	5.000000e-02	8.000000e-01	1.600022e-06	1.225270e-05	0.000000e+00	-4.600524e-08	0.000000e+00	1.599976e-03	1.600021e-03	1.599976e-03	5.000000e-06	-5.000000e-06	-5.000000e-06	-1.599976e-03	3.893412e-16
1.502100665128493e-08	1.599979e-03	5.000000e-02	1.000000e-01	5.000000e-02	8.000000e-01	1.599933e-06	1.039311e-05	0.000000e+00	4.592784e-08	0.000000e+00	1.599979e-03	1.599933e-03	1.599979e-03	5.000000e-06	-5.000000e-06	-5.000000e-06	-1.599979e-03	3.912016e-16
1.502125654236835e-08	1.599982e-03	5.000000e-02	1.000000e-01	5.000000e-02	8.000000e-01	1.600028e-06	8.788945e-06	0.000000e+00	-4.585182e-08	0.000000e+00	1.599982e-03	1.600028e-03	1.599982e-03	5.000000e-06	-5.000000e-06	-5.000000e-06	-1.599982e-03	3.928067e-16
1.502152040624246e-08	1.599985e-03	5.000000e-02	1.000000e-01	5.000000e-02	8.000000e-01	1.599939e-06	7.480508e-06	0.000000e+00	4.578435e-08	0.000000e+00	1.599985e-03	1.599939e-03	1.599985e-03	5.000000e-06	-5.000000e-06	-5.000000e-06	-1.599985e-03	3.941157e-16
1.502181208119661e-08	1.599987e-03	5.000000e-02	1.000000e-01	5.000000e-02	8.000000e-01	1.600033e-06	6.386019e-06	0.000000e+00	-4.572010e-08	0.000000e+00	1.599987e-03	1.600033e-03	1.599987e-03	5.000000e-06	-5.000000e-06	-5.000000e-06	-1.599987e-03	3.952108e-16
1.502212551352710e-08	1.599989e-03	5.000000e-02	1.000000e-01	5.000000e-02	8.000000e-01	1.599943e-06	5.518286e-06	0.000000e+00	4.566290e-08	0.000000e+00	1.599989e-03	1.599943e-03	1.599989e-03	5.000000e-06	-5.000000e-06	-5.000000e-06	-1.599989e-03	3.960789e-16
1.502247541357137e-08	1.599990e-03	5.000000e-02	1.000000e-01	5.000000e-02	8.000000e-01	1.600036e-06	4.824015e-06	0.000000e+00	-4.560993e-08	0.000000e+00	1.599990e-03	1.600036e-03	1.599990e-03	5.000000e-06	-5.000000e-06	-5.000000e-06	-1.599990e-03	3.967736e-16
1.502285875142093e-08	1.599991e-03	5.000000e-02	1.000000e-01	5.000000e-02	8.000000e-01	1.599946e-06	4.297929e-06	0.000000e+00	4.556292e-08	0.000000e+00	1.599991e-03	1.599946e-03	1.599991e-03	5.000000e-06	-5.000000e-06	-5.000000e-06	-1.599991e-03	3.972999e-16
1.502329356484958e-08	1.599992e-03	5.000000e-02	1.000000e-01	5.000000e-02	8.000000e-01	1.600038e-06	3.902448e-06	0.000000e+00	-4.552066e-08	0.000000e+00	1.599992e-03	1.600038e-03	1.599992e-03	5.000000e-06	-5.000000e-06	-5.000000e-06	-1.599992e-03	3.976956e-16
1.502378217842040e-08	1.599993e-03	5.000000e-02	1.000000e-01	5.000000e-02	8.000000e-01	1.599947e-06	3.623248e-06	0.000000e+00	4.548363e-08	0.000000e+00	1.599993e-03	1.599947e-03	1.599993e-03	5.000000e-06	-5.000000e-06	-5.000000e-06	-1.599993e-03	3.979749e-16
1.502435056710503e-08	1.599993e-03	5.000000e-02	1.000000e-01	5.000000e-02	8.000000e-01	1.600039e-06	3.432643e-06	0.000000e+00	-4.545150e-08	0.000000e+00	1.599993e-03	1.600039e-03	1.599993e-03	5.000000e-06	-5.000000e-06	-5.000000e-06	-1.599993e-03	3.981657e-16
1.502501276140879e-08	1.599993e-03	5.000000e-02	1.000000e-01	5.000000e-02	8.000000e-01	1.599948e-06	3.313349e-06	0.000000e+00	4.542413e-08	0.000000e+00	1.599993e-03	1.599948e-03	1.599993e-03	5.000000e-06	-5.000000e-06	-5.000000e-06	-1.599993e-03	3.982850e-16
1.502581545624540e-08	1.599994e-03	5.000000e-02	1.000000e-01	5.000000e-02	8.000000e-01	1.600039e-06	3.244658e-06	0.000000e+00	-4.540146e-08	0.000000e+00	1.599994e-03	1.600039e-03	1.599994e-03	5.000000e-06	-5.000000e-06	-5.000000e-06	-1.599994e-03	3.983538e-16
1.502680568741228e-08	1.599994e-03	5.000000e-02	1.000000e-01	5.000000e-02	8.000000e-01	1.599948e-06	3.210710e-06	0.000000e+00	4.538314e-08	0.000000e+00	1.599994e-03	1.599948e-03	1.599994e-03	5.000000e-06	-5.000000e-06	-5.000000e-06	-1.599994e-03	3.983876e-16
1.502809704324180e-08	1.599994e-03	5.000000e-02	1.000000e-01	5.000000e-02	8.000000e-01	1.600039e-06	3.197320e-06	0.000000e+00	-4.536908e-08	0.000000e+00	1.599994e-03	1.600039e-03	1.599994e-03	5.000000e-06	-5.000000e-06	-5.000000e-06	-1.599994e-03	3.984011e-16
1.502986578610346e-08	1.599994e-03	5.000000e-02	1.000000e-01	5.000000e-02	8.000000e-01	1.599948e-06	3.193786e-06	0.000000e+00	4.535882e-08	0.000000e+00	1.599994e-03	1.599948e-03	1.599994e-03	5.000000e-06	-5.000000e-06	-5.000000e-06	-1.599994e-03	3.984046e-16
1.503254807579772e-08	1.599994e-03	5.000000e-02	1.000000e-01	5.000000e-02	8.000000e-01	1.600039e-06	3.193626e-06	0.000000e+00	-4.535206e-08	0.000000e+00	1.599994e-03	1.600039e-03	1.599994e-03	5.000000e-06	-5.000000e-06	-5.000000e-06	-1.599994e-03	3.984048e-16
1.503721429676569e-08	1.599994e-03	5.000000e-02	1.000000e-01	5.000000e-02	8.000000e-01	1.599948e-06	3.193580e-06	0.000000e+00	4.534817e-08	0.000000e+00	1.599994e-03	1.599948e-03	1.599994e-03	5.000000e-06	-5.000000e-06	-5.000000e-06	-1.599994e-03	3.984048e-16
1.504654673870164e-08	1.599994e-03	5.000000e-02	1.000000e-01	5.000000e-02	8.000000e-01	1.600039e-06	3.193650e-06	0.000000e+00	-4.534623e-08	0.000000e+00	1.599994e-03	1.600039e-03	1.599994e-03	5.000000e-06	-5.000000e-06	-5.000000e-06	-1.599994e-03	3.984048e-16
1.506521162257352e-08	1.599994e-03	5.000000e-02	1.000000e-01	5.000000e-02	8.000000e-01	1.599948e-06	3.193574e-06	0.000000e+00	4.534526e-08	0.000000e+00	1.599994e-03	1.599948e-03	1.599994e-03	5.000000e-06	-5.000000e-06	-5.000000e-06	-1.599994e-03	3.984048e-16
1.508474287257352e-08	1.599994e-03	5.000000e-02	1.000000e-01	5.000000e-02	8.000000e-01	1.600039e-06	3.193653e-06	0.000000e+00	-4.534433e-08	0.000000e+00	1.599994e-03	1.600039e-03	1.599994e-03	5.000000e-06	-5.000000e-06	-5.000000e-06	-1.599994e-03	3.984048e-16
1.510427412257352e-08	1.599994e-03	5.000000e-02	1.000000e-01	5.000000e-02	8.000000e-01	1.599948e-06	3.193572e-06	0.000000e+00	4.534340e-08	0.000000e+00	1.599994e-03	1.599948e-03	1.599994e-03	5.000000e-06	-5.000000e-06	-5.000000e-06	-1.599994e-03	3.984048e-16
1.512380537257352e-08	1.599994e-03	5.000000e-02	1.000000e-01	5.000000e-02	8.000000e-01	1.600039e-06	3.193654e-06	0.000000e+00	-4.534247e-08	0.000000e+00	1.599994e-03	1.600039e-03	1.599994e-03	5.000000e-06	-5.000000e-06	-5.000000e-06	-1.599994e-03	3.984048e-16
1.514333662257352e-08	1.599994e-03	5.000000e-02	1.000000e-01	5.000000e-02	8.000000e-01	1.599948e-06	3.193570e-06	0.000000e+00	4.534154e-08	0.000000e+00	1.599994e-03	1.599948e-03	1.599994e-03	5.000000e-06	-5.000000e-06	-5.000000e-06	-1.599994e-03	3.984048e-16
1.516286787257352e-08	1.599994e-03	5.000000e-02	1.000000e-01	5.000000e-02	8.000000e-01	1.600039e-06	3.193656e-06	0.000000e+00	-4.534061e-08	0.000000e+00	1.599994e-03	1.600039e-03	1.599994e-03	5.000000e-06	-5.000000e-06	-5.000000e-06	-1.599994e-03	3.984048e-16
1.518239912257352e-08	1.599994e-03	5.000000e-02	1.000000e-01	5.000000e-02	8.000000e-01	1.599948e-06	3.193569e-06	0.000000e+00	4.533969e-08	0.000000e+00	1.599994e-03	1.599948e-03	1.599994e-03	5.000000e-06	-5.000000e-06	-5.000000e-06	-1.599994e-03	3.984048e-16
1.520193037257352e-08	1.599994e-03	5.000000e-02	1.000000e-01	5.000000e-02	8.000000e-01	1.600039e-06	3.193657e-06	0.000000e+00	-4.533876e-08	0.000000e+00	1.599994e-03	1.600039e-03	1.599994e-03	5.000000e-06	-5.000000e-06	-5.000000e-06	-1.599994e-03	3.984048e-16
1.522146162257352e-08	1.599994e-03	5.000000e-02	1.000000e-01	5.000000e-02	8.000000e-01	1.599948e-06	3.193569e-06	0.000000e+00	4.533783e-08	0.000000e+00	1.599994e-03	1.599948e-03	1.599994e-03	5.000000e-06	-5.000000e-06	-5.000000e-06	-1.599994e-03	3.984048e-16
1.524099287257352e-08	1.599994e-03	5.000000e-02	1.000000e-01	5.000000e-02	8.000000e-01	1.600039e-06	3.193657e-06	0.000000e+00	-4.533690e-08	0.000000e+00	1.599994e-03	1.600039e-03	1.599994e-03	5.000000e-06	-5.000000e-06	-5.000000e-06	-1.599994e-03	3.984048e-16
1.526052412257352e-08	1.599994e-03	5.000000e-02	1.000000e-01	5.000000e-02	8.000000e-01	1.599948e-06	3.193568e-06	0.000000e+00	4.533597e-08	0.000000e+00	1.599994e-03	1.599948e-03	1.599994e-03	5.000000e-06	-5.000000e-06	-5.000000e-06	-1.599994e-03	3.984048e-16
1.528005537257352e-08	1.599994e-03	5.000000e-02	1.000000e-01	5.000000e-02	8.000000e-01	1.600039e-06	3.193657e-06	0.000000e+00	-4.533504e-08	0.000000e+00	1.599994e-03	1.600039e-03	1.599994e-03	5.000000e-06	-5.000000e-06	-5.000000e-06	-1.599994e-03	3.984048e-16
1.529958662257352e-08	1.599994e-03	5.000000e-02	1.000000e-01	5.000000e-02	8.000000e-01	1.599948e-06	3.193568e-06	0.000000e+00	4.533412e-08	0.000000e+00	1.599994e-03	1.599948e-03	1.599994e-03	5.000000e-06	-5.000000e-06	-5.000000e-06	-1.599994e-03	3.984048e-16
1.531911787257352e-08	1.599994e-03	5.000000e-02	1.000000e-01	5.000000e-02	8.000000e-01	1.600039e-06	3.193658e-06	0.000000e+00	-4.533319e-08	0.000000e+00	1.599994e-03	1.600039e-03	1.599994e-03	5.000000e-06	-5.000000e-06	-5.000000e-06	-1.599994e-03	3.984048e-16
1.533864912257352e-08	1.599994e-03	5.000000e-02	1.000000e-01	5.000000e-02	8.000000e-01	1.599948e-06	3.193568e-06	0.000000e+00	4.533226e-08	0.000000e+00	1.599994e-03	1.599948e-03	1.599994e-03	5.000000e-06	-5.000000e-06	-5.000000e-06	-1.599994e-03	3.984048e-16
1.535818037257352e-08	1.599994e-03	5.000000e-02	1.000000e-01	5.000000e-02	8.000000e-01	1.600039e-06	3.193658e-06	0.000000e+00	-4.533133e-08	0.000000e+00	1.599994e-03	1.600039e-03	1.599994e-03	5.000000e-06	-5.000000e-06	-5.000000e-06	-1.599994e-03	3.984048e-16
1.537771162257352e-08	1.599994e-03	5.000000e-02	1.000000e-01	5.000000e-02	8.000000e-01	1.599948e-06	3.193568e-06	0.000000e+00	4.533040e-08	0.000000e+00	1.599994e-03	1.599948e-03	1.599994e-03	5.000000e-06	-5.000000e-06	-5.000000e-06	-1.599994e-03	3.984048e-16
1.539724287257352e-08	1.599994e-03	5.000000e-02	1.000000e-01	5.000000e-02	8.000000e-01	1.600039e-06	3.193658e-06	0.000000e+00	-4.532947e-08	0.000000e+00	1.599994e-03	1.600039e-03	1.599994e-03	5.000000e-06	-5.000000e-06	-5.000000e-06	-1.599994e-03	3.984048e-16
1.541677412257352e-08	1.599994e-03	5.000000e-02	1.000000e-01	5.000000e-02	8.000000e-01	1.599948e-06	3.193568e-06	0.000000e+00	4.532854e-08	0.000000e+00	1.599994e-03	1.599948e-03	1.599994e-03	5.000000e-06	-5.000000e-06	-5.000000e-06	-1.599994e-03	3.984048e-16
1.543630537257352e-08	1.599994e-03	5.000000e-02	1.000000e-01	5.000000e-02	8.000000e-01	1.600039e-06	3.193658e-06	0.000000e+00	-4.532762e-08	0.000000e+00	1.599994e-03	1.600039e-03	1.599994e-03	5.000000e-06	-5.000000e-06	-5.000000e-06	-1.599994e-03	3.984048e-16
1.545583662257352e-08	1.599994e-03	5.000000e-02	1.000000e-01	5.000000e-02	8.000000e-01	1.599948e-06	3.193568e-06	0.000000e+00	4.532669e-08	0.000000e+00	1.599994e-03	1.599948e-03	1.599994e-03	5.000000e-06	-5.000000e-06	-5.000000e-06	-1.599994e-03	3.984048e-16
1.547536787257352e-08	1.599994e-03	5.000000e-02	1.000000e-01	5.000000e-02	8.000000e-01	1.600039e-06	3.193658e-06	0.000000e+00	-4.532576e-08	0.000000e+00	1.599994e-03	1.600039e-03	1.599994e-03	5.000000e-06	-5.000000e-06	-5.000000e-06	-1.599994e-03	3.984048e-16
1.549489912257352e-08	1.599994e-03	5.000000e-02	1.000000e-01	5.000000e-02	8.000000e-01	1.599948e-06	3.193567e-06	0.000000e+00	4.532483e-08	0.000000e+00	1.599994e-03	1.599948e-03	1.599994e-03	5.000000e-06	-5.000000e-06	-5.000000e-06	-1.599994e-03	3.984048e-16
1.551443037257352e-08	1.599994e-03	5.000000e-02	1.000000e-01	5.000000e-02	8.000000e-01	1.600039e-06	3.193658e-06	0.000000e+00	-4.532390e-08	0.000000e+00	1.599994e-03	1.600039e-03	1.599994e-03	5.000000e-06	-5.000000e-06	-5.000000e-06	-1.599994e-03	3.984048e-16
1.552000000000000e-08	1.599994e-03	5.000000e-02	1.000000e-01	5.000000e-02	8.000000e-01	1.599948e-06	3.193567e-06	0.000000e+00	4.532065e-08	0.000000e+00	1.599994e-03	1.599948e-03	1.599994e-03	5.000000e-06	-5.000000e-06	-5.000000e-06	-1.599994e-03	3.984048e-16
1.552027596932321e-08	1.577926e-03	5.000000e-02	1.000000e-01	5.000000e-02	7.889612e-01	1.577987e-06	-1.676720e-06	0.000000e+00	-6.123636e-08	0.000000e+00	1.577926e-03	1.577987e-03	1.577926e-03	5.000000e-06	-5.000000e-06	-5.000000e-06	-1.577926e-03	3.977362e-16
1.552048347118011e-08	1.561331e-03	5.000000e-02	1.000000e-01	5.000000e-02	7.806612e-01	1.561286e-06	-4.541584e-06	0.000000e+00	4.513936e-08	0.000000e+00	1.561331e-03	1.561286e-03	1.561331e-03	5.000000e-06	-5.000000e-06	-5.000000e-06	-1.561331e-03	3.964357e-16
1.552065921668974e-08	1.547276e-03	5.000000e-02	1.000000e-01	5.000000e-02	7.736313e-01	1.547337e-06	-6.544006e-06	0.000000e+00	-6.101400e-08	0.000000e+00	1.547276e-03	1.547337e-03	1.547276e-03	5.000000e-06	-5.000000e-06	-5.000000e-06	-1.547276e-03	3.949103e-16
1.552089236292936e-08	1.528628e-03	5.000000e-02	1.000000e-01	5.000000e-02	7.643055e-01	1.528583e-06	-8.719583e-06	0.000000e+00	4.492685e-08	0.000000e+00	1.528628e-03	1.528583e-03	1.528628e-03	5.000000e-06	-5.000000e-06	-5.000000e-06	-1.528628e-03	3.924053e-16
1.552111801776511e-08	1.510579e-03	5.000000e-02	1.000000e-01	5.000000e-02	7.552793e-01	1.510640e-06	-1.039709e-05	0.000000e+00	-6.083015e-08	0.000000e+00	1.510579e-03	1.510640e-03	1.510579e-03	5.000000e-06	-5.000000e-06	-5.000000e-06	-1.510579e-03	3.895526e-16
1.552138982493166e-08	1.488838e-03	5.000000e-02	1.000000e-01	5.000000e-02	7.444070e-01	1.488793e-06	-1.198361e-05	0.000000e+00	4.475479e-08	0.000000e+00	1.488838e-03	1.488793e-03	1.488838e-03	5.000000e-06	-5.000000e-06	-5.000000e-06	-1.488838e-03	3.856819e-16
1.552165432981547e-08	1.467680e-03	5.000000e-02	1.000000e-01	5.000000e-02	7.338268e-01	1.467741e-06	-1.317057e-05	0.000000e+00	-6.067327e-08	0.000000e+00	1.467680e-03	1.467741e-03	1.467680e-03	5.000000e-06	-5.000000e-06	-5.000000e-06	-1.467680e-03	3.815583e-16
1.552196910850044e-08	1.442500e-03	5.000000e-02	1.000000e-01	5.000000e-02	7.212356e-01	1.442455e-06	-1.424139e-05	0.000000e+00	4.460774e-08	0.000000e+00	1.442500e-03	1.442455e-03	1.442500e-03	5.000000e-06	-5.000000e-06	-5.000000e-06	-1.442500e-03	3.763088e-16
1.552228765886690e-08	1.417017e-03	5.000000e-02	1.000000e-01	5.000000e-02	7.084936e-01	1.417078e-06	-1.504189e-05	0.000000e+00	-6.054072e-08	0.000000e+00	1.417017e-03	1.417078e-03	1.417017e-03	5.000000e-06	-5.000000e-06	-5.000000e-06	-1.417017e-03	3.707133e-16
1.552266570854379e-08	1.386775e-03	5.000000e-02	1.000000e-01	5.000000e-02	6.933717e-01	1.386730e-06	-1.573074e-05	0.000000e+00	4.448589e-08	0.000000e+00	1.386775e-03	1.386730e-03	1.386775e-03	5.000000e-06	-5.000000e-06	-5.000000e-06	-1.386775e-03	3.638112e-16
1.552306143934097e-08	1.355117e-03	5.000000e-02	1.000000e-01	5.000000e-02	6.775424e-01	1.355178e-06	-1.623851e-05	0.000000e+00	-6.043235e-08	0.000000e+00	1.355117e-03	1.355178e-03	1.355117e-03	5.000000e-06	-5.000000e-06	-5.000000e-06	-1.355117e-03	3.563730e-16
1.552353375337319e-08	1.317333e-03	5.000000e-02	1.000000e-01	5.000000e-02	6.586499e-01	1.317289e-06	-1.665791e-05	0.000000e+00	4.438832e-08	0.000000e+00	1.317333e-03	1.317289e-03	1.317333e-03	5.000000e-06	-5.000000e-06	-5.000000e-06	-1.317333e-03	3.473085e-16
1.552404725883425e-08	1.276253e-03	5.000000e-02	1.000000e-01	5.000000e-02	6.381096e-01	1.276314e-06	-1.696663e-05	0.000000e+00	-6.034728e-08	0.000000e+00	1.276253e-03	1.276314e-03	1.276253e-03	5.000000e-06	-5.000000e-06	-5.000000e-06	-1.276253e-03	3.373063e-16
1.552467201910092e-08	1.226273e-03	5.000000e-02	1.000000e-01	5.000000e-02	6.131192e-01	1.226229e-06	-1.722247e-05	0.000000e+00	4.431395e-08	0.000000e+00	1.226273e-03	1.226229e-03	1.226273e-03	5.000000e-06	-5.000000e-06	-5.000000e-06	-1.226273e-03	3.250169e-16
1.552538476046743e-08	1.169254e-03	5.000000e-02	1.000000e-01	5.000000e-02	5.846096e-01	1.169314e-06	-1.742615e-05	0.000000e+00	-6.028448e-08	0.000000e+00	1.169254e-03	1.169314e-03	1.169254e-03	5.000000e-06	-5.000000e-06	-5.000000e-06	-1.169254e-03	3.109090e-16
1.552628734223050e-08	1.097048e-03	5.000000e-02	1.000000e-01	5.000000e-02	5.485063e-01	1.097004e-06	-1.762076e-05	0.000000e+00	4.426140e-08	0.000000e+00	1.097048e-03	1.097004e-03	1.097048e-03	5.000000e-06	-5.000000e-06	-5.000000e-06	-1.097048e-03	2.929797e-16
1.552739337405975e-08	1.008566e-03	5.000000e-02	1.000000e-01	5.000000e-02	5.042650e-01	1.008626e-06	-1.781899e-05	0.000000e+00	-6.024243e-08	0.000000e+00	1.008566e-03	1.008626e-03	1.008566e-03	5.000000e-06	-5.000000e-06	-5.000000e-06	-1.008566e-03	2.709690e-16
1.552891215896022e-08	8.870634e-04	5.000000e-02	1.000000e-01	5.000000e-02	4.435136e-01	8.870192e-07	-1.806915e-05	0.000000e+00	4.422874e-08	0.000000e+00	8.870634e-04	8.870192e-04	8.870634e-04	5.000000e-06	-5.000000e-06	-5.000000e-06	-8.870634e-04	2.407220e-16
1.553103021831817e-08	7.176194e-04	5.000000e-02	1.000000e-01	5.000000e-02	3.587913e-01	7.176796e-07	-1.840847e-05	0.000000e+00	-6.021882e-08	0.000000e+00	7.176194e-04	7.176796e-04	7.176194e-04	5.000000e-06	-5.000000e-06	-5.000000e-06	-7.176194e-04	1.985310e-16
1.553452978495372e-08	4.376551e-04	5.000000e-02	1.000000e-01	5.000000e-02	2.188086e-01	4.376109e-07	-1.896734e-05	0.000000e+00	4.421291e-08	0.000000e+00	4.376551e-04	4.376109e-04	4.376551e-04	5.000000e-06	-5.000000e-06	-5.000000e-06	-4.376551e-04	1.288187e-16
1.554000000000000e-08	3.968148e-08	5.000000e-02	1.000000e-01	5.000000e-02	0.000000e+00	9.989051e-11	-1.984074e-05	0.000000e+00	-6.020903e-08	0.000000e+00	3.968148e-08	9.989051e-08	3.968148e-08	5.000000e-06	-5.000000e-06	-5.000000e-06	-3.968148e-08	1.985076e-17
1.554020624450750e-08	-3.223915e-08	5.000000e-02	1.000000e-01	5.000000e-02	0.000000e+00	-2.784601e-11	-1.611957e-05	0.000000e+00	6.008516e-08	0.000000e+00	3.223915e-08	-2.784601e-08	3.223915e-08	5.000000e-06	-5.000000e-06	-5.000000e-06	-3.223915e-08	1.612760e-17
1.554042844632780e-08	2.577133e-08	5.000000e-02	1.000000e-01	5.000000e-02	0.000000e+00	8.575424e-11	-1.288566e-05	0.000000e+00	-5.998291e-08	0.000000e+00	2.577133e-08	8.575424e-08	2.577133e-08	5.000000e-06	-5.000000e-06	-5.000000e-06	-2.577133e-08	1.289219e-17
1.554061319895819e-08	2.139890e-08	5.000000e-02	1.000000e-01	5.000000e-02	0.000000e+00	-3.844955e-11	-1.069945e-05	0.000000e+00	5.984845e-08	0.000000e+00	2.139890e-08	-3.844955e-08	2.139890e-08	5.000000e-06	-5.000000e-06	-5.000000e-06	-2.139890e-08	1.070476e-17
1.554084653155411e-08	1.691328e-08	5.000000e-02	1.000000e-01	5.000000e-02	0.000000e+00	7.666306e-11	-8.456640e-06	0.000000e+00	-5.974979e-08	0.000000e+00	1.691328e-08	7.666306e-08	1.691328e-08	5.000000e-06	-5.000000e-06	-5.000000e-06	-1.691328e-08	8.460945e-18
1.554106594222897e-08	1.355886e-08	5.000000e-02	1.000000e-01	5.000000e-02	0.000000e+00	-4.607904e-11	-6.779430e-06	0.000000e+00	5.963791e-08	0.000000e+00	1.355886e-08	-4.607904e-08	1.355886e-08	5.000000e-06	-5.000000e-06	-5.000000e-06	-1.355886e-08	6.782774e-18
1.554133385772519e-08	1.034527e-08	5.000000e-02	1.000000e-01	5.000000e-02	0.000000e+00	6.989660e-11	-5.172635e-06	0.000000e+00	-5.955133e-08	0.000000e+00	1.034527e-08	6.989659e-08	1.034527e-08	5.000000e-06	-5.000000e-06	-5.000000e-06	-1.034527e-08	5.175291e-18
1.554159269014684e-08	7.967273e-09	5.000000e-02	1.000000e-01	5.000000e-02	0.000000e+00	-5.149026e-11	-3.983636e-06	0.000000e+00	5.945753e-08	0.000000e+00	7.967273e-09	-5.149026e-08	7.967273e-09	5.000000e-06	-5.000000e-06	-5.000000e-06	-7.967273e-09	3.985577e-18
1.554190301252550e-08	5.820258e-09	5.000000e-02	1.000000e-01	5.000000e-02	0.000000e+00	6.520258e-11	-2.910129e-06	0.000000e+00	-5.938232e-08	0.000000e+00	5.820258e-09	6.520258e-08	5.820258e-09	5.000000e-06	-5.000000e-06	-5.000000e-06	-5.820258e-09	2.911649e-18
1.554221411432519e-08	4.248767e-09	5.000000e-02	1.000000e-01	5.000000e-02	0.000000e+00	-5.505624e-11	-2.124383e-06	0.000000e+00	5.930501e-08	0.000000e+00	4.248767e-09	-5.505624e-08	4.248767e-09	5.000000e-06	-5.000000e-06	-5.000000e-06	-4.248767e-09	2.125391e-18
1.554258502324439e-08	2.915276e-09	5.000000e-02	1.000000e-01	5.000000e-02	0.000000e+00	6.215709e-11	-1.457638e-06	0.000000e+00	-5.924181e-08	0.000000e+00	2.915276e-09	6.215708e-08	2.915276e-09	5.000000e-06	-5.000000e-06	-5.000000e-06	-2.915276e-09	1.458429e-18
1.554297018495363e-08	1.971181e-09	5.000000e-02	1.000000e-01	5.000000e-02	0.000000e+00	-5.720864e-11	-9.855903e-07	0.000000e+00	5.917983e-08	0.000000e+00	1.971181e-09	-5.720864e-08	1.971181e-09	5.000000e-06	-5.000000e-06	-5.000000e-06	-1.971181e-09	9.860260e-19
1.554343110283698e-08	1.230504e-09	5.000000e-02	1.000000e-01	5.000000e-02	0.000000e+00	6.035931e-11	-6.152522e-07	0.000000e+00	-5.912881e-08	0.000000e+00	1.230504e-09	6.035932e-08	1.230504e-09	5.000000e-06	-5.000000e-06	-5.000000e-06	-1.230504e-09	6.156202e-19
1.554392833455506e-08	7.393016e-10	5.000000e-02	1.000000e-01	5.000000e-02	0.000000e+00	-5.834176e-11	-3.696508e-07	0.000000e+00	5.908107e-08	0.000000e+00	7.393016e-10	-5.834177e-08	7.393016e-10	5.000000e-06	-5.000000e-06	-5.000000e-06	-7.393016e-10	3.697773e-19
1.554453340056450e-08	3.947704e-10	5.000000e-02	1.000000e-01	5.000000e-02	0.000000e+00	5.943691e-11	-1.973852e-07	0.000000e+00	-5.904214e-08	0.000000e+00	3.947704e-10	5.943691e-08	3.947704e-10	5.000000e-06	-5.000000e-06	-5.000000e-06	-3.947704e-10	1.975433e-19
1.554521772237716e-08	1.931417e-10	5.000000e-02	1.000000e-01	5.000000e-02	0.000000e+00	-5.881443e-11	-9.657085e-08	0.000000e+00	5.900758e-08	0.000000e+00	1.931417e-10	-5.881443e-08	1.931417e-10	5.000000e-06	-5.000000e-06	-5.000000e-06	-1.931417e-10	9.656032e-20
1.554608148539236e-08	7.618256e-11	5.000000e-02	1.000000e-01	5.000000e-02	0.000000e+00	5.905647e-11	-3.809128e-08	0.000000e+00	-5.898028e-08	0.000000e+00	7.618256e-11	5.905646e-08	7.618256e-11	5.000000e-06	-5.000000e-06	-5.000000e-06	-7.618256e-11	3.816938e-20
1.554712763321007e-08	2.388982e-11	5.000000e-02	1.000000e-01	5.000000e-02	0.000000e+00	-5.893384e-11	-1.194491e-08	0.000000e+00	5.895773e-08	0.000000e+00	2.388982e-11	-5.893384e-08	2.388982e-11	5.000000e-06	-5.000000e-06	-5.000000e-06	-2.388982e-11	1.189195e-20
1.554855013940450e-08	3.852959e-12	5.000000e-02	1.000000e-01	5.000000e-02	0.000000e+00	5.894501e-11	-1.926480e-09	0.000000e+00	-5.894115e-08	0.000000e+00	3.852959e-12	5.894501e-08	3.852959e-12	5.000000e-06	-5.000000e-06	-5.000000e-06	-3.852959e-12	1.986388e-21
1.555049337648309e-08	1.680224e-13	5.000000e-02	1.000000e-01	5.000000e-02	0.000000e+00	-5.892885e-11	-8.401119e-11	0.000000e+00	5.892902e-08	0.000000e+00	1.680224e-13	-5.892885e-08	1.680224e-13	5.000000e-06	-5.000000e-06	-5.000000e-06	-1.680224e-13	2.512434e-23
1.555361686748735e-08	-1.288804e-13	5.000000e-02	1.000000e-01	5.000000e-02	0.000000e+00	5.892135e-11	6.444022e-11	0.000000e+00	-5.892148e-08	0.000000e+00	-1.288804e-13	5.892135e-08	-1.288804e-13	5.000000e-06	-5.000000e-06	-5.000000e-06	1.288804e-13	-5.551089e-24
1.555924914754535e-08	-1.230714e-13	5.000000e-02	1.000000e-01	5.000000e-02	0.000000e+00	-5.891717e-11	-6.153571e-11	0.000000e+00	5.891729e-08	0.000000e+00	1.230714e-13	-5.891717e-08	1.230714e-13	5.000000e-06	-5.000000e-06	-5.000000e-06	-1.230714e-13	2.649314e-24
1.557051370766135e-08	-1.214749e-13	5.000000e-02	1.000000e-01	5.000000e-02	0.000000e+00	5.891507e-11	6.073747e-11	0.000000e+00	-5.891520e-08	0.000000e+00	-1.214749e-13	5.891508e-08	-1.214749e-13	5.000000e-06	-5.000000e-06	-5.000000e-06	1.214749e-13	-1.852766e-24
1.559004495766135e-08	-1.207867e-13	5.000000e-02	1.000000e-01	5.000000e-02	0.000000e+00	-5.891387e-11	-6.039333e-11	0.000000e+00	5.891399e-08	0.000000e+00	1.207867e-13	-5.891387e-08	1.207867e-13	5.000000e-06	-5.000000e-06	-5.000000e-06	-1.207867e-13	1.509654e-24
1.560957620766135e-08	-1.202254e-13	5.000000e-02	1.000000e-01	5.000000e-02	0.000000e+00	5.891267e-11	6.011269e-11	0.000000e+00	-5.891279e-08	0.000000e+00	-1.202254e-13	5.891266e-08	-1.202254e-13	5.000000e-06	-5.000000e-06	-5.000000e-06	1.202254e-13	-1.230083e-24
1.562910745766135e-08	-1.197676e-13	5.000000e-02	1.000000e-01	5.000000e-02	0.000000e+00	-5.891146e-11	-5.988380e-11	0.000000e+00	5.891158e-08	0.000000e+00	1.197676e-13	-5.891146e-08	1.197676e-13	5.000000e-06	-5.000000e-06	-5.000000e-06	-1.197676e-13	1.002285e-24
1.564863870766135e-08	-1.193942e-13	5.000000e-02	1.000000e-01	5.000000e-02	0.000000e+00	5.891025e-11	5.969708e-11	0.000000e+00	-5.891037e-08	0.000000e+00	-1.193942e-13	5.891025e-08	-1.193942e-13	5.000000e-06	-5.000000e-06	-5.000000e-06	1.193942e-13	-8.166730e-25
1.566816995766135e-08	-1.190894e-13	5.000000e-02	1.000000e-01	5.000000e-02	0.000000e+00	-5.890904e-11	-5.954471e-11	0.000000e+00	5.890917e-08	0.000000e+00	1.190894e-13	-5.890905e-08	1.190894e-13	5.000000e-06	-5.000000e-06	-5.000000e-06	-1.190894e-13	6.654341e-25
1.568770120766135e-08	-1.188407e-13	5.000000e-02	1.000000e-01	5.000000e-02	0.000000e+00	5.890784e-11	5.942034e-11	0.000000e+00	-5.890796e-08	0.000000e+00	-1.188407e-13	5.890784e-08	-1.188407e-13	5.000000e-06	-5.000000e-06	-5.000000e-06	1.188407e-13	-5.422028e-25
1.570723245766135e-08	-1.186375e-13	5.000000e-02	1.000000e-01	5.000000e-02	0.000000e+00	-5.890664e-11	-5.931877e-11	0.000000e+00	5.890675e-08	0.000000e+00	1.186375e-13	-5.890664e-08	1.186375e-13	5.000000e-06	-5.000000e-06	-5.000000e-06	-1.186375e-13	4.417925e-25
1.572676370766135e-08	-1.184716e-13	5.000000e-02	1.000000e-01	5.000000e-02	0.000000e+00	5.890543e-11	5.923579e-11	0.000000e+00	-5.890555e-08	0.000000e+00	-1.184716e-13	5.890543e-08	-1.184716e-13	5.000000e-06	-5.000000e-06	-5.000000e-06	1.184716e-13	-3.599771e-25
1.574629495766134e-08	-1.183359e-13	5.000000e-02	1.000000e-01	5.000000e-02	0.000000e+00	-5.890422e-11	-5.916795e-11	0.000000e+00	5.890434e-08	0.000000e+00	1.183359e-13	-5.890422e-08	1.183359e-13	5.000000e-06	-5.000000e-06	-5.000000e-06	-1.183359e-13	2.933129e-25
1.576582620766134e-08	-1.182249e-13	5.000000e-02	1.000000e-01	5.000000e-02	0.000000e+00	5.890301e-11	5.911245e-11	0.000000e+00	-5.890313e-08	0.000000e+00	-1.182249e-13	5.890302e-08	-1.182249e-13	5.000000e-06	-5.000000e-06	-5.000000e-06	1.182249e-13	-2.389942e-25
1.578535745766134e-08	-1.181340e-13	5.000000e-02	1.000000e-01	5.000000e-02	0.000000e+00	-5.890181e-11	-5.906701e-11	0.000000e+00	5.890193e-08	0.000000e+00	1.181340e-13	-5.890181e-08	1.181340e-13	5.000000e-06	-5.000000e-06	-5.000000e-06	-1.181340e-13	1.947347e-25
1.580488870766134e-08	-1.180595e-13	5.000000e-02	1.000000e-01	5.000000e-02	0.000000e+00	5.890061e-11	5.902976e-11	0.000000e+00	-5.890072e-08	0.000000e+00	-1.180595e-13	5.890060e-08	-1.180595e-13	5.000000e-06	-5.000000e-06	-5.000000e-06	1.180595e-13	-1.586715e-25
1.582441995766134e-08	-1.179984e-13	5.000000e-02	1.000000e-01	5.000000e-02	0.000000e+00	-5.889940e-11	-5.899919e-11	0.000000e+00	5.889952e-08	0.000000e+00	1.179984e-13	-5.889940e-08	1.179984e-13	5.000000e-06	-5.000000e-06	-5.000000e-06	-1.179984e-13	1.292868e-25
1.584395120766134e-08	-1.179481e-13	5.000000e-02	1.000000e-01	5.000000e-02	0.000000e+00	5.889819e-11	5.897405e-11	0.000000e+00	-5.889831e-08	0.000000e+00	-1.179481e-13	5.889819e-08	-1.179481e-13	5.000000e-06	-5.000000e-06	-5.000000e-06	1.179481e-13	-1.053439e-25
1.586348245766134e-08	-1.179067e-13	5.000000e-02	1.000000e-01	5.000000e-02	0.000000e+00	-5.889698e-11	-5.895334e-11	0.000000e+00	5.889710e-08	0.000000e+00	1.179067e-13	-5.889698e-08	1.179067e-13	5.000000e-06	-5.000000e-06	-5.000000e-06	-1.179067e-13	8.583484e-26
1.588301370766134e-08	-1.178725e-13	5.000000e-02	1.000000e-01	5.000000e-02	0.000000e+00	5.889578e-11	5.893625e-11	0.000000e+00	-5.889590e-08	0.000000e+00	-1.178725e-13	5.889578e-08	-1.178725e-13	5.000000e-06	-5.000000e-06	-5.000000e-06	1.178725e-13	-6.993867e-26
1.590254495766134e-08	-1.178442e-13	5.000000e-02	1.000000e-01	5.000000e-02	0.000000e+00	-5.889457e-11	-5.892210e-11	0.000000e+00	5.889469e-08	0.000000e+00	1.178442e-13	-5.889457e-08	1.178442e-13	5.000000e-06	-5.000000e-06	-5.000000e-06	-1.178442e-13	5.698629e-26
1.592207620766134e-08	-1.178207e-13	5.000000e-02	1.000000e-01	5.000000e-02	0.000000e+00	5.889337e-11	5.891034e-11	0.000000e+00	-5.889348e-08	0.000000e+00	-1.178207e-13	5.889337e-08	-1.178207e-13	5.000000e-06	-5.000000e-06	-5.000000e-06	1.178207e-13	-4.643254e-26
1.594160745766134e-08	-1.178011e-13	5.000000e-02	1.000000e-01	5.000000e-02	0.000000e+00	-5.889216e-11	-5.890054e-11	0.000000e+00	5.889228e-08	0.000000e+00	1.178011e-13	-5.889216e-08	1.178011e-13	5.000000e-06	-5.000000e-06	-5.000000e-06	-1.178011e-13	3.783322e-26
1.596113870766134e-08	-1.177847e-13	5.000000e-02	1.000000e-01	5.000000e-02	0.000000e+00	5.889095e-11	5.889234e-11	0.000000e+00	-5.889107e-08	0.000000e+00	-1.177847e-13	5.889095e-08	-1.177847e-13	5.000000e-06	-5.000000e-06	-5.000000e-06	1.177847e-13	-3.082640e-26
1.598066995766134e-08	-1.177709e-13	5.000000e-02	1.000000e-01	5.000000e-02	0.000000e+00	-5.888975e-11	-5.888542e-11	0.000000e+00	5.888987e-08	0.000000e+00	1.177709e-13	-5.888975e-08	1.177709e-13	5.000000e-06	-5.000000e-06	-5.000000e-06	-1.177709e-13	2.511716e-26
1.600000000000000e-08	-1.176836e-13	5.000000e-02	1.000000e-01	5.000000e-02	0.000000e+00	5.888853e-11	5.887951e-11	0.000000e+00	-5.888865e-08	0.000000e+00	-1.176836e-13	5.888853e-08	-1.176836e-13	5.000000e-06	-5.000000e-06	-5.000000e-06	1.176836e-13	-2.042203e-26
1.600039276237176e-08	3.140780e-05	5.000000e-02	1.000000e-01	5.000000e-02	1.571050e-02	3.133298e-08	6.595262e-06	0.000000e+00	7.481385e-08	0.000000e+00	3.140780e-05	3.133298e-05	3.140780e-05	5.000000e-06	-5.000000e-06	-5.000000e-06	-3.140780e-05	1.288020e-18
1.600072080176798e-08	5.764332e-05	5.000000e-02	1.000000e-01	5.000000e-02	2.883207e-02	5.770206e-08	1.040951e-05	0.000000e+00	-5.873708e-08	0.000000e+00	5.764332e-05	5.770206e-05	5.764332e-05	5.000000e-06	-5.000000e-06	-5.000000e-06	-5.764332e-05	4.059026e-18
1.600087840521299e-08	7.024875e-05	5.000000e-02	1.000000e-01	5.000000e-02	3.513621e-02	7.017419e-08	1.183372e-05	0.000000e+00	7.456430e-08	0.000000e+00	7.024875e-05	7.017419e-05	7.024875e-05	5.000000e-06	-5.000000e-06	-5.000000e-06	-7.024875e-05	5.798646e-18
1.600109667581592e-08	8.770711e-05	5.000000e-02	1.000000e-01	5.000000e-02	4.386703e-02	8.776556e-08	1.347709e-05	0.000000e+00	-5.844543e-08	0.000000e+00	8.770711e-05	8.776555e-05	8.770711e-05	5.000000e-06	-5.000000e-06	-5.000000e-06	-8.770711e-05	8.537454e-18
1.600133900971997e-08	1.070909e-04	5.000000e-02	1.000000e-01	5.000000e-02	5.356039e-02	1.070166e-07	1.493341e-05	0.000000e+00	7.433345e-08	0.000000e+00	1.070909e-04	1.070166e-04	1.070909e-04	5.000000e-06	-5.000000e-06	-5.000000e-06	-1.070909e-04	1.194634e-17
1.600163088975908e-08	1.304386e-04	5.000000e-02	1.000000e-01	5.000000e-02	6.523559e-02	1.304968e-07	1.628852e-05	0.000000e+00	-5.824446e-08	0.000000e+00	1.304386e-04	1.304968e-04	1.304386e-04	5.000000e-06	-5.000000e-06	-5.000000e-06	-1.304386e-04	1.645163e-17
1.600192076007155e-08	1.536262e-04	5.000000e-02	1.000000e-01	5.000000e-02	7.683040e-02	1.535521e-07	1.730292e-05	0.000000e+00	7.415171e-08	0.000000e+00	1.536262e-04	1.535520e-04	1.536262e-04	5.000000e-06	-5.000000e-06	-5.000000e-06	-1.536262e-04	2.125718e-17
1.600225876656491e-08	1.806650e-04	5.000000e-02	1.000000e-01	5.000000e-02	9.035067e-02	1.807230e-07	1.818195e-05	0.000000e+00	-5.807451e-08	0.000000e+00	1.806650e-04	1.807230e-04	1.806650e-04	5.000000e-06	-5.000000e-06	-5.000000e-06	-1.806650e-04	2.716501e-17
1.600260951232811e-08	2.087233e-04	5.000000e-02	1.000000e-01	5.000000e-02	1.043805e-01	2.086493e-07	1.884229e-05	0.000000e+00	7.399845e-08	0.000000e+00	2.087233e-04	2.086493e-04	2.087233e-04	5.000000e-06	-5.000000e-06	-5.000000e-06	-2.087233e-04	3.354718e-17
1.600302289191368e-08	2.417926e-04	5.000000e-02	1.000000e-01	5.000000e-02	1.209157e-01	2.418505e-07	1.939462e-05	0.000000e+00	-5.793515e-08	0.000000e+00	2.417926e-04	2.418505e-04	2.417926e-04	5.000000e-06	-5.000000e-06	-5.000000e-06	-2.417926e-04	4.129537e-17
1.600346640307299e-08	2.772726e-04	5.000000e-02	1.000000e-01	5.000000e-02	1.386561e-01	2.771988e-07	1.980349e-05	0.000000e+00	7.387535e-08	0.000000e+00	2.772726e-04	2.771988e-04	2.772726e-04	5.000000e-06	-5.000000e-06	-5.000000e-06	-2.772726e-04	4.979187e-17
1.600399535261702e-08	3.195879e-04	5.000000e-02	1.000000e-01	5.000000e-02	1.598141e-01	3.196457e-07	2.013589e-05	0.000000e+00	-5.782580e-08	0.000000e+00	3.195879e-04	3.196458e-04	3.195879e-04	5.000000e-06	-5.000000e-06	-5.000000e-06	-3.195879e-04	6.008074e-17
1.600458565422805e-08	3.668116e-04	5.000000e-02	1.000000e-01	5.000000e-02	1.834262e-01	3.667378e-07	2.038675e-05	0.000000e+00	7.378104e-08	0.000000e+00	3.668116e-04	3.667378e-04	3.668116e-04	5.000000e-06	-5.000000e-06	-5.000000e-06	-3.668116e-04	7.168288e-17
1.600531013064701e-08	4.247692e-04	5.000000e-02	1.000000e-01	5.000000e-02	2.124052e-01	4.248270e-07	2.060185e-05	0.000000e+00	-5.774485e-08	0.000000e+00	4.247692e-04	4.248270e-04	4.247692e-04	5.000000e-06	-5.000000e-06	-5.000000e-06	-4.247692e-04	8.601529e-17
1.600616442955325e-08	4.931128e-04	5.000000e-02	1.000000e-01	5.000000e-02	2.465772e-01	4.930391e-07	2.079030e-05	0.000000e+00	7.371398e-08	0.000000e+00	4.931128e-04	4.930391e-04	4.931128e-04	5.000000e-06	-5.000000e-06	-5.000000e-06	-4.931128e-04	1.029809e-16
1.600727288540461e-08	5.817888e-04	5.000000e-02	1.000000e-01	5.000000e-02	2.909154e-01	5.818466e-07	2.099228e-05	0.000000e+00	-5.769035e-08	0.000000e+00	5.817888e-04	5.818465e-04	5.817888e-04	5.000000e-06	-5.000000e-06	-5.000000e-06	-5.817888e-04	1.250368e-16
1.600870269583559e-08	6.961732e-04	5.000000e-02	1.000000e-01	5.000000e-02	3.481078e-01	6.960996e-07	2.122874e-05	0.000000e+00	7.367191e-08	0.000000e+00	6.961732e-04	6.960995e-04	6.961732e-04	5.000000e-06	-5.000000e-06	-5.000000e-06	-6.961732e-04	1.535107e-16
1.601078413803141e-08	8.626879e-04	5.000000e-02	1.000000e-01	5.000000e-02	4.313655e-01	8.627456e-07	2.156291e-05	0.000000e+00	-5.765935e-08	0.000000e+00	8.626879e-04	8.627456e-04	8.626879e-04	5.000000e-06	-5.000000e-06	-5.000000e-06	-8.626879e-04	1.949718e-16
1.601400639789384e-08	1.120468e-03	5.000000e-02	1.000000e-01	5.000000e-02	5.602559e-01	1.120394e-06	2.207727e-05	0.000000e+00	7.365114e-08	0.000000e+00	1.120468e-03	1.120394e-03	1.120468e-03	5.000000e-06	-5.000000e-06	-5.000000e-06	-1.120468e-03	2.591601e-16
1.602000000000000e-08	1.599954e-03	5.000000e-02	1.000000e-01	5.000000e-02	8.000000e-01	1.600012e-06	2.303447e-05	0.000000e+00	-5.764682e-08	0.000000e+00	1.599954e-03	1.600012e-03	1.599954e-03	5.000000e-06	-5.000000e-06	-5.000000e-06	-1.599954e-03	3.785540e-16
1.602021139850438e-08	1.599962e-03	5.000000e-02	1.000000e-01	5.000000e-02	8.000000e-01	1.599904e-06	1.922899e-05	0.000000e+00	5.754504e-08	0.000000e+00	1.599962e-03	1.599904e-03	1.599962e-03	5.000000e-06	-5.000000e-06	-5.000000e-06	-1.599962e-03	3.823613e-16
1.602044083277208e-08	1.599968e-03	5.000000e-02	1.000000e-01	5.000000e-02	8.000000e-01	1.600026e-06	1.591829e-05	0.000000e+00	-5.743903e-08	0.000000e+00	1.599968e-03	1.600026e-03	1.599968e-03	5.000000e-06	-5.000000e-06	-5.000000e-06	-1.599968e-03	3.856738e-16
1.602062390986996e-08	1.599972e-03	5.000000e-02	1.000000e-01	5.000000e-02	8.000000e-01	1.599915e-06	1.377711e-05	0.000000e+00	5.731835e-08	0.000000e+00	1.599972e-03	1.599915e-03	1.599972e-03	5.000000e-06	-5.000000e-06	-5.000000e-06	-1.599972e-03	3.878159e-16
1.602085987054202e-08	1.599977e-03	5.000000e-02	1.000000e-01	5.000000e-02	8.000000e-01	1.600034e-06	1.153647e-05	0.000000e+00	-5.721747e-08	0.000000e+00	1.599977e-03	1.600034e-03	1.599977e-03	5.000000e-06	-5.000000e-06	-5.000000e-06	-1.599977e-03	3.900578e-16
1.602107807624642e-08	1.599980e-03	5.000000e-02	1.000000e-01	5.000000e-02	8.000000e-01	1.599923e-06	9.889808e-06	0.000000e+00	5.711570e-08	0.000000e+00	1.599980e-03	1.599923e-03	1.599980e-03	5.000000e-06	-5.000000e-06	-5.000000e-06	-1.599980e-03	3.917052e-16
1.602134932243192e-08	1.599983e-03	5.000000e-02	1.000000e-01	5.000000e-02	8.000000e-01	1.600040e-06	8.285579e-06	0.000000e+00	-5.702917e-08	0.000000e+00	1.599983e-03	1.600040e-03	1.599983e-03	5.000000e-06	-5.000000e-06	-5.000000e-06	-1.599983e-03	3.933103e-16
1.602160755952931e-08	1.599986e-03	5.000000e-02	1.000000e-01	5.000000e-02	8.000000e-01	1.599929e-06	7.117303e-06	0.000000e+00	5.694271e-08	0.000000e+00	1.599986e-03	1.599929e-03	1.599986e-03	5.000000e-06	-5.000000e-06	-5.000000e-06	-1.599986e-03	3.944791e-16
1.602192136860038e-08	1.599988e-03	5.000000e-02	1.000000e-01	5.000000e-02	8.000000e-01	1.600045e-06	6.049886e-06	0.000000e+00	-5.686881e-08	0.000000e+00	1.599988e-03	1.600045e-03	1.599988e-03	5.000000e-06	-5.000000e-06	-5.000000e-06	-1.599988e-03	3.955471e-16
1.602223240322095e-08	1.599989e-03	5.000000e-02	1.000000e-01	5.000000e-02	8.000000e-01	1.599933e-06	5.278627e-06	0.000000e+00	5.679671e-08	0.000000e+00	1.599989e-03	1.599933e-03	1.599989e-03	5.000000e-06	-5.000000e-06	-5.000000e-06	-1.599989e-03	3.963187e-16
1.602260732882501e-08	1.599991e-03	5.000000e-02	1.000000e-01	5.000000e-02	8.000000e-01	1.600048e-06	4.618467e-06	0.000000e+00	-5.673545e-08	0.000000e+00	1.599991e-03	1.600047e-03	1.599991e-03	5.000000e-06	-5.000000e-06	-5.000000e-06	-1.599991e-03	3.969793e-16
1.602299327219761e-08	1.599992e-03	5.000000e-02	1.000000e-01	5.000000e-02	8.000000e-01	1.599935e-06	4.156060e-06	0.000000e+00	5.667716e-08	0.000000e+00	1.599992e-03	1.599935e-03	1.599992e-03	5.000000e-06	-5.000000e-06	-5.000000e-06	-1.599992e-03	3.974418e-16
1.602345930861484e-08	1.599992e-03	5.000000e-02	1.000000e-01	5.000000e-02	8.000000e-01	1.600049e-06	3.791349e-06	0.000000e+00	-5.662822e-08	0.000000e+00	1.599992e-03	1.600049e-03	1.599992e-03	5.000000e-06	-5.000000e-06	-5.000000e-06	-1.599992e-03	3.978068e-16
1.602395876056647e-08	1.599993e-03	5.000000e-02	1.000000e-01	5.000000e-02	8.000000e-01	1.599936e-06	3.551705e-06	0.000000e+00	5.658308e-08	0.000000e+00	1.599993e-03	1.599936e-03	1.599993e-03	5.000000e-06	-5.000000e-06	-5.000000e-06	-1.599993e-03	3.980465e-16
1.602457122505465e-08	1.599993e-03	5.000000e-02	1.000000e-01	5.000000e-02	8.000000e-01	1.600050e-06	3.383440e-06	0.000000e+00	-5.654602e-08	0.000000e+00	1.599993e-03	1.600050e-03	1.599993e-03	5.000000e-06	-5.000000e-06	-5.000000e-06	-1.599993e-03	3.982149e-16
1.602526070457947e-08	1.599993e-03	5.000000e-02	1.000000e-01	5.000000e-02	8.000000e-01	1.599937e-06	3.285774e-06	0.000000e+00	5.651328e-08	0.000000e+00	1.599993e-03	1.599937e-03	1.599993e-03	5.000000e-06	-5.000000e-06	-5.000000e-06	-1.599993e-03	3.983125e-16
1.602613718651894e-08	1.599994e-03	5.000000e-02	1.000000e-01	5.000000e-02	8.000000e-01	1.600050e-06	3.229552e-06	0.000000e+00	-5.648747e-08	0.000000e+00	1.599994e-03	1.600050e-03	1.599994e-03	5.000000e-06	-5.000000e-06	-5.000000e-06	-1.599994e-03	3.983689e-16
1.602719602164047e-08	1.599994e-03	5.000000e-02	1.000000e-01	5.000000e-02	8.000000e-01	1.599937e-06	3.204540e-06	0.000000e+00	5.646615e-08	0.000000e+00	1.599994e-03	1.599937e-03	1.599994e-03	5.000000e-06	-5.000000e-06	-5.000000e-06	-1.599994e-03	3.983938e-16
1.602864695177395e-08	1.599994e-03	5.000000e-02	1.000000e-01	5.000000e-02	8.000000e-01	1.600050e-06	3.195398e-06	0.000000e+00	-5.645058e-08	0.000000e+00	1.599994e-03	1.600050e-03	1.599994e-03	5.000000e-06	-5.000000e-06	-5.000000e-06	-1.599994e-03	3.984031e-16
1.603063024916231e-08	1.599994e-03	5.000000e-02	1.000000e-01	5.000000e-02	8.000000e-01	1.599937e-06	3.193561e-06	0.000000e+00	5.643919e-08	0.000000e+00	1.599994e-03	1.599937e-03	1.599994e-03	5.000000e-06	-5.000000e-06	-5.000000e-06	-1.599994e-03	3.984048e-16
1.603385562154923e-08	1.599994e-03	5.000000e-02	1.000000e-01	5.000000e-02	8.000000e-01	1.600050e-06	3.193668e-06	0.000000e+00	-5.643220e-08	0.000000e+00	1.599994e-03	1.600050e-03	1.599994e-03	5.000000e-06	-5.000000e-06	-5.000000e-06	-1.599994e-03	3.984048e-16
1.603972545325596e-08	1.599994e-03	5.000000e-02	1.000000e-01	5.000000e-02	8.000000e-01	1.599937e-06	3.193557e-06	0.000000e+00	5.642835e-08	0.000000e+00	1.599994e-03	1.599937e-03	1.599994e-03	5.000000e-06	-5.000000e-06	-5.000000e-06	-1.599994e-03	3.984048e-16
1.605146511666940e-08	1.599994e-03	5.000000e-02	1.000000e-01	5.000000e-02	8.000000e-01	1.600050e-06	3.193669e-06	0.000000e+00	-5.642643e-08	0.000000e+00	1.599994e-03	1.600050e-03	1.599994e-03	5.000000e-06	-5.000000e-06	-5.000000e-06	-1.599994e-03	3.984048e-16
1.607099636666940e-08	1.599994e-03	5.000000e-02	1.000000e-01	5.000000e-02	8.000000e-01	1.599937e-06	3.193557e-06	0.000000e+00	5.642527e-08	0.000000e+00	1.599994e-03	1.599937e-03	1.599994e-03	5.000000e-06	-5.000000e-06	-5.000000e-06	-1.599994e-03	3.984048e-16
1.609052761666940e-08	1.599994e-03	5.000000e-02	1.000000e-01	5.000000e-02	8.000000e-01	1.600050e-06	3.193669e-06	0.000000e+00	-5.642412e-08	0.000000e+00	1.599994e-03	1.600050e-03	1.599994e-03	5.000000e-06	-5.000000e-06	-5.000000e-06	-1.599994e-03	3.984048e-16
1.611005886666940e-08	1.599994e-03	5.000000e-02	1.000000e-01	5.000000e-02	8.000000e-01	1.599937e-06	3.193556e-06	0.000000e+00	5.642296e-08	0.000000e+00	1.599994e-03	1.599937e-03	1.599994e-03	5.000000e-06	-5.000000e-06	-5.000000e-06	-1.599994e-03	3.984048e-16
1.612959011666940e-08	1.599994e-03	5.000000e-02	1.000000e-01	5.000000e-02	8.000000e-01	1.600050e-06	3.193669e-06	0.000000e+00	-5.642181e-08	0.000000e+00	1.599994e-03	1.600050e-03	1.599994e-03	5.000000e-06	-5.000000e-06	-5.000000e-06	-1.599994e-03	3.984048e-16
1.614912136666940e-08	1.599994e-03	5.000000e-02	1.000000e-01	5.000000e-02	8.000000e-01	1.599937e-06	3.193556e-06	0.000000e+00	5.642065e-08	0.000000e+00	1.599994e-03	1.599937e-03	1.599994e-03	5.000000e-06	-5.000000e-06	-5.000000e-06	-1.599994e-03	3.984048e-16
1.616865261666940e-08	1.599994e-03	5.000000e-02	1.000000e-01	5.000000e-02	8.000000e-01	1.600050e-06	3.193669e-06	0.000000e+00	-5.641949e-08	0.000000e+00	1.599994e-03	1.600050e-03	1.599994e-03	5.000000e-06	-5.000000e-06	-5.000000e-06	-1.599994e-03	3.984048e-16
1.618818386666940e-08	1.599994e-03	5.000000e-02	1.000000e-01	5.000000e-02	8.000000e-01	1.599937e-06	3.193556e-06	0.000000e+00	5.641834e-08	0.000000e+00	1.599994e-03	1.599937e-03	1.599994e-03	5.000000e-06	-5.000000e-06	-5.000000e-06	-1.599994e-03	3.984048e-16
1.620771511666940e-08	1.599994e-03	5.000000e-02	1.000000e-01	5.000000e-02	8.000000e-01	1.600050e-06	3.193669e-06	0.000000e+00	-5.641719e-08	0.000000e+00	1.599994e-03	1.600050e-03	1.599994e-03	5.000000e-06	-5.000000e-06	-5.000000e-06	-1.599994e-03	3.984048e-16
1.622724636666940e-08	1.599994e-03	5.000000e-02	1.000000e-01	5.000000e-02	8.000000e-01	1.599937e-06	3.193556e-06	0.000000e+00	5.641603e-08	0.000000e+00	1.599994e-03	1.599937e-03	1.599994e-03	5.000000e-06	-5.000000e-06	-5.000000e-06	-1.599994e-03	3.984048e-16
1.624677761666940e-08	1.599994e-03	5.000000e-02	1.000000e-01	5.000000e-02	8.000000e-01	1.600050e-06	3.193669e-06	0.000000e+00	-5.641487e-08	0.000000e+00	1.599994e-03	1.600050e-03	1.599994e-03	5.000000e-06	-5.000000e-06	-5.000000e-06	-1.599994e-03	3.984048e-16
1.626630886666940e-08	1.599994e-03	5.000000e-02	1.000000e-01	5.000000e-02	8.000000e-01	1.599937e-06	3.193556e-06	0.000000e+00	5.641372e-08	0.000000e+00	1.599994e-03	1.599937e-03	1.599994e-03	5.000000e-06	-5.000000e-06	-5.000000e-06	-1.599994e-03	3.984048e-16
1.628584011666940e-08	1.599994e-03	5.000000e-02	1.000000e-01	5.000000e-02	8.000000e-01	1.600050e-06	3.193669e-06	0.000000e+00	-5.641256e-08	0.000000e+00	1.599994e-03	1.600050e-03	1.599994e-03	5.000000e-06	-5.000000e-06	-5.000000e-06	-1.599994e-03	3.984048e-16
1.630537136666940e-08	1.599994e-03	5.000000e-02	1.000000e-01	5.000000e-02	8.000000e-01	1.599937e-06	3.193556e-06	0.000000e+00	5.641141e-08	0.000000e+00	1.599994e-03	1.599937e-03	1.599994e-03	5.000000e-06	-5.000000e-06	-5.000000e-06	-1.599994e-03	3.984048e-16
1.632490261666940e-08	1.599994e-03	5.000000e-02	1.000000e-01	5.000000e-02	8.000000e-01	1.600050e-06	3.193669e-06	0.000000e+00	-5.641025e-08	0.000000e+00	1.599994e-03	1.600050e-03	1.599994e-03	5.000000e-06	-5.000000e-06	-5.000000e-06	-1.599994e-03	3.984048e-16
1.634443386666940e-08	1.599994e-03	5.000000e-02	1.000000e-01	5.000000e-02	8.000000e-01	1.599937e-06	3.193556e-06	0.000000e+00	5.640910e-08	0.000000e+00	1.599994e-03	1.599937e-03	1.599994e-03	5.000000e-06	-5.000000e-06	-5.000000e-06	-1.599994e-03	3.984048e-16
1.636396511666940e-08	1.599994e-03	5.000000e-02	1.000000e-01	5.000000e-02	8.000000e-01	1.600050e-06	3.193669e-06	0.000000e+00	-5.640794e-08	0.000000e+00	1.599994e-03	1.600050e-03	1.599994e-03	5.000000e-06	-5.000000e-06	-5.000000e-06	-1.599994e-03	3.984048e-16
1.638349636666940e-08	1.599994e-03	5.000000e-02	1.000000e-01	5.000000e-02	8.000000e-01	1.599937e-06	3.193556e-06	0.000000e+00	5.640679e-08	0.000000e+00	1.599994e-03	1.599937e-03	1.599994e-03	5.000000e-06	-5.000000e-06	-5.000000e-06	-1.599994e-03	3.984048e-16
1.640302761666940e-08	1.599994e-03	5.000000e-02	1.000000e-01	5.000000e-02	8.000000e-01	1.600050e-06	3.193669e-06	0.000000e+00	-5.640563e-08	0.000000e+00	1.599994e-03	1.600050e-03	1.599994e-03	5.000000e-06	-5.000000e-06	-5.000000e-06	-1.599994e-03	3.984048e-16
1.642255886666940e-08	1.599994e-03	5.000000e-02	1.000000e-01	5.000000e-02	8.000000e-01	1.599937e-06	3.193556e-06	0.000000e+00	5.640448e-08	0.000000e+00	1.599994e-03	1.599937e-03	1.599994e-03	5.000000e-06	-5.000000e-06	-5.000000e-06	-1.599994e-03	3.984048e-16
1.644209011666940e-08	1.599994e-03	5.000000e-02	1.000000e-01	5.000000e-02	8.000000e-01	1.600050e-06	3.193669e-06	0.000000e+00	-5.640332e-08	0.000000e+00	1.599994e-03	1.600050e-03	1.599994e-03	5.000000e-06	-5.000000e-06	-5.000000e-06	-1.599994e-03	3.984048e-16
1.646162136666940e-08	1.599994e-03	5.000000e-02	1.000000e-01	5.000000e-02	8.000000e-01	1.599937e-06	3.193556e-06	0.000000e+00	5.640216e-08	0.000000e+00	1.599994e-03	1.599937e-03	1.599994e-03	5.000000e-06	-5.000000e-06	-5.000000e-06	-1.599994e-03	3.984048e-16
1.648115261666940e-08	1.599994e-03	5.000000e-02	1.000000e-01	5.000000e-02	8.000000e-01	1.600050e-06	3.193669e-06	0.000000e+00	-5.640101e-08	0.000000e+00	1.599994e-03	1.600050e-03	1.599994e-03	5.000000e-06	-5.000000e-06	-5.000000e-06	-1.599994e-03	3.984048e-16
1.650068386666940e-08	1.599994e-03	5.000000e-02	1.000000e-01	5.000000e-02	8.000000e-01	1.599937e-06	3.193556e-06	0.000000e+00	5.639986e-08	0.000000e+00	1.599994e-03	1.599937e-03	1.599994e-03	5.000000e-06	-5.000000e-06	-5.000000e-06	-1.599994e-03	3.984048e-16
1.652000000000000e-08	1.599994e-03	5.000000e-02	1.000000e-01	5.000000e-02	8.000000e-01	1.600050e-06	3.193669e-06	0.000000e+00	-5.639869e-08	0.000000e+00	1.599994e-03	1.600050e-03	1.599994e-03	5.000000e-06	-5.000000e-06	-5.000000e-06	-1.599994e-03	3.984048e-16
1.652039264530585e-08	1.568595e-03	5.000000e-02	1.000000e-01	5.000000e-02	7.842942e-01	1.568555e-06	-3.400119e-06	0.000000e+00	4.035612e-08	0.000000e+00	1.568595e-03	1.568555e-03	1.568595e-03	5.000000e-06	-5.000000e-06	-5.000000e-06	-1.568595e-03	3.971175e-16
1.652072059919055e-08	1.542366e-03	5.000000e-02	1.000000e-01	5.000000e-02	7.711760e-01	1.542423e-06	-7.213738e-06	0.000000e+00	-5.629253e-08	0.000000e+00	1.542366e-03	1.542423e-03	1.542366e-03	5.000000e-06	-5.000000e-06	-5.000000e-06	-1.542366e-03	3.943478e-16
1.652087821291031e-08	1.529760e-03	5.000000e-02	1.000000e-01	5.000000e-02	7.648715e-01	1.529720e-06	-8.638557e-06	0.000000e+00	4.017374e-08	0.000000e+00	1.529760e-03	1.529720e-03	1.529760e-03	5.000000e-06	-5.000000e-06	-5.000000e-06	-1.529760e-03	3.926083e-16
1.652109648052246e-08	1.512302e-03	5.000000e-02	1.000000e-01	5.000000e-02	7.561408e-01	1.512358e-06	-1.028200e-05	0.000000e+00	-5.608253e-08	0.000000e+00	1.512302e-03	1.512358e-03	1.512302e-03	5.000000e-06	-5.000000e-06	-5.000000e-06	-1.512302e-03	3.898699e-16
1.652133880339302e-08	1.492919e-03	5.000000e-02	1.000000e-01	5.000000e-02	7.464479e-01	1.492879e-06	-1.173878e-05	0.000000e+00	4.000562e-08	0.000000e+00	1.492919e-03	1.492879e-03	1.492919e-03	5.000000e-06	-5.000000e-06	-5.000000e-06	-1.492919e-03	3.864615e-16
1.652163065854044e-08	1.469573e-03	5.000000e-02	1.000000e-01	5.000000e-02	7.347736e-01	1.469629e-06	-1.309384e-05	0.000000e+00	-5.593802e-08	0.000000e+00	1.469573e-03	1.469629e-03	1.469573e-03	5.000000e-06	-5.000000e-06	-5.000000e-06	-1.469573e-03	3.819569e-16
1.652192051015606e-08	1.446387e-03	5.000000e-02	1.000000e-01	5.000000e-02	7.231796e-01	1.446347e-06	-1.410865e-05	0.000000e+00	3.987331e-08	0.000000e+00	1.446387e-03	1.446348e-03	1.446387e-03	5.000000e-06	-5.000000e-06	-5.000000e-06	-1.446387e-03	3.771518e-16
1.652225848740973e-08	1.419351e-03	5.000000e-02	1.000000e-01	5.000000e-02	7.096605e-01	1.419407e-06	-1.498760e-05	0.000000e+00	-5.581564e-08	0.000000e+00	1.419351e-03	1.419407e-03	1.419351e-03	5.000000e-06	-5.000000e-06	-5.000000e-06	-1.419351e-03	3.712447e-16
1.652260920639746e-08	1.391295e-03	5.000000e-02	1.000000e-01	5.000000e-02	6.956317e-01	1.391255e-06	-1.564829e-05	0.000000e+00	3.976189e-08	0.000000e+00	1.391295e-03	1.391255e-03	1.391295e-03	5.000000e-06	-5.000000e-06	-5.000000e-06	-1.391295e-03	3.648633e-16
1.652302254443508e-08	1.358229e-03	5.000000e-02	1.000000e-01	5.000000e-02	6.790982e-01	1.358285e-06	-1.620050e-05	0.000000e+00	-5.571516e-08	0.000000e+00	1.358229e-03	1.358285e-03	1.358229e-03	5.000000e-06	-5.000000e-06	-5.000000e-06	-1.358229e-03	3.571160e-16
1.652346601256502e-08	1.322752e-03	5.000000e-02	1.000000e-01	5.000000e-02	6.613595e-01	1.322713e-06	-1.660969e-05	0.000000e+00	3.967251e-08	0.000000e+00	1.322752e-03	1.322713e-03	1.322752e-03	5.000000e-06	-5.000000e-06	-5.000000e-06	-1.322752e-03	3.486204e-16
1.652399489787939e-08	1.280442e-03	5.000000e-02	1.000000e-01	5.000000e-02	6.402041e-01	1.280498e-06	-1.694192e-05	0.000000e+00	-5.563622e-08	0.000000e+00	1.280442e-03	1.280498e-03	1.280442e-03	5.000000e-06	-5.000000e-06	-5.000000e-06	-1.280442e-03	3.383329e-16
1.652458512540096e-08	1.233224e-03	5.000000e-02	1.000000e-01	5.000000e-02	6.165950e-01	1.233185e-06	-1.719306e-05	0.000000e+00	3.960412e-08	0.000000e+00	1.233224e-03	1.233185e-03	1.233224e-03	5.000000e-06	-5.000000e-06	-5.000000e-06	-1.233224e-03	3.267323e-16
1.652530948969174e-08	1.175276e-03	5.000000e-02	1.000000e-01	5.000000e-02	5.876204e-01	1.175331e-06	-1.740796e-05	0.000000e+00	-5.557772e-08	0.000000e+00	1.175276e-03	1.175331e-03	1.175276e-03	5.000000e-06	-5.000000e-06	-5.000000e-06	-1.175276e-03	3.124022e-16
1.652616364264664e-08	1.106944e-03	5.000000e-02	1.000000e-01	5.000000e-02	5.534543e-01	1.106904e-06	-1.759664e-05	0.000000e+00	3.955553e-08	0.000000e+00	1.106944e-03	1.106904e-03	1.106944e-03	5.000000e-06	-5.000000e-06	-5.000000e-06	-1.106944e-03	2.954395e-16
1.652727186217116e-08	1.018287e-03	5.000000e-02	1.000000e-01	5.000000e-02	5.091255e-01	1.018342e-06	-1.779838e-05	0.000000e+00	-5.553830e-08	0.000000e+00	1.018287e-03	1.018342e-03	1.018287e-03	5.000000e-06	-5.000000e-06	-5.000000e-06	-1.018287e-03	2.733884e-16
1.652870131079167e-08	9.039312e-04	5.000000e-02	1.000000e-01	5.000000e-02	4.519476e-01	9.038917e-07	-1.803502e-05	0.000000e+00	3.952506e-08	0.000000e+00	9.039312e-04	9.038917e-04	9.039312e-04	5.000000e-06	-5.000000e-06	-5.000000e-06	-9.039312e-04	2.449217e-16
1.653078206252875e-08	7.374717e-04	5.000000e-02	1.000000e-01	5.000000e-02	3.687175e-01	7.375273e-07	-1.836885e-05	0.000000e+00	-5.551586e-08	0.000000e+00	7.374717e-04	7.375273e-04	7.374717e-04	5.000000e-06	-5.000000e-06	-5.000000e-06	-7.374717e-04	2.034743e-16
1.653400291479254e-08	4.798046e-04	5.000000e-02	1.000000e-01	5.000000e-02	2.398834e-01	4.797650e-07	-1.888321e-05	0.000000e+00	3.951003e-08	0.000000e+00	4.798046e-04	4.797651e-04	4.798046e-04	5.000000e-06	-5.000000e-06	-5.000000e-06	-4.798046e-04	1.393141e-16
1.654000000000000e-08	3.968149e-08	5.000000e-02	1.000000e-01	5.000000e-02	0.000000e+00	9.518828e-11	-1.984075e-05	0.000000e+00	-5.550679e-08	0.000000e+00	3.968149e-08	9.518828e-08	3.968149e-08	5.000000e-06	-5.000000e-06	-5.000000e-06	-3.968149e-08	1.985076e-17
1.654021143481836e-08	-3.206980e-08	5.000000e-02	1.000000e-01	5.000000e-02	0.000000e+00	-2.332489e-11	-1.603490e-05	0.000000e+00	5.539469e-08	0.000000e+00	3.206980e-08	-2.332489e-08	3.206980e-08	5.000000e-06	-5.000000e-06	-5.000000e-06	-3.206980e-08	1.604290e-17
1.654044091507673e-08	2.544700e-08	5.000000e-02	1.000000e-01	5.000000e-02	0.000000e+00	8.075098e-11	-1.272350e-05	0.000000e+00	-5.530399e-08	0.000000e+00	2.544700e-08	8.075098e-08	2.544700e-08	5.000000e-06	-5.000000e-06	-5.000000e-06	-2.544700e-08	1.272994e-17
1.654062398113343e-08	2.116568e-08	5.000000e-02	1.000000e-01	5.000000e-02	0.000000e+00	-3.401292e-11	-1.058284e-05	0.000000e+00	5.517860e-08	0.000000e+00	2.116568e-08	-3.401292e-08	2.116568e-08	5.000000e-06	-5.000000e-06	-5.000000e-06	-2.116568e-08	1.058810e-17
1.654085995862463e-08	1.668399e-08	5.000000e-02	1.000000e-01	5.000000e-02	0.000000e+00	7.177294e-11	-8.341997e-06	0.000000e+00	-5.508895e-08	0.000000e+00	1.668399e-08	7.177294e-08	1.668399e-08	5.000000e-06	-5.000000e-06	-5.000000e-06	-1.668399e-08	8.346240e-18
1.654107815708725e-08	1.339151e-08	5.000000e-02	1.000000e-01	5.000000e-02	0.000000e+00	-4.159352e-11	-6.695757e-06	0.000000e+00	5.498504e-08	0.000000e+00	1.339151e-08	-4.159352e-08	1.339151e-08	5.000000e-06	-5.000000e-06	-5.000000e-06	-1.339151e-08	6.699064e-18
1.654134942487547e-08	1.018265e-08	5.000000e-02	1.000000e-01	5.000000e-02	0.000000e+00	6.508903e-11	-5.091324e-06	0.000000e+00	-5.490638e-08	0.000000e+00	1.018265e-08	6.508903e-08	1.018265e-08	5.000000e-06	-5.000000e-06	-5.000000e-06	-1.018265e-08	5.093935e-18
1.654160765859767e-08	7.846811e-09	5.000000e-02	1.000000e-01	5.000000e-02	0.000000e+00	-4.697278e-11	-3.923406e-06	0.000000e+00	5.481959e-08	0.000000e+00	7.846811e-09	-4.697278e-08	7.846811e-09	5.000000e-06	-5.000000e-06	-5.000000e-06	-7.846811e-09	3.925320e-18
1.654192149032431e-08	5.711613e-09	5.000000e-02	1.000000e-01	5.000000e-02	0.000000e+00	6.046274e-11	-2.855807e-06	0.000000e+00	-5.475112e-08	0.000000e+00	5.711613e-09	6.046274e-08	5.711613e-09	5.000000e-06	-5.000000e-06	-5.000000e-06	-5.711613e-09	2.857295e-18
1.654223252505706e-08	4.169733e-09	5.000000e-02	1.000000e-01	5.000000e-02	0.000000e+00	-5.051003e-11	-2.084866e-06	0.000000e+00	5.467977e-08	0.000000e+00	4.169733e-09	-5.051003e-08	4.169733e-09	5.000000e-06	-5.000000e-06	-5.000000e-06	-4.169733e-09	2.085858e-18
1.654260747690792e-08	2.849055e-09	5.000000e-02	1.000000e-01	5.000000e-02	0.000000e+00	5.747122e-11	-1.424527e-06	0.000000e+00	-5.462217e-08	0.000000e+00	2.849055e-09	5.747122e-08	2.849055e-09	5.000000e-06	-5.000000e-06	-5.000000e-06	-2.849055e-09	1.425297e-18
1.654299342603793e-08	1.924813e-09	5.000000e-02	1.000000e-01	5.000000e-02	0.000000e+00	-5.264029e-11	-9.624066e-07	0.000000e+00	5.456511e-08	0.000000e+00	1.924813e-09	-5.264030e-08	1.924813e-09	5.000000e-06	-5.000000e-06	-5.000000e-06	-1.924813e-09	9.628351e-19
1.654345949609201e-08	1.195020e-09	5.000000e-02	1.000000e-01	5.000000e-02	0.000000e+00	5.571363e-11	-5.975100e-07	0.000000e+00	-5.451861e-08	0.000000e+00	1.195020e-09	5.571363e-08	1.195020e-09	5.000000e-06	-5.000000e-06	-5.000000e-06	-1.195020e-09	5.978644e-19
1.654395896342494e-08	7.162569e-10	5.000000e-02	1.000000e-01	5.000000e-02	0.000000e+00	-5.375852e-11	-3.581285e-07	0.000000e+00	5.447477e-08	0.000000e+00	7.162569e-10	-5.375852e-08	7.162569e-10	5.000000e-06	-5.000000e-06	-5.000000e-06	-7.162569e-10	3.582538e-19
1.654457147682730e-08	3.793330e-10	5.000000e-02	1.000000e-01	5.000000e-02	0.000000e+00	5.481866e-11	-1.896665e-07	0.000000e+00	-5.443932e-08	0.000000e+00	3.793330e-10	5.481866e-08	3.793330e-10	5.000000e-06	-5.000000e-06	-5.000000e-06	-3.793330e-10	1.898162e-19
1.654526099147502e-08	1.844886e-10	5.000000e-02	1.000000e-01	5.000000e-02	0.000000e+00	-5.422321e-11	-9.224429e-08	0.000000e+00	5.440769e-08	0.000000e+00	1.844886e-10	-5.422321e-08	1.844886e-10	5.000000e-06	-5.000000e-06	-5.000000e-06	-1.844886e-10	9.223619e-20
1.654613755804746e-08	7.162703e-11	5.000000e-02	1.000000e-01	5.000000e-02	0.000000e+00	5.445452e-11	-3.581351e-08	0.000000e+00	-5.438290e-08	0.000000e+00	7.162703e-11	5.445452e-08	7.162703e-11	5.000000e-06	-5.000000e-06	-5.000000e-06	-7.162703e-11	3.588588e-20
1.654719647910453e-08	2.206469e-11	5.000000e-02	1.000000e-01	5.000000e-02	0.000000e+00	-5.434029e-11	-1.103234e-08	0.000000e+00	5.436235e-08	0.000000e+00	2.206469e-11	-5.434028e-08	2.206469e-11	5.000000e-06	-5.000000e-06	-5.000000e-06	-2.206469e-11	1.098352e-20
1.654864759981913e-08	3.345929e-12	5.000000e-02	1.000000e-01	5.000000e-02	0.000000e+00	5.435071e-11	-1.672965e-09	0.000000e+00	-5.434737e-08	0.000000e+00	3.345929e-12	5.435071e-08	3.345929e-12	5.000000e-06	-5.000000e-06	-5.000000e-06	-3.345929e-12	1.728152e-21
1.655063116900324e-08	1.168319e-13	5.000000e-02	1.000000e-01	5.000000e-02	0.000000e+00	-5.433629e-11	-5.841593e-11	0.000000e+00	5.433641e-08	0.000000e+00	1.168319e-13	-5.433629e-08	1.168319e-13	5.000000e-06	-5.000000e-06	-5.000000e-06	-1.168319e-13	4.108844e-24
1.655385723260262e-08	-1.105453e-13	5.000000e-02	1.000000e-01	5.000000e-02	0.000000e+00	5.432956e-11	5.527266e-11	0.000000e+00	-5.432967e-08	0.000000e+00	-1.105453e-13	5.432956e-08	-1.105453e-13	5.000000e-06	-5.000000e-06	-5.000000e-06	1.105453e-13	-9.707362e-25
1.655972869628594e-08	-1.095544e-13	5.000000e-02	1.000000e-01	5.000000e-02	0.000000e+00	-5.432586e-11	-5.477720e-11	0.000000e+00	5.432597e-08	0.000000e+00	1.095544e-13	-5.432586e-08	1.095544e-13	5.000000e-06	-5.000000e-06	-5.000000e-06	-1.095544e-13	4.787256e-25
1.657147162365258e-08	-1.092730e-13	5.000000e-02	1.000000e-01	5.000000e-02	0.000000e+00	5.432401e-11	5.463650e-11	0.000000e+00	-5.432412e-08	0.000000e+00	-1.092730e-13	5.432401e-08	-1.092730e-13	5.000000e-06	-5.000000e-06	-5.000000e-06	1.092730e-13	-3.398030e-25
1.659100287365258e-08	-1.091450e-13	5.000000e-02	1.000000e-01	5.000000e-02	0.000000e+00	-5.432290e-11	-5.457249e-11	0.000000e+00	5.432301e-08	0.000000e+00	1.091450e-13	-5.432290e-08	1.091450e-13	5.000000e-06	-5.000000e-06	-5.000000e-06	-1.091450e-13	2.768749e-25
1.661053412365258e-08	-1.090403e-13	5.000000e-02	1.000000e-01	5.000000e-02	0.000000e+00	5.432179e-11	5.452013e-11	0.000000e+00	-5.432190e-08	0.000000e+00	-1.090403e-13	5.432179e-08	-1.090403e-13	5.000000e-06	-5.000000e-06	-5.000000e-06	1.090403e-13	-2.256003e-25
1.663006537365258e-08	-1.089545e-13	5.000000e-02	1.000000e-01	5.000000e-02	0.000000e+00	-5.432068e-11	-5.447726e-11	0.000000e+00	5.432079e-08	0.000000e+00	1.089545e-13	-5.432068e-08	1.089545e-13	5.000000e-06	-5.000000e-06	-5.000000e-06	-1.089545e-13	1.838212e-25
1.664959662365258e-08	-1.088842e-13	5.000000e-02	1.000000e-01	5.000000e-02	0.000000e+00	5.431956e-11	5.444212e-11	0.000000e+00	-5.431967e-08	0.000000e+00	-1.088842e-13	5.431956e-08	-1.088842e-13	5.000000e-06	-5.000000e-06	-5.000000e-06	1.088842e-13	-1.497792e-25
1.666912787365258e-08	-1.088266e-13	5.000000e-02	1.000000e-01	5.000000e-02	0.000000e+00	-5.431845e-11	-5.441329e-11	0.000000e+00	5.431856e-08	0.000000e+00	1.088266e-13	-5.431845e-08	1.088266e-13	5.000000e-06	-5.000000e-06	-5.000000e-06	-1.088266e-13	1.220413e-25
1.668865912365258e-08	-1.087792e-13	5.000000e-02	1.000000e-01	5.000000e-02	0.000000e+00	5.431734e-11	5.438958e-11	0.000000e+00	-5.431745e-08	0.000000e+00	-1.087792e-13	5.431734e-08	-1.087792e-13	5.000000e-06	-5.000000e-06	-5.000000e-06	1.087792e-13	-9.944013e-26
1.670819037365258e-08	-1.087401e-13	5.000000e-02	1.000000e-01	5.000000e-02	0.000000e+00	-5.431623e-11	-5.437006e-11	0.000000e+00	5.431633e-08	0.000000e+00	1.087401e-13	-5.431623e-08	1.087401e-13	5.000000e-06	-5.000000e-06	-5.000000e-06	-1.087401e-13	8.102446e-26
1.672772162365258e-08	-1.087079e-13	5.000000e-02	1.000000e-01	5.000000e-02	0.000000e+00	5.431511e-11	5.435396e-11	0.000000e+00	-5.431522e-08	0.000000e+00	-1.087079e-13	5.431511e-08	-1.087079e-13	5.000000e-06	-5.000000e-06	-5.000000e-06	1.087079e-13	-6.601917e-26
1.674725287365258e-08	-1.086812e-13	5.000000e-02	1.000000e-01	5.000000e-02	0.000000e+00	-5.431400e-11	-5.434062e-11	0.000000e+00	5.431411e-08	0.000000e+00	1.086812e-13	-5.431400e-08	1.086812e-13	5.000000e-06	-5.000000e-06	-5.000000e-06	-1.086812e-13	5.379267e-26
1.676678412365258e-08	-1.086591e-13	5.000000e-02	1.000000e-01	5.000000e-02	0.000000e+00	5.431289e-11	5.432955e-11	0.000000e+00	-5.431300e-08	0.000000e+00	-1.086591e-13	5.431289e-08	-1.086591e-13	5.000000e-06	-5.000000e-06	-5.000000e-06	1.086591e-13	-4.383038e-26
1.678631537365258e-08	-1.086407e-13	5.000000e-02	1.000000e-01	5.000000e-02	0.000000e+00	-5.431178e-11	-5.432033e-11	0.000000e+00	5.431189e-08	0.000000e+00	1.086407e-13	-5.431178e-08	1.086407e-13	5.000000e-06	-5.000000e-06	-5.000000e-06	-1.086407e-13	3.571300e-26
1.680584662365258e-08	-1.086252e-13	5.000000e-02	1.000000e-01	5.000000e-02	0.000000e+00	5.431066e-11	5.431261e-11	0.000000e+00	-5.431077e-08	0.000000e+00	-1.086252e-13	5.431066e-08	-1.086252e-13	5.000000e-06	-5.000000e-06	-5.000000e-06	1.086252e-13	-2.909886e-26
1.682537787365258e-08	-1.086122e-13	5.000000e-02	1.000000e-01	5.000000e-02	0.000000e+00	-5.430955e-11	-5.430611e-11	0.000000e+00	5.430966e-08	0.000000e+00	1.086122e-13	-5.430955e-08	1.086122e-13	5.000000e-06	-5.000000e-06	-5.000000e-06	-1.086122e-13	2.370958e-26
1.684490912365258e-08	-1.086012e-13	5.000000e-02	1.000000e-01	5.000000e-02	0.000000e+00	5.430844e-11	5.430061e-11	0.000000e+00	-5.430855e-08	0.000000e+00	-1.086012e-13	5.430844e-08	-1.086012e-13	5.000000e-06	-5.000000e-06	-5.000000e-06	1.086012e-13	-1.931834e-26
1.686444037365258e-08	-1.085918e-13	5.000000e-02	1.000000e-01	5.000000e-02	0.000000e+00	-5.430733e-11	-5.429592e-11	0.000000e+00	5.430743e-08	0.000000e+00	1.085918e-13	-5.430733e-08	1.085918e-13	5.000000e-06	-5.000000e-06	-5.000000e-06	-1.085918e-13	1.574030e-26
1.688397162365258e-08	-1.085838e-13	5.000000e-02	1.000000e-01	5.000000e-02	0.000000e+00	5.430622e-11	5.429189e-11	0.000000e+00	-5.430632e-08	0.000000e+00	-1.085838e-13	5.430622e-08	-1.085838e-13	5.000000e-06	-5.000000e-06	-5.000000e-06	1.085838e-13	-1.282488e-26
1.690350287365258e-08	-1.085768e-13	5.000000e-02	1.000000e-01	5.000000e-02	0.000000e+00	-5.430510e-11	-5.428841e-11	0.000000e+00	5.430521e-08	0.000000e+00	1.085768e-13	-5.430510e-08	1.085768e-13	5.000000e-06	-5.000000e-06	-5.000000e-06	-1.085768e-13	1.044935e-26
1.692303412365258e-08	-1.085707e-13	5.000000e-02	1.000000e-01	5.000000e-02	0.000000e+00	5.430399e-11	5.428536e-11	0.000000e+00	-5.430410e-08	0.000000e+00	-1.085707e-13	5.430399e-08	-1.085707e-13	5.000000e-06	-5.000000e-06	-5.000000e-06	1.085707e-13	-8.513752e-27
1.694256537365258e-08	-1.085654e-13	5.000000e-02	1.000000e-01	5.000000e-02	0.000000e+00	-5.430288e-11	-5.428268e-11	0.000000e+00	5.430299e-08	0.000000e+00	1.085654e-13	-5.430288e-08	1.085654e-13	5.000000e-06	-5.000000e-06	-5.000000e-06	-1.085654e-13	6.936600e-27
1.696209662365258e-08	-1.085606e-13	5.000000e-02	1.000000e-01	5.000000e-02	0.000000e+00	5.430177e-11	5.428028e-11	0.000000e+00	-5.430187e-08	0.000000e+00	-1.085606e-13	5.430177e-08	-1.085606e-13	5.000000e-06	-5.000000e-06	-5.000000e-06	1.085606e-13	-5.651519e-27
1.698162787365258e-08	-1.085562e-13	5.000000e-02	1.000000e-01	5.000000e-02	0.000000e+00	-5.430065e-11	-5.427812e-11	0.000000e+00	5.430076e-08	0.000000e+00	1.085562e-13	-5.430066e-08	1.085562e-13	5.000000e-06	-5.000000e-06	-5.000000e-06	-1.085562e-13	4.604420e-27
1.700000000000000e-08	-1.085798e-13	5.000000e-02	1.000000e-01	5.000000e-02	0.000000e+00	5.429947e-11	5.427603e-11	0.000000e+00	-5.429958e-08	0.000000e+00	-1.085798e-13	5.429947e-08	-1.085798e-13	5.000000e-06	-5.000000e-06	-5.000000e-06	1.085798e-13	-3.704491e-27
1.700038469665599e-08	3.076277e-05	5.000000e-02	1.000000e-01	5.000000e-02	1.538787e-02	3.069254e-08	6.481531e-06	0.000000e+00	7.022810e-08	0.000000e+00	3.076277e-05	3.069254e-05	3.076277e-05	5.000000e-06	-5.000000e-06	-5.000000e-06	-3.076277e-05	1.239854e-18
1.700070674741950e-08	5.651926e-05	5.000000e-02	1.000000e-01	5.000000e-02	2.826990e-02	5.657342e-08	1.026697e-05	0.000000e+00	-5.415556e-08	0.000000e+00	5.651926e-05	5.657342e-05	5.651926e-05	5.000000e-06	-5.000000e-06	-5.000000e-06	-5.651926e-05	3.919413e-18
1.700086507846695e-08	6.918284e-05	5.000000e-02	1.000000e-01	5.000000e-02	3.460314e-02	6.911284e-08	1.171794e-05	0.000000e+00	6.999507e-08	0.000000e+00	6.918284e-05	6.911284e-05	6.918284e-05	5.000000e-06	-5.000000e-06	-5.000000e-06	-6.918284e-05	5.646882e-18
1.700108316704751e-08	8.662660e-05	5.000000e-02	1.000000e-01	5.000000e-02	4.332668e-02	8.668049e-08	1.338249e-05	0.000000e+00	-5.388452e-08	0.000000e+00	8.662660e-05	8.668048e-05	8.662660e-05	5.000000e-06	-5.000000e-06	-5.000000e-06	-8.662660e-05	8.360842e-18
1.700132473753580e-08	1.059493e-04	5.000000e-02	1.000000e-01	5.000000e-02	5.298950e-02	1.058795e-07	1.485470e-05	0.000000e+00	6.977969e-08	0.000000e+00	1.059493e-04	1.058795e-04	1.059493e-04	5.000000e-06	-5.000000e-06	-5.000000e-06	-1.059493e-04	1.173851e-17
1.700161490328887e-08	1.291598e-04	5.000000e-02	1.000000e-01	5.000000e-02	6.459613e-02	1.292135e-07	1.622225e-05	0.000000e+00	-5.369647e-08	0.000000e+00	1.291598e-04	1.292135e-04	1.291598e-04	5.000000e-06	-5.000000e-06	-5.000000e-06	-1.291598e-04	1.619692e-17
1.700190347878897e-08	1.522438e-04	5.000000e-02	1.000000e-01	5.000000e-02	7.613915e-02	1.521742e-07	1.724879e-05	0.000000e+00	6.960959e-08	0.000000e+00	1.522438e-04	1.521742e-04	1.522438e-04	5.000000e-06	-5.000000e-06	-5.000000e-06	-1.522438e-04	2.096433e-17
1.700223947439554e-08	1.791217e-04	5.000000e-02	1.000000e-01	5.000000e-02	8.957898e-02	1.791752e-07	1.813812e-05	0.000000e+00	-5.353735e-08	0.000000e+00	1.791217e-04	1.791752e-04	1.791217e-04	5.000000e-06	-5.000000e-06	-5.000000e-06	-1.791217e-04	2.682148e-17
1.700258837123011e-08	2.070321e-04	5.000000e-02	1.000000e-01	5.000000e-02	1.035348e-01	2.069626e-07	1.880760e-05	0.000000e+00	6.946607e-08	0.000000e+00	2.070321e-04	2.069626e-04	2.070321e-04	5.000000e-06	-5.000000e-06	-5.000000e-06	-2.070321e-04	3.315739e-17
1.700299889411432e-08	2.398728e-04	5.000000e-02	1.000000e-01	5.000000e-02	1.199558e-01	2.399262e-07	1.936737e-05	0.000000e+00	-5.340675e-08	0.000000e+00	2.398728e-04	2.399262e-04	2.398728e-04	5.000000e-06	-5.000000e-06	-5.000000e-06	-2.398728e-04	4.084075e-17
1.700343943936787e-08	2.751156e-04	5.000000e-02	1.000000e-01	5.000000e-02	1.375776e-01	2.750462e-07	1.978240e-05	0.000000e+00	6.935065e-08	0.000000e+00	2.751156e-04	2.750462e-04	2.751156e-04	5.000000e-06	-5.000000e-06	-5.000000e-06	-2.751156e-04	4.927154e-17
1.700396397604016e-08	3.170779e-04	5.000000e-02	1.000000e-01	5.000000e-02	1.585590e-01	3.171311e-07	2.011944e-05	0.000000e+00	-5.330414e-08	0.000000e+00	3.170779e-04	3.171311e-04	3.170779e-04	5.000000e-06	-5.000000e-06	-5.000000e-06	-3.170779e-04	5.946715e-17
1.700454918171103e-08	3.638938e-04	5.000000e-02	1.000000e-01	5.000000e-02	1.819673e-01	3.638245e-07	2.037364e-05	0.000000e+00	6.926208e-08	0.000000e+00	3.638938e-04	3.638245e-04	3.638938e-04	5.000000e-06	-5.000000e-06	-5.000000e-06	-3.638938e-04	7.096363e-17
1.700526596678901e-08	4.212362e-04	5.000000e-02	1.000000e-01	5.000000e-02	2.106387e-01	4.212894e-07	2.059059e-05	0.000000e+00	-5.322802e-08	0.000000e+00	4.212362e-04	4.212894e-04	4.212362e-04	5.000000e-06	-5.000000e-06	-5.000000e-06	-4.212362e-04	8.513974e-17
1.700611025553224e-08	4.887789e-04	5.000000e-02	1.000000e-01	5.000000e-02	2.444102e-01	4.887097e-07	2.077952e-05	0.000000e+00	6.919893e-08	0.000000e+00	4.887789e-04	4.887097e-04	4.887789e-04	5.000000e-06	-5.000000e-06	-5.000000e-06	-4.887789e-04	1.019039e-16
1.700720254935271e-08	5.761620e-04	5.000000e-02	1.000000e-01	5.000000e-02	2.881020e-01	5.762151e-07	2.098019e-05	0.000000e+00	-5.317660e-08	0.000000e+00	5.761620e-04	5.762152e-04	5.761620e-04	5.000000e-06	-5.000000e-06	-5.000000e-06	-5.761620e-04	1.236365e-16
1.700860765812463e-08	6.885702e-04	5.000000e-02	1.000000e-01	5.000000e-02	3.443063e-01	6.885011e-07	2.121334e-05	0.000000e+00	6.915911e-08	0.000000e+00	6.885702e-04	6.885011e-04	6.885702e-04	5.000000e-06	-5.000000e-06	-5.000000e-06	-6.885702e-04	1.516177e-16
1.701064216423708e-08	8.513301e-04	5.000000e-02	1.000000e-01	5.000000e-02	4.256866e-01	8.513832e-07	2.154022e-05	0.000000e+00	-5.314716e-08	0.000000e+00	8.513301e-04	8.513832e-04	8.513301e-04	5.000000e-06	-5.000000e-06	-5.000000e-06	-8.513301e-04	1.921437e-16
1.701376921099511e-08	1.101493e-03	5.000000e-02	1.000000e-01	5.000000e-02	5.507684e-01	1.101424e-06	2.203940e-05	0.000000e+00	6.913927e-08	0.000000e+00	1.101493e-03	1.101424e-03	1.101493e-03	5.000000e-06	-5.000000e-06	-5.000000e-06	-1.101493e-03	2.544352e-16
1.701978187194099e-08	1.582504e-03	5.000000e-02	1.000000e-01	5.000000e-02	7.912749e-01	1.582557e-06	2.299963e-05	0.000000e+00	-5.313527e-08	0.000000e+00	1.582504e-03	1.582557e-03	1.582504e-03	5.000000e-06	-5.000000e-06	-5.000000e-06	-1.582504e-03	3.742089e-16
1.702000000000000e-08	1.599954e-03	5.000000e-02	1.000000e-01	5.000000e-02	8.000000e-01	1.599885e-06	2.303434e-05	0.000000e+00	6.902320e-08	0.000000e+00	1.599954e-03	1.599885e-03	1.599954e-03	5.000000e-06	-5.000000e-06	-5.000000e-06	-1.599954e-03	3.785540e-16
1.702013982050427e-08	1.599959e-03	5.000000e-02	1.000000e-01	5.000000e-02	8.000000e-01	1.600028e-06	2.043312e-05	0.000000e+00	-6.881859e-08	0.000000e+00	1.599959e-03	1.600028e-03	1.599959e-03	5.000000e-06	-5.000000e-06	-5.000000e-06	-1.599959e-03	3.811567e-16
1.702024957917565e-08	1.599963e-03	5.000000e-02	1.000000e-01	5.000000e-02	8.000000e-01	1.599894e-06	1.863329e-05	0.000000e+00	6.857479e-08	0.000000e+00	1.599963e-03	1.599894e-03	1.599963e-03	5.000000e-06	-5.000000e-06	-5.000000e-06	-1.599963e-03	3.829573e-16
1.702038976532316e-08	1.599967e-03	5.000000e-02	1.000000e-01	5.000000e-02	8.000000e-01	1.600035e-06	1.660415e-05	0.000000e+00	-6.837362e-08	0.000000e+00	1.599967e-03	1.600035e-03	1.599967e-03	5.000000e-06	-5.000000e-06	-5.000000e-06	-1.599967e-03	3.849876e-16
1.702059161070442e-08	1.599972e-03	5.000000e-02	1.000000e-01	5.000000e-02	8.000000e-01	1.599903e-06	1.413750e-05	0.000000e+00	6.824314e-08	0.000000e+00	1.599972e-03	1.599903e-03	1.599972e-03	5.000000e-06	-5.000000e-06	-5.000000e-06	-1.599972e-03	3.874553e-16
1.702081342824812e-08	1.599976e-03	5.000000e-02	1.000000e-01	5.000000e-02	8.000000e-01	1.600044e-06	1.194555e-05	0.000000e+00	-6.811624e-08	0.000000e+00	1.599976e-03	1.600044e-03	1.599976e-03	5.000000e-06	-5.000000e-06	-5.000000e-06	-1.599976e-03	3.896485e-16
1.702105126612063e-08	1.599980e-03	5.000000e-02	1.000000e-01	5.000000e-02	8.000000e-01	1.599912e-06	1.007929e-05	0.000000e+00	6.800492e-08	0.000000e+00	1.599980e-03	1.599912e-03	1.599980e-03	5.000000e-06	-5.000000e-06	-5.000000e-06	-1.599980e-03	3.915156e-16
1.702129896633047e-08	1.599983e-03	5.000000e-02	1.000000e-01	5.000000e-02	8.000000e-01	1.600051e-06	8.557063e-06	0.000000e+00	-6.789273e-08	0.000000e+00	1.599983e-03	1.600051e-03	1.599983e-03	5.000000e-06	-5.000000e-06	-5.000000e-06	-1.599983e-03	3.930387e-16
1.702157062659740e-08	1.599985e-03	5.000000e-02	1.000000e-01	5.000000e-02	8.000000e-01	1.599918e-06	7.270198e-06	0.000000e+00	6.779473e-08	0.000000e+00	1.599985e-03	1.599918e-03	1.599985e-03	5.000000e-06	-5.000000e-06	-5.000000e-06	-1.599985e-03	3.943261e-16
1.702186195720904e-08	1.599988e-03	5.000000e-02	1.000000e-01	5.000000e-02	8.000000e-01	1.600055e-06	6.230518e-06	0.000000e+00	-6.770028e-08	0.000000e+00	1.599988e-03	1.600055e-03	1.599988e-03	5.000000e-06	-5.000000e-06	-5.000000e-06	-1.599988e-03	3.953664e-16
1.702218481678252e-08	1.599989e-03	5.000000e-02	1.000000e-01	5.000000e-02	8.000000e-01	1.599922e-06	5.383646e-06	0.000000e+00	6.761751e-08	0.000000e+00	1.599989e-03	1.599922e-03	1.599989e-03	5.000000e-06	-5.000000e-06	-5.000000e-06	-1.599989e-03	3.962136e-16
1.702253645525381e-08	1.599991e-03	5.000000e-02	1.000000e-01	5.000000e-02	8.000000e-01	1.600058e-06	4.726865e-06	0.000000e+00	-6.753989e-08	0.000000e+00	1.599991e-03	1.600058e-03	1.599991e-03	5.000000e-06	-5.000000e-06	-5.000000e-06	-1.599991e-03	3.968708e-16
1.702293129134094e-08	1.599992e-03	5.000000e-02	1.000000e-01	5.000000e-02	8.000000e-01	1.599924e-06	4.219701e-06	0.000000e+00	6.747202e-08	0.000000e+00	1.599992e-03	1.599924e-03	1.599992e-03	5.000000e-06	-5.000000e-06	-5.000000e-06	-1.599992e-03	3.973781e-16
1.702337088554043e-08	1.599992e-03	5.000000e-02	1.000000e-01	5.000000e-02	8.000000e-01	1.600060e-06	3.848966e-06	0.000000e+00	-6.741030e-08	0.000000e+00	1.599992e-03	1.600060e-03	1.599992e-03	5.000000e-06	-5.000000e-06	-5.000000e-06	-1.599992e-03	3.977492e-16
1.702387520767978e-08	1.599993e-03	5.000000e-02	1.000000e-01	5.000000e-02	8.000000e-01	1.599925e-06	3.584170e-06	0.000000e+00	6.735707e-08	0.000000e+00	1.599993e-03	1.599925e-03	1.599993e-03	5.000000e-06	-5.000000e-06	-5.000000e-06	-1.599993e-03	3.980140e-16
1.702445402739440e-08	1.599993e-03	5.000000e-02	1.000000e-01	5.000000e-02	8.000000e-01	1.600061e-06	3.408477e-06	0.000000e+00	-6.731042e-08	0.000000e+00	1.599993e-03	1.600060e-03	1.599993e-03	5.000000e-06	-5.000000e-06	-5.000000e-06	-1.599993e-03	3.981899e-16
1.702514086192824e-08	1.599993e-03	5.000000e-02	1.000000e-01	5.000000e-02	8.000000e-01	1.599926e-06	3.298240e-06	0.000000e+00	6.727129e-08	0.000000e+00	1.599993e-03	1.599926e-03	1.599993e-03	5.000000e-06	-5.000000e-06	-5.000000e-06	-1.599993e-03	3.983000e-16
1.702596643778050e-08	1.599994e-03	5.000000e-02	1.000000e-01	5.000000e-02	8.000000e-01	1.600061e-06	3.237044e-06	0.000000e+00	-6.723868e-08	0.000000e+00	1.599994e-03	1.600061e-03	1.599994e-03	5.000000e-06	-5.000000e-06	-5.000000e-06	-1.599994e-03	3.983614e-16
1.702700366593856e-08	1.599994e-03	5.000000e-02	1.000000e-01	5.000000e-02	8.000000e-01	1.599926e-06	3.207223e-06	0.000000e+00	6.721277e-08	0.000000e+00	1.599994e-03	1.599926e-03	1.599994e-03	5.000000e-06	-5.000000e-06	-5.000000e-06	-1.599994e-03	3.983911e-16
1.702835357823180e-08	1.599994e-03	5.000000e-02	1.000000e-01	5.000000e-02	8.000000e-01	1.600061e-06	3.196311e-06	0.000000e+00	-6.719285e-08	0.000000e+00	1.599994e-03	1.600061e-03	1.599994e-03	5.000000e-06	-5.000000e-06	-5.000000e-06	-1.599994e-03	3.984022e-16
1.703024525069586e-08	1.599994e-03	5.000000e-02	1.000000e-01	5.000000e-02	8.000000e-01	1.599926e-06	3.193614e-06	0.000000e+00	6.717865e-08	0.000000e+00	1.599994e-03	1.599926e-03	1.599994e-03	5.000000e-06	-5.000000e-06	-5.000000e-06	-1.599994e-03	3.984047e-16
1.703314450964445e-08	1.599994e-03	5.000000e-02	1.000000e-01	5.000000e-02	8.000000e-01	1.600061e-06	3.193667e-06	0.000000e+00	-6.716937e-08	0.000000e+00	1.599994e-03	1.600061e-03	1.599994e-03	5.000000e-06	-5.000000e-06	-5.000000e-06	-1.599994e-03	3.984048e-16
1.703841428713598e-08	1.599994e-03	5.000000e-02	1.000000e-01	5.000000e-02	8.000000e-01	1.599926e-06	3.193551e-06	0.000000e+00	6.716428e-08	0.000000e+00	1.599994e-03	1.599927e-03	1.599994e-03	5.000000e-06	-5.000000e-06	-5.000000e-06	-1.599994e-03	3.984048e-16
1.704895384211904e-08	1.599994e-03	5.000000e-02	1.000000e-01	5.000000e-02	8.000000e-01	1.600061e-06	3.193676e-06	0.000000e+00	-6.716173e-08	0.000000e+00	1.599994e-03	1.600061e-03	1.599994e-03	5.000000e-06	-5.000000e-06	-5.000000e-06	-1.599994e-03	3.984048e-16
1.706848509211904e-08	1.599994e-03	5.000000e-02	1.000000e-01	5.000000e-02	8.000000e-01	1.599926e-06	3.193549e-06	0.000000e+00	6.716035e-08	0.000000e+00	1.599994e-03	1.599927e-03	1.599994e-03	5.000000e-06	-5.000000e-06	-5.000000e-06	-1.599994e-03	3.984048e-16
1.708801634211904e-08	1.599994e-03	5.000000e-02	1.000000e-01	5.000000e-02	8.000000e-01	1.600061e-06	3.193677e-06	0.000000e+00	-6.715898e-08	0.000000e+00	1.599994e-03	1.600061e-03	1.599994e-03	5.000000e-06	-5.000000e-06	-5.000000e-06	-1.599994e-03	3.984048e-16
1.710754759211904e-08	1.599994e-03	5.000000e-02	1.000000e-01	5.000000e-02	8.000000e-01	1.599926e-06	3.193548e-06	0.000000e+00	6.715760e-08	0.000000e+00	1.599994e-03	1.599927e-03	1.599994e-03	5.000000e-06	-5.000000e-06	-5.000000e-06	-1.599994e-03	3.984048e-16
1.712707884211904e-08	1.599994e-03	5.000000e-02	1.000000e-01	5.000000e-02	8.000000e-01	1.600061e-06	3.193678e-06	0.000000e+00	-6.715623e-08	0.000000e+00	1.599994e-03	1.600061e-03	1.599994e-03	5.000000e-06	-5.000000e-06	-5.000000e-06	-1.599994e-03	3.984048e-16
1.714661009211904e-08	1.599994e-03	5.000000e-02	1.000000e-01	5.000000e-02	8.000000e-01	1.599926e-06	3.193547e-06	0.000000e+00	6.715485e-08	0.000000e+00	1.599994e-03	1.599927e-03	1.599994e-03	5.000000e-06	-5.000000e-06	-5.000000e-06	-1.599994e-03	3.984048e-16
1.716614134211904e-08	1.599994e-03	5.000000e-02	1.000000e-01	5.000000e-02	8.000000e-01	1.600061e-06	3.193679e-06	0.000000e+00	-6.715348e-08	0.000000e+00	1.599994e-03	1.600061e-03	1.599994e-03	5.000000e-06	-5.000000e-06	-5.000000e-06	-1.599994e-03	3.984048e-16
1.718567259211904e-08	1.599994e-03	5.000000e-02	1.000000e-01	5.000000e-02	8.000000e-01	1.599926e-06	3.193546e-06	0.000000e+00	6.715210e-08	0.000000e+00	1.599994e-03	1.599927e-03	1.599994e-03	5.000000e-06	-5.000000e-06	-5.000000e-06	-1.599994e-03	3.984048e-16
1.720520384211904e-08	1.599994e-03	5.000000e-02	1.000000e-01	5.000000e-02	8.000000e-01	1.600061e-06	3.193679e-06	0.000000e+00	-6.715072e-08	0.000000e+00	1.599994e-03	1.600061e-03	1.599994e-03	5.000000e-06	-5.000000e-06	-5.000000e-06	-1.599994e-03	3.984048e-16
1.722473509211904e-08	1.599994e-03	5.000000e-02	1.000000e-01	5.000000e-02	8.000000e-01	1.599926e-06	3.193546e-06	0.000000e+00	6.714935e-08	0.000000e+00	1.599994e-03	1.599927e-03	1.599994e-03	5.000000e-06	-5.000000e-06	-5.000000e-06	-1.599994e-03	3.984048e-16
1.724426634211904e-08	1.599994e-03	5.000000e-02	1.000000e-01	5.000000e-02	8.000000e-01	1.600061e-06	3.193679e-06	0.000000e+00	-6.714797e-08	0.000000e+00	1.599994e-03	1.600061e-03	1.599994e-03	5.000000e-06	-5.000000e-06	-5.000000e-06	-1.599994e-03	3.984048e-16
1.726379759211904e-08	1.599994e-03	5.000000e-02	1.000000e-01	5.000000e-02	8.000000e-01	1.599926e-06	3.193546e-06	0.000000e+00	6.714660e-08	0.000000e+00	1.599994e-03	1.599927e-03	1.599994e-03	5.000000e-06	-5.000000e-06	-5.000000e-06	-1.599994e-03	3.984048e-16
1.728332884211904e-08	1.599994e-03	5.000000e-02	1.000000e-01	5.000000e-02	8.000000e-01	1.600061e-06	3.193680e-06	0.000000e+00	-6.714522e-08	0.000000e+00	1.599994e-03	1.600061e-03	1.599994e-03	5.000000e-06	-5.000000e-06	-5.000000e-06	-1.599994e-03	3.984048e-16
1.730286009211904e-08	1.599994e-03	5.000000e-02	1.000000e-01	5.000000e-02	8.000000e-01	1.599926e-06	3.193546e-06	0.000000e+00	6.714385e-08	0.000000e+00	1.599994e-03	1.599927e-03	1.599994e-03	5.000000e-06	-5.000000e-06	-5.000000e-06	-1.599994e-03	3.984048e-16
1.732239134211904e-08	1.599994e-03	5.000000e-02	1.000000e-01	5.000000e-02	8.000000e-01	1.600061e-06	3.193680e-06	0.000000e+00	-6.714247e-08	0.000000e+00	1.599994e-03	1.600061e-03	1.599994e-03	5.000000e-06	-5.000000e-06	-5.000000e-06	-1.599994e-03	3.984048e-16
1.734192259211904e-08	1.599994e-03	5.000000e-02	1.000000e-01	5.000000e-02	8.000000e-01	1.599926e-06	3.193546e-06	0.000000e+00	6.714110e-08	0.000000e+00	1.599994e-03	1.599927e-03	1.599994e-03	5.000000e-06	-5.000000e-06	-5.000000e-06	-1.599994e-03	3.984048e-16
1.736145384211904e-08	1.599994e-03	5.000000e-02	1.000000e-01	5.000000e-02	8.000000e-01	1.600061e-06	3.193680e-06	0.000000e+00	-6.713972e-08	0.000000e+00	1.599994e-03	1.600061e-03	1.599994e-03	5.000000e-06	-5.000000e-06	-5.000000e-06	-1.599994e-03	3.984048e-16
1.738098509211904e-08	1.599994e-03	5.000000e-02	1.000000e-01	5.000000e-02	8.000000e-01	1.599926e-06	3.193546e-06	0.000000e+00	6.713835e-08	0.000000e+00	1.599994e-03	1.599927e-03	1.599994e-03	5.000000e-06	-5.000000e-06	-5.000000e-06	-1.599994e-03	3.984048e-16
1.740051634211904e-08	1.599994e-03	5.000000e-02	1.000000e-01	5.000000e-02	8.000000e-01	1.600061e-06	3.193680e-06	0.000000e+00	-6.713697e-08	0.000000e+00	1.599994e-03	1.600061e-03	1.599994e-03	5.000000e-06	-5.000000e-06	-5.000000e-06	-1.599994e-03	3.984048e-16
1.742004759211904e-08	1.599994e-03	5.000000e-02	1.000000e-01	5.000000e-02	8.000000e-01	1.599926e-06	3.193546e-06	0.000000e+00	6.713560e-08	0.000000e+00	1.599994e-03	1.599927e-03	1.599994e-03	5.000000e-06	-5.000000e-06	-5.000000e-06	-1.599994e-03	3.984048e-16
1.743957884211903e-08	1.599994e-03	5.000000e-02	1.000000e-01	5.000000e-02	8.000000e-01	1.600061e-06	3.193680e-06	0.000000e+00	-6.713422e-08	0.000000e+00	1.599994e-03	1.600061e-03	1.599994e-03	5.000000e-06	-5.000000e-06	-5.000000e-06	-1.599994e-03	3.984048e-16
1.745911009211903e-08	1.599994e-03	5.000000e-02	1.000000e-01	5.000000e-02	8.000000e-01	1.599926e-06	3.193546e-06	0.000000e+00	6.713285e-08	0.000000e+00	1.599994e-03	1.599927e-03	1.599994e-03	5.000000e-06	-5.000000e-06	-5.000000e-06	-1.599994e-03	3.984048e-16
1.747864134211903e-08	1.599994e-03	5.000000e-02	1.000000e-01	5.000000e-02	8.000000e-01	1.600061e-06	3.193680e-06	0.000000e+00	-6.713147e-08	0.000000e+00	1.599994e-03	1.600061e-03	1.599994e-03	5.000000e-06	-5.000000e-06	-5.000000e-06	-1.599994e-03	3.984048e-16
1.749817259211903e-08	1.599994e-03	5.000000e-02	1.000000e-01	5.000000e-02	8.000000e-01	1.599926e-06	3.193546e-06	0.000000e+00	6.713010e-08	0.000000e+00	1.599994e-03	1.599927e-03	1.599994e-03	5.000000e-06	-5.000000e-06	-5.000000e-06	-1.599994e-03	3.984048e-16
1.751770384211903e-08	1.599994e-03	5.000000e-02	1.000000e-01	5.000000e-02	8.000000e-01	1.600061e-06	3.193680e-06	0.000000e+00	-6.712872e-08	0.000000e+00	1.599994e-03	1.600061e-03	1.599994e-03	5.000000e-06	-5.000000e-06	-5.000000e-06	-1.599994e-03	3.984048e-16
1.752000000000000e-08	1.599994e-03	5.000000e-02	1.000000e-01	5.000000e-02	8.000000e-01	1.599926e-06	3.193546e-06	0.000000e+00	6.711704e-08	0.000000e+00	1.599994e-03	1.599927e-03	1.599994e-03	5.000000e-06	-5.000000e-06	-5.000000e-06	-1.599994e-03	3.984048e-16
1.752024772900785e-08	1.580184e-03	5.000000e-02	1.000000e-01	5.000000e-02	7.900909e-01	1.580267e-06	-1.232906e-06	0.000000e+00	-8.298870e-08	0.000000e+00	1.580184e-03	1.580267e-03	1.580184e-03	5.000000e-06	-5.000000e-06	-5.000000e-06	-1.580184e-03	3.978592e-16
1.752040115695412e-08	1.567914e-03	5.000000e-02	1.000000e-01	5.000000e-02	7.839537e-01	1.567848e-06	-3.466817e-06	0.000000e+00	6.679927e-08	0.000000e+00	1.567914e-03	1.567848e-03	1.567914e-03	5.000000e-06	-5.000000e-06	-5.000000e-06	-1.567914e-03	3.970133e-16
1.752059014872055e-08	1.552800e-03	5.000000e-02	1.000000e-01	5.000000e-02	7.763941e-01	1.552882e-06	-5.791147e-06	0.000000e+00	-8.263621e-08	0.000000e+00	1.552800e-03	1.552882e-03	1.552800e-03	5.000000e-06	-5.000000e-06	-5.000000e-06	-1.552800e-03	3.955440e-16
1.752080313221813e-08	1.535765e-03	5.000000e-02	1.000000e-01	5.000000e-02	7.678747e-01	1.535699e-06	-7.939722e-06	0.000000e+00	6.650020e-08	0.000000e+00	1.535765e-03	1.535699e-03	1.535765e-03	5.000000e-06	-5.000000e-06	-5.000000e-06	-1.535765e-03	3.934167e-16
1.752104202573364e-08	1.516658e-03	5.000000e-02	1.000000e-01	5.000000e-02	7.583190e-01	1.516740e-06	-9.869195e-06	0.000000e+00	-8.237233e-08	0.000000e+00	1.516658e-03	1.516740e-03	1.516658e-03	5.000000e-06	-5.000000e-06	-5.000000e-06	-1.516658e-03	3.905503e-16
1.752128900141966e-08	1.496903e-03	5.000000e-02	1.000000e-01	5.000000e-02	7.484400e-01	1.496836e-06	-1.144010e-05	0.000000e+00	6.625452e-08	0.000000e+00	1.496903e-03	1.496837e-03	1.496903e-03	5.000000e-06	-5.000000e-06	-5.000000e-06	-1.496903e-03	3.871626e-16
1.752156161243985e-08	1.475097e-03	5.000000e-02	1.000000e-01	5.000000e-02	7.375355e-01	1.475179e-06	-1.278611e-05	0.000000e+00	-8.214367e-08	0.000000e+00	1.475097e-03	1.475179e-03	1.475097e-03	5.000000e-06	-5.000000e-06	-5.000000e-06	-1.475097e-03	3.830354e-16
1.752185080895024e-08	1.451963e-03	5.000000e-02	1.000000e-01	5.000000e-02	7.259676e-01	1.451897e-06	-1.387414e-05	0.000000e+00	6.604269e-08	0.000000e+00	1.451963e-03	1.451897e-03	1.451963e-03	5.000000e-06	-5.000000e-06	-5.000000e-06	-1.451963e-03	3.783168e-16
1.752217383133524e-08	1.426123e-03	5.000000e-02	1.000000e-01	5.000000e-02	7.130467e-01	1.426205e-06	-1.478155e-05	0.000000e+00	-8.194994e-08	0.000000e+00	1.426123e-03	1.426205e-03	1.426123e-03	5.000000e-06	-5.000000e-06	-5.000000e-06	-1.426123e-03	3.727385e-16
1.752252316045492e-08	1.398178e-03	5.000000e-02	1.000000e-01	5.000000e-02	6.990736e-01	1.398112e-06	-1.549746e-05	0.000000e+00	6.586613e-08	0.000000e+00	1.398178e-03	1.398112e-03	1.398178e-03	5.000000e-06	-5.000000e-06	-5.000000e-06	-1.398178e-03	3.664401e-16
1.752291779898157e-08	1.366608e-03	5.000000e-02	1.000000e-01	5.000000e-02	6.832880e-01	1.366690e-06	-1.607359e-05	0.000000e+00	-8.179072e-08	0.000000e+00	1.366608e-03	1.366690e-03	1.366608e-03	5.000000e-06	-5.000000e-06	-5.000000e-06	-1.366608e-03	3.590923e-16
1.752335453098051e-08	1.331671e-03	5.000000e-02	1.000000e-01	5.000000e-02	6.658188e-01	1.331605e-06	-1.651714e-05	0.000000e+00	6.572357e-08	0.000000e+00	1.331671e-03	1.331605e-03	1.331671e-03	5.000000e-06	-5.000000e-06	-5.000000e-06	-1.331671e-03	3.507664e-16
1.752385785906178e-08	1.291405e-03	5.000000e-02	1.000000e-01	5.000000e-02	6.456856e-01	1.291487e-06	-1.686583e-05	0.000000e+00	-8.166473e-08	0.000000e+00	1.291405e-03	1.291487e-03	1.291405e-03	5.000000e-06	-5.000000e-06	-5.000000e-06	-1.291405e-03	3.410086e-16
1.752443263073898e-08	1.245424e-03	5.000000e-02	1.000000e-01	5.000000e-02	6.226948e-01	1.245358e-06	-1.713562e-05	0.000000e+00	6.561367e-08	0.000000e+00	1.245424e-03	1.245358e-03	1.245424e-03	5.000000e-06	-5.000000e-06	-5.000000e-06	-1.245424e-03	3.297369e-16
1.752511693570590e-08	1.190680e-03	5.000000e-02	1.000000e-01	5.000000e-02	5.953225e-01	1.190761e-06	-1.735691e-05	0.000000e+00	-8.157053e-08	0.000000e+00	1.190680e-03	1.190761e-03	1.190680e-03	5.000000e-06	-5.000000e-06	-5.000000e-06	-1.190680e-03	3.162176e-16
1.752593576067160e-08	1.125174e-03	5.000000e-02	1.000000e-01	5.000000e-02	5.625696e-01	1.125109e-06	-1.755028e-05	0.000000e+00	6.553469e-08	0.000000e+00	1.125174e-03	1.125109e-03	1.125174e-03	5.000000e-06	-5.000000e-06	-5.000000e-06	-1.125174e-03	2.999690e-16
1.752696662100224e-08	1.042706e-03	5.000000e-02	1.000000e-01	5.000000e-02	5.213352e-01	1.042787e-06	-1.774528e-05	0.000000e+00	-8.150608e-08	0.000000e+00	1.042706e-03	1.042787e-03	1.042706e-03	5.000000e-06	-5.000000e-06	-5.000000e-06	-1.042706e-03	2.794645e-16
1.752830200703609e-08	9.358754e-04	5.000000e-02	1.000000e-01	5.000000e-02	4.679197e-01	9.358099e-07	-1.797010e-05	0.000000e+00	6.548414e-08	0.000000e+00	9.358754e-04	9.358099e-04	9.358754e-04	5.000000e-06	-5.000000e-06	-5.000000e-06	-9.358754e-04	2.528748e-16
1.753017382892330e-08	7.861303e-04	5.000000e-02	1.000000e-01	5.000000e-02	3.930469e-01	7.862117e-07	-1.827158e-05	0.000000e+00	-8.146837e-08	0.000000e+00	7.861303e-04	7.862117e-04	7.861303e-04	5.000000e-06	-5.000000e-06	-5.000000e-06	-7.861303e-04	2.155903e-16
1.753302418870703e-08	5.581023e-04	5.000000e-02	1.000000e-01	5.000000e-02	2.790324e-01	5.580369e-07	-1.872698e-05	0.000000e+00	6.545812e-08	0.000000e+00	5.581023e-04	5.580369e-04	5.581023e-04	5.000000e-06	-5.000000e-06	-5.000000e-06	-5.581023e-04	1.588106e-16
1.753818372375928e-08	1.453412e-04	5.000000e-02	1.000000e-01	5.000000e-02	7.265105e-02	1.454226e-07	-1.955068e-05	0.000000e+00	-8.145236e-08	0.000000e+00	1.453412e-04	1.454227e-04	1.453412e-04	5.000000e-06	-5.000000e-06	-5.000000e-06	-1.453412e-04	5.603141e-17
1.754000000000000e-08	3.968172e-08	5.000000e-02	1.000000e-01	5.000000e-02	0.000000e+00	-2.575453e-11	-1.984086e-05	0.000000e+00	6.543625e-08	0.000000e+00	3.968172e-08	-2.575453e-08	3.968172e-08	5.000000e-06	-5.000000e-06	-5.000000e-06	-3.968172e-08	1.985076e-17
1.754016714417151e-08	-3.354069e-08	5.000000e-02	1.000000e-01	5.000000e-02	0.000000e+00	9.882788e-11	-1.677035e-05	0.000000e+00	-6.528718e-08	0.000000e+00	3.354069e-08	9.882788e-08	3.354069e-08	5.000000e-06	-5.000000e-06	-5.000000e-06	-3.354069e-08	1.677883e-17
1.754032001910851e-08	2.876202e-08	5.000000e-02	1.000000e-01	5.000000e-02	0.000000e+00	-3.634832e-11	-1.438101e-05	0.000000e+00	6.511033e-08	0.000000e+00	2.876202e-08	-3.634831e-08	2.876202e-08	5.000000e-06	-5.000000e-06	-5.000000e-06	-2.876202e-08	1.438816e-17
1.754052754277299e-08	2.333696e-08	5.000000e-02	1.000000e-01	5.000000e-02	0.000000e+00	8.832714e-11	-1.166848e-05	0.000000e+00	-6.499018e-08	0.000000e+00	2.333696e-08	8.832714e-08	2.333696e-08	5.000000e-06	-5.000000e-06	-5.000000e-06	-2.333696e-08	1.167440e-17
1.754073208721940e-08	1.899289e-08	5.000000e-02	1.000000e-01	5.000000e-02	0.000000e+00	-4.586608e-11	-9.496447e-06	0.000000e+00	6.485897e-08	0.000000e+00	1.899289e-08	-4.586608e-08	1.899289e-08	5.000000e-06	-5.000000e-06	-5.000000e-06	-1.899289e-08	9.501150e-18
1.754097156786611e-08	1.491793e-08	5.000000e-02	1.000000e-01	5.000000e-02	0.000000e+00	7.967206e-11	-7.458964e-06	0.000000e+00	-6.475413e-08	0.000000e+00	1.491793e-08	7.967206e-08	1.491793e-08	5.000000e-06	-5.000000e-06	-5.000000e-06	-1.491793e-08	7.462774e-18
1.754120566875540e-08	1.178201e-08	5.000000e-02	1.000000e-01	5.000000e-02	0.000000e+00	-5.285889e-11	-5.891005e-06	0.000000e+00	6.464090e-08	0.000000e+00	1.178201e-08	-5.285889e-08	1.178201e-08	5.000000e-06	-5.000000e-06	-5.000000e-06	-1.178201e-08	5.893897e-18
1.754147800778918e-08	8.948946e-09	5.000000e-02	1.000000e-01	5.000000e-02	0.000000e+00	7.349706e-11	-4.474473e-06	0.000000e+00	-6.454811e-08	0.000000e+00	8.948946e-09	7.349706e-08	8.948946e-09	5.000000e-06	-5.000000e-06	-5.000000e-06	-8.948946e-09	4.476783e-18
1.754175392116933e-08	6.772705e-09	5.000000e-02	1.000000e-01	5.000000e-02	0.000000e+00	-5.768032e-11	-3.386353e-06	0.000000e+00	6.445303e-08	0.000000e+00	6.772705e-09	-5.768032e-08	6.772705e-09	5.000000e-06	-5.000000e-06	-5.000000e-06	-6.772705e-09	3.387988e-18
1.754207382307418e-08	4.899011e-09	5.000000e-02	1.000000e-01	5.000000e-02	0.000000e+00	6.927266e-11	-2.449505e-06	0.000000e+00	-6.437365e-08	0.000000e+00	4.899011e-09	6.927267e-08	4.899011e-09	5.000000e-06	-5.000000e-06	-5.000000e-06	-4.899011e-09	2.450799e-18
1.754240685907670e-08	3.496389e-09	5.000000e-02	1.000000e-01	5.000000e-02	0.000000e+00	-6.079915e-11	-1.748195e-06	0.000000e+00	6.429554e-08	0.000000e+00	3.496389e-09	-6.079915e-08	3.496389e-09	5.000000e-06	-5.000000e-06	-5.000000e-06	-3.496389e-09	1.749008e-18
1.754279398034019e-08	2.358826e-09	5.000000e-02	1.000000e-01	5.000000e-02	0.000000e+00	6.658855e-11	-1.179413e-06	0.000000e+00	-6.422973e-08	0.000000e+00	2.358826e-09	6.658856e-08	2.358826e-09	5.000000e-06	-5.000000e-06	-5.000000e-06	-2.358826e-09	1.180069e-18
1.754320912686639e-08	1.545759e-09	5.000000e-02	1.000000e-01	5.000000e-02	0.000000e+00	-6.262172e-11	-7.728793e-07	0.000000e+00	6.416748e-08	0.000000e+00	1.545759e-09	-6.262172e-08	1.545759e-09	5.000000e-06	-5.000000e-06	-5.000000e-06	-1.545759e-09	7.732031e-19
1.754369760382561e-08	9.369956e-10	5.000000e-02	1.000000e-01	5.000000e-02	0.000000e+00	6.505220e-11	-4.684978e-07	0.000000e+00	-6.411521e-08	0.000000e+00	9.369956e-10	6.505221e-08	9.369956e-10	5.000000e-06	-5.000000e-06	-5.000000e-06	-9.369956e-10	4.687971e-19
1.754424028278575e-08	5.361344e-10	5.000000e-02	1.000000e-01	5.000000e-02	0.000000e+00	-6.353169e-11	-2.680672e-07	0.000000e+00	6.406782e-08	0.000000e+00	5.361344e-10	-6.353169e-08	5.361344e-10	5.000000e-06	-5.000000e-06	-5.000000e-06	-5.361344e-10	2.681377e-19
1.754489507231450e-08	2.707755e-10	5.000000e-02	1.000000e-01	5.000000e-02	0.000000e+00	6.429955e-11	-1.353878e-07	0.000000e+00	-6.402878e-08	0.000000e+00	2.707755e-10	6.429955e-08	2.707755e-10	5.000000e-06	-5.000000e-06	-5.000000e-06	-2.707755e-10	1.355198e-19
1.754565818922329e-08	1.210166e-10	5.000000e-02	1.000000e-01	5.000000e-02	0.000000e+00	-6.387416e-11	-6.050829e-08	0.000000e+00	6.399518e-08	0.000000e+00	1.210166e-10	-6.387416e-08	1.210166e-10	5.000000e-06	-5.000000e-06	-5.000000e-06	-1.210166e-10	6.047467e-20
1.754662357621820e-08	4.186415e-11	5.000000e-02	1.000000e-01	5.000000e-02	0.000000e+00	6.401055e-11	-2.093207e-08	0.000000e+00	-6.396868e-08	0.000000e+00	4.186415e-11	6.401055e-08	4.186415e-11	5.000000e-06	-5.000000e-06	-5.000000e-06	-4.186415e-11	2.100655e-20
1.754783694329780e-08	1.033849e-11	5.000000e-02	1.000000e-01	5.000000e-02	0.000000e+00	-6.393726e-11	-5.169245e-09	0.000000e+00	6.394760e-08	0.000000e+00	1.033849e-11	-6.393726e-08	1.033849e-11	5.000000e-06	-5.000000e-06	-5.000000e-06	-1.033849e-11	5.107892e-21
1.754952212425741e-08	7.267682e-13	5.000000e-02	1.000000e-01	5.000000e-02	0.000000e+00	6.393315e-11	-3.633841e-10	0.000000e+00	-6.393242e-08	0.000000e+00	7.267682e-13	6.393315e-08	7.267682e-13	5.000000e-06	-5.000000e-06	-5.000000e-06	-7.267682e-13	4.274989e-22
1.755196939191752e-08	4.035703e-14	5.000000e-02	1.000000e-01	5.000000e-02	0.000000e+00	-6.392193e-11	-2.017851e-11	0.000000e+00	6.392197e-08	0.000000e+00	4.035703e-14	-6.392193e-08	4.035703e-14	5.000000e-06	-5.000000e-06	-5.000000e-06	-4.035703e-14	-4.373333e-23
1.755619445558786e-08	-9.638649e-14	5.000000e-02	1.000000e-01	5.000000e-02	0.000000e+00	6.391582e-11	4.819324e-11	0.000000e+00	-6.391592e-08	0.000000e+00	-9.638649e-14	6.391583e-08	-9.638649e-14	5.000000e-06	-5.000000e-06	-5.000000e-06	9.638649e-14	1.569848e-23
1.756464458292854e-08	-1.083583e-13	5.000000e-02	1.000000e-01	5.000000e-02	0.000000e+00	-6.391278e-11	-5.417917e-11	0.000000e+00	6.391289e-08	0.000000e+00	1.083583e-13	-6.391279e-08	1.083583e-13	5.000000e-06	-5.000000e-06	-5.000000e-06	-1.083583e-13	-9.706528e-24
1.758154483760990e-08	-1.124490e-13	5.000000e-02	1.000000e-01	5.000000e-02	0.000000e+00	6.391127e-11	5.622448e-11	0.000000e+00	-6.391139e-08	0.000000e+00	-1.124490e-13	6.391127e-08	-1.124490e-13	5.000000e-06	-5.000000e-06	-5.000000e-06	1.124490e-13	7.658674e-24
1.760107608760990e-08	-1.152815e-13	5.000000e-02	1.000000e-01	5.000000e-02	0.000000e+00	-6.390996e-11	-5.764076e-11	0.000000e+00	6.391007e-08	0.000000e+00	1.152815e-13	-6.390996e-08	1.152815e-13	5.000000e-06	-5.000000e-06	-5.000000e-06	-1.152815e-13	-6.240376e-24
1.762060733760990e-08	-1.175890e-13	5.000000e-02	1.000000e-01	5.000000e-02	0.000000e+00	6.390865e-11	5.879452e-11	0.000000e+00	-6.390876e-08	0.000000e+00	-1.175890e-13	6.390865e-08	-1.175890e-13	5.000000e-06	-5.000000e-06	-5.000000e-06	1.175890e-13	5.084731e-24
1.764013858760990e-08	-1.194687e-13	5.000000e-02	1.000000e-01	5.000000e-02	0.000000e+00	-6.390734e-11	-5.973437e-11	0.000000e+00	6.390746e-08	0.000000e+00	1.194687e-13	-6.390734e-08	1.194687e-13	5.000000e-06	-5.000000e-06	-5.000000e-06	-1.194687e-13	-4.143098e-24
1.765966983760990e-08	-1.209999e-13	5.000000e-02	1.000000e-01	5.000000e-02	0.000000e+00	6.390603e-11	6.049993e-11	0.000000e+00	-6.390615e-08	0.000000e+00	-1.209999e-13	6.390603e-08	-1.209999e-13	5.000000e-06	-5.000000e-06	-5.000000e-06	1.209999e-13	3.375845e-24
1.767920108760990e-08	-1.222470e-13	5.000000e-02	1.000000e-01	5.000000e-02	0.000000e+00	-6.390471e-11	-6.112347e-11	0.000000e+00	6.390484e-08	0.000000e+00	1.222470e-13	-6.390471e-08	1.222470e-13	5.000000e-06	-5.000000e-06	-5.000000e-06	-1.222470e-13	-2.750678e-24
1.769873233760990e-08	-1.232626e-13	5.000000e-02	1.000000e-01	5.000000e-02	0.000000e+00	6.390340e-11	6.163130e-11	0.000000e+00	-6.390353e-08	0.000000e+00	-1.232626e-13	6.390341e-08	-1.232626e-13	5.000000e-06	-5.000000e-06	-5.000000e-06	1.232626e-13	2.241284e-24
1.771826358760990e-08	-1.240897e-13	5.000000e-02	1.000000e-01	5.000000e-02	0.000000e+00	-6.390210e-11	-6.204485e-11	0.000000e+00	6.390222e-08	0.000000e+00	1.240897e-13	-6.390210e-08	1.240897e-13	5.000000e-06	-5.000000e-06	-5.000000e-06	-1.240897e-13	-1.826225e-24
1.773779483760990e-08	-1.247631e-13	5.000000e-02	1.000000e-01	5.000000e-02	0.000000e+00	6.390079e-11	6.238157e-11	0.000000e+00	-6.390091e-08	0.000000e+00	-1.247631e-13	6.390079e-08	-1.247631e-13	5.000000e-06	-5.000000e-06	-5.000000e-06	1.247631e-13	1.488030e-24
1.775732608760990e-08	-1.253114e-13	5.000000e-02	1.000000e-01	5.000000e-02	0.000000e+00	-6.389948e-11	-6.265569e-11	0.000000e+00	6.389961e-08	0.000000e+00	1.253114e-13	-6.389948e-08	1.253114e-13	5.000000e-06	-5.000000e-06	-5.000000e-06	-1.253114e-13	-1.212464e-24
1.777685733760990e-08	-1.257576e-13	5.000000e-02	1.000000e-01	5.000000e-02	0.000000e+00	6.389817e-11	6.287880e-11	0.000000e+00	-6.389830e-08	0.000000e+00	-1.257576e-13	6.389817e-08	-1.257576e-13	5.000000e-06	-5.000000e-06	-5.000000e-06	1.257576e-13	9.879304e-25
1.779638858760990e-08	-1.261207e-13	5.000000e-02	1.000000e-01	5.000000e-02	0.000000e+00	-6.389686e-11	-6.306036e-11	0.000000e+00	6.389698e-08	0.000000e+00	1.261207e-13	-6.389686e-08	1.261207e-13	5.000000e-06	-5.000000e-06	-5.000000e-06	-1.261207e-13	-8.049777e-25
1.781591983760990e-08	-1.264161e-13	5.000000e-02	1.000000e-01	5.000000e-02	0.000000e+00	6.389555e-11	6.320804e-11	0.000000e+00	-6.389568e-08	0.000000e+00	-1.264161e-13	6.389555e-08	-1.264161e-13	5.000000e-06	-5.000000e-06	-5.000000e-06	1.264161e-13	6.559056e-25
1.783545108760990e-08	-1.266563e-13	5.000000e-02	1.000000e-01	5.000000e-02	0.000000e+00	-6.389424e-11	-6.332814e-11	0.000000e+00	6.389437e-08	0.000000e+00	1.266563e-13	-6.389424e-08	1.266563e-13	5.000000e-06	-5.000000e-06	-5.000000e-06	-1.266563e-13	-5.344401e-25
1.785498233760990e-08	-1.268515e-13	5.000000e-02	1.000000e-01	5.000000e-02	0.000000e+00	6.389293e-11	6.342575e-11	0.000000e+00	-6.389306e-08	0.000000e+00	-1.268515e-13	6.389293e-08	-1.268515e-13	5.000000e-06	-5.000000e-06	-5.000000e-06	1.268515e-13	4.354685e-25
1.787451358760990e-08	-1.270101e-13	5.000000e-02	1.000000e-01	5.000000e-02	0.000000e+00	-6.389163e-11	-6.350505e-11	0.000000e+00	6.389175e-08	0.000000e+00	1.270101e-13	-6.389163e-08	1.270101e-13	5.000000e-06	-5.000000e-06	-5.000000e-06	-1.270101e-13	-3.548253e-25
1.789404483760990e-08	-1.271388e-13	5.000000e-02	1.000000e-01	5.000000e-02	0.000000e+00	6.389032e-11	6.356941e-11	0.000000e+00	-6.389045e-08	0.000000e+00	-1.271388e-13	6.389032e-08	-1.271388e-13	5.000000e-06	-5.000000e-06	-5.000000e-06	1.271388e-13	2.891164e-25
1.791357608760990e-08	-1.272432e-13	5.000000e-02	1.000000e-01	5.000000e-02	0.000000e+00	-6.388901e-11	-6.362162e-11	0.000000e+00	6.388913e-08	0.000000e+00	1.272432e-13	-6.388901e-08	1.272432e-13	5.000000e-06	-5.000000e-06	-5.000000e-06	-1.272432e-13	-2.355759e-25
1.793310733760990e-08	-1.273278e-13	5.000000e-02	1.000000e-01	5.000000e-02	0.000000e+00	6.388770e-11	6.366391e-11	0.000000e+00	-6.388782e-08	0.000000e+00	-1.273278e-13	6.388770e-08	-1.273278e-13	5.000000e-06	-5.000000e-06	-5.000000e-06	1.273278e-13	1.919506e-25
1.795263858760990e-08	-1.273963e-13	5.000000e-02	1.000000e-01	5.000000e-02	0.000000e+00	-6.388639e-11	-6.369814e-11	0.000000e+00	6.388652e-08	0.000000e+00	1.273963e-13	-6.388639e-08	1.273963e-13	5.000000e-06	-5.000000e-06	-5.000000e-06	-1.273963e-13	-1.564041e-25
1.797216983760990e-08	-1.274516e-13	5.000000e-02	1.000000e-01	5.000000e-02	0.000000e+00	6.388508e-11	6.372578e-11	0.000000e+00	-6.388521e-08	0.000000e+00	-1.274516e-13	6.388508e-08	-1.274516e-13	5.000000e-06	-5.000000e-06	-5.000000e-06	1.274516e-13	1.274405e-25
1.799170108760990e-08	-1.274961e-13	5.000000e-02	1.000000e-01	5.000000e-02	0.000000e+00	-6.388377e-11	-6.374806e-11	0.000000e+00	6.388390e-08	0.000000e+00	1.274961e-13	-6.388377e-08	1.274961e-13	5.000000e-06	-5.000000e-06	-5.000000e-06	-1.274961e-13	-1.038406e-25
1.800000000000000e-08	-1.276756e-13	5.000000e-02	1.000000e-01	5.000000e-02	0.000000e+00	6.388069e-11	6.378520e-11	0.000000e+00	-6.388083e-08	0.000000e+00	-1.276756e-13	6.388070e-08	-1.276756e-13	5.000000e-06	-5.000000e-06	-5.000000e-06	1.276756e-13	6.362637e-26
1.800029933862258e-08	2.393663e-05	5.000000e-02	1.000000e-01	5.000000e-02	1.197354e-02	2.385685e-08	5.229374e-06	0.000000e+00	7.977785e-08	0.000000e+00	2.393663e-05	2.385685e-05	2.393663e-05	5.000000e-06	-5.000000e-06	-5.000000e-06	-2.393663e-05	7.786402e-19
1.800053973132915e-08	4.316166e-05	5.000000e-02	1.000000e-01	5.000000e-02	2.158925e-02	4.322532e-08	8.423563e-06	0.000000e+00	-6.366383e-08	0.000000e+00	4.316166e-05	4.322532e-05	4.316166e-05	5.000000e-06	-5.000000e-06	-5.000000e-06	-4.316166e-05	2.410077e-18
1.800070965332987e-08	5.675175e-05	5.000000e-02	1.000000e-01	5.000000e-02	2.838613e-02	5.667226e-08	1.025799e-05	0.000000e+00	7.949102e-08	0.000000e+00	5.675175e-05	5.667226e-05	5.675175e-05	5.000000e-06	-5.000000e-06	-5.000000e-06	-5.675175e-05	3.986619e-18
1.800095373923608e-08	7.627431e-05	5.000000e-02	1.000000e-01	5.000000e-02	3.814957e-02	7.633769e-08	1.241294e-05	0.000000e+00	-6.337748e-08	0.000000e+00	7.627431e-05	7.633769e-05	7.627431e-05	5.000000e-06	-5.000000e-06	-5.000000e-06	-7.627431e-05	6.731981e-18
1.800117494270353e-08	9.396749e-05	5.000000e-02	1.000000e-01	5.000000e-02	4.699771e-02	9.388825e-08	1.396266e-05	0.000000e+00	7.924572e-08	0.000000e+00	9.396749e-05	9.388824e-05	9.396749e-05	5.000000e-06	-5.000000e-06	-5.000000e-06	-9.396749e-05	9.623104e-18
1.800146132732700e-08	1.168751e-04	5.000000e-02	1.000000e-01	5.000000e-02	5.845309e-02	1.169383e-07	1.553271e-05	0.000000e+00	-6.314848e-08	0.000000e+00	1.168751e-04	1.169383e-04	1.168751e-04	5.000000e-06	-5.000000e-06	-5.000000e-06	-1.168751e-04	1.380301e-17
1.800172420849321e-08	1.379034e-04	5.000000e-02	1.000000e-01	5.000000e-02	6.896834e-02	1.378244e-07	1.663299e-05	0.000000e+00	7.903863e-08	0.000000e+00	1.379034e-04	1.378244e-04	1.379034e-04	5.000000e-06	-5.000000e-06	-5.000000e-06	-1.379034e-04	1.798069e-17
1.800205447205746e-08	1.643224e-04	5.000000e-02	1.000000e-01	5.000000e-02	8.217888e-02	1.643854e-07	1.767612e-05	0.000000e+00	-6.295390e-08	0.000000e+00	1.643224e-04	1.643854e-04	1.643224e-04	5.000000e-06	-5.000000e-06	-5.000000e-06	-1.643224e-04	2.356887e-17
1.800237387662353e-08	1.898733e-04	5.000000e-02	1.000000e-01	5.000000e-02	9.495506e-02	1.897944e-07	1.841562e-05	0.000000e+00	7.886418e-08	0.000000e+00	1.898733e-04	1.897944e-04	1.898733e-04	5.000000e-06	-5.000000e-06	-5.000000e-06	-1.898733e-04	2.924250e-17
1.800277017092742e-08	2.215755e-04	5.000000e-02	1.000000e-01	5.000000e-02	1.108068e-01	2.216383e-07	1.907752e-05	0.000000e+00	-6.279335e-08	0.000000e+00	2.215755e-04	2.216383e-04	2.215755e-04	5.000000e-06	-5.000000e-06	-5.000000e-06	-2.215755e-04	3.653800e-17
1.800317088846473e-08	2.536320e-04	5.000000e-02	1.000000e-01	5.000000e-02	1.268355e-01	2.535533e-07	1.954503e-05	0.000000e+00	7.872225e-08	0.000000e+00	2.536320e-04	2.535533e-04	2.536320e-04	5.000000e-06	-5.000000e-06	-5.000000e-06	-2.536320e-04	4.411652e-17
1.800366706814626e-08	2.933256e-04	5.000000e-02	1.000000e-01	5.000000e-02	1.466827e-01	2.933882e-07	1.994414e-05	0.000000e+00	-6.266558e-08	0.000000e+00	2.933256e-04	2.933882e-04	2.933256e-04	5.000000e-06	-5.000000e-06	-5.000000e-06	-2.933256e-04	5.368064e-17
1.800419279981161e-08	3.353835e-04	5.000000e-02	1.000000e-01	5.000000e-02	1.677120e-01	3.353049e-07	2.022928e-05	0.000000e+00	7.861162e-08	0.000000e+00	3.353835e-04	3.353049e-04	3.353835e-04	5.000000e-06	-5.000000e-06	-5.000000e-06	-3.353835e-04	6.395191e-17
1.800485315902631e-08	3.882118e-04	5.000000e-02	1.000000e-01	5.000000e-02	1.941264e-01	3.882743e-07	2.047471e-05	0.000000e+00	-6.256901e-08	0.000000e+00	3.882118e-04	3.882743e-04	3.882118e-04	5.000000e-06	-5.000000e-06	-5.000000e-06	-3.882118e-04	7.696651e-17
1.800559343158296e-08	4.474332e-04	5.000000e-02	1.000000e-01	5.000000e-02	2.237373e-01	4.473547e-07	2.066921e-05	0.000000e+00	7.853079e-08	0.000000e+00	4.474332e-04	4.473547e-04	4.474332e-04	5.000000e-06	-5.000000e-06	-5.000000e-06	-4.474332e-04	9.163644e-17
1.800655975999096e-08	5.247391e-04	5.000000e-02	1.000000e-01	5.000000e-02	2.623904e-01	5.248016e-07	2.086589e-05	0.000000e+00	-6.250168e-08	0.000000e+00	5.247391e-04	5.248016e-04	5.247391e-04	5.000000e-06	-5.000000e-06	-5.000000e-06	-5.247391e-04	1.108437e-16
1.800773436022082e-08	6.187067e-04	5.000000e-02	1.000000e-01	5.000000e-02	3.093744e-01	6.186282e-07	2.106995e-05	0.000000e+00	7.847760e-08	0.000000e+00	6.187067e-04	6.186282e-04	6.187067e-04	5.000000e-06	-5.000000e-06	-5.000000e-06	-6.187067e-04	1.342254e-16
1.800940463230925e-08	7.523279e-04	5.000000e-02	1.000000e-01	5.000000e-02	3.761853e-01	7.523903e-07	2.134209e-05	0.000000e+00	-6.246079e-08	0.000000e+00	7.523279e-04	7.523904e-04	7.523279e-04	5.000000e-06	-5.000000e-06	-5.000000e-06	-7.523279e-04	1.674923e-16
1.801175228654953e-08	9.401395e-04	5.000000e-02	1.000000e-01	5.000000e-02	4.700915e-01	9.400611e-07	2.171737e-05	0.000000e+00	7.844873e-08	0.000000e+00	9.401395e-04	9.400611e-04	9.401395e-04	5.000000e-06	-5.000000e-06	-5.000000e-06	-9.401395e-04	2.142576e-16
1.801586415198268e-08	1.269087e-03	5.000000e-02	1.000000e-01	5.000000e-02	6.345661e-01	1.269150e-06	2.237404e-05	0.000000e+00	-6.244193e-08	0.000000e+00	1.269087e-03	1.269150e-03	1.269087e-03	5.000000e-06	-5.000000e-06	-5.000000e-06	-1.269087e-03	2.961669e-16
1.802000000000000e-08	1.599954e-03	5.000000e-02	1.000000e-01	5.000000e-02	8.000000e-01	1.599876e-06	2.303434e-05	0.000000e+00	7.843506e-08	0.000000e+00	1.599954e-03	1.599876e-03	1.599954e-03	5.000000e-06	-5.000000e-06	-5.000000e-06	-1.599954e-03	3.785540e-16
1.802019247660786e-08	1.599961e-03	5.000000e-02	1.000000e-01	5.000000e-02	8.000000e-01	1.600039e-06	1.953974e-05	0.000000e+00	-7.826497e-08	0.000000e+00	1.599961e-03	1.600039e-03	1.599961e-03	5.000000e-06	-5.000000e-06	-5.000000e-06	-1.599961e-03	3.820505e-16
1.802039402400092e-08	1.599967e-03	5.000000e-02	1.000000e-01	5.000000e-02	8.000000e-01	1.599889e-06	1.653717e-05	0.000000e+00	7.811575e-08	0.000000e+00	1.599967e-03	1.599889e-03	1.599967e-03	5.000000e-06	-5.000000e-06	-5.000000e-06	-1.599967e-03	3.850545e-16
1.802058390856430e-08	1.599972e-03	5.000000e-02	1.000000e-01	5.000000e-02	8.000000e-01	1.600049e-06	1.421588e-05	0.000000e+00	-7.794649e-08	0.000000e+00	1.599972e-03	1.600050e-03	1.599972e-03	5.000000e-06	-5.000000e-06	-5.000000e-06	-1.599972e-03	3.873770e-16
1.802080951984278e-08	1.599976e-03	5.000000e-02	1.000000e-01	5.000000e-02	8.000000e-01	1.599898e-06	1.197405e-05	0.000000e+00	7.781238e-08	0.000000e+00	1.599976e-03	1.599898e-03	1.599976e-03	5.000000e-06	-5.000000e-06	-5.000000e-06	-1.599976e-03	3.896199e-16
1.802103297663870e-08	1.599980e-03	5.000000e-02	1.000000e-01	5.000000e-02	8.000000e-01	1.600057e-06	1.020377e-05	0.000000e+00	-7.767005e-08	0.000000e+00	1.599980e-03	1.600057e-03	1.599980e-03	5.000000e-06	-5.000000e-06	-5.000000e-06	-1.599980e-03	3.913912e-16
1.802129133369191e-08	1.599983e-03	5.000000e-02	1.000000e-01	5.000000e-02	8.000000e-01	1.599905e-06	8.594735e-06	0.000000e+00	7.755239e-08	0.000000e+00	1.599983e-03	1.599905e-03	1.599983e-03	5.000000e-06	-5.000000e-06	-5.000000e-06	-1.599983e-03	3.930009e-16
1.802155241072038e-08	1.599985e-03	5.000000e-02	1.000000e-01	5.000000e-02	8.000000e-01	1.600063e-06	7.343722e-06	0.000000e+00	-7.743174e-08	0.000000e+00	1.599985e-03	1.600063e-03	1.599985e-03	5.000000e-06	-5.000000e-06	-5.000000e-06	-1.599985e-03	3.942527e-16
1.802185279755073e-08	1.599988e-03	5.000000e-02	1.000000e-01	5.000000e-02	8.000000e-01	1.599910e-06	6.256440e-06	0.000000e+00	7.733015e-08	0.000000e+00	1.599988e-03	1.599910e-03	1.599988e-03	5.000000e-06	-5.000000e-06	-5.000000e-06	-1.599988e-03	3.953403e-16
1.802216467560671e-08	1.599989e-03	5.000000e-02	1.000000e-01	5.000000e-02	8.000000e-01	1.600066e-06	5.427707e-06	0.000000e+00	-7.722997e-08	0.000000e+00	1.599989e-03	1.600066e-03	1.599989e-03	5.000000e-06	-5.000000e-06	-5.000000e-06	-1.599989e-03	3.961696e-16
1.802252428398366e-08	1.599991e-03	5.000000e-02	1.000000e-01	5.000000e-02	8.000000e-01	1.599913e-06	4.744597e-06	0.000000e+00	7.714487e-08	0.000000e+00	1.599991e-03	1.599913e-03	1.599991e-03	5.000000e-06	-5.000000e-06	-5.000000e-06	-1.599991e-03	3.968529e-16
1.802290792021387e-08	1.599991e-03	5.000000e-02	1.000000e-01	5.000000e-02	8.000000e-01	1.600069e-06	4.244012e-06	0.000000e+00	-7.706396e-08	0.000000e+00	1.599991e-03	1.600069e-03	1.599991e-03	5.000000e-06	-5.000000e-06	-5.000000e-06	-1.599991e-03	3.973539e-16
1.802335464530364e-08	1.599992e-03	5.000000e-02	1.000000e-01	5.000000e-02	8.000000e-01	1.599915e-06	3.859224e-06	0.000000e+00	7.699533e-08	0.000000e+00	1.599992e-03	1.599915e-03	1.599992e-03	5.000000e-06	-5.000000e-06	-5.000000e-06	-1.599992e-03	3.977388e-16
1.802384652853467e-08	1.599993e-03	5.000000e-02	1.000000e-01	5.000000e-02	8.000000e-01	1.600070e-06	3.595834e-06	0.000000e+00	-7.693252e-08	0.000000e+00	1.599993e-03	1.600070e-03	1.599993e-03	5.000000e-06	-5.000000e-06	-5.000000e-06	-1.599993e-03	3.980024e-16
1.802443141329364e-08	1.599993e-03	5.000000e-02	1.000000e-01	5.000000e-02	8.000000e-01	1.599916e-06	3.413201e-06	0.000000e+00	7.688006e-08	0.000000e+00	1.599993e-03	1.599916e-03	1.599993e-03	5.000000e-06	-5.000000e-06	-5.000000e-06	-1.599993e-03	3.981850e-16
1.802510270162814e-08	1.599993e-03	5.000000e-02	1.000000e-01	5.000000e-02	8.000000e-01	1.600070e-06	3.302663e-06	0.000000e+00	-7.683419e-08	0.000000e+00	1.599993e-03	1.600070e-03	1.599993e-03	5.000000e-06	-5.000000e-06	-5.000000e-06	-1.599993e-03	3.982957e-16
1.802593241649007e-08	1.599994e-03	5.000000e-02	1.000000e-01	5.000000e-02	8.000000e-01	1.599917e-06	3.238446e-06	0.000000e+00	7.679719e-08	0.000000e+00	1.599994e-03	1.599917e-03	1.599994e-03	5.000000e-06	-5.000000e-06	-5.000000e-06	-1.599994e-03	3.983599e-16
1.802694613302139e-08	1.599994e-03	5.000000e-02	1.000000e-01	5.000000e-02	8.000000e-01	1.600070e-06	3.208317e-06	0.000000e+00	-7.676688e-08	0.000000e+00	1.599994e-03	1.600070e-03	1.599994e-03	5.000000e-06	-5.000000e-06	-5.000000e-06	-1.599994e-03	3.983901e-16
1.802829436112675e-08	1.599994e-03	5.000000e-02	1.000000e-01	5.000000e-02	8.000000e-01	1.599917e-06	3.196359e-06	0.000000e+00	7.674412e-08	0.000000e+00	1.599994e-03	1.599917e-03	1.599994e-03	5.000000e-06	-5.000000e-06	-5.000000e-06	-1.599994e-03	3.984019e-16
1.803013624857975e-08	1.599994e-03	5.000000e-02	1.000000e-01	5.000000e-02	8.000000e-01	1.600070e-06	3.193801e-06	0.000000e+00	-7.672745e-08	0.000000e+00	1.599994e-03	1.600070e-03	1.599994e-03	5.000000e-06	-5.000000e-06	-5.000000e-06	-1.599994e-03	3.984047e-16
1.803300393731193e-08	1.599994e-03	5.000000e-02	1.000000e-01	5.000000e-02	8.000000e-01	1.599917e-06	3.193516e-06	0.000000e+00	7.671674e-08	0.000000e+00	1.599994e-03	1.599917e-03	1.599994e-03	5.000000e-06	-5.000000e-06	-5.000000e-06	-1.599994e-03	3.984048e-16
1.803806248583334e-08	1.599994e-03	5.000000e-02	1.000000e-01	5.000000e-02	8.000000e-01	1.600070e-06	3.193698e-06	0.000000e+00	-7.671068e-08	0.000000e+00	1.599994e-03	1.600070e-03	1.599994e-03	5.000000e-06	-5.000000e-06	-5.000000e-06	-1.599994e-03	3.984048e-16
1.804817958287617e-08	1.599994e-03	5.000000e-02	1.000000e-01	5.000000e-02	8.000000e-01	1.599917e-06	3.193530e-06	0.000000e+00	7.670765e-08	0.000000e+00	1.599994e-03	1.599917e-03	1.599994e-03	5.000000e-06	-5.000000e-06	-5.000000e-06	-1.599994e-03	3.984048e-16
1.806771083287616e-08	1.599994e-03	5.000000e-02	1.000000e-01	5.000000e-02	8.000000e-01	1.600070e-06	3.193694e-06	0.000000e+00	-7.670608e-08	0.000000e+00	1.599994e-03	1.600070e-03	1.599994e-03	5.000000e-06	-5.000000e-06	-5.000000e-06	-1.599994e-03	3.984048e-16
1.808724208287616e-08	1.599994e-03	5.000000e-02	1.000000e-01	5.000000e-02	8.000000e-01	1.599917e-06	3.193532e-06	0.000000e+00	7.670450e-08	0.000000e+00	1.599994e-03	1.599917e-03	1.599994e-03	5.000000e-06	-5.000000e-06	-5.000000e-06	-1.599994e-03	3.984048e-16
1.810677333287616e-08	1.599994e-03	5.000000e-02	1.000000e-01	5.000000e-02	8.000000e-01	1.600070e-06	3.193692e-06	0.000000e+00	-7.670293e-08	0.000000e+00	1.599994e-03	1.600070e-03	1.599994e-03	5.000000e-06	-5.000000e-06	-5.000000e-06	-1.599994e-03	3.984048e-16
1.812630458287616e-08	1.599994e-03	5.000000e-02	1.000000e-01	5.000000e-02	8.000000e-01	1.599917e-06	3.193534e-06	0.000000e+00	7.670136e-08	0.000000e+00	1.599994e-03	1.599917e-03	1.599994e-03	5.000000e-06	-5.000000e-06	-5.000000e-06	-1.599994e-03	3.984048e-16
1.814583583287616e-08	1.599994e-03	5.000000e-02	1.000000e-01	5.000000e-02	8.000000e-01	1.600070e-06	3.193692e-06	0.000000e+00	-7.669979e-08	0.000000e+00	1.599994e-03	1.600070e-03	1.599994e-03	5.000000e-06	-5.000000e-06	-5.000000e-06	-1.599994e-03	3.984048e-16
1.816536708287616e-08	1.599994e-03	5.000000e-02	1.000000e-01	5.000000e-02	8.000000e-01	1.599917e-06	3.193534e-06	0.000000e+00	7.669822e-08	0.000000e+00	1.599994e-03	1.599917e-03	1.599994e-03	5.000000e-06	-5.000000e-06	-5.000000e-06	-1.599994e-03	3.984048e-16
1.818489833287616e-08	1.599994e-03	5.000000e-02	1.000000e-01	5.000000e-02	8.000000e-01	1.600070e-06	3.193691e-06	0.000000e+00	-7.669665e-08	0.000000e+00	1.599994e-03	1.600070e-03	1.599994e-03	5.000000e-06	-5.000000e-06	-5.000000e-06	-1.599994e-03	3.984048e-16
1.820442958287616e-08	1.599994e-03	5.000000e-02	1.000000e-01	5.000000e-02	8.000000e-01	1.599917e-06	3.193535e-06	0.000000e+00	7.669508e-08	0.000000e+00	1.599994e-03	1.599917e-03	1.599994e-03	5.000000e-06	-5.000000e-06	-5.000000e-06	-1.599994e-03	3.984048e-16
1.822396083287616e-08	1.599994e-03	5.000000e-02	1.000000e-01	5.000000e-02	8.000000e-01	1.600070e-06	3.193690e-06	0.000000e+00	-7.669351e-08	0.000000e+00	1.599994e-03	1.600070e-03	1.599994e-03	5.000000e-06	-5.000000e-06	-5.000000e-06	-1.599994e-03	3.984048e-16
1.824349208287616e-08	1.599994e-03	5.000000e-02	1.000000e-01	5.000000e-02	8.000000e-01	1.599917e-06	3.193535e-06	0.000000e+00	7.669194e-08	0.000000e+00	1.599994e-03	1.599917e-03	1.599994e-03	5.000000e-06	-5.000000e-06	-5.000000e-06	-1.599994e-03	3.984048e-16
1.826302333287616e-08	1.599994e-03	5.000000e-02	1.000000e-01	5.000000e-02	8.000000e-01	1.600070e-06	3.193690e-06	0.000000e+00	-7.669037e-08	0.000000e+00	1.599994e-03	1.600070e-03	1.599994e-03	5.000000e-06	-5.000000e-06	-5.000000e-06	-1.599994e-03	3.984048e-16
1.828255458287616e-08	1.599994e-03	5.000000e-02	1.000000e-01	5.000000e-02	8.000000e-01	1.599917e-06	3.193536e-06	0.000000e+00	7.668880e-08	0.000000e+00	1.599994e-03	1.599917e-03	1.599994e-03	5.000000e-06	-5.000000e-06	-5.000000e-06	-1.599994e-03	3.984048e-16
1.830208583287616e-08	1.599994e-03	5.000000e-02	1.000000e-01	5.000000e-02	8.000000e-01	1.600070e-06	3.193690e-06	0.000000e+00	-7.668723e-08	0.000000e+00	1.599994e-03	1.600070e-03	1.599994e-03	5.000000e-06	-5.000000e-06	-5.000000e-06	-1.599994e-03	3.984048e-16
1.832161708287616e-08	1.599994e-03	5.000000e-02	1.000000e-01	5.000000e-02	8.000000e-01	1.599917e-06	3.193536e-06	0.000000e+00	7.668566e-08	0.000000e+00	1.599994e-03	1.599917e-03	1.599994e-03	5.000000e-06	-5.000000e-06	-5.000000e-06	-1.599994e-03	3.984048e-16
1.834114833287616e-08	1.599994e-03	5.000000e-02	1.000000e-01	5.000000e-02	8.000000e-01	1.600070e-06	3.193690e-06	0.000000e+00	-7.668409e-08	0.000000e+00	1.599994e-03	1.600070e-03	1.599994e-03	5.000000e-06	-5.000000e-06	-5.000000e-06	-1.599994e-03	3.984048e-16
1.836067958287616e-08	1.599994e-03	5.000000e-02	1.000000e-01	5.000000e-02	8.000000e-01	1.599917e-06	3.193536e-06	0.000000e+00	7.668252e-08	0.000000e+00	1.599994e-03	1.599917e-03	1.599994e-03	5.000000e-06	-5.000000e-06	-5.000000e-06	-1.599994e-03	3.984048e-16
1.838021083287616e-08	1.599994e-03	5.000000e-02	1.000000e-01	5.000000e-02	8.000000e-01	1.600070e-06	3.193690e-06	0.000000e+00	-7.668095e-08	0.000000e+00	1.599994e-03	1.600070e-03	1.599994e-03	5.000000e-06	-5.000000e-06	-5.000000e-06	-1.599994e-03	3.984048e-16
1.839974208287616e-08	1.599994e-03	5.000000e-02	1.000000e-01	5.000000e-02	8.000000e-01	1.599917e-06	3.193536e-06	0.000000e+00	7.667938e-08	0.000000e+00	1.599994e-03	1.599917e-03	1.599994e-03	5.000000e-06	-5.000000e-06	-5.000000e-06	-1.599994e-03	3.984048e-16
1.841927333287616e-08	1.599994e-03	5.000000e-02	1.000000e-01	5.000000e-02	8.000000e-01	1.600070e-06	3.193690e-06	0.000000e+00	-7.667781e-08	0.000000e+00	1.599994e-03	1.600070e-03	1.599994e-03	5.000000e-06	-5.000000e-06	-5.000000e-06	-1.599994e-03	3.984048e-16
1.843880458287616e-08	1.599994e-03	5.000000e-02	1.000000e-01	5.000000e-02	8.000000e-01	1.599917e-06	3.193536e-06	0.000000e+00	7.667624e-08	0.000000e+00	1.599994e-03	1.599917e-03	1.599994e-03	5.000000e-06	-5.000000e-06	-5.000000e-06	-1.599994e-03	3.984048e-16
1.845833583287616e-08	1.599994e-03	5.000000e-02	1.000000e-01	5.000000e-02	8.000000e-01	1.600070e-06	3.193690e-06	0.000000e+00	-7.667467e-08	0.000000e+00	1.599994e-03	1.600070e-03	1.599994e-03	5.000000e-06	-5.000000e-06	-5.000000e-06	-1.599994e-03	3.984048e-16
1.847786708287616e-08	1.599994e-03	5.000000e-02	1.000000e-01	5.000000e-02	8.000000e-01	1.599917e-06	3.193536e-06	0.000000e+00	7.667310e-08	0.000000e+00	1.599994e-03	1.599917e-03	1.599994e-03	5.000000e-06	-5.000000e-06	-5.000000e-06	-1.599994e-03	3.984048e-16
1.849739833287616e-08	1.599994e-03	5.000000e-02	1.000000e-01	5.000000e-02	8.000000e-01	1.600070e-06	3.193690e-06	0.000000e+00	-7.667153e-08	0.000000e+00	1.599994e-03	1.600070e-03	1.599994e-03	5.000000e-06	-5.000000e-06	-5.000000e-06	-1.599994e-03	3.984048e-16
1.851692958287616e-08	1.599994e-03	5.000000e-02	1.000000e-01	5.000000e-02	8.000000e-01	1.599917e-06	3.193536e-06	0.000000e+00	7.666996e-08	0.000000e+00	1.599994e-03	1.599917e-03	1.599994e-03	5.000000e-06	-5.000000e-06	-5.000000e-06	-1.599994e-03	3.984048e-16
1.852000000000000e-08	1.599994e-03	5.000000e-02	1.000000e-01	5.000000e-02	8.000000e-01	1.600070e-06	3.193689e-06	0.000000e+00	-7.665997e-08	0.000000e+00	1.599994e-03	1.600070e-03	1.599994e-03	5.000000e-06	-5.000000e-06	-5.000000e-06	-1.599994e-03	3.984048e-16
1.852025443307374e-08	1.579648e-03	5.000000e-02	1.000000e-01	5.000000e-02	7.898227e-01	1.579587e-06	-1.339402e-06	0.000000e+00	6.055923e-08	0.000000e+00	1.579648e-03	1.579587e-03	1.579648e-03	5.000000e-06	-5.000000e-06	-5.000000e-06	-1.579648e-03	3.978310e-16
1.852042274739840e-08	1.566188e-03	5.000000e-02	1.000000e-01	5.000000e-02	7.830901e-01	1.566264e-06	-3.756667e-06	0.000000e+00	-7.639076e-08	0.000000e+00	1.566188e-03	1.566264e-03	1.566188e-03	5.000000e-06	-5.000000e-06	-5.000000e-06	-1.566188e-03	3.968698e-16
1.852060730847978e-08	1.551427e-03	5.000000e-02	1.000000e-01	5.000000e-02	7.757077e-01	1.551367e-06	-5.982774e-06	0.000000e+00	6.024751e-08	0.000000e+00	1.551427e-03	1.551367e-03	1.551427e-03	5.000000e-06	-5.000000e-06	-5.000000e-06	-1.551427e-03	3.953910e-16
1.852082623680413e-08	1.533917e-03	5.000000e-02	1.000000e-01	5.000000e-02	7.669505e-01	1.533993e-06	-8.147828e-06	0.000000e+00	-7.611898e-08	0.000000e+00	1.533917e-03	1.533994e-03	1.533917e-03	5.000000e-06	-5.000000e-06	-5.000000e-06	-1.533917e-03	3.931612e-16
1.852106047990891e-08	1.515182e-03	5.000000e-02	1.000000e-01	5.000000e-02	7.575808e-01	1.515122e-06	-1.000087e-05	0.000000e+00	6.000592e-08	0.000000e+00	1.515182e-03	1.515122e-03	1.515182e-03	5.000000e-06	-5.000000e-06	-5.000000e-06	-1.515182e-03	3.903114e-16
1.852131455115696e-08	1.494859e-03	5.000000e-02	1.000000e-01	5.000000e-02	7.474179e-01	1.494935e-06	-1.158256e-05	0.000000e+00	-7.589644e-08	0.000000e+00	1.494859e-03	1.494935e-03	1.494859e-03	5.000000e-06	-5.000000e-06	-5.000000e-06	-1.494859e-03	3.867923e-16
1.852158401915188e-08	1.473304e-03	5.000000e-02	1.000000e-01	5.000000e-02	7.366393e-01	1.473244e-06	-1.288212e-05	0.000000e+00	5.979766e-08	0.000000e+00	1.473304e-03	1.473244e-03	1.473304e-03	5.000000e-06	-5.000000e-06	-5.000000e-06	-1.473304e-03	3.826814e-16
1.852188040945521e-08	1.449595e-03	5.000000e-02	1.000000e-01	5.000000e-02	7.247836e-01	1.449671e-06	-1.396968e-05	0.000000e+00	-7.570476e-08	0.000000e+00	1.449595e-03	1.449671e-03	1.449595e-03	5.000000e-06	-5.000000e-06	-5.000000e-06	-1.449595e-03	3.778181e-16
1.852220124701991e-08	1.423930e-03	5.000000e-02	1.000000e-01	5.000000e-02	7.119501e-01	1.423870e-06	-1.484682e-05	0.000000e+00	5.962150e-08	0.000000e+00	1.423930e-03	1.423870e-03	1.423930e-03	5.000000e-06	-5.000000e-06	-5.000000e-06	-1.423930e-03	3.722532e-16
1.852255845695532e-08	1.395355e-03	5.000000e-02	1.000000e-01	5.000000e-02	6.976617e-01	1.395430e-06	-1.555786e-05	0.000000e+00	-7.554502e-08	0.000000e+00	1.395355e-03	1.395430e-03	1.395355e-03	5.000000e-06	-5.000000e-06	-5.000000e-06	-1.395355e-03	3.657919e-16
1.852295229645978e-08	1.363849e-03	5.000000e-02	1.000000e-01	5.000000e-02	6.819081e-01	1.363789e-06	-1.611516e-05	0.000000e+00	5.947702e-08	0.000000e+00	1.363849e-03	1.363789e-03	1.363849e-03	5.000000e-06	-5.000000e-06	-5.000000e-06	-1.363849e-03	3.584411e-16
1.852339850694594e-08	1.328153e-03	5.000000e-02	1.000000e-01	5.000000e-02	6.640597e-01	1.328228e-06	-1.655342e-05	0.000000e+00	-7.541617e-08	0.000000e+00	1.328153e-03	1.328228e-03	1.328153e-03	5.000000e-06	-5.000000e-06	-5.000000e-06	-1.328153e-03	3.499198e-16
1.852390318819137e-08	1.287779e-03	5.000000e-02	1.000000e-01	5.000000e-02	6.438725e-01	1.287719e-06	-1.689131e-05	0.000000e+00	5.936302e-08	0.000000e+00	1.287779e-03	1.287719e-03	1.287779e-03	5.000000e-06	-5.000000e-06	-5.000000e-06	-1.287779e-03	3.401237e-16
1.852449083042159e-08	1.240768e-03	5.000000e-02	1.000000e-01	5.000000e-02	6.203668e-01	1.240843e-06	-1.715770e-05	0.000000e+00	-7.531700e-08	0.000000e+00	1.240768e-03	1.240843e-03	1.240768e-03	5.000000e-06	-5.000000e-06	-5.000000e-06	-1.240768e-03	3.285905e-16
1.852518067655840e-08	1.185581e-03	5.000000e-02	1.000000e-01	5.000000e-02	5.927730e-01	1.185521e-06	-1.737419e-05	0.000000e+00	5.927811e-08	0.000000e+00	1.185581e-03	1.185521e-03	1.185581e-03	5.000000e-06	-5.000000e-06	-5.000000e-06	-1.185581e-03	3.149549e-16
1.852602026359578e-08	1.118414e-03	5.000000e-02	1.000000e-01	5.000000e-02	5.591894e-01	1.118489e-06	-1.756758e-05	0.000000e+00	-7.524597e-08	0.000000e+00	1.118414e-03	1.118489e-03	1.118414e-03	5.000000e-06	-5.000000e-06	-5.000000e-06	-1.118414e-03	2.982896e-16
1.852706714095736e-08	1.034664e-03	5.000000e-02	1.000000e-01	5.000000e-02	5.173144e-01	1.034605e-06	-1.776302e-05	0.000000e+00	5.922035e-08	0.000000e+00	1.034664e-03	1.034605e-03	1.034664e-03	5.000000e-06	-5.000000e-06	-5.000000e-06	-1.034664e-03	2.774637e-16
1.852844601893209e-08	9.243545e-04	5.000000e-02	1.000000e-01	5.000000e-02	4.621592e-01	9.244297e-07	-1.799346e-05	0.000000e+00	-7.520079e-08	0.000000e+00	9.243545e-04	9.244297e-04	9.243545e-04	5.000000e-06	-5.000000e-06	-5.000000e-06	-9.243545e-04	2.500065e-16
1.853037110769409e-08	7.703480e-04	5.000000e-02	1.000000e-01	5.000000e-02	3.851557e-01	7.702888e-07	-1.830327e-05	0.000000e+00	5.918689e-08	0.000000e+00	7.703480e-04	7.702888e-04	7.703480e-04	5.000000e-06	-5.000000e-06	-5.000000e-06	-7.703480e-04	2.116606e-16
1.853336583032558e-08	5.307712e-04	5.000000e-02	1.000000e-01	5.000000e-02	2.653668e-01	5.308463e-07	-1.878138e-05	0.000000e+00	-7.517786e-08	0.000000e+00	5.307712e-04	5.308463e-04	5.307712e-04	5.000000e-06	-5.000000e-06	-5.000000e-06	-5.307712e-04	1.520050e-16
1.853883369005098e-08	9.334410e-05	5.000000e-02	1.000000e-01	5.000000e-02	4.665240e-02	9.328493e-08	-1.965462e-05	0.000000e+00	5.917300e-08	0.000000e+00	9.334410e-05	9.328493e-05	9.334410e-05	5.000000e-06	-5.000000e-06	-5.000000e-06	-9.334410e-05	4.308393e-17
1.854000000000000e-08	3.968144e-08	5.000000e-02	1.000000e-01	5.000000e-02	0.000000e+00	1.148313e-10	-1.984072e-05	0.000000e+00	-7.514991e-08	0.000000e+00	3.968144e-08	1.148314e-07	3.968144e-08	5.000000e-06	-5.000000e-06	-5.000000e-06	-3.968144e-08	1.985075e-17
1.854016320435298e-08	-3.367476e-08	5.000000e-02	1.000000e-01	5.000000e-02	0.000000e+00	-4.128383e-11	-1.683738e-05	0.000000e+00	7.495859e-08	0.000000e+00	3.367476e-08	-4.128383e-08	3.367476e-08	5.000000e-06	-5.000000e-06	-5.000000e-06	-3.367476e-08	1.684576e-17
1.854029697271722e-08	2.943841e-08	5.000000e-02	1.000000e-01	5.000000e-02	0.000000e+00	1.041795e-10	-1.471921e-05	0.000000e+00	-7.474111e-08	0.000000e+00	2.943841e-08	1.041795e-07	2.943841e-08	5.000000e-06	-5.000000e-06	-5.000000e-06	-2.943841e-08	1.472667e-17
1.854048377749812e-08	2.439312e-08	5.000000e-02	1.000000e-01	5.000000e-02	0.000000e+00	-5.018273e-11	-1.219656e-05	0.000000e+00	7.457584e-08	0.000000e+00	2.439312e-08	-5.018272e-08	2.439312e-08	5.000000e-06	-5.000000e-06	-5.000000e-06	-2.439312e-08	1.220261e-17
1.854069522976231e-08	1.971330e-08	5.000000e-02	1.000000e-01	5.000000e-02	0.000000e+00	9.415262e-11	-9.856649e-06	0.000000e+00	-7.443933e-08	0.000000e+00	1.971330e-08	9.415263e-08	1.971330e-08	5.000000e-06	-5.000000e-06	-5.000000e-06	-1.971330e-08	9.861672e-18
1.854092557721309e-08	1.562886e-08	5.000000e-02	1.000000e-01	5.000000e-02	0.000000e+00	-5.867777e-11	-7.814430e-06	0.000000e+00	7.430663e-08	0.000000e+00	1.562886e-08	-5.867777e-08	1.562886e-08	5.000000e-06	-5.000000e-06	-5.000000e-06	-1.562886e-08	7.818279e-18
1.854116422530894e-08	1.228599e-08	5.000000e-02	1.000000e-01	5.000000e-02	0.000000e+00	8.647098e-11	-6.142996e-06	0.000000e+00	-7.418499e-08	0.000000e+00	1.228599e-08	8.647098e-08	1.228599e-08	5.000000e-06	-5.000000e-06	-5.000000e-06	-1.228599e-08	6.146153e-18
1.854142526222544e-08	9.440636e-09	5.000000e-02	1.000000e-01	5.000000e-02	0.000000e+00	-6.462858e-11	-4.720318e-06	0.000000e+00	7.406922e-08	0.000000e+00	9.440636e-09	-6.462859e-08	9.440636e-09	5.000000e-06	-5.000000e-06	-5.000000e-06	-9.440636e-09	4.722614e-18
1.854170357222427e-08	7.126825e-09	5.000000e-02	1.000000e-01	5.000000e-02	0.000000e+00	8.109133e-11	-3.563413e-06	0.000000e+00	-7.396450e-08	0.000000e+00	7.126825e-09	8.109133e-08	7.126825e-09	5.000000e-06	-5.000000e-06	-5.000000e-06	-7.126825e-09	3.565275e-18
1.854201151489902e-08	5.219488e-09	5.000000e-02	1.000000e-01	5.000000e-02	0.000000e+00	-6.864776e-11	-2.609744e-06	0.000000e+00	7.386725e-08	0.000000e+00	5.219488e-09	-6.864776e-08	5.219488e-09	5.000000e-06	-5.000000e-06	-5.000000e-06	-5.219488e-09	2.610981e-18
1.854234501812421e-08	3.722828e-09	5.000000e-02	1.000000e-01	5.000000e-02	0.000000e+00	7.750244e-11	-1.861414e-06	0.000000e+00	-7.377960e-08	0.000000e+00	3.722828e-09	7.750243e-08	3.722828e-09	5.000000e-06	-5.000000e-06	-5.000000e-06	-3.722828e-09	1.862422e-18
1.854271820466823e-08	2.548786e-09	5.000000e-02	1.000000e-01	5.000000e-02	0.000000e+00	-7.115115e-11	-1.274393e-06	0.000000e+00	7.369994e-08	0.000000e+00	2.548786e-09	-7.115115e-08	2.548786e-09	5.000000e-06	-5.000000e-06	-5.000000e-06	-2.548786e-09	1.274959e-18
1.854313073568925e-08	1.674354e-09	5.000000e-02	1.000000e-01	5.000000e-02	0.000000e+00	7.530329e-11	-8.371771e-07	0.000000e+00	-7.362893e-08	0.000000e+00	1.674354e-09	7.530329e-08	1.674354e-09	5.000000e-06	-5.000000e-06	-5.000000e-06	-1.674354e-09	8.376710e-19
1.854360120077289e-08	1.035072e-09	5.000000e-02	1.000000e-01	5.000000e-02	0.000000e+00	-7.253102e-11	-5.175361e-07	0.000000e+00	7.356609e-08	0.000000e+00	1.035072e-09	-7.253102e-08	1.035072e-09	5.000000e-06	-5.000000e-06	-5.000000e-06	-1.035072e-09	5.177224e-19
1.854413594031572e-08	5.969086e-10	5.000000e-02	1.000000e-01	5.000000e-02	0.000000e+00	7.410815e-11	-2.984543e-07	0.000000e+00	-7.351125e-08	0.000000e+00	5.969086e-10	7.410815e-08	5.969086e-10	5.000000e-06	-5.000000e-06	-5.000000e-06	-5.969086e-10	2.986777e-19
1.854476411892723e-08	3.110303e-10	5.000000e-02	1.000000e-01	5.000000e-02	0.000000e+00	-7.315333e-11	-1.555152e-07	0.000000e+00	7.346436e-08	0.000000e+00	3.110303e-10	-7.315333e-08	3.110303e-10	5.000000e-06	-5.000000e-06	-5.000000e-06	-3.110303e-10	1.555198e-19
1.854550803123223e-08	1.417375e-10	5.000000e-02	1.000000e-01	5.000000e-02	0.000000e+00	7.356665e-11	-7.086874e-08	0.000000e+00	-7.342491e-08	0.000000e+00	1.417375e-10	7.356665e-08	1.417375e-10	5.000000e-06	-5.000000e-06	-5.000000e-06	-1.417375e-10	7.097774e-20
1.854642596640843e-08	5.254805e-11	5.000000e-02	1.000000e-01	5.000000e-02	0.000000e+00	-7.334035e-11	-2.627403e-08	0.000000e+00	7.339290e-08	0.000000e+00	5.254805e-11	-7.334036e-08	5.254805e-11	5.000000e-06	-5.000000e-06	-5.000000e-06	-5.254805e-11	2.621382e-20
1.854758951204358e-08	1.362328e-11	5.000000e-02	1.000000e-01	5.000000e-02	0.000000e+00	7.338131e-11	-6.811639e-09	0.000000e+00	-7.336769e-08	0.000000e+00	1.362328e-11	7.338131e-08	1.362328e-11	5.000000e-06	-5.000000e-06	-5.000000e-06	-1.362328e-11	6.888427e-21
1.854916123555956e-08	1.774028e-12	5.000000e-02	1.000000e-01	5.000000e-02	0.000000e+00	-7.334724e-11	-8.870138e-10	0.000000e+00	7.334901e-08	0.000000e+00	1.774028e-12	-7.334724e-08	1.774028e-12	5.000000e-06	-5.000000e-06	-5.000000e-06	-1.774028e-12	8.141101e-22
1.855143501672256e-08	-2.536823e-13	5.000000e-02	1.000000e-01	5.000000e-02	0.000000e+00	7.333586e-11	1.268412e-10	0.000000e+00	-7.333611e-08	0.000000e+00	-2.536823e-13	7.333586e-08	-2.536823e-13	5.000000e-06	-5.000000e-06	-5.000000e-06	2.536823e-13	-5.356872e-23
1.855518813164958e-08	-1.793836e-13	5.000000e-02	1.000000e-01	5.000000e-02	0.000000e+00	-7.332811e-11	-8.969182e-11	0.000000e+00	7.332829e-08	0.000000e+00	1.793836e-13	-7.332812e-08	1.793836e-13	5.000000e-06	-5.000000e-06	-5.000000e-06	-1.793836e-13	1.640855e-23
1.856269436150361e-08	-1.656121e-13	5.000000e-02	1.000000e-01	5.000000e-02	0.000000e+00	7.332422e-11	8.280606e-11	0.000000e+00	-7.332439e-08	0.000000e+00	-1.656121e-13	7.332422e-08	-1.656121e-13	5.000000e-06	-5.000000e-06	-5.000000e-06	1.656121e-13	-9.523242e-24
1.857770682121167e-08	-1.611460e-13	5.000000e-02	1.000000e-01	5.000000e-02	0.000000e+00	-7.332227e-11	-8.057300e-11	0.000000e+00	7.332243e-08	0.000000e+00	1.611460e-13	-7.332228e-08	1.611460e-13	5.000000e-06	-5.000000e-06	-5.000000e-06	-1.611460e-13	7.291015e-24
1.859723807121167e-08	-1.584439e-13	5.000000e-02	1.000000e-01	5.000000e-02	0.000000e+00	7.332077e-11	7.922197e-11	0.000000e+00	-7.332093e-08	0.000000e+00	-1.584439e-13	7.332078e-08	-1.584439e-13	5.000000e-06	-5.000000e-06	-5.000000e-06	1.584439e-13	-5.940802e-24
1.861676932121167e-08	-1.562417e-13	5.000000e-02	1.000000e-01	5.000000e-02	0.000000e+00	-7.331927e-11	-7.812085e-11	0.000000e+00	7.331943e-08	0.000000e+00	1.562417e-13	-7.331928e-08	1.562417e-13	5.000000e-06	-5.000000e-06	-5.000000e-06	-1.562417e-13	4.840633e-24
1.863630057121167e-08	-1.544467e-13	5.000000e-02	1.000000e-01	5.000000e-02	0.000000e+00	7.331778e-11	7.722337e-11	0.000000e+00	-7.331793e-08	0.000000e+00	-1.544467e-13	7.331778e-08	-1.544467e-13	5.000000e-06	-5.000000e-06	-5.000000e-06	1.544467e-13	-3.944203e-24
1.865583182121167e-08	-1.529836e-13	5.000000e-02	1.000000e-01	5.000000e-02	0.000000e+00	-7.331628e-11	-7.649181e-11	0.000000e+00	7.331643e-08	0.000000e+00	1.529836e-13	-7.331628e-08	1.529836e-13	5.000000e-06	-5.000000e-06	-5.000000e-06	-1.529836e-13	3.213781e-24
1.867536307121167e-08	-1.517909e-13	5.000000e-02	1.000000e-01	5.000000e-02	0.000000e+00	7.331478e-11	7.589546e-11	0.000000e+00	-7.331493e-08	0.000000e+00	-1.517909e-13	7.331477e-08	-1.517909e-13	5.000000e-06	-5.000000e-06	-5.000000e-06	1.517909e-13	-2.618625e-24
1.869489432121167e-08	-1.508185e-13	5.000000e-02	1.000000e-01	5.000000e-02	0.000000e+00	-7.331327e-11	-7.540926e-11	0.000000e+00	7.331342e-08	0.000000e+00	1.508185e-13	-7.331327e-08	1.508185e-13	5.000000e-06	-5.000000e-06	-5.000000e-06	-1.508185e-13	2.133685e-24
1.871442557121167e-08	-1.500256e-13	5.000000e-02	1.000000e-01	5.000000e-02	0.000000e+00	7.331177e-11	7.501282e-11	0.000000e+00	-7.331192e-08	0.000000e+00	-1.500256e-13	7.331177e-08	-1.500256e-13	5.000000e-06	-5.000000e-06	-5.000000e-06	1.500256e-13	-1.738551e-24
1.873395682121167e-08	-1.493790e-13	5.000000e-02	1.000000e-01	5.000000e-02	0.000000e+00	-7.331027e-11	-7.468952e-11	0.000000e+00	7.331042e-08	0.000000e+00	1.493790e-13	-7.331028e-08	1.493790e-13	5.000000e-06	-5.000000e-06	-5.000000e-06	-1.493790e-13	1.416590e-24
1.875348807121167e-08	-1.488516e-13	5.000000e-02	1.000000e-01	5.000000e-02	0.000000e+00	7.330878e-11	7.442581e-11	0.000000e+00	-7.330893e-08	0.000000e+00	-1.488516e-13	7.330878e-08	-1.488516e-13	5.000000e-06	-5.000000e-06	-5.000000e-06	1.488516e-13	-1.154253e-24
1.877301932121167e-08	-1.484213e-13	5.000000e-02	1.000000e-01	5.000000e-02	0.000000e+00	-7.330727e-11	-7.421067e-11	0.000000e+00	7.330742e-08	0.000000e+00	1.484213e-13	-7.330727e-08	1.484213e-13	5.000000e-06	-5.000000e-06	-5.000000e-06	-1.484213e-13	9.404984e-25
1.879255057121167e-08	-1.480702e-13	5.000000e-02	1.000000e-01	5.000000e-02	0.000000e+00	7.330577e-11	7.403508e-11	0.000000e+00	-7.330592e-08	0.000000e+00	-1.480702e-13	7.330577e-08	-1.480702e-13	5.000000e-06	-5.000000e-06	-5.000000e-06	1.480702e-13	-7.663282e-25
1.881208182121167e-08	-1.477835e-13	5.000000e-02	1.000000e-01	5.000000e-02	0.000000e+00	-7.330427e-11	-7.389174e-11	0.000000e+00	7.330442e-08	0.000000e+00	1.477835e-13	-7.330427e-08	1.477835e-13	5.000000e-06	-5.000000e-06	-5.000000e-06	-1.477835e-13	6.244124e-25
1.883161307121167e-08	-1.475493e-13	5.000000e-02	1.000000e-01	5.000000e-02	0.000000e+00	7.330277e-11	7.377466e-11	0.000000e+00	-7.330291e-08	0.000000e+00	-1.475493e-13	7.330277e-08	-1.475493e-13	5.000000e-06	-5.000000e-06	-5.000000e-06	1.475493e-13	-5.087777e-25
1.885114432121167e-08	-1.473580e-13	5.000000e-02	1.000000e-01	5.000000e-02	0.000000e+00	-7.330127e-11	-7.367899e-11	0.000000e+00	7.330141e-08	0.000000e+00	1.473580e-13	-7.330127e-08	1.473580e-13	5.000000e-06	-5.000000e-06	-5.000000e-06	-1.473580e-13	4.145573e-25
1.887067557121167e-08	-1.472015e-13	5.000000e-02	1.000000e-01	5.000000e-02	0.000000e+00	7.329977e-11	7.360075e-11	0.000000e+00	-7.329992e-08	0.000000e+00	-1.472015e-13	7.329977e-08	-1.472015e-13	5.000000e-06	-5.000000e-06	-5.000000e-06	1.472015e-13	-3.377853e-25
1.889020682121167e-08	-1.470735e-13	5.000000e-02	1.000000e-01	5.000000e-02	0.000000e+00	-7.329826e-11	-7.353673e-11	0.000000e+00	7.329842e-08	0.000000e+00	1.470735e-13	-7.329827e-08	1.470735e-13	5.000000e-06	-5.000000e-06	-5.000000e-06	-1.470735e-13	2.752307e-25
1.890973807121167e-08	-1.469686e-13	5.000000e-02	1.000000e-01	5.000000e-02	0.000000e+00	7.329676e-11	7.348428e-11	0.000000e+00	-7.329691e-08	0.000000e+00	-1.469686e-13	7.329677e-08	-1.469686e-13	5.000000e-06	-5.000000e-06	-5.000000e-06	1.469686e-13	-2.242605e-25
1.892926932121167e-08	-1.468825e-13	5.000000e-02	1.000000e-01	5.000000e-02	0.000000e+00	-7.329527e-11	-7.344127e-11	0.000000e+00	7.329541e-08	0.000000e+00	1.468825e-13	-7.329526e-08	1.468825e-13	5.000000e-06	-5.000000e-06	-5.000000e-06	-1.468825e-13	1.827293e-25
1.894880057121167e-08	-1.468119e-13	5.000000e-02	1.000000e-01	5.000000e-02	0.000000e+00	7.329376e-11	7.340595e-11	0.000000e+00	-7.329391e-08	0.000000e+00	-1.468119e-13	7.329376e-08	-1.468119e-13	5.000000e-06	-5.000000e-06	-5.000000e-06	1.468119e-13	-1.488893e-25
1.896833182121167e-08	-1.467538e-13	5.000000e-02	1.000000e-01	5.000000e-02	0.000000e+00	-7.329226e-11	-7.337689e-11	0.000000e+00	7.329241e-08	0.000000e+00	1.467538e-13	-7.329226e-08	1.467538e-13	5.000000e-06	-5.000000e-06	-5.000000e-06	-1.467538e-13	1.213160e-25
1.898786307121166e-08	-1.467059e-13	5.000000e-02	1.000000e-01	5.000000e-02	0.000000e+00	7.329076e-11	7.335293e-11	0.000000e+00	-7.329091e-08	0.000000e+00	-1.467059e-13	7.329076e-08	-1.467059e-13	5.000000e-06	-5.000000e-06	-5.000000e-06	1.467059e-13	-9.884902e-26
1.900000000000000e-08	-1.465494e-13	5.000000e-02	1.000000e-01	5.000000e-02	0.000000e+00	-7.328835e-11	-7.332263e-11	0.000000e+00	7.328849e-08	0.000000e+00	1.465494e-13	-7.328835e-08	1.465494e-13	5.000000e-06	-5.000000e-06	-5.000000e-06	-1.465494e-13	7.095962e-26
1.900033199891536e-08	2.654847e-05	5.000000e-02	1.000000e-01	5.000000e-02	1.327996e-02	2.660569e-08	5.719357e-06	0.000000e+00	-5.721677e-08	0.000000e+00	2.654847e-05	2.660569e-05	2.654847e-05	5.000000e-06	-5.000000e-06	-5.000000e-06	-2.654847e-05	9.443668e-19
1.900060873057483e-08	4.868001e-05	5.000000e-02	1.000000e-01	5.000000e-02	2.434922e-02	4.860689e-08	9.219767e-06	0.000000e+00	7.311751e-08	0.000000e+00	4.868001e-05	4.860689e-05	4.868001e-05	5.000000e-06	-5.000000e-06	-5.000000e-06	-4.868001e-05	2.998842e-18
1.900077309125289e-08	6.182554e-05	5.000000e-02	1.000000e-01	5.000000e-02	3.092365e-02	6.188250e-08	1.087927e-05	0.000000e+00	-5.696326e-08	0.000000e+00	6.182554e-05	6.188251e-05	6.182554e-05	5.000000e-06	-5.000000e-06	-5.000000e-06	-6.182554e-05	4.638997e-18
1.900099160312775e-08	7.930283e-05	5.000000e-02	1.000000e-01	5.000000e-02	3.966413e-02	7.922999e-08	1.270934e-05	0.000000e+00	7.284110e-08	0.000000e+00	7.930283e-05	7.922999e-05	7.930283e-05	5.000000e-06	-5.000000e-06	-5.000000e-06	-7.930283e-05	7.195603e-18
1.900122793522920e-08	9.820623e-05	5.000000e-02	1.000000e-01	5.000000e-02	4.911741e-02	9.826297e-08	1.429276e-05	0.000000e+00	-5.673413e-08	0.000000e+00	9.820623e-05	9.826296e-05	9.820623e-05	5.000000e-06	-5.000000e-06	-5.000000e-06	-9.820623e-05	1.035706e-17
1.900150691455328e-08	1.205217e-04	5.000000e-02	1.000000e-01	5.000000e-02	6.027658e-02	1.204490e-07	1.574783e-05	0.000000e+00	7.263930e-08	0.000000e+00	1.205217e-04	1.204490e-04	1.205217e-04	5.000000e-06	-5.000000e-06	-5.000000e-06	-1.205217e-04	1.450304e-17
1.900178653998843e-08	1.428895e-04	5.000000e-02	1.000000e-01	5.000000e-02	7.146160e-02	1.429460e-07	1.685900e-05	0.000000e+00	-5.654848e-08	0.000000e+00	1.428895e-04	1.429460e-04	1.428895e-04	5.000000e-06	-5.000000e-06	-5.000000e-06	-1.428895e-04	1.900632e-17
1.900210958078799e-08	1.687308e-04	5.000000e-02	1.000000e-01	5.000000e-02	8.438323e-02	1.686583e-07	1.782184e-05	0.000000e+00	7.246742e-08	0.000000e+00	1.687308e-04	1.686584e-04	1.687308e-04	5.000000e-06	-5.000000e-06	-5.000000e-06	-1.687308e-04	2.452952e-17
1.900244603560563e-08	1.956457e-04	5.000000e-02	1.000000e-01	5.000000e-02	9.784143e-02	1.957021e-07	1.855619e-05	0.000000e+00	-5.639169e-08	0.000000e+00	1.956457e-04	1.957021e-04	1.956457e-04	5.000000e-06	-5.000000e-06	-5.000000e-06	-1.956457e-04	3.055095e-17
1.900283814840339e-08	2.270135e-04	5.000000e-02	1.000000e-01	5.000000e-02	1.135259e-01	2.269412e-07	1.916949e-05	0.000000e+00	7.232541e-08	0.000000e+00	2.270135e-04	2.269412e-04	2.270135e-04	5.000000e-06	-5.000000e-06	-5.000000e-06	-2.270135e-04	3.781083e-17
1.900325905094934e-08	2.606848e-04	5.000000e-02	1.000000e-01	5.000000e-02	1.303620e-01	2.607411e-07	1.962895e-05	0.000000e+00	-5.626475e-08	0.000000e+00	2.606848e-04	2.607411e-04	2.606848e-04	5.000000e-06	-5.000000e-06	-5.000000e-06	-2.606848e-04	4.580300e-17
1.900375526987582e-08	3.003816e-04	5.000000e-02	1.000000e-01	5.000000e-02	1.502108e-01	3.003094e-07	2.000002e-05	0.000000e+00	7.221266e-08	0.000000e+00	3.003816e-04	3.003094e-04	3.003816e-04	5.000000e-06	-5.000000e-06	-5.000000e-06	-3.003816e-04	5.539568e-17
1.900430732057694e-08	3.445451e-04	5.000000e-02	1.000000e-01	5.000000e-02	1.722928e-01	3.446013e-07	2.027933e-05	0.000000e+00	-5.616636e-08	0.000000e+00	3.445451e-04	3.446013e-04	3.445451e-04	5.000000e-06	-5.000000e-06	-5.000000e-06	-3.445451e-04	6.620154e-17
1.900497529842397e-08	3.979829e-04	5.000000e-02	1.000000e-01	5.000000e-02	1.990119e-01	3.979107e-07	2.051104e-05	0.000000e+00	7.212780e-08	0.000000e+00	3.979829e-04	3.979107e-04	3.979829e-04	5.000000e-06	-5.000000e-06	-5.000000e-06	-3.979829e-04	7.938258e-17
1.900575591264133e-08	4.604316e-04	5.000000e-02	1.000000e-01	5.000000e-02	2.302365e-01	4.604877e-07	2.070569e-05	0.000000e+00	-5.609505e-08	0.000000e+00	4.604316e-04	4.604877e-04	4.604316e-04	5.000000e-06	-5.000000e-06	-5.000000e-06	-4.604316e-04	9.486269e-17
1.900674786103492e-08	5.397871e-04	5.000000e-02	1.000000e-01	5.000000e-02	2.699144e-01	5.397150e-07	2.090003e-05	0.000000e+00	7.206913e-08	0.000000e+00	5.397871e-04	5.397150e-04	5.397871e-04	5.000000e-06	-5.000000e-06	-5.000000e-06	-5.397871e-04	1.145865e-16
1.900800123100753e-08	6.400563e-04	5.000000e-02	1.000000e-01	5.000000e-02	3.200492e-01	6.401123e-07	2.111435e-05	0.000000e+00	-5.604876e-08	0.000000e+00	6.400563e-04	6.401123e-04	6.400563e-04	5.000000e-06	-5.000000e-06	-5.000000e-06	-6.400563e-04	1.395398e-16
1.900975683486605e-08	7.805040e-04	5.000000e-02	1.000000e-01	5.000000e-02	3.902734e-01	7.804319e-07	2.139844e-05	0.000000e+00	7.203410e-08	0.000000e+00	7.805040e-04	7.804320e-04	7.805040e-04	5.000000e-06	-5.000000e-06	-5.000000e-06	-7.805040e-04	1.745080e-16
1.901233740460949e-08	9.869487e-04	5.000000e-02	1.000000e-01	5.000000e-02	4.934962e-01	9.870048e-07	2.181093e-05	0.000000e+00	-5.602424e-08	0.000000e+00	9.869487e-04	9.870047e-04	9.869487e-04	5.000000e-06	-5.000000e-06	-5.000000e-06	-9.869487e-04	2.259133e-16
1.901688964188078e-08	1.351126e-03	5.000000e-02	1.000000e-01	5.000000e-02	6.755857e-01	1.351054e-06	2.253766e-05	0.000000e+00	7.201855e-08	0.000000e+00	1.351126e-03	1.351054e-03	1.351126e-03	5.000000e-06	-5.000000e-06	-5.000000e-06	-1.351126e-03	3.165950e-16
1.902000000000000e-08	1.599954e-03	5.000000e-02	1.000000e-01	5.000000e-02	8.000000e-01	1.600010e-06	2.303447e-05	0.000000e+00	-5.601039e-08	0.000000e+00	1.599954e-03	1.600010e-03	1.599954e-03	5.000000e-06	-5.000000e-06	-5.000000e-06	-1.599954e-03	3.785540e-16
1.902018201247368e-08	1.599961e-03	5.000000e-02	1.000000e-01	5.000000e-02	8.000000e-01	1.599905e-06	1.971370e-05	0.000000e+00	5.589472e-08	0.000000e+00	1.599961e-03	1.599905e-03	1.599961e-03	5.000000e-06	-5.000000e-06	-5.000000e-06	-1.599961e-03	3.818763e-16
1.902036451258968e-08	1.599966e-03	5.000000e-02	1.000000e-01	5.000000e-02	8.000000e-01	1.600022e-06	1.694213e-05	0.000000e+00	-5.576628e-08	0.000000e+00	1.599966e-03	1.600022e-03	1.599966e-03	5.000000e-06	-5.000000e-06	-5.000000e-06	-1.599966e-03	3.846494e-16
1.902055944094610e-08	1.599971e-03	5.000000e-02	1.000000e-01	5.000000e-02	8.000000e-01	1.599915e-06	1.449227e-05	0.000000e+00	5.565698e-08	0.000000e+00	1.599971e-03	1.599915e-03	1.599971e-03	5.000000e-06	-5.000000e-06	-5.000000e-06	-1.599971e-03	3.871004e-16
1.902077773364536e-08	1.599976e-03	5.000000e-02	1.000000e-01	5.000000e-02	8.000000e-01	1.600031e-06	1.226165e-05	0.000000e+00	-5.555101e-08	0.000000e+00	1.599976e-03	1.600031e-03	1.599976e-03	5.000000e-06	-5.000000e-06	-5.000000e-06	-1.599976e-03	3.893322e-16
1.902100584295150e-08	1.599979e-03	5.000000e-02	1.000000e-01	5.000000e-02	8.000000e-01	1.599924e-06	1.039899e-05	0.000000e+00	5.545694e-08	0.000000e+00	1.599979e-03	1.599924e-03	1.599979e-03	5.000000e-06	-5.000000e-06	-5.000000e-06	-1.599979e-03	3.911957e-16
1.902125545533200e-08	1.599982e-03	5.000000e-02	1.000000e-01	5.000000e-02	8.000000e-01	1.600038e-06	8.795124e-06	0.000000e+00	-5.536558e-08	0.000000e+00	1.599982e-03	1.600038e-03	1.599982e-03	5.000000e-06	-5.000000e-06	-5.000000e-06	-1.599982e-03	3.928005e-16
1.902151942647103e-08	1.599985e-03	5.000000e-02	1.000000e-01	5.000000e-02	8.000000e-01	1.599930e-06	7.484756e-06	0.000000e+00	5.528373e-08	0.000000e+00	1.599985e-03	1.599930e-03	1.599985e-03	5.000000e-06	-5.000000e-06	-5.000000e-06	-1.599985e-03	3.941114e-16
1.902181081607385e-08	1.599987e-03	5.000000e-02	1.000000e-01	5.000000e-02	8.000000e-01	1.600042e-06	6.390134e-06	0.000000e+00	-5.520639e-08	0.000000e+00	1.599987e-03	1.600042e-03	1.599987e-03	5.000000e-06	-5.000000e-06	-5.000000e-06	-1.599987e-03	3.952067e-16
1.902212431642827e-08	1.599989e-03	5.000000e-02	1.000000e-01	5.000000e-02	8.000000e-01	1.599934e-06	5.521103e-06	0.000000e+00	5.513710e-08	0.000000e+00	1.599989e-03	1.599934e-03	1.599989e-03	5.000000e-06	-5.000000e-06	-5.000000e-06	-1.599989e-03	3.960761e-16
1.902247390219344e-08	1.599990e-03	5.000000e-02	1.000000e-01	5.000000e-02	8.000000e-01	1.600045e-06	4.826538e-06	0.000000e+00	-5.507325e-08	0.000000e+00	1.599990e-03	1.600045e-03	1.599990e-03	5.000000e-06	-5.000000e-06	-5.000000e-06	-1.599990e-03	3.967711e-16
1.902285725054700e-08	1.599991e-03	5.000000e-02	1.000000e-01	5.000000e-02	8.000000e-01	1.599936e-06	4.299609e-06	0.000000e+00	5.501637e-08	0.000000e+00	1.599991e-03	1.599936e-03	1.599991e-03	5.000000e-06	-5.000000e-06	-5.000000e-06	-1.599991e-03	3.972982e-16
1.902329168352836e-08	1.599992e-03	5.000000e-02	1.000000e-01	5.000000e-02	8.000000e-01	1.600047e-06	3.903827e-06	0.000000e+00	-5.496537e-08	0.000000e+00	1.599992e-03	1.600047e-03	1.599992e-03	5.000000e-06	-5.000000e-06	-5.000000e-06	-1.599992e-03	3.976943e-16
1.902378021735496e-08	1.599993e-03	5.000000e-02	1.000000e-01	5.000000e-02	8.000000e-01	1.599938e-06	3.624105e-06	0.000000e+00	5.492062e-08	0.000000e+00	1.599993e-03	1.599938e-03	1.599993e-03	5.000000e-06	-5.000000e-06	-5.000000e-06	-1.599993e-03	3.979740e-16
1.902434808719898e-08	1.599993e-03	5.000000e-02	1.000000e-01	5.000000e-02	8.000000e-01	1.600048e-06	3.433270e-06	0.000000e+00	-5.488181e-08	0.000000e+00	1.599993e-03	1.600048e-03	1.599993e-03	5.000000e-06	-5.000000e-06	-5.000000e-06	-1.599993e-03	3.981651e-16
1.902501002746348e-08	1.599993e-03	5.000000e-02	1.000000e-01	5.000000e-02	8.000000e-01	1.599939e-06	3.313684e-06	0.000000e+00	5.484873e-08	0.000000e+00	1.599993e-03	1.599938e-03	1.599993e-03	5.000000e-06	-5.000000e-06	-5.000000e-06	-1.599993e-03	3.982846e-16
1.902581188669912e-08	1.599994e-03	5.000000e-02	1.000000e-01	5.000000e-02	8.000000e-01	1.600048e-06	3.244865e-06	0.000000e+00	-5.482134e-08	0.000000e+00	1.599994e-03	1.600048e-03	1.599994e-03	5.000000e-06	-5.000000e-06	-5.000000e-06	-1.599994e-03	3.983536e-16
1.902680143769309e-08	1.599994e-03	5.000000e-02	1.000000e-01	5.000000e-02	8.000000e-01	1.599939e-06	3.210783e-06	0.000000e+00	5.479920e-08	0.000000e+00	1.599994e-03	1.599939e-03	1.599994e-03	5.000000e-06	-5.000000e-06	-5.000000e-06	-1.599994e-03	3.983875e-16
1.902809106853858e-08	1.599994e-03	5.000000e-02	1.000000e-01	5.000000e-02	8.000000e-01	1.600048e-06	3.197358e-06	0.000000e+00	-5.478220e-08	0.000000e+00	1.599994e-03	1.600048e-03	1.599994e-03	5.000000e-06	-5.000000e-06	-5.000000e-06	-1.599994e-03	3.984011e-16
1.902985767944049e-08	1.599994e-03	5.000000e-02	1.000000e-01	5.000000e-02	8.000000e-01	1.599939e-06	3.193780e-06	0.000000e+00	5.476980e-08	0.000000e+00	1.599994e-03	1.599939e-03	1.599994e-03	5.000000e-06	-5.000000e-06	-5.000000e-06	-1.599994e-03	3.984046e-16
1.903253449655900e-08	1.599994e-03	5.000000e-02	1.000000e-01	5.000000e-02	8.000000e-01	1.600048e-06	3.193635e-06	0.000000e+00	-5.476161e-08	0.000000e+00	1.599994e-03	1.600048e-03	1.599994e-03	5.000000e-06	-5.000000e-06	-5.000000e-06	-1.599994e-03	3.984048e-16
1.903718950946349e-08	1.599994e-03	5.000000e-02	1.000000e-01	5.000000e-02	8.000000e-01	1.599939e-06	3.193571e-06	0.000000e+00	5.475691e-08	0.000000e+00	1.599994e-03	1.599939e-03	1.599994e-03	5.000000e-06	-5.000000e-06	-5.000000e-06	-1.599994e-03	3.984048e-16
1.904649953527247e-08	1.599994e-03	5.000000e-02	1.000000e-01	5.000000e-02	8.000000e-01	1.600048e-06	3.193659e-06	0.000000e+00	-5.475455e-08	0.000000e+00	1.599994e-03	1.600048e-03	1.599994e-03	5.000000e-06	-5.000000e-06	-5.000000e-06	-1.599994e-03	3.984048e-16
1.906511958689043e-08	1.599994e-03	5.000000e-02	1.000000e-01	5.000000e-02	8.000000e-01	1.599939e-06	3.193565e-06	0.000000e+00	5.475338e-08	0.000000e+00	1.599994e-03	1.599939e-03	1.599994e-03	5.000000e-06	-5.000000e-06	-5.000000e-06	-1.599994e-03	3.984048e-16
1.908465083689043e-08	1.599994e-03	5.000000e-02	1.000000e-01	5.000000e-02	8.000000e-01	1.600048e-06	3.193662e-06	0.000000e+00	-5.475226e-08	0.000000e+00	1.599994e-03	1.600048e-03	1.599994e-03	5.000000e-06	-5.000000e-06	-5.000000e-06	-1.599994e-03	3.984048e-16
1.910418208689043e-08	1.599994e-03	5.000000e-02	1.000000e-01	5.000000e-02	8.000000e-01	1.599939e-06	3.193563e-06	0.000000e+00	5.475114e-08	0.000000e+00	1.599994e-03	1.599939e-03	1.599994e-03	5.000000e-06	-5.000000e-06	-5.000000e-06	-1.599994e-03	3.984048e-16
1.912371333689042e-08	1.599994e-03	5.000000e-02	1.000000e-01	5.000000e-02	8.000000e-01	1.600048e-06	3.193664e-06	0.000000e+00	-5.475001e-08	0.000000e+00	1.599994e-03	1.600048e-03	1.599994e-03	5.000000e-06	-5.000000e-06	-5.000000e-06	-1.599994e-03	3.984048e-16
1.914324458689042e-08	1.599994e-03	5.000000e-02	1.000000e-01	5.000000e-02	8.000000e-01	1.599939e-06	3.193561e-06	0.000000e+00	5.474890e-08	0.000000e+00	1.599994e-03	1.599939e-03	1.599994e-03	5.000000e-06	-5.000000e-06	-5.000000e-06	-1.599994e-03	3.984048e-16
1.916277583689042e-08	1.599994e-03	5.000000e-02	1.000000e-01	5.000000e-02	8.000000e-01	1.600048e-06	3.193665e-06	0.000000e+00	-5.474777e-08	0.000000e+00	1.599994e-03	1.600048e-03	1.599994e-03	5.000000e-06	-5.000000e-06	-5.000000e-06	-1.599994e-03	3.984048e-16
1.918230708689042e-08	1.599994e-03	5.000000e-02	1.000000e-01	5.000000e-02	8.000000e-01	1.599939e-06	3.193560e-06	0.000000e+00	5.474665e-08	0.000000e+00	1.599994e-03	1.599939e-03	1.599994e-03	5.000000e-06	-5.000000e-06	-5.000000e-06	-1.599994e-03	3.984048e-16
1.920183833689042e-08	1.599994e-03	5.000000e-02	1.000000e-01	5.000000e-02	8.000000e-01	1.600048e-06	3.193666e-06	0.000000e+00	-5.474553e-08	0.000000e+00	1.599994e-03	1.600048e-03	1.599994e-03	5.000000e-06	-5.000000e-06	-5.000000e-06	-1.599994e-03	3.984048e-16
1.922136958689042e-08	1.599994e-03	5.000000e-02	1.000000e-01	5.000000e-02	8.000000e-01	1.599939e-06	3.193559e-06	0.000000e+00	5.474441e-08	0.000000e+00	1.599994e-03	1.599939e-03	1.599994e-03	5.000000e-06	-5.000000e-06	-5.000000e-06	-1.599994e-03	3.984048e-16
1.924090083689042e-08	1.599994e-03	5.000000e-02	1.000000e-01	5.000000e-02	8.000000e-01	1.600048e-06	3.193666e-06	0.000000e+00	-5.474329e-08	0.000000e+00	1.599994e-03	1.600048e-03	1.599994e-03	5.000000e-06	-5.000000e-06	-5.000000e-06	-1.599994e-03	3.984048e-16
1.926043208689042e-08	1.599994e-03	5.000000e-02	1.000000e-01	5.000000e-02	8.000000e-01	1.599939e-06	3.193559e-06	0.000000e+00	5.474217e-08	0.000000e+00	1.599994e-03	1.599939e-03	1.599994e-03	5.000000e-06	-5.000000e-06	-5.000000e-06	-1.599994e-03	3.984048e-16
1.927996333689042e-08	1.599994e-03	5.000000e-02	1.000000e-01	5.000000e-02	8.000000e-01	1.600048e-06	3.193667e-06	0.000000e+00	-5.474105e-08	0.000000e+00	1.599994e-03	1.600048e-03	1.599994e-03	5.000000e-06	-5.000000e-06	-5.000000e-06	-1.599994e-03	3.984048e-16
1.929949458689042e-08	1.599994e-03	5.000000e-02	1.000000e-01	5.000000e-02	8.000000e-01	1.599939e-06	3.193559e-06	0.000000e+00	5.473992e-08	0.000000e+00	1.599994e-03	1.599939e-03	1.599994e-03	5.000000e-06	-5.000000e-06	-5.000000e-06	-1.599994e-03	3.984048e-16
1.931902583689042e-08	1.599994e-03	5.000000e-02	1.000000e-01	5.000000e-02	8.000000e-01	1.600048e-06	3.193667e-06	0.000000e+00	-5.473881e-08	0.000000e+00	1.599994e-03	1.600048e-03	1.599994e-03	5.000000e-06	-5.000000e-06	-5.000000e-06	-1.599994e-03	3.984048e-16
1.933855708689042e-08	1.599994e-03	5.000000e-02	1.000000e-01	5.000000e-02	8.000000e-01	1.599939e-06	3.193558e-06	0.000000e+00	5.473768e-08	0.000000e+00	1.599994e-03	1.599939e-03	1.599994e-03	5.000000e-06	-5.000000e-06	-5.000000e-06	-1.599994e-03	3.984048e-16
1.935808833689042e-08	1.599994e-03	5.000000e-02	1.000000e-01	5.000000e-02	8.000000e-01	1.600048e-06	3.193667e-06	0.000000e+00	-5.473656e-08	0.000000e+00	1.599994e-03	1.600048e-03	1.599994e-03	5.000000e-06	-5.000000e-06	-5.000000e-06	-1.599994e-03	3.984048e-16
1.937761958689042e-08	1.599994e-03	5.000000e-02	1.000000e-01	5.000000e-02	8.000000e-01	1.599939e-06	3.193558e-06	0.000000e+00	5.473544e-08	0.000000e+00	1.599994e-03	1.599939e-03	1.599994e-03	5.000000e-06	-5.000000e-06	-5.000000e-06	-1.599994e-03	3.984048e-16
1.939715083689042e-08	1.599994e-03	5.000000e-02	1.000000e-01	5.000000e-02	8.000000e-01	1.600048e-06	3.193667e-06	0.000000e+00	-5.473432e-08	0.000000e+00	1.599994e-03	1.600048e-03	1.599994e-03	5.000000e-06	-5.000000e-06	-5.000000e-06	-1.599994e-03	3.984048e-16
1.941668208689042e-08	1.599994e-03	5.000000e-02	1.000000e-01	5.000000e-02	8.000000e-01	1.599939e-06	3.193558e-06	0.000000e+00	5.473320e-08	0.000000e+00	1.599994e-03	1.599939e-03	1.599994e-03	5.000000e-06	-5.000000e-06	-5.000000e-06	-1.599994e-03	3.984048e-16
1.943621333689042e-08	1.599994e-03	5.000000e-02	1.000000e-01	5.000000e-02	8.000000e-01	1.600048e-06	3.193667e-06	0.000000e+00	-5.473208e-08	0.000000e+00	1.599994e-03	1.600048e-03	1.599994e-03	5.000000e-06	-5.000000e-06	-5.000000e-06	-1.599994e-03	3.984048e-16
1.945574458689042e-08	1.599994e-03	5.000000e-02	1.000000e-01	5.000000e-02	8.000000e-01	1.599939e-06	3.193558e-06	0.000000e+00	5.473096e-08	0.000000e+00	1.599994e-03	1.599939e-03	1.599994e-03	5.000000e-06	-5.000000e-06	-5.000000e-06	-1.599994e-03	3.984048e-16
1.947527583689042e-08	1.599994e-03	5.000000e-02	1.000000e-01	5.000000e-02	8.000000e-01	1.600048e-06	3.193667e-06	0.000000e+00	-5.472983e-08	0.000000e+00	1.599994e-03	1.600048e-03	1.599994e-03	5.000000e-06	-5.000000e-06	-5.000000e-06	-1.599994e-03	3.984048e-16
1.949480708689042e-08	1.599994e-03	5.000000e-02	1.000000e-01	5.000000e-02	8.000000e-01	1.599939e-06	3.193558e-06	0.000000e+00	5.472872e-08	0.000000e+00	1.599994e-03	1.599939e-03	1.599994e-03	5.000000e-06	-5.000000e-06	-5.000000e-06	-1.599994e-03	3.984048e-16
1.951433833689042e-08	1.599994e-03	5.000000e-02	1.000000e-01	5.000000e-02	8.000000e-01	1.600048e-06	3.193667e-06	0.000000e+00	-5.472759e-08	0.000000e+00	1.599994e-03	1.600048e-03	1.599994e-03	5.000000e-06	-5.000000e-06	-5.000000e-06	-1.599994e-03	3.984048e-16
1.952000000000000e-08	1.599994e-03	5.000000e-02	1.000000e-01	5.000000e-02	8.000000e-01	1.599939e-06	3.193558e-06	0.000000e+00	5.472373e-08	0.000000e+00	1.599994e-03	1.599939e-03	1.599994e-03	5.000000e-06	-5.000000e-06	-5.000000e-06	-1.599994e-03	3.984048e-16
1.952027675971111e-08	1.577863e-03	5.000000e-02	1.000000e-01	5.000000e-02	7.889296e-01	1.577933e-06	-1.688974e-06	0.000000e+00	-7.062609e-08	0.000000e+00	1.577863e-03	1.577933e-03	1.577863e-03	5.000000e-06	-5.000000e-06	-5.000000e-06	-1.577863e-03	3.977326e-16
1.952048550781027e-08	1.561168e-03	5.000000e-02	1.000000e-01	5.000000e-02	7.805797e-01	1.561114e-06	-4.567148e-06	0.000000e+00	5.451171e-08	0.000000e+00	1.561168e-03	1.561114e-03	1.561168e-03	5.000000e-06	-5.000000e-06	-5.000000e-06	-1.561168e-03	3.964204e-16
1.952066101365211e-08	1.547132e-03	5.000000e-02	1.000000e-01	5.000000e-02	7.735595e-01	1.547202e-06	-6.562956e-06	0.000000e+00	-7.036486e-08	0.000000e+00	1.547132e-03	1.547202e-03	1.547132e-03	5.000000e-06	-5.000000e-06	-5.000000e-06	-1.547132e-03	3.948932e-16
1.952089458838347e-08	1.528450e-03	5.000000e-02	1.000000e-01	5.000000e-02	7.642165e-01	1.528396e-06	-8.738220e-06	0.000000e+00	5.426187e-08	0.000000e+00	1.528450e-03	1.528396e-03	1.528450e-03	5.000000e-06	-5.000000e-06	-5.000000e-06	-1.528450e-03	3.923792e-16
1.952112003488896e-08	1.510418e-03	5.000000e-02	1.000000e-01	5.000000e-02	7.551986e-01	1.510488e-06	-1.041060e-05	0.000000e+00	-7.014853e-08	0.000000e+00	1.510418e-03	1.510488e-03	1.510418e-03	5.000000e-06	-5.000000e-06	-5.000000e-06	-1.510418e-03	3.895256e-16
1.952139239585008e-08	1.488632e-03	5.000000e-02	1.000000e-01	5.000000e-02	7.443042e-01	1.488578e-06	-1.199681e-05	0.000000e+00	5.405965e-08	0.000000e+00	1.488632e-03	1.488578e-03	1.488632e-03	5.000000e-06	-5.000000e-06	-5.000000e-06	-1.488632e-03	3.856435e-16
1.952165680205675e-08	1.467482e-03	5.000000e-02	1.000000e-01	5.000000e-02	7.337279e-01	1.467552e-06	-1.318038e-05	0.000000e+00	-6.996405e-08	0.000000e+00	1.467482e-03	1.467552e-03	1.467482e-03	5.000000e-06	-5.000000e-06	-5.000000e-06	-1.467482e-03	3.815185e-16
1.952197216315648e-08	1.442255e-03	5.000000e-02	1.000000e-01	5.000000e-02	7.211135e-01	1.442202e-06	-1.425036e-05	0.000000e+00	5.388686e-08	0.000000e+00	1.442255e-03	1.442202e-03	1.442255e-03	5.000000e-06	-5.000000e-06	-5.000000e-06	-1.442255e-03	3.762564e-16
1.952229070439634e-08	1.416774e-03	5.000000e-02	1.000000e-01	5.000000e-02	7.083718e-01	1.416844e-06	-1.504849e-05	0.000000e+00	-6.980819e-08	0.000000e+00	1.416774e-03	1.416844e-03	1.416774e-03	5.000000e-06	-5.000000e-06	-5.000000e-06	-1.416774e-03	3.706588e-16
1.952266942909857e-08	1.386477e-03	5.000000e-02	1.000000e-01	5.000000e-02	6.932228e-01	1.386423e-06	-1.573645e-05	0.000000e+00	5.374368e-08	0.000000e+00	1.386477e-03	1.386423e-03	1.386477e-03	5.000000e-06	-5.000000e-06	-5.000000e-06	-1.386477e-03	3.637422e-16
1.952306529638602e-08	1.354809e-03	5.000000e-02	1.000000e-01	5.000000e-02	6.773881e-01	1.354878e-06	-1.624267e-05	0.000000e+00	-6.968081e-08	0.000000e+00	1.354809e-03	1.354878e-03	1.354809e-03	5.000000e-06	-5.000000e-06	-5.000000e-06	-1.354809e-03	3.562998e-16
1.952353847763175e-08	1.316955e-03	5.000000e-02	1.000000e-01	5.000000e-02	6.584609e-01	1.316901e-06	-1.666137e-05	0.000000e+00	5.362904e-08	0.000000e+00	1.316955e-03	1.316902e-03	1.316955e-03	5.000000e-06	-5.000000e-06	-5.000000e-06	-1.316955e-03	3.472170e-16
1.952405236934623e-08	1.275844e-03	5.000000e-02	1.000000e-01	5.000000e-02	6.379052e-01	1.275914e-06	-1.696916e-05	0.000000e+00	-6.958085e-08	0.000000e+00	1.275844e-03	1.275914e-03	1.275844e-03	5.000000e-06	-5.000000e-06	-5.000000e-06	-1.275844e-03	3.372062e-16
1.952467839759444e-08	1.225763e-03	5.000000e-02	1.000000e-01	5.000000e-02	6.128641e-01	1.225709e-06	-1.722464e-05	0.000000e+00	5.354168e-08	0.000000e+00	1.225763e-03	1.225709e-03	1.225763e-03	5.000000e-06	-5.000000e-06	-5.000000e-06	-1.225763e-03	3.248910e-16
1.952539204409214e-08	1.168671e-03	5.000000e-02	1.000000e-01	5.000000e-02	5.843182e-01	1.168741e-06	-1.742793e-05	0.000000e+00	-6.950708e-08	0.000000e+00	1.168671e-03	1.168741e-03	1.168671e-03	5.000000e-06	-5.000000e-06	-5.000000e-06	-1.168671e-03	3.107645e-16
1.952629684474187e-08	1.096288e-03	5.000000e-02	1.000000e-01	5.000000e-02	5.481262e-01	1.096234e-06	-1.762261e-05	0.000000e+00	5.347998e-08	0.000000e+00	1.096288e-03	1.096234e-03	1.096288e-03	5.000000e-06	-5.000000e-06	-5.000000e-06	-1.096288e-03	2.927908e-16
1.952740514669287e-08	1.007624e-03	5.000000e-02	1.000000e-01	5.000000e-02	5.037941e-01	1.007693e-06	-1.782098e-05	0.000000e+00	-6.945773e-08	0.000000e+00	1.007624e-03	1.007693e-03	1.007624e-03	5.000000e-06	-5.000000e-06	-5.000000e-06	-1.007624e-03	2.707347e-16
1.952892904532934e-08	8.857125e-04	5.000000e-02	1.000000e-01	5.000000e-02	4.428382e-01	8.856591e-07	-1.807189e-05	0.000000e+00	5.344166e-08	0.000000e+00	8.857125e-04	8.856591e-04	8.857125e-04	5.000000e-06	-5.000000e-06	-5.000000e-06	-8.857125e-04	2.403857e-16
1.953105456602287e-08	7.156715e-04	5.000000e-02	1.000000e-01	5.000000e-02	3.578174e-01	7.157410e-07	-1.841235e-05	0.000000e+00	-6.943004e-08	0.000000e+00	7.156715e-04	7.157410e-04	7.156715e-04	5.000000e-06	-5.000000e-06	-5.000000e-06	-7.156715e-04	1.980460e-16
1.953457368749741e-08	4.341429e-04	5.000000e-02	1.000000e-01	5.000000e-02	2.170525e-01	4.340895e-07	-1.897436e-05	0.000000e+00	5.342312e-08	0.000000e+00	4.341429e-04	4.340895e-04	4.341429e-04	5.000000e-06	-5.000000e-06	-5.000000e-06	-4.341429e-04	1.279442e-16
1.954000000000000e-08	3.968146e-08	5.000000e-02	1.000000e-01	5.000000e-02	0.000000e+00	1.091000e-10	-1.984073e-05	0.000000e+00	-6.941853e-08	0.000000e+00	3.968146e-08	1.091000e-07	3.968146e-08	5.000000e-06	-5.000000e-06	-5.000000e-06	-3.968146e-08	1.985076e-17
1.954020579097855e-08	-3.225400e-08	5.000000e-02	1.000000e-01	5.000000e-02	0.000000e+00	-3.702252e-11	-1.612700e-05	0.000000e+00	6.927652e-08	0.000000e+00	3.225400e-08	-3.702252e-08	3.225400e-08	5.000000e-06	-5.000000e-06	-5.000000e-06	-3.225400e-08	1.613502e-17
1.954042737136916e-08	2.579946e-08	5.000000e-02	1.000000e-01	5.000000e-02	0.000000e+00	9.495685e-11	-1.289973e-05	0.000000e+00	-6.915739e-08	0.000000e+00	2.579946e-08	9.495685e-08	2.579946e-08	5.000000e-06	-5.000000e-06	-5.000000e-06	-2.579946e-08	1.290627e-17
1.954061227445458e-08	2.141903e-08	5.000000e-02	1.000000e-01	5.000000e-02	0.000000e+00	-4.758418e-11	-1.070951e-05	0.000000e+00	6.900321e-08	0.000000e+00	2.141903e-08	-4.758418e-08	2.141903e-08	5.000000e-06	-5.000000e-06	-5.000000e-06	-2.141903e-08	1.071482e-17
1.954084537789793e-08	1.693310e-08	5.000000e-02	1.000000e-01	5.000000e-02	0.000000e+00	8.582185e-11	-8.466551e-06	0.000000e+00	-6.888875e-08	0.000000e+00	1.693310e-08	8.582185e-08	1.693310e-08	5.000000e-06	-5.000000e-06	-5.000000e-06	-1.693310e-08	8.470870e-18
1.954106489644200e-08	1.357330e-08	5.000000e-02	1.000000e-01	5.000000e-02	0.000000e+00	-5.518698e-11	-6.786648e-06	0.000000e+00	6.876028e-08	0.000000e+00	1.357330e-08	-5.518698e-08	1.357330e-08	5.000000e-06	-5.000000e-06	-5.000000e-06	-1.357330e-08	6.789986e-18
1.954133252257564e-08	1.035932e-08	5.000000e-02	1.000000e-01	5.000000e-02	0.000000e+00	7.901930e-11	-5.179658e-06	0.000000e+00	-6.865999e-08	0.000000e+00	1.035932e-08	7.901930e-08	1.035932e-08	5.000000e-06	-5.000000e-06	-5.000000e-06	-1.035932e-08	5.182327e-18
1.954159140991275e-08	7.977675e-09	5.000000e-02	1.000000e-01	5.000000e-02	0.000000e+00	-6.057447e-11	-3.988837e-06	0.000000e+00	6.855215e-08	0.000000e+00	7.977675e-09	-6.057447e-08	7.977675e-09	5.000000e-06	-5.000000e-06	-5.000000e-06	-7.977675e-09	3.990771e-18
1.954190142998344e-08	5.829637e-09	5.000000e-02	1.000000e-01	5.000000e-02	0.000000e+00	7.429478e-11	-2.914819e-06	0.000000e+00	-6.846514e-08	0.000000e+00	5.829637e-09	7.429477e-08	5.829637e-09	5.000000e-06	-5.000000e-06	-5.000000e-06	-5.829637e-09	2.916350e-18
1.954221254101588e-08	4.255604e-09	5.000000e-02	1.000000e-01	5.000000e-02	0.000000e+00	-6.412055e-11	-2.127802e-06	0.000000e+00	6.837616e-08	0.000000e+00	4.255604e-09	-6.412056e-08	4.255604e-09	5.000000e-06	-5.000000e-06	-5.000000e-06	-4.255604e-09	2.128802e-18
1.954258310252921e-08	2.920992e-09	5.000000e-02	1.000000e-01	5.000000e-02	0.000000e+00	7.122410e-11	-1.460496e-06	0.000000e+00	-6.830311e-08	0.000000e+00	2.920992e-09	7.122410e-08	2.920992e-09	5.000000e-06	-5.000000e-06	-5.000000e-06	-2.920992e-09	1.461297e-18
1.954296820049801e-08	1.975207e-09	5.000000e-02	1.000000e-01	5.000000e-02	0.000000e+00	-6.625650e-11	-9.876034e-07	0.000000e+00	6.823171e-08	0.000000e+00	1.975207e-09	-6.625650e-08	1.975207e-09	5.000000e-06	-5.000000e-06	-5.000000e-06	-1.975207e-09	9.880309e-19
1.954342867704074e-08	1.233566e-09	5.000000e-02	1.000000e-01	5.000000e-02	0.000000e+00	6.940635e-11	-6.167830e-07	0.000000e+00	-6.817279e-08	0.000000e+00	1.233566e-09	6.940635e-08	1.233566e-09	5.000000e-06	-5.000000e-06	-5.000000e-06	-1.233566e-09	6.171607e-19
1.954392572194877e-08	7.413176e-10	5.000000e-02	1.000000e-01	5.000000e-02	0.000000e+00	-6.737643e-11	-3.706588e-07	0.000000e+00	6.811775e-08	0.000000e+00	7.413176e-10	-6.737643e-08	7.413176e-10	5.000000e-06	-5.000000e-06	-5.000000e-06	-7.413176e-10	3.707767e-19
1.954453015235056e-08	3.960979e-10	5.000000e-02	1.000000e-01	5.000000e-02	0.000000e+00	6.846890e-11	-1.980490e-07	0.000000e+00	-6.807280e-08	0.000000e+00	3.960979e-10	6.846889e-08	3.960979e-10	5.000000e-06	-5.000000e-06	-5.000000e-06	-3.960979e-10	1.982164e-19
1.954521403706596e-08	1.939138e-10	5.000000e-02	1.000000e-01	5.000000e-02	0.000000e+00	-6.783902e-11	-9.695689e-08	0.000000e+00	6.803293e-08	0.000000e+00	1.939138e-10	-6.783902e-08	1.939138e-10	5.000000e-06	-5.000000e-06	-5.000000e-06	-1.939138e-10	9.693753e-20
1.954607671228320e-08	7.656559e-11	5.000000e-02	1.000000e-01	5.000000e-02	0.000000e+00	6.807799e-11	-3.828279e-08	0.000000e+00	-6.800143e-08	0.000000e+00	7.656559e-11	6.807799e-08	7.656559e-11	5.000000e-06	-5.000000e-06	-5.000000e-06	-7.656559e-11	3.837001e-20
1.954712178432493e-08	2.406842e-11	5.000000e-02	1.000000e-01	5.000000e-02	0.000000e+00	-6.795133e-11	-1.203421e-08	0.000000e+00	6.797539e-08	0.000000e+00	2.406842e-11	-6.795133e-08	2.406842e-11	5.000000e-06	-5.000000e-06	-5.000000e-06	-2.406842e-11	1.197228e-20
1.954854187479333e-08	3.881528e-12	5.000000e-02	1.000000e-01	5.000000e-02	0.000000e+00	6.796013e-11	-1.940764e-09	0.000000e+00	-6.795625e-08	0.000000e+00	3.881528e-12	6.796013e-08	3.881528e-12	5.000000e-06	-5.000000e-06	-5.000000e-06	-3.881528e-12	2.009695e-21
1.955048173052630e-08	1.901267e-13	5.000000e-02	1.000000e-01	5.000000e-02	0.000000e+00	-6.794205e-11	-9.506336e-11	0.000000e+00	6.794224e-08	0.000000e+00	1.901267e-13	-6.794205e-08	1.901267e-13	5.000000e-06	-5.000000e-06	-5.000000e-06	-1.901267e-13	2.716885e-23
1.955359666109325e-08	-1.477275e-13	5.000000e-02	1.000000e-01	5.000000e-02	0.000000e+00	6.793337e-11	7.386378e-11	0.000000e+00	-6.793351e-08	0.000000e+00	-1.477275e-13	6.793336e-08	-1.477275e-13	5.000000e-06	-5.000000e-06	-5.000000e-06	1.477275e-13	-5.967339e-24
1.955920918786199e-08	-1.414661e-13	5.000000e-02	1.000000e-01	5.000000e-02	0.000000e+00	-6.792853e-11	-7.073304e-11	0.000000e+00	6.792867e-08	0.000000e+00	1.414661e-13	-6.792853e-08	1.414661e-13	5.000000e-06	-5.000000e-06	-5.000000e-06	-1.414661e-13	2.839871e-24
1.957043424139947e-08	-1.397493e-13	5.000000e-02	1.000000e-01	5.000000e-02	0.000000e+00	6.792612e-11	6.987465e-11	0.000000e+00	-6.792625e-08	0.000000e+00	-1.397493e-13	6.792611e-08	-1.397493e-13	5.000000e-06	-5.000000e-06	-5.000000e-06	1.397493e-13	-1.983478e-24
1.958996549139947e-08	-1.390123e-13	5.000000e-02	1.000000e-01	5.000000e-02	0.000000e+00	-6.792472e-11	-6.950613e-11	0.000000e+00	6.792486e-08	0.000000e+00	1.390123e-13	-6.792472e-08	1.390123e-13	5.000000e-06	-5.000000e-06	-5.000000e-06	-1.390123e-13	1.616160e-24
1.960949674139947e-08	-1.384112e-13	5.000000e-02	1.000000e-01	5.000000e-02	0.000000e+00	6.792333e-11	6.920559e-11	0.000000e+00	-6.792347e-08	0.000000e+00	-1.384112e-13	6.792333e-08	-1.384112e-13	5.000000e-06	-5.000000e-06	-5.000000e-06	1.384112e-13	-1.316865e-24
1.962902799139947e-08	-1.379209e-13	5.000000e-02	1.000000e-01	5.000000e-02	0.000000e+00	-6.792194e-11	-6.896046e-11	0.000000e+00	6.792208e-08	0.000000e+00	1.379209e-13	-6.792194e-08	1.379209e-13	5.000000e-06	-5.000000e-06	-5.000000e-06	-1.379209e-13	1.072996e-24
1.964855924139947e-08	-1.375209e-13	5.000000e-02	1.000000e-01	5.000000e-02	0.000000e+00	6.792055e-11	6.876046e-11	0.000000e+00	-6.792069e-08	0.000000e+00	-1.375209e-13	6.792055e-08	-1.375209e-13	5.000000e-06	-5.000000e-06	-5.000000e-06	1.375209e-13	-8.742890e-25
1.966809049139947e-08	-1.371945e-13	5.000000e-02	1.000000e-01	5.000000e-02	0.000000e+00	-6.791916e-11	-6.859724e-11	0.000000e+00	6.791930e-08	0.000000e+00	1.371945e-13	-6.791916e-08	1.371945e-13	5.000000e-06	-5.000000e-06	-5.000000e-06	-1.371945e-13	7.123802e-25
1.968762174139947e-08	-1.369280e-13	5.000000e-02	1.000000e-01	5.000000e-02	0.000000e+00	6.791777e-11	6.846399e-11	0.000000e+00	-6.791791e-08	0.000000e+00	-1.369280e-13	6.791777e-08	-1.369280e-13	5.000000e-06	-5.000000e-06	-5.000000e-06	1.369280e-13	-5.804549e-25
1.970715299139947e-08	-1.367103e-13	5.000000e-02	1.000000e-01	5.000000e-02	0.000000e+00	-6.791638e-11	-6.835516e-11	0.000000e+00	6.791652e-08	0.000000e+00	1.367103e-13	-6.791638e-08	1.367103e-13	5.000000e-06	-5.000000e-06	-5.000000e-06	-1.367103e-13	4.729607e-25
1.972668424139947e-08	-1.365325e-13	5.000000e-02	1.000000e-01	5.000000e-02	0.000000e+00	6.791499e-11	6.826623e-11	0.000000e+00	-6.791512e-08	0.000000e+00	-1.365325e-13	6.791499e-08	-1.365325e-13	5.000000e-06	-5.000000e-06	-5.000000e-06	1.365325e-13	-3.853732e-25
1.974621549139947e-08	-1.363870e-13	5.000000e-02	1.000000e-01	5.000000e-02	0.000000e+00	-6.791360e-11	-6.819351e-11	0.000000e+00	6.791373e-08	0.000000e+00	1.363870e-13	-6.791360e-08	1.363870e-13	5.000000e-06	-5.000000e-06	-5.000000e-06	-1.363870e-13	3.140059e-25
1.976574674139947e-08	-1.362680e-13	5.000000e-02	1.000000e-01	5.000000e-02	0.000000e+00	6.791220e-11	6.813399e-11	0.000000e+00	-6.791235e-08	0.000000e+00	-1.362680e-13	6.791220e-08	-1.362680e-13	5.000000e-06	-5.000000e-06	-5.000000e-06	1.362680e-13	-2.558550e-25
1.978527799139947e-08	-1.361705e-13	5.000000e-02	1.000000e-01	5.000000e-02	0.000000e+00	-6.791082e-11	-6.808525e-11	0.000000e+00	6.791095e-08	0.000000e+00	1.361705e-13	-6.791082e-08	1.361705e-13	5.000000e-06	-5.000000e-06	-5.000000e-06	-1.361705e-13	2.084730e-25
1.980480924139947e-08	-1.360905e-13	5.000000e-02	1.000000e-01	5.000000e-02	0.000000e+00	6.790943e-11	6.804527e-11	0.000000e+00	-6.790956e-08	0.000000e+00	-1.360905e-13	6.790943e-08	-1.360905e-13	5.000000e-06	-5.000000e-06	-5.000000e-06	1.360905e-13	-1.698655e-25
1.982434049139947e-08	-1.360249e-13	5.000000e-02	1.000000e-01	5.000000e-02	0.000000e+00	-6.790803e-11	-6.801244e-11	0.000000e+00	6.790817e-08	0.000000e+00	1.360249e-13	-6.790803e-08	1.360249e-13	5.000000e-06	-5.000000e-06	-5.000000e-06	-1.360249e-13	1.384078e-25
1.984387174139947e-08	-1.359709e-13	5.000000e-02	1.000000e-01	5.000000e-02	0.000000e+00	6.790665e-11	6.798543e-11	0.000000e+00	-6.790678e-08	0.000000e+00	-1.359709e-13	6.790664e-08	-1.359709e-13	5.000000e-06	-5.000000e-06	-5.000000e-06	1.359709e-13	-1.127756e-25
1.986340299139947e-08	-1.359263e-13	5.000000e-02	1.000000e-01	5.000000e-02	0.000000e+00	-6.790525e-11	-6.796316e-11	0.000000e+00	6.790539e-08	0.000000e+00	1.359263e-13	-6.790525e-08	1.359263e-13	5.000000e-06	-5.000000e-06	-5.000000e-06	-1.359263e-13	9.189023e-26
1.988293424139947e-08	-1.358895e-13	5.000000e-02	1.000000e-01	5.000000e-02	0.000000e+00	6.790386e-11	6.794476e-11	0.000000e+00	-6.790400e-08	0.000000e+00	-1.358895e-13	6.790386e-08	-1.358895e-13	5.000000e-06	-5.000000e-06	-5.000000e-06	1.358895e-13	-7.487259e-26
1.990246549139947e-08	-1.358590e-13	5.000000e-02	1.000000e-01	5.000000e-02	0.000000e+00	-6.790247e-11	-6.792952e-11	0.000000e+00	6.790260e-08	0.000000e+00	1.358590e-13	-6.790247e-08	1.358590e-13	5.000000e-06	-5.000000e-06	-5.000000e-06	-1.358590e-13	6.100642e-26
1.992199674139947e-08	-1.358337e-13	5.000000e-02	1.000000e-01	5.000000e-02	0.000000e+00	6.790108e-11	6.791683e-11	0.000000e+00	-6.790122e-08	0.000000e+00	-1.358337e-13	6.790108e-08	-1.358337e-13	5.000000e-06	-5.000000e-06	-5.000000e-06	1.358337e-13	-4.970811e-26
1.994152799139946e-08	-1.358125e-13	5.000000e-02	1.000000e-01	5.000000e-02	0.000000e+00	-6.789969e-11	-6.790624e-11	0.000000e+00	6.789983e-08	0.000000e+00	1.358125e-13	-6.789969e-08	1.358125e-13	5.000000e-06	-5.000000e-06	-5.000000e-06	-1.358125e-13	4.050211e-26
1.996105924139946e-08	-1.357947e-13	5.000000e-02	1.000000e-01	5.000000e-02	0.000000e+00	6.789830e-11	6.789735e-11	0.000000e+00	-6.789843e-08	0.000000e+00	-1.357947e-13	6.789830e-08	-1.357947e-13	5.000000e-06	-5.000000e-06	-5.000000e-06	1.357947e-13	-3.300096e-26
1.998059049139946e-08	-1.357797e-13	5.000000e-02	1.000000e-01	5.000000e-02	0.000000e+00	-6.789691e-11	-6.788985e-11	0.000000e+00	6.789705e-08	0.000000e+00	1.357797e-13	-6.789691e-08	1.357797e-13	5.000000e-06	-5.000000e-06	-5.000000e-06	-1.357797e-13	2.688893e-26
2.000000000000000e-08	-1.357669e-13	5.000000e-02	1.000000e-01	5.000000e-02	0.000000e+00	6.789551e-11	6.788345e-11	0.000000e+00	-6.789565e-08	0.000000e+00	-1.357669e-13	6.789551e-08	-1.357669e-13	5.000000e-06	-5.000000e-06	-5.000000e-06	1.357669e-13	-2.188045e-26
